nama_sample,ph_label,ppm_label,ntu_label,status_air,kelayakan,jenis_air,raw_ph,volt_ph,raw_tds,volt_tds,comp_volt_tds,raw_turb,volt_turb,suhu
Amidis,7.96,1.0,NETRAL,LAYAK,Mineral,48944.10,2.4646,11053.20,0.5566,0.5118,2180,1.7568,0.00,29.38
Amidis,7.96,1.0,NETRAL,LAYAK,Mineral,48886.60,2.4617,11040.40,0.5559,0.5112,2169,1.7479,0.00,29.38
Amidis,7.96,1.0,NETRAL,LAYAK,Mineral,48766.20,2.4556,10998.80,0.5538,0.5093,2172,1.7503,0.00,29.38
Amidis,7.96,1.0,NETRAL,LAYAK,Mineral,48761.40,2.4554,11029.20,0.5554,0.5107,2159,1.7399,0.00,29.38
Amidis,7.96,1.0,NETRAL,LAYAK,Mineral,48933.10,2.4640,11064.40,0.5571,0.5123,2172,1.7503,0.00,29.38
Amidis,7.96,1.0,NETRAL,LAYAK,Mineral,48830.40,2.4588,11013.20,0.5546,0.5099,2166,1.7455,0.00,29.38
Amidis,7.96,1.0,NETRAL,LAYAK,Mineral,48771.00,2.4559,11066.00,0.5572,0.5124,2172,1.7503,0.00,29.38
Amidis,7.96,1.0,NETRAL,LAYAK,Mineral,48982.70,2.4665,11072.40,0.5575,0.5127,2173,1.7511,0.00,29.38
Amidis,7.96,1.0,NETRAL,LAYAK,Mineral,48841.60,2.4594,11106.00,0.5592,0.5142,2157,1.7382,0.00,29.38
Amidis,7.96,1.0,NETRAL,LAYAK,Mineral,48801.70,2.4574,11043.60,0.5561,0.5108,2176,1.7536,0.00,29.44
Amidis,7.96,1.0,NETRAL,LAYAK,Mineral,48877.00,2.4612,11096.40,0.5588,0.5138,2173,1.7511,0.00,29.38
Amidis,7.96,1.0,NETRAL,LAYAK,Mineral,48966.80,2.4657,11034.00,0.5556,0.5109,2169,1.7479,0.00,29.38
Amidis,7.96,1.0,NETRAL,LAYAK,Mineral,48856.10,2.4601,11141.20,0.5610,0.5159,2171,1.7495,0.00,29.38
Amidis,7.96,1.0,NETRAL,LAYAK,Mineral,48989.10,2.4668,11094.80,0.5587,0.5137,2172,1.7503,0.00,29.38
Amidis,7.96,1.0,NETRAL,LAYAK,Mineral,48795.30,2.4571,11123.60,0.5601,0.5145,2189,1.7640,0.00,29.44
Amidis,7.96,1.0,NETRAL,LAYAK,Mineral,48896.30,2.4622,11091.60,0.5585,0.5130,2171,1.7495,0.00,29.44
Amidis,7.96,1.0,NETRAL,LAYAK,Mineral,48955.50,2.4651,11125.20,0.5602,0.5145,2180,1.7568,0.00,29.44
Amidis,7.96,1.0,NETRAL,LAYAK,Mineral,48814.50,2.4580,11120.40,0.5600,0.5149,2171,1.7495,0.00,29.38
Amidis,7.96,1.0,NETRAL,LAYAK,Mineral,48912.30,2.4630,11118.80,0.5599,0.5142,2175,1.7527,0.00,29.44
Amidis,7.96,1.0,NETRAL,LAYAK,Mineral,48819.40,2.4583,11107.60,0.5593,0.5137,2173,1.7511,0.00,29.44
Amidis,7.96,1.0,NETRAL,LAYAK,Mineral,48992.30,2.4670,11066.00,0.5572,0.5124,2172,1.7503,0.00,29.38
Amidis,7.96,1.0,NETRAL,LAYAK,Mineral,48931.50,2.4639,11083.60,0.5581,0.5132,2174,1.7519,0.00,29.38
Amidis,7.96,1.0,NETRAL,LAYAK,Mineral,48728.00,2.4537,11106.00,0.5592,0.5142,2169,1.7479,0.00,29.38
Amidis,7.96,1.0,NETRAL,LAYAK,Mineral,48931.50,2.4639,11082.00,0.5580,0.5131,2171,1.7495,0.00,29.38
Amidis,7.96,1.0,NETRAL,LAYAK,Mineral,48827.30,2.4587,11155.60,0.5617,0.5165,2158,1.7390,0.00,29.38
Amidis,7.96,1.0,NETRAL,LAYAK,Mineral,48907.50,2.4627,11133.20,0.5606,0.5149,2169,1.7479,0.00,29.44
Amidis,7.96,1.0,NETRAL,LAYAK,Mineral,48859.40,2.4603,11136.40,0.5608,0.5157,2170,1.7487,0.00,29.38
Amidis,7.96,1.0,NETRAL,LAYAK,Mineral,48950.70,2.4649,11163.60,0.5621,0.5163,2169,1.7479,0.00,29.44
Amidis,7.96,1.0,NETRAL,LAYAK,Mineral,49014.70,2.4681,11173.20,0.5626,0.5174,2170,1.7487,0.00,29.38
Amidis,7.96,1.0,NETRAL,LAYAK,Mineral,48841.70,2.4594,11163.60,0.5621,0.5163,2173,1.7511,0.00,29.44
Amidis,7.96,1.0,NETRAL,LAYAK,Mineral,49005.10,2.4676,11168.40,0.5624,0.5171,2193,1.7673,0.00,29.38
Amidis,7.96,1.0,NETRAL,LAYAK,Mineral,49014.70,2.4681,11182.80,0.5631,0.5172,2174,1.7519,0.00,29.44
Amidis,7.96,1.0,NETRAL,LAYAK,Mineral,48948.90,2.4648,11070.80,0.5575,0.5126,2184,1.7600,0.00,29.38
Amidis,7.96,1.0,NETRAL,LAYAK,Mineral,48974.60,2.4661,11150.80,0.5615,0.5163,2170,1.7487,0.00,29.38
Amidis,7.96,1.0,NETRAL,LAYAK,Mineral,49069.10,2.4709,11163.60,0.5621,0.5163,2172,1.7503,0.00,29.44
Amidis,7.96,1.0,NETRAL,LAYAK,Mineral,49104.40,2.4726,11114.00,0.5596,0.5146,2164,1.7439,0.00,29.38
Amidis,7.96,1.0,NETRAL,LAYAK,Mineral,49057.90,2.4703,11117.20,0.5598,0.5148,2172,1.7503,0.00,29.38
Amidis,7.96,1.0,NETRAL,LAYAK,Mineral,49033.90,2.4691,11133.20,0.5606,0.5149,2172,1.7503,0.00,29.44
Amidis,7.96,1.0,NETRAL,LAYAK,Mineral,48952.30,2.4650,11166.80,0.5623,0.5165,2172,1.7503,0.00,29.44
Amidis,7.96,1.0,NETRAL,LAYAK,Mineral,49105.90,2.4727,11117.20,0.5598,0.5142,2171,1.7495,0.00,29.44
Amidis,7.96,1.0,NETRAL,LAYAK,Mineral,49051.50,2.4700,11120.40,0.5600,0.5143,2174,1.7519,0.00,29.44
Amidis,7.96,1.0,NETRAL,LAYAK,Mineral,48790.60,2.4568,11162.00,0.5621,0.5162,2168,1.7471,0.00,29.44
Amidis,7.96,1.0,NETRAL,LAYAK,Mineral,49040.30,2.4694,11170.00,0.5625,0.5166,2172,1.7503,0.00,29.44
Amidis,7.96,1.0,NETRAL,LAYAK,Mineral,48963.50,2.4655,11144.40,0.5612,0.5160,2170,1.7487,0.00,29.38
Amidis,7.96,1.0,NETRAL,LAYAK,Mineral,48865.80,2.4606,11146.00,0.5613,0.5155,2173,1.7511,0.00,29.44
Amidis,7.96,1.0,NETRAL,LAYAK,Mineral,48934.50,2.4641,11126.80,0.5603,0.5146,2173,1.7511,0.00,29.44
Amidis,7.96,1.0,NETRAL,LAYAK,Mineral,48867.30,2.4607,11155.60,0.5617,0.5159,2170,1.7487,0.00,29.44
Amidis,7.96,1.0,NETRAL,LAYAK,Mineral,48973.10,2.4660,11173.20,0.5626,0.5168,2172,1.7503,0.00,29.44
Amidis,7.96,1.0,NETRAL,LAYAK,Mineral,48987.50,2.4668,11163.60,0.5621,0.5169,2172,1.7503,0.00,29.38
Amidis,7.96,1.0,NETRAL,LAYAK,Mineral,49024.30,2.4686,11163.60,0.5621,0.5169,2172,1.7503,0.00,29.38
Amidis,7.96,1.0,NETRAL,LAYAK,Mineral,48950.60,2.4649,11187.60,0.5633,0.5174,2171,1.7495,0.00,29.44
Amidis,7.96,1.0,NETRAL,LAYAK,Mineral,49008.30,2.4678,11197.20,0.5638,0.5179,2173,1.7511,0.00,29.44
Amidis,7.96,1.0,NETRAL,LAYAK,Mineral,49041.90,2.4695,11150.80,0.5615,0.5163,2174,1.7519,0.00,29.38
Amidis,7.96,1.0,NETRAL,LAYAK,Mineral,48985.90,2.4667,11184.40,0.5632,0.5179,2174,1.7519,0.00,29.38
Amidis,7.96,1.0,NETRAL,LAYAK,Mineral,49014.70,2.4681,11154.00,0.5617,0.5165,2169,1.7479,0.00,29.38
Amidis,7.96,1.0,NETRAL,LAYAK,Mineral,49094.70,2.4722,11186.00,0.5633,0.5174,2173,1.7511,0.00,29.44
Amidis,7.96,1.0,NETRAL,LAYAK,Mineral,49017.90,2.4683,11179.60,0.5629,0.5171,2193,1.7673,0.00,29.44
Amidis,7.96,1.0,NETRAL,LAYAK,Mineral,48982.60,2.4665,11147.60,0.5613,0.5162,2171,1.7495,0.00,29.38
Amidis,7.96,1.0,NETRAL,LAYAK,Mineral,48966.60,2.4657,11194.00,0.5637,0.5183,2172,1.7503,0.00,29.38
Amidis,7.96,1.0,NETRAL,LAYAK,Mineral,49093.20,2.4721,11158.80,0.5619,0.5161,2170,1.7487,0.00,29.44
Amidis,7.96,1.0,NETRAL,LAYAK,Mineral,48942.70,2.4645,11206.80,0.5643,0.5183,2173,1.7511,0.00,29.44
Amidis,7.96,1.0,NETRAL,LAYAK,Mineral,48832.10,2.4589,11189.20,0.5634,0.5181,2170,1.7487,0.00,29.38
Amidis,7.96,1.0,NETRAL,LAYAK,Mineral,48904.20,2.4626,11198.80,0.5639,0.5179,2171,1.7495,0.00,29.44
Amidis,7.96,1.0,NETRAL,LAYAK,Mineral,49126.80,2.4738,11126.80,0.5603,0.5146,2181,1.7576,0.00,29.44
Amidis,7.96,1.0,NETRAL,LAYAK,Mineral,49086.70,2.4717,11133.20,0.5606,0.5149,2170,1.7487,0.00,29.44
Amidis,7.96,1.0,NETRAL,LAYAK,Mineral,48861.00,2.4604,11226.00,0.5653,0.5198,2171,1.7495,0.00,29.38
Amidis,7.96,1.0,NETRAL,LAYAK,Mineral,49054.70,2.4701,11181.20,0.5630,0.5177,2188,1.7632,0.00,29.38
Amidis,7.96,1.0,NETRAL,LAYAK,Mineral,49033.90,2.4691,11174.80,0.5627,0.5168,2172,1.7503,0.00,29.44
Amidis,7.96,1.0,NETRAL,LAYAK,Mineral,48965.00,2.4656,11176.40,0.5628,0.5175,2169,1.7479,0.00,29.38
Amidis,7.96,1.0,NETRAL,LAYAK,Mineral,49000.40,2.4674,11171.60,0.5625,0.5167,2172,1.7503,0.00,29.44
Amidis,7.96,1.0,NETRAL,LAYAK,Mineral,49043.50,2.4696,11181.20,0.5630,0.5177,2174,1.7519,0.00,29.38
Amidis,7.96,1.0,NETRAL,LAYAK,Mineral,49008.30,2.4678,11184.40,0.5632,0.5179,2180,1.7568,0.00,29.38
Amidis,7.96,1.0,NETRAL,LAYAK,Mineral,49024.30,2.4686,11179.60,0.5629,0.5177,2171,1.7495,0.00,29.38
Amidis,7.96,1.0,NETRAL,LAYAK,Mineral,49162.00,2.4755,11219.60,0.5650,0.5195,2171,1.7495,0.00,29.38
Amidis,7.96,1.0,NETRAL,LAYAK,Mineral,49040.20,2.4694,11178.00,0.5629,0.5170,2171,1.7495,0.00,29.44
Amidis,7.96,1.0,NETRAL,LAYAK,Mineral,49013.10,2.4680,11227.60,0.5654,0.5193,2168,1.7471,0.00,29.44
Amidis,7.96,1.0,NETRAL,LAYAK,Mineral,48939.30,2.4643,11182.80,0.5631,0.5172,2170,1.7487,0.00,29.44
Amidis,7.96,1.0,NETRAL,LAYAK,Mineral,49142.80,2.4746,11224.40,0.5652,0.5191,2171,1.7495,0.00,29.44
Amidis,7.96,1.0,NETRAL,LAYAK,Mineral,49069.10,2.4709,11234.00,0.5657,0.5196,2171,1.7495,0.00,29.44
Amidis,7.96,1.0,NETRAL,LAYAK,Mineral,49062.70,2.4705,11141.20,0.5610,0.5159,2171,1.7495,0.00,29.38
Amidis,7.96,1.0,NETRAL,LAYAK,Mineral,49139.50,2.4744,11179.60,0.5629,0.5177,2170,1.7487,0.00,29.38
Amidis,7.96,1.0,NETRAL,LAYAK,Mineral,49069.00,2.4709,11170.00,0.5625,0.5172,2169,1.7479,0.00,29.38
Amidis,7.96,1.0,NETRAL,LAYAK,Mineral,49013.10,2.4680,11218.00,0.5649,0.5194,2172,1.7503,0.00,29.38
Amidis,7.96,1.0,NETRAL,LAYAK,Mineral,49049.80,2.4699,11126.80,0.5603,0.5146,2167,1.7463,0.00,29.44
Amidis,7.96,1.0,NETRAL,LAYAK,Mineral,49022.60,2.4685,11134.80,0.5607,0.5156,2178,1.7552,0.00,29.38
Amidis,7.96,1.0,NETRAL,LAYAK,Mineral,49163.60,2.4756,11141.20,0.5610,0.5159,2173,1.7511,0.00,29.38
Amidis,7.96,1.0,NETRAL,LAYAK,Mineral,49194.00,2.4772,11181.20,0.5630,0.5177,2171,1.7495,0.00,29.38
Amidis,7.96,1.0,NETRAL,LAYAK,Mineral,49221.20,2.4785,11176.40,0.5628,0.5169,2172,1.7503,0.00,29.44
Amidis,7.96,1.0,NETRAL,LAYAK,Mineral,49166.70,2.4758,11131.60,0.5605,0.5148,2172,1.7503,0.00,29.44
Amidis,7.96,1.0,NETRAL,LAYAK,Mineral,49131.40,2.4740,11155.60,0.5617,0.5165,2171,1.7495,0.00,29.38
Amidis,7.96,1.0,NETRAL,LAYAK,Mineral,49150.70,2.4750,11174.80,0.5627,0.5168,2172,1.7503,0.00,29.44
Amidis,7.96,1.0,NETRAL,LAYAK,Mineral,49318.80,2.4834,11136.40,0.5608,0.5151,2173,1.7511,0.00,29.44
Amidis,7.96,1.0,NETRAL,LAYAK,Mineral,49232.30,2.4791,11187.60,0.5633,0.5180,2176,1.7536,0.00,29.38
Amidis,7.96,1.0,NETRAL,LAYAK,Mineral,49272.40,2.4811,11170.00,0.5625,0.5166,2149,1.7318,0.05,29.44
Amidis,7.96,1.0,NETRAL,LAYAK,Mineral,49232.40,2.4791,11128.40,0.5604,0.5147,2174,1.7519,0.00,29.44
Amidis,7.96,1.0,NETRAL,LAYAK,Mineral,49290.00,2.4820,11173.20,0.5626,0.5174,2174,1.7519,0.00,29.38
Amidis,7.96,1.0,NETRAL,LAYAK,Mineral,49413.20,2.4882,11163.60,0.5621,0.5169,2184,1.7600,0.00,29.38
Amidis,7.96,1.0,NETRAL,LAYAK,Mineral,49421.20,2.4886,11242.00,0.5661,0.5205,2169,1.7479,0.00,29.38
Amidis,7.96,1.0,NETRAL,LAYAK,Mineral,49182.60,2.4766,11248.40,0.5664,0.5202,2166,1.7455,0.00,29.44
Amidis,7.96,1.0,NETRAL,LAYAK,Mineral,49297.90,2.4824,11227.60,0.5654,0.5193,2166,1.7455,0.00,29.44
Amidis,7.96,1.0,NETRAL,LAYAK,Mineral,49264.30,2.4807,11238.80,0.5659,0.5204,2179,1.7560,0.00,29.38
Amidis,7.96,1.0,NETRAL,LAYAK,Mineral,49336.30,2.4843,11190.80,0.5635,0.5182,2169,1.7479,0.00,29.38
Amidis,7.96,1.0,NETRAL,LAYAK,Mineral,49278.80,2.4814,11194.00,0.5637,0.5177,2160,1.7407,0.00,29.44
Amidis,7.96,1.0,NETRAL,LAYAK,Mineral,49165.00,2.4757,11155.60,0.5617,0.5165,2176,1.7536,0.00,29.38
Amidis,7.96,1.0,NETRAL,LAYAK,Mineral,49182.80,2.4766,11189.20,0.5634,0.5175,2181,1.7576,0.00,29.44
Amidis,7.96,1.0,NETRAL,LAYAK,Mineral,49387.70,2.4869,11157.20,0.5618,0.5166,2175,1.7527,0.00,29.38
Amidis,7.96,1.0,NETRAL,LAYAK,Mineral,49237.00,2.4793,11160.40,0.5620,0.5162,2174,1.7519,0.00,29.44
Amidis,7.96,1.0,NETRAL,LAYAK,Mineral,49314.00,2.4832,11171.60,0.5625,0.5167,2174,1.7519,0.00,29.44
Amidis,7.96,1.0,NETRAL,LAYAK,Mineral,49230.70,2.4790,11176.40,0.5628,0.5169,2170,1.7487,0.00,29.44
Amidis,7.96,1.0,NETRAL,LAYAK,Mineral,49277.10,2.4813,11192.40,0.5636,0.5176,2171,1.7495,0.00,29.44
Amidis,7.96,1.0,NETRAL,LAYAK,Mineral,49389.20,2.4870,11166.80,0.5623,0.5165,2170,1.7487,0.00,29.44
Amidis,7.96,1.0,NETRAL,LAYAK,Mineral,49262.70,2.4806,11059.60,0.5569,0.5121,2170,1.7487,0.00,29.38
Amidis,7.96,1.0,NETRAL,LAYAK,Mineral,49219.40,2.4784,11205.20,0.5642,0.5182,2172,1.7503,0.00,29.44
Amidis,7.96,1.0,NETRAL,LAYAK,Mineral,49259.50,2.4805,11179.60,0.5629,0.5177,2169,1.7479,0.00,29.38
Amidis,7.96,1.0,NETRAL,LAYAK,Mineral,49171.50,2.4760,11178.00,0.5629,0.5170,2173,1.7511,0.00,29.44
Amidis,7.96,1.0,NETRAL,LAYAK,Mineral,49242.00,2.4796,11198.80,0.5639,0.5185,2170,1.7487,0.00,29.38
Amidis,7.96,1.0,NETRAL,LAYAK,Mineral,49312.40,2.4831,11141.20,0.5610,0.5159,2165,1.7447,0.00,29.38
Amidis,7.96,1.0,NETRAL,LAYAK,Mineral,49176.30,2.4763,11200.40,0.5640,0.5180,2170,1.7487,0.00,29.44
Amidis,7.96,1.0,NETRAL,LAYAK,Mineral,49222.70,2.4786,11139.60,0.5609,0.5152,2172,1.7503,0.00,29.44
Amidis,7.96,1.0,NETRAL,LAYAK,Mineral,49225.90,2.4788,11179.60,0.5629,0.5177,2173,1.7511,0.00,29.38
Amidis,7.96,1.0,NETRAL,LAYAK,Mineral,49105.80,2.4727,11221.20,0.5650,0.5190,2171,1.7495,0.00,29.44
Amidis,7.96,1.0,NETRAL,LAYAK,Mineral,49197.10,2.4773,11163.60,0.5621,0.5169,2174,1.7519,0.00,29.38
Amidis,7.96,1.0,NETRAL,LAYAK,Mineral,49241.80,2.4796,11149.20,0.5614,0.5157,2172,1.7503,0.00,29.44
Amidis,7.96,1.0,NETRAL,LAYAK,Mineral,49321.90,2.4836,11166.80,0.5623,0.5171,2172,1.7503,0.00,29.38
Amidis,7.96,1.0,NETRAL,LAYAK,Mineral,49307.60,2.4829,11166.80,0.5623,0.5165,2172,1.7503,0.00,29.44
Amidis,7.96,1.0,NETRAL,LAYAK,Mineral,49307.60,2.4829,11152.40,0.5616,0.5158,2173,1.7511,0.00,29.44
Amidis,7.96,1.0,NETRAL,LAYAK,Mineral,49370.00,2.4860,11117.20,0.5598,0.5148,2170,1.7487,0.00,29.38
Amidis,7.96,1.0,NETRAL,LAYAK,Mineral,49201.90,2.4776,11186.00,0.5633,0.5174,2170,1.7487,0.00,29.44
Amidis,7.96,1.0,NETRAL,LAYAK,Mineral,49216.30,2.4783,11147.60,0.5613,0.5162,2172,1.7503,0.00,29.38
Amidis,7.96,1.0,NETRAL,LAYAK,Mineral,49118.60,2.4734,11136.40,0.5608,0.5151,2170,1.7487,0.00,29.44
Amidis,7.96,1.0,NETRAL,LAYAK,Mineral,49326.70,2.4838,11118.80,0.5599,0.5142,2172,1.7503,0.00,29.44
Amidis,7.96,1.0,NETRAL,LAYAK,Mineral,49213.10,2.4781,11133.20,0.5606,0.5155,2170,1.7487,0.00,29.38
Amidis,7.96,1.0,NETRAL,LAYAK,Mineral,49238.70,2.4794,11146.00,0.5613,0.5161,2171,1.7495,0.00,29.38
Amidis,7.96,1.0,NETRAL,LAYAK,Mineral,49323.60,2.4837,11109.20,0.5594,0.5138,2171,1.7495,0.00,29.44
Amidis,7.96,1.0,NETRAL,LAYAK,Mineral,49309.10,2.4829,11146.00,0.5613,0.5161,2172,1.7503,0.00,29.38
Amidis,7.96,1.0,NETRAL,LAYAK,Mineral,49254.70,2.4802,11106.00,0.5592,0.5142,2171,1.7495,0.00,29.38
Amidis,7.96,1.0,NETRAL,LAYAK,Mineral,49285.10,2.4817,11203.60,0.5642,0.5188,2183,1.7592,0.00,29.38
Amidis,7.96,1.0,NETRAL,LAYAK,Mineral,49109.10,2.4729,11226.00,0.5653,0.5198,2170,1.7487,0.00,29.38
Amidis,7.96,1.0,NETRAL,LAYAK,Mineral,49123.40,2.4736,11203.60,0.5642,0.5188,2173,1.7511,0.00,29.38
Amidis,7.96,1.0,NETRAL,LAYAK,Mineral,49195.50,2.4772,11219.60,0.5650,0.5195,2172,1.7503,0.00,29.38
Amidis,7.96,1.0,NETRAL,LAYAK,Mineral,49225.80,2.4788,11234.00,0.5657,0.5196,2186,1.7616,0.00,29.44
Amidis,7.96,1.0,NETRAL,LAYAK,Mineral,49326.80,2.4838,11210.00,0.5645,0.5191,2172,1.7503,0.00,29.38
Amidis,7.96,1.0,NETRAL,LAYAK,Mineral,49232.30,2.4791,11187.60,0.5633,0.5180,2172,1.7503,0.00,29.38
Amidis,7.96,1.0,NETRAL,LAYAK,Mineral,49315.60,2.4833,11181.20,0.5630,0.5171,2173,1.7511,0.00,29.44
Amidis,7.96,1.0,NETRAL,LAYAK,Mineral,49187.50,2.4768,11126.80,0.5603,0.5152,2172,1.7503,0.00,29.38
Amidis,7.96,1.0,NETRAL,LAYAK,Mineral,49259.50,2.4805,11099.60,0.5589,0.5134,2172,1.7503,0.00,29.44
Amidis,7.96,1.0,NETRAL,LAYAK,Mineral,49198.80,2.4774,11163.60,0.5621,0.5163,2170,1.7487,0.00,29.44
Amidis,7.96,1.0,NETRAL,LAYAK,Mineral,49267.50,2.4809,11107.60,0.5593,0.5137,2171,1.7495,0.00,29.44
Amidis,7.96,1.0,NETRAL,LAYAK,Mineral,49342.90,2.4847,11176.40,0.5628,0.5175,2170,1.7487,0.00,29.38
Amidis,7.96,1.0,NETRAL,LAYAK,Mineral,49286.80,2.4818,11194.00,0.5637,0.5177,2173,1.7511,0.00,29.44
Amidis,7.96,1.0,NETRAL,LAYAK,Mineral,49293.10,2.4821,11182.80,0.5631,0.5178,2182,1.7584,0.00,29.38
Amidis,7.96,1.0,NETRAL,LAYAK,Mineral,49208.30,2.4779,11160.40,0.5620,0.5162,2172,1.7503,0.00,29.44
Amidis,7.96,1.0,NETRAL,LAYAK,Mineral,49241.80,2.4796,11208.40,0.5644,0.5184,2175,1.7527,0.00,29.44
Amidis,7.96,1.0,NETRAL,LAYAK,Mineral,49274.00,2.4812,11213.20,0.5646,0.5192,2171,1.7495,0.00,29.38
Amidis,7.96,1.0,NETRAL,LAYAK,Mineral,49307.50,2.4829,11190.80,0.5635,0.5182,2173,1.7511,0.00,29.38
Amidis,7.96,1.0,NETRAL,LAYAK,Mineral,49192.30,2.4771,11181.20,0.5630,0.5171,2148,1.7310,0.10,29.44
Amidis,7.96,1.0,NETRAL,LAYAK,Mineral,49288.30,2.4819,11115.60,0.5597,0.5147,2173,1.7511,0.00,29.38
Amidis,7.96,1.0,NETRAL,LAYAK,Mineral,49248.30,2.4799,11163.60,0.5621,0.5169,2172,1.7503,0.00,29.38
Amidis,7.96,1.0,NETRAL,LAYAK,Mineral,49418.10,2.4884,11152.40,0.5616,0.5164,2174,1.7519,0.00,29.38
Amidis,7.96,1.0,NETRAL,LAYAK,Mineral,49373.20,2.4862,11173.20,0.5626,0.5174,2172,1.7503,0.00,29.38
Amidis,7.96,1.0,NETRAL,LAYAK,Mineral,49232.30,2.4791,11173.20,0.5626,0.5174,2176,1.7536,0.00,29.38
Amidis,7.96,1.0,NETRAL,LAYAK,Mineral,49227.50,2.4788,11171.60,0.5625,0.5167,2176,1.7536,0.00,29.44
Amidis,7.96,1.0,NETRAL,LAYAK,Mineral,49243.50,2.4796,11139.60,0.5609,0.5152,2176,1.7536,0.00,29.44
Amidis,7.96,1.0,NETRAL,LAYAK,Mineral,49221.10,2.4785,11131.60,0.5605,0.5154,2176,1.7536,0.00,29.38
Amidis,7.96,1.0,NETRAL,LAYAK,Mineral,49193.80,2.4771,11171.60,0.5625,0.5173,2173,1.7511,0.00,29.38
Amidis,7.96,1.0,NETRAL,LAYAK,Mineral,49242.00,2.4796,11208.40,0.5644,0.5184,2179,1.7560,0.00,29.44
Amidis,7.96,1.0,NETRAL,LAYAK,Mineral,49362.00,2.4856,11138.00,0.5609,0.5151,2171,1.7495,0.00,29.44
Amidis,7.96,1.0,NETRAL,LAYAK,Mineral,49225.90,2.4788,11109.20,0.5594,0.5138,2169,1.7479,0.00,29.44
Amidis,7.96,1.0,NETRAL,LAYAK,Mineral,49434.00,2.4892,11136.40,0.5608,0.5157,2173,1.7511,0.00,29.38
Amidis,7.96,1.0,NETRAL,LAYAK,Mineral,49286.60,2.4818,11203.60,0.5642,0.5182,2173,1.7511,0.00,29.44
Amidis,7.96,1.0,NETRAL,LAYAK,Mineral,49280.40,2.4815,11168.40,0.5624,0.5171,2171,1.7495,0.00,29.38
Amidis,7.96,1.0,NETRAL,LAYAK,Mineral,49217.90,2.4784,11210.00,0.5645,0.5185,2188,1.7632,0.00,29.44
Amidis,7.96,1.0,NETRAL,LAYAK,Mineral,49273.90,2.4812,11170.00,0.5625,0.5172,2172,1.7503,0.00,29.38
Amidis,7.96,1.0,NETRAL,LAYAK,Mineral,49216.30,2.4783,11154.00,0.5617,0.5165,2172,1.7503,0.00,29.38
Amidis,7.96,1.0,NETRAL,LAYAK,Mineral,49245.00,2.4797,11278.80,0.5679,0.5216,2174,1.7519,0.00,29.44
Amidis,7.96,1.0,NETRAL,LAYAK,Mineral,49326.80,2.4838,11222.80,0.5651,0.5191,2176,1.7536,0.00,29.44
Amidis,7.96,1.0,NETRAL,LAYAK,Mineral,49264.30,2.4807,11267.60,0.5674,0.5217,2172,1.7503,0.00,29.38
Amidis,7.96,1.0,NETRAL,LAYAK,Mineral,49320.40,2.4835,11221.20,0.5650,0.5196,2170,1.7487,0.00,29.38
Amidis,7.96,1.0,NETRAL,LAYAK,Mineral,49237.00,2.4793,11245.20,0.5662,0.5201,2183,1.7592,0.00,29.44
Amidis,7.96,1.0,NETRAL,LAYAK,Mineral,49288.30,2.4819,11216.40,0.5648,0.5188,2169,1.7479,0.00,29.44
Amidis,7.96,1.0,NETRAL,LAYAK,Mineral,49224.30,2.4787,11197.20,0.5638,0.5179,2168,1.7471,0.00,29.44
Amidis,7.96,1.0,NETRAL,LAYAK,Mineral,49304.40,2.4827,11184.40,0.5632,0.5179,2188,1.7632,0.00,29.38
Amidis,7.96,1.0,NETRAL,LAYAK,Mineral,49272.30,2.4811,11155.60,0.5617,0.5159,2169,1.7479,0.00,29.44
Amidis,7.96,1.0,NETRAL,LAYAK,Mineral,49278.80,2.4814,11158.80,0.5619,0.5167,2170,1.7487,0.00,29.38
Amidis,7.96,1.0,NETRAL,LAYAK,Mineral,49377.90,2.4864,11179.60,0.5629,0.5171,2172,1.7503,0.00,29.44
Amidis,7.96,1.0,NETRAL,LAYAK,Mineral,49392.40,2.4871,11163.60,0.5621,0.5169,2171,1.7495,0.00,29.38
Amidis,7.96,1.0,NETRAL,LAYAK,Mineral,49445.20,2.4898,11203.60,0.5642,0.5188,2166,1.7455,0.00,29.38
Amidis,7.96,1.0,NETRAL,LAYAK,Mineral,49267.50,2.4809,11213.20,0.5646,0.5192,2173,1.7511,0.00,29.38
Amidis,7.96,1.0,NETRAL,LAYAK,Mineral,49275.50,2.4813,11155.60,0.5617,0.5165,2176,1.7536,0.00,29.38
Amidis,7.96,1.0,NETRAL,LAYAK,Mineral,49347.50,2.4849,11192.40,0.5636,0.5182,2184,1.7600,0.00,29.38
Amidis,7.96,1.0,NETRAL,LAYAK,Mineral,49265.80,2.4808,11126.80,0.5603,0.5146,2174,1.7519,0.00,29.44
Amidis,7.96,1.0,NETRAL,LAYAK,Mineral,49323.60,2.4837,11198.80,0.5639,0.5185,2173,1.7511,0.00,29.38
Amidis,7.96,1.0,NETRAL,LAYAK,Mineral,49357.20,2.4854,11182.80,0.5631,0.5178,2198,1.7713,0.00,29.38
Amidis,7.96,1.0,NETRAL,LAYAK,Mineral,49328.20,2.4839,11178.00,0.5629,0.5170,2171,1.7495,0.00,29.44
Amidis,7.96,1.0,NETRAL,LAYAK,Mineral,49482.00,2.4917,11184.40,0.5632,0.5179,2173,1.7511,0.00,29.38
Amidis,7.96,1.0,NETRAL,LAYAK,Mineral,49254.70,2.4802,11158.80,0.5619,0.5167,2171,1.7495,0.00,29.38
Amidis,7.96,1.0,NETRAL,LAYAK,Mineral,49269.00,2.4809,11157.20,0.5618,0.5166,2171,1.7495,0.00,29.38
Amidis,7.96,1.0,NETRAL,LAYAK,Mineral,49371.60,2.4861,11125.20,0.5602,0.5151,2174,1.7519,0.00,29.38
Amidis,7.96,1.0,NETRAL,LAYAK,Mineral,49353.90,2.4852,11165.20,0.5622,0.5164,2173,1.7511,0.00,29.44
Amidis,7.96,1.0,NETRAL,LAYAK,Mineral,49469.20,2.4910,11179.60,0.5629,0.5171,2174,1.7519,0.00,29.44
Aqua,8.2,129.0,NETRAL,LAYAK,Mineral,44980.10,2.2650,11984.80,0.6035,0.5601,2099,1.6915,2.62,28.88
Aqua,8.2,129.0,NETRAL,LAYAK,Mineral,44900.10,2.2609,12538.70,0.6314,0.5860,2097,1.6899,2.72,28.88
Aqua,8.2,129.0,NETRAL,LAYAK,Mineral,44948.10,2.2634,14239.90,0.7170,0.6655,2098,1.6907,2.67,28.88
Aqua,8.2,129.0,NETRAL,LAYAK,Mineral,44631.20,2.2474,13073.10,0.6583,0.6109,2096,1.6891,2.77,28.88
Aqua,8.2,129.0,NETRAL,LAYAK,Mineral,44885.70,2.2602,12821.90,0.6456,0.5992,2100,1.6923,2.56,28.88
Aqua,8.2,129.0,NETRAL,LAYAK,Mineral,44856.90,2.2588,14110.10,0.7105,0.6594,2097,1.6899,2.72,28.88
Aqua,8.2,129.0,NETRAL,LAYAK,Mineral,44768.90,2.2543,14614.20,0.7359,0.6830,2121,1.7092,1.49,28.88
Aqua,8.2,129.0,NETRAL,LAYAK,Mineral,44967.30,2.2643,11735.30,0.5909,0.5484,2098,1.6907,2.67,28.88
Aqua,8.2,129.0,NETRAL,LAYAK,Mineral,44623.30,2.2470,14273.50,0.7187,0.6663,2093,1.6867,2.92,28.94
Aqua,8.2,129.0,NETRAL,LAYAK,Mineral,44666.40,2.2492,13990.10,0.7045,0.6538,2095,1.6883,2.82,28.88
Aqua,8.2,129.0,NETRAL,LAYAK,Mineral,44839.30,2.2579,11618.30,0.5850,0.5423,2094,1.6875,2.87,28.94
Aqua,8.2,129.0,NETRAL,LAYAK,Mineral,45119.40,2.2720,14151.90,0.7126,0.6614,2096,1.6891,2.77,28.88
Aqua,8.2,129.0,NETRAL,LAYAK,Mineral,45098.50,2.2709,13218.60,0.6656,0.6177,2095,1.6883,2.82,28.88
Aqua,8.2,129.0,NETRAL,LAYAK,Mineral,45032.90,2.2676,12553.10,0.6321,0.5866,2099,1.6915,2.62,28.88
Aqua,8.2,129.0,NETRAL,LAYAK,Mineral,44749.70,2.2534,13993.20,0.7046,0.6539,2097,1.6899,2.72,28.88
Aqua,8.2,129.0,NETRAL,LAYAK,Mineral,44376.80,2.2346,13458.80,0.6777,0.6282,2095,1.6883,2.82,28.94
Aqua,8.2,129.0,NETRAL,LAYAK,Mineral,45202.60,2.2762,12522.70,0.6306,0.5845,2098,1.6907,2.67,28.94
Aqua,8.2,129.0,NETRAL,LAYAK,Mineral,44528.80,2.2422,15116.70,0.7612,0.7056,2101,1.6931,2.51,28.94
Aqua,8.2,129.0,NETRAL,LAYAK,Mineral,44674.50,2.2496,12629.80,0.6360,0.5902,2123,1.7108,1.38,28.88
Aqua,8.2,129.0,NETRAL,LAYAK,Mineral,44514.40,2.2415,12554.60,0.6322,0.5860,2098,1.6907,2.67,28.94
Aqua,8.2,129.0,NETRAL,LAYAK,Mineral,44469.60,2.2393,15409.70,0.7760,0.7201,2096,1.6891,2.77,28.88
Aqua,8.2,129.0,NETRAL,LAYAK,Mineral,44999.30,2.2659,11733.40,0.5908,0.5483,2097,1.6899,2.72,28.88
Aqua,8.2,129.0,NETRAL,LAYAK,Mineral,44932.10,2.2625,14582.30,0.7343,0.6815,2097,1.6899,2.72,28.88
Aqua,8.2,129.0,NETRAL,LAYAK,Mineral,44903.40,2.2611,13431.50,0.6763,0.6270,2097,1.6899,2.72,28.94
Aqua,8.2,129.0,NETRAL,LAYAK,Mineral,44948.20,2.2634,13106.90,0.6600,0.6118,2097,1.6899,2.72,28.94
Aqua,8.2,129.0,NETRAL,LAYAK,Mineral,44324.00,2.2319,14686.50,0.7395,0.6855,2092,1.6859,2.97,28.94
Aqua,8.2,129.0,NETRAL,LAYAK,Mineral,45031.40,2.2675,13863.70,0.6981,0.6471,2097,1.6899,2.72,28.94
Aqua,8.2,129.0,NETRAL,LAYAK,Mineral,45269.80,2.2796,12204.10,0.6145,0.5703,2097,1.6899,2.72,28.88
Aqua,8.2,129.0,NETRAL,LAYAK,Mineral,44826.50,2.2572,15326.40,0.7718,0.7154,2103,1.6947,2.41,28.94
Aqua,8.2,129.0,NETRAL,LAYAK,Mineral,44695.30,2.2506,12895.40,0.6493,0.6019,2097,1.6899,2.72,28.94
Aqua,8.2,129.0,NETRAL,LAYAK,Mineral,44757.80,2.2538,11967.10,0.6026,0.5586,2097,1.6899,2.72,28.94
Aqua,8.2,129.0,NETRAL,LAYAK,Mineral,45031.40,2.2675,15309.00,0.7709,0.7146,2098,1.6907,2.67,28.94
Aqua,8.2,129.0,NETRAL,LAYAK,Mineral,44714.50,2.2516,13231.60,0.6663,0.6176,2098,1.6907,2.67,28.94
Aqua,8.2,129.0,NETRAL,LAYAK,Mineral,45034.60,2.2677,12287.30,0.6187,0.5742,2099,1.6915,2.62,28.88
Aqua,8.2,129.0,NETRAL,LAYAK,Mineral,44800.80,2.2559,15649.90,0.7880,0.7305,2097,1.6899,2.72,28.94
Aqua,8.2,129.0,NETRAL,LAYAK,Mineral,45026.60,2.2673,12228.10,0.6157,0.5708,2097,1.6899,2.72,28.94
Aqua,8.2,129.0,NETRAL,LAYAK,Mineral,44618.50,2.2468,13921.20,0.7010,0.6498,2096,1.6891,2.77,28.94
Aqua,8.2,129.0,NETRAL,LAYAK,Mineral,44748.10,2.2533,13261.90,0.6678,0.6190,2100,1.6923,2.56,28.94
Aqua,8.2,129.0,NETRAL,LAYAK,Mineral,44993.00,2.2656,12924.30,0.6508,0.6033,2099,1.6915,2.62,28.94
Aqua,8.2,129.0,NETRAL,LAYAK,Mineral,44850.50,2.2584,13761.30,0.6929,0.6424,2097,1.6899,2.72,28.94
Aqua,8.2,129.0,NETRAL,LAYAK,Mineral,44372.00,2.2343,14231.70,0.7166,0.6643,2098,1.6907,2.67,28.94
Aqua,8.2,129.0,NETRAL,LAYAK,Mineral,44865.00,2.2592,12477.70,0.6283,0.5824,2097,1.6899,2.72,28.94
Aqua,8.2,129.0,NETRAL,LAYAK,Mineral,44861.70,2.2590,14199.80,0.7150,0.6628,2096,1.6891,2.77,28.94
Aqua,8.2,129.0,NETRAL,LAYAK,Mineral,44712.90,2.2515,12449.00,0.6269,0.5811,2096,1.6891,2.77,28.94
Aqua,8.2,129.0,NETRAL,LAYAK,Mineral,44954.60,2.2637,11506.30,0.5794,0.5371,2099,1.6915,2.62,28.94
Aqua,8.2,129.0,NETRAL,LAYAK,Mineral,44993.00,2.2656,13689.40,0.6893,0.6390,2097,1.6899,2.72,28.94
Aqua,8.2,129.0,NETRAL,LAYAK,Mineral,44592.80,2.2455,12532.20,0.6311,0.5850,2096,1.6891,2.77,28.94
Aqua,8.2,129.0,NETRAL,LAYAK,Mineral,44623.30,2.2470,11911.20,0.5998,0.5560,2099,1.6915,2.62,28.94
Aqua,8.2,129.0,NETRAL,LAYAK,Mineral,44792.90,2.2555,12748.30,0.6419,0.5951,2098,1.6907,2.67,28.94
Aqua,8.2,129.0,NETRAL,LAYAK,Mineral,44768.90,2.2543,13057.00,0.6575,0.6095,2098,1.6907,2.67,28.94
Aqua,8.2,129.0,NETRAL,LAYAK,Mineral,45057.00,2.2688,11508.00,0.5795,0.5372,2096,1.6891,2.77,28.94
Aqua,8.2,129.0,NETRAL,LAYAK,Mineral,44871.40,2.2595,14086.10,0.7093,0.6575,2096,1.6891,2.77,28.94
Aqua,8.2,129.0,NETRAL,LAYAK,Mineral,44698.50,2.2508,12104.90,0.6095,0.5657,2091,1.6851,3.03,28.88
Aqua,8.2,129.0,NETRAL,LAYAK,Mineral,44728.90,2.2523,12597.90,0.6344,0.5881,2098,1.6907,2.67,28.94
Aqua,8.2,129.0,NETRAL,LAYAK,Mineral,44852.20,2.2585,13373.90,0.6734,0.6243,2097,1.6899,2.72,28.94
Aqua,8.2,129.0,NETRAL,LAYAK,Mineral,44618.40,2.2467,11650.50,0.5867,0.5438,2096,1.6891,2.77,28.94
Aqua,8.2,129.0,NETRAL,LAYAK,Mineral,44749.70,2.2534,13297.30,0.6696,0.6214,2095,1.6883,2.82,28.88
Aqua,8.2,129.0,NETRAL,LAYAK,Mineral,44956.20,2.2638,12615.60,0.6353,0.5889,2097,1.6899,2.72,28.94
Aqua,8.2,129.0,NETRAL,LAYAK,Mineral,44418.40,2.2367,12250.70,0.6169,0.5725,2097,1.6899,2.72,28.88
Aqua,8.2,129.0,NETRAL,LAYAK,Mineral,44548.00,2.2432,13394.70,0.6745,0.6252,2108,1.6988,2.15,28.94
Aqua,8.2,129.0,NETRAL,LAYAK,Mineral,44618.40,2.2467,11692.10,0.5888,0.5458,2098,1.6907,2.67,28.94
Aqua,8.2,129.0,NETRAL,LAYAK,Mineral,44594.50,2.2455,13342.00,0.6718,0.6228,2095,1.6883,2.82,28.94
Aqua,8.2,129.0,NETRAL,LAYAK,Mineral,44844.10,2.2581,12618.80,0.6354,0.5890,2096,1.6891,2.77,28.94
Aqua,8.2,129.0,NETRAL,LAYAK,Mineral,44848.80,2.2584,12256.90,0.6172,0.5721,2096,1.6891,2.77,28.94
Aqua,8.2,129.0,NETRAL,LAYAK,Mineral,44741.70,2.2530,13118.00,0.6606,0.6123,2096,1.6891,2.77,28.94
Aqua,8.2,129.0,NETRAL,LAYAK,Mineral,44559.20,2.2438,13034.70,0.6564,0.6084,2097,1.6899,2.72,28.94
Aqua,8.2,129.0,NETRAL,LAYAK,Mineral,44325.70,2.2320,11668.00,0.5875,0.5446,2098,1.6907,2.67,28.94
Aqua,8.2,129.0,NETRAL,LAYAK,Mineral,44816.90,2.2567,13447.50,0.6771,0.6277,2096,1.6891,2.77,28.94
Aqua,8.2,129.0,NETRAL,LAYAK,Mineral,44487.20,2.2401,11218.30,0.5649,0.5243,2095,1.6883,2.82,28.88
Aqua,8.2,129.0,NETRAL,LAYAK,Mineral,44836.20,2.2577,13538.70,0.6817,0.6320,2097,1.6899,2.72,28.94
Aqua,8.2,129.0,NETRAL,LAYAK,Mineral,44536.90,2.2426,12420.20,0.6254,0.5798,2097,1.6899,2.72,28.94
Aqua,8.2,129.0,NETRAL,LAYAK,Mineral,44520.80,2.2418,12349.70,0.6219,0.5765,2096,1.6891,2.77,28.94
Aqua,8.2,129.0,NETRAL,LAYAK,Mineral,44810.50,2.2564,13638.10,0.6867,0.6366,2097,1.6899,2.72,28.94
Aqua,8.2,129.0,NETRAL,LAYAK,Mineral,44432.80,2.2374,12580.10,0.6335,0.5872,2096,1.6891,2.77,28.94
Aqua,8.2,129.0,NETRAL,LAYAK,Mineral,44612.10,2.2464,12231.30,0.6159,0.5709,2101,1.6931,2.51,28.94
Aqua,8.2,129.0,NETRAL,LAYAK,Mineral,44813.70,2.2566,13193.10,0.6643,0.6158,2096,1.6891,2.77,28.94
Aqua,8.2,129.0,NETRAL,LAYAK,Mineral,44799.30,2.2559,12897.20,0.6494,0.6020,2097,1.6899,2.72,28.94
Aqua,8.2,129.0,NETRAL,LAYAK,Mineral,44690.50,2.2504,12127.30,0.6107,0.5661,2096,1.6891,2.77,28.94
Aqua,8.2,129.0,NETRAL,LAYAK,Mineral,44314.40,2.2314,12991.60,0.6542,0.6064,2096,1.6891,2.77,28.94
Aqua,8.2,129.0,NETRAL,LAYAK,Mineral,44512.80,2.2414,11282.30,0.5681,0.5266,2095,1.6883,2.82,28.94
Aqua,8.2,129.0,NETRAL,LAYAK,Mineral,44194.40,2.2254,13554.70,0.6825,0.6327,2109,1.6996,2.10,28.94
Aqua,8.2,129.0,NETRAL,LAYAK,Mineral,44645.70,2.2481,13036.30,0.6564,0.6085,2096,1.6891,2.77,28.94
Aqua,8.2,129.0,NETRAL,LAYAK,Mineral,44519.20,2.2418,12095.40,0.6091,0.5646,2095,1.6883,2.82,28.94
Aqua,8.2,129.0,NETRAL,LAYAK,Mineral,44754.50,2.2536,13316.30,0.6705,0.6216,2083,1.6786,3.44,28.94
Aqua,8.2,129.0,NETRAL,LAYAK,Mineral,44874.50,2.2596,12782.00,0.6436,0.5966,2095,1.6883,2.82,28.94
Aqua,8.2,129.0,NETRAL,LAYAK,Mineral,44551.20,2.2434,12154.50,0.6120,0.5674,2080,1.6762,3.59,28.94
Aqua,8.2,129.0,NETRAL,LAYAK,Mineral,44399.20,2.2357,12727.30,0.6409,0.5941,2105,1.6963,2.31,28.94
Aqua,8.2,129.0,NETRAL,LAYAK,Mineral,44749.60,2.2534,13161.10,0.6627,0.6143,2105,1.6963,2.31,28.94
Aqua,8.2,129.0,NETRAL,LAYAK,Mineral,44746.50,2.2532,11944.80,0.6015,0.5576,2096,1.6891,2.77,28.94
Aqua,8.2,129.0,NETRAL,LAYAK,Mineral,44671.30,2.2494,12903.50,0.6498,0.6023,2096,1.6891,2.77,28.94
Aqua,8.2,129.0,NETRAL,LAYAK,Mineral,44880.90,2.2600,13141.90,0.6618,0.6134,2096,1.6891,2.77,28.94
Aqua,8.2,129.0,NETRAL,LAYAK,Mineral,44516.00,2.2416,11597.60,0.5840,0.5414,2095,1.6883,2.82,28.94
Aqua,8.2,129.0,NETRAL,LAYAK,Mineral,44725.60,2.2521,13828.50,0.6963,0.6455,2095,1.6883,2.82,28.94
Aqua,8.2,129.0,NETRAL,LAYAK,Mineral,44480.80,2.2398,12661.70,0.6376,0.5910,2097,1.6899,2.72,28.94
Aqua,8.2,129.0,NETRAL,LAYAK,Mineral,44890.50,2.2605,11624.80,0.5854,0.5433,2098,1.6907,2.67,28.88
Aqua,8.2,129.0,NETRAL,LAYAK,Mineral,44943.40,2.2631,13881.10,0.6990,0.6487,2097,1.6899,2.72,28.88
Aqua,8.2,129.0,NETRAL,LAYAK,Mineral,44370.50,2.2343,11216.70,0.5648,0.5236,2094,1.6875,2.87,28.94
Aqua,8.2,129.0,NETRAL,LAYAK,Mineral,44785.00,2.2551,13311.60,0.6703,0.6214,2098,1.6907,2.67,28.94
Aqua,8.2,129.0,NETRAL,LAYAK,Mineral,44770.50,2.2544,12261.70,0.6174,0.5724,2094,1.6875,2.87,28.94
Aqua,8.2,129.0,NETRAL,LAYAK,Mineral,44799.30,2.2559,12191.30,0.6139,0.5691,2097,1.6899,2.72,28.94
Aqua,8.2,129.0,NETRAL,LAYAK,Mineral,44404.00,2.2360,13971.00,0.7035,0.6521,2097,1.6899,2.72,28.94
Aqua,8.2,129.0,NETRAL,LAYAK,Mineral,44661.70,2.2489,11259.90,0.5670,0.5256,2096,1.6891,2.77,28.94
Aqua,8.2,129.0,NETRAL,LAYAK,Mineral,44740.10,2.2529,13231.60,0.6663,0.6176,2095,1.6883,2.82,28.94
Aqua,8.2,129.0,NETRAL,LAYAK,Mineral,44618.40,2.2467,13309.90,0.6702,0.6213,2096,1.6891,2.77,28.94
Aqua,8.2,129.0,NETRAL,LAYAK,Mineral,45111.40,2.2716,11109.50,0.5594,0.5186,2095,1.6883,2.82,28.94
Aqua,8.2,129.0,NETRAL,LAYAK,Mineral,44752.90,2.2535,13340.20,0.6717,0.6227,2095,1.6883,2.82,28.94
Aqua,8.2,129.0,NETRAL,LAYAK,Mineral,44650.50,2.2484,12274.50,0.6181,0.5730,2098,1.6907,2.67,28.94
Aqua,8.2,129.0,NETRAL,LAYAK,Mineral,44380.00,2.2347,12290.50,0.6189,0.5737,2096,1.6891,2.77,28.94
Aqua,8.2,129.0,NETRAL,LAYAK,Mineral,44692.20,2.2505,12548.30,0.6319,0.5857,2097,1.6899,2.72,28.94
Aqua,8.2,129.0,NETRAL,LAYAK,Mineral,44359.20,2.2337,12991.50,0.6542,0.6064,2102,1.6939,2.46,28.94
Aqua,8.2,129.0,NETRAL,LAYAK,Mineral,44884.20,2.2601,13375.50,0.6735,0.6244,2096,1.6891,2.77,28.94
Aqua,8.2,129.0,NETRAL,LAYAK,Mineral,44607.30,2.2462,12289.00,0.6188,0.5736,2101,1.6931,2.51,28.94
Aqua,8.2,129.0,NETRAL,LAYAK,Mineral,44824.90,2.2571,12277.50,0.6182,0.5731,2095,1.6883,2.82,28.94
Aqua,8.2,129.0,NETRAL,LAYAK,Mineral,44573.60,2.2445,12681.10,0.6386,0.5919,2096,1.6891,2.77,28.94
Aqua,8.2,129.0,NETRAL,LAYAK,Mineral,44647.30,2.2482,12962.50,0.6527,0.6051,2098,1.6907,2.67,28.94
Aqua,8.2,129.0,NETRAL,LAYAK,Mineral,44716.00,2.2517,11431.20,0.5756,0.5336,2095,1.6883,2.82,28.94
Aqua,8.2,129.0,NETRAL,LAYAK,Mineral,44839.30,2.2579,13980.30,0.7040,0.6526,2097,1.6899,2.72,28.94
Aqua,8.2,129.0,NETRAL,LAYAK,Mineral,45137.00,2.2729,11924.20,0.6004,0.5566,2122,1.7100,1.44,28.94
Aqua,8.2,129.0,NETRAL,LAYAK,Mineral,44809.00,2.2563,11917.60,0.6001,0.5563,2095,1.6883,2.82,28.94
Aqua,8.2,129.0,NETRAL,LAYAK,Mineral,44600.90,2.2459,13877.90,0.6988,0.6478,2096,1.6891,2.77,28.94
Aqua,8.2,129.0,NETRAL,LAYAK,Mineral,44796.10,2.2557,12168.70,0.6128,0.5680,2096,1.6891,2.77,28.94
Aqua,8.2,129.0,NETRAL,LAYAK,Mineral,44768.90,2.2543,12780.30,0.6435,0.5966,2094,1.6875,2.87,28.94
Aqua,8.2,129.0,NETRAL,LAYAK,Mineral,44732.10,2.2525,13085.90,0.6589,0.6108,2096,1.6891,2.77,28.94
Aqua,8.2,129.0,NETRAL,LAYAK,Mineral,44799.40,2.2559,12023.30,0.6054,0.5612,2096,1.6891,2.77,28.94
Aqua,8.2,129.0,NETRAL,LAYAK,Mineral,44914.60,2.2617,12663.40,0.6377,0.5911,2096,1.6891,2.77,28.94
Aqua,8.2,129.0,NETRAL,LAYAK,Mineral,45005.80,2.2663,12832.90,0.6462,0.5990,2094,1.6875,2.87,28.94
Aqua,8.2,129.0,NETRAL,LAYAK,Mineral,44780.20,2.2549,11744.80,0.5914,0.5482,2098,1.6907,2.67,28.94
Aqua,8.2,129.0,NETRAL,LAYAK,Mineral,44303.20,2.2309,13902.10,0.7000,0.6489,2096,1.6891,2.77,28.94
Aqua,8.2,129.0,NETRAL,LAYAK,Mineral,44948.20,2.2634,11543.30,0.5813,0.5388,2096,1.6891,2.77,28.94
Aqua,8.2,129.0,NETRAL,LAYAK,Mineral,44490.50,2.2403,13225.20,0.6660,0.6173,2097,1.6899,2.72,28.94
Aqua,8.2,129.0,NETRAL,LAYAK,Mineral,44653.70,2.2485,12397.70,0.6243,0.5787,2094,1.6875,2.87,28.94
Aqua,8.2,129.0,NETRAL,LAYAK,Mineral,45058.60,2.2689,11255.10,0.5667,0.5254,2094,1.6875,2.87,28.94
Aqua,8.2,129.0,NETRAL,LAYAK,Mineral,44956.20,2.2638,13407.60,0.6751,0.6259,2097,1.6899,2.72,28.94
Aqua,8.2,129.0,NETRAL,LAYAK,Mineral,44623.30,2.2470,12406.00,0.6247,0.5791,2096,1.6891,2.77,28.94
Aqua,8.2,129.0,NETRAL,LAYAK,Mineral,44463.20,2.2389,12128.90,0.6107,0.5662,2098,1.6907,2.67,28.94
Aqua,8.2,129.0,NETRAL,LAYAK,Mineral,44743.30,2.2530,12927.60,0.6510,0.6034,2096,1.6891,2.77,28.94
Aqua,8.2,129.0,NETRAL,LAYAK,Mineral,44442.40,2.2379,12719.40,0.6405,0.5937,2095,1.6883,2.82,28.94
Aqua,8.2,129.0,NETRAL,LAYAK,Mineral,44668.10,2.2493,11712.90,0.5898,0.5467,2095,1.6883,2.82,28.94
Aqua,8.2,129.0,NETRAL,LAYAK,Mineral,44576.90,2.2447,13985.40,0.7042,0.6528,2106,1.6971,2.26,28.94
Aqua,8.2,129.0,NETRAL,LAYAK,Mineral,44317.60,2.2316,12093.70,0.6090,0.5645,2098,1.6907,2.67,28.94
Aqua,8.2,129.0,NETRAL,LAYAK,Mineral,44652.00,2.2484,11946.70,0.6016,0.5577,2093,1.6867,2.92,28.94
Aqua,8.2,129.0,NETRAL,LAYAK,Mineral,44666.50,2.2492,12414.00,0.6251,0.5795,2095,1.6883,2.82,28.94
Aqua,8.2,129.0,NETRAL,LAYAK,Mineral,44663.30,2.2490,12181.70,0.6134,0.5686,2100,1.6923,2.56,28.94
Aqua,8.2,129.0,NETRAL,LAYAK,Mineral,44799.40,2.2559,12878.00,0.6485,0.6011,2098,1.6907,2.67,28.94
Aqua,8.2,129.0,NETRAL,LAYAK,Mineral,44328.80,2.2322,13050.70,0.6572,0.6092,2095,1.6883,2.82,28.94
Aqua,8.2,129.0,NETRAL,LAYAK,Mineral,44368.80,2.2342,11631.30,0.5857,0.5429,2101,1.6931,2.51,28.94
Aqua,8.2,129.0,NETRAL,LAYAK,Mineral,44802.60,2.2560,13870.00,0.6984,0.6474,2099,1.6915,2.62,28.94
Aqua,8.2,129.0,NETRAL,LAYAK,Mineral,44765.70,2.2542,12725.70,0.6408,0.5940,2096,1.6891,2.77,28.94
Aqua,8.2,129.0,NETRAL,LAYAK,Mineral,44519.30,2.2418,11559.10,0.5821,0.5396,2096,1.6891,2.77,28.94
Aqua,8.2,129.0,NETRAL,LAYAK,Mineral,44616.90,2.2467,13869.90,0.6984,0.6474,2095,1.6883,2.82,28.94
Aqua,8.2,129.0,NETRAL,LAYAK,Mineral,44560.80,2.2438,11306.50,0.5693,0.5278,2100,1.6923,2.56,28.94
Aqua,8.2,129.0,NETRAL,LAYAK,Mineral,44528.80,2.2422,13319.60,0.6707,0.6217,2093,1.6867,2.92,28.94
Aqua,8.2,129.0,NETRAL,LAYAK,Mineral,44391.20,2.2353,13025.10,0.6559,0.6080,2105,1.6963,2.31,28.94
Aqua,8.2,129.0,NETRAL,LAYAK,Mineral,44703.30,2.2510,11901.50,0.5993,0.5555,2116,1.7052,1.74,28.94
Aqua,8.2,129.0,NETRAL,LAYAK,Mineral,44616.90,2.2467,12617.00,0.6353,0.5889,2095,1.6883,2.82,28.94
Aqua,8.2,129.0,NETRAL,LAYAK,Mineral,44810.50,2.2564,13009.10,0.6551,0.6072,2113,1.7028,1.90,28.94
Aqua,8.2,129.0,NETRAL,LAYAK,Mineral,44434.40,2.2375,11439.10,0.5760,0.5340,2105,1.6963,2.31,28.94
Aqua,8.2,129.0,NETRAL,LAYAK,Mineral,44536.80,2.2426,13294.10,0.6694,0.6206,2096,1.6891,2.77,28.94
Aqua,8.2,129.0,NETRAL,LAYAK,Mineral,45021.80,2.2671,12556.20,0.6323,0.5861,2094,1.6875,2.87,28.94
Aqua,8.2,129.0,NETRAL,LAYAK,Mineral,44360.80,2.2338,11594.40,0.5838,0.5412,2097,1.6899,2.72,28.94
Aqua,8.2,129.0,NETRAL,LAYAK,Mineral,44861.80,2.2590,13959.50,0.7029,0.6516,2101,1.6931,2.51,28.94
Aqua,8.2,129.0,NETRAL,LAYAK,Mineral,44679.30,2.2498,11258.20,0.5669,0.5255,2095,1.6883,2.82,28.94
Aqua,8.2,129.0,NETRAL,LAYAK,Mineral,44336.80,2.2326,12733.90,0.6412,0.5944,2097,1.6899,2.72,28.94
Aqua,8.2,129.0,NETRAL,LAYAK,Mineral,44647.30,2.2482,13010.70,0.6552,0.6073,2103,1.6947,2.41,28.94
Aqua,8.2,129.0,NETRAL,LAYAK,Mineral,44255.20,2.2285,11931.90,0.6008,0.5570,2096,1.6891,2.77,28.94
Aqua,8.2,129.0,NETRAL,LAYAK,Mineral,44644.10,2.2480,12988.40,0.6540,0.6063,2096,1.6891,2.77,28.94
Aqua,8.2,129.0,NETRAL,LAYAK,Mineral,44448.90,2.2382,12973.90,0.6533,0.6056,2095,1.6883,2.82,28.94
Aqua,8.2,129.0,NETRAL,LAYAK,Mineral,44306.40,2.2310,11928.70,0.6007,0.5568,2096,1.6891,2.77,28.94
Aqua,8.2,129.0,NETRAL,LAYAK,Mineral,44642.50,2.2480,12940.40,0.6516,0.6040,2095,1.6883,2.82,28.94
Aqua,8.2,129.0,NETRAL,LAYAK,Mineral,44269.60,2.2292,12882.40,0.6487,0.6013,2096,1.6891,2.77,28.94
Aqua,8.2,129.0,NETRAL,LAYAK,Mineral,44613.70,2.2465,11384.60,0.5733,0.5314,2095,1.6883,2.82,28.94
Aqua,8.2,129.0,NETRAL,LAYAK,Mineral,44383.30,2.2349,14006.20,0.7053,0.6538,2092,1.6859,2.97,28.94
Aqua,8.2,129.0,NETRAL,LAYAK,Mineral,45047.40,2.2684,11839.20,0.5962,0.5526,2097,1.6899,2.72,28.94
Aqua,8.2,129.0,NETRAL,LAYAK,Mineral,44735.30,2.2526,12000.90,0.6043,0.5602,2092,1.6859,2.97,28.94
Aqua,8.2,129.0,NETRAL,LAYAK,Mineral,44386.50,2.2351,13007.70,0.6550,0.6072,2095,1.6883,2.82,28.94
Aqua,8.2,129.0,NETRAL,LAYAK,Mineral,44775.30,2.2546,12730.40,0.6410,0.5942,2102,1.6939,2.46,28.94
Aqua,8.2,129.0,NETRAL,LAYAK,Mineral,44266.40,2.2290,11368.70,0.5725,0.5307,2097,1.6899,2.72,28.94
Aqua,8.2,129.0,NETRAL,LAYAK,Mineral,45010.50,2.2665,14017.40,0.7058,0.6543,2099,1.6915,2.62,28.94
Aqua,8.2,129.0,NETRAL,LAYAK,Mineral,44645.60,2.2481,12599.40,0.6344,0.5881,2095,1.6883,2.82,28.94
Aqua,8.2,129.0,NETRAL,LAYAK,Mineral,44889.00,2.2604,11498.40,0.5790,0.5367,2095,1.6883,2.82,28.94
Aqua,8.2,129.0,NETRAL,LAYAK,Mineral,44759.30,2.2538,13854.10,0.6976,0.6467,2122,1.7100,1.44,28.94
Aqua,8.2,129.0,NETRAL,LAYAK,Mineral,44861.80,2.2590,12583.20,0.6336,0.5874,2109,1.6996,2.10,28.94
Aqua,8.2,129.0,NETRAL,LAYAK,Mineral,44671.40,2.2494,11344.70,0.5713,0.5296,2101,1.6931,2.51,28.94
Aqua,8.2,129.0,NETRAL,LAYAK,Mineral,44455.30,2.2385,12442.50,0.6265,0.5808,2095,1.6883,2.82,28.94
Aqua,8.2,129.0,NETRAL,LAYAK,Mineral,44656.90,2.2487,11552.90,0.5817,0.5393,2097,1.6899,2.72,28.94
Aqua,8.2,129.0,NETRAL,LAYAK,Mineral,44439.20,2.2377,13319.60,0.6707,0.6217,2101,1.6931,2.51,28.94
Aqua,8.2,129.0,NETRAL,LAYAK,Mineral,44581.70,2.2449,12285.80,0.6186,0.5735,2096,1.6891,2.77,28.94
Aqua,8.2,129.0,NETRAL,LAYAK,Mineral,44263.20,2.2289,12308.00,0.6198,0.5745,2093,1.6867,2.92,28.94
Aqua,8.2,129.0,NETRAL,LAYAK,Mineral,44520.90,2.2418,13265.20,0.6680,0.6192,2104,1.6955,2.36,28.94
Aqua,8.2,129.0,NETRAL,LAYAK,Mineral,44712.90,2.2515,12303.40,0.6195,0.5743,2095,1.6883,2.82,28.94
Aqua,8.2,129.0,NETRAL,LAYAK,Mineral,44892.20,2.2605,12296.90,0.6192,0.5740,2096,1.6891,2.77,28.94
Aqua,8.2,129.0,NETRAL,LAYAK,Mineral,44103.20,2.2208,12732.30,0.6411,0.5943,2096,1.6891,2.77,28.94
Aqua,8.2,129.0,NETRAL,LAYAK,Mineral,44727.40,2.2522,13024.90,0.6559,0.6080,2093,1.6867,2.92,28.94
Aqua,8.2,129.0,NETRAL,LAYAK,Mineral,44786.60,2.2552,12234.70,0.6161,0.5711,2095,1.6883,2.82,28.94
Aqua,8.2,129.0,NETRAL,LAYAK,Mineral,44096.80,2.2205,13598.10,0.6847,0.6347,2100,1.6923,2.56,28.94
Aqua,8.2,129.0,NETRAL,LAYAK,Mineral,44628.10,2.2472,11203.90,0.5642,0.5230,2096,1.6891,2.77,28.94
Aqua,8.2,129.0,NETRAL,LAYAK,Mineral,44205.60,2.2260,13244.40,0.6669,0.6182,2094,1.6875,2.87,28.94
Aqua,8.2,129.0,NETRAL,LAYAK,Mineral,44794.50,2.2556,12572.20,0.6331,0.5869,2097,1.6899,2.72,28.94
Aqua,8.2,129.0,NETRAL,LAYAK,Mineral,44796.10,2.2557,11946.30,0.6016,0.5576,2116,1.7052,1.74,28.94
Aqua,8.2,129.0,NETRAL,LAYAK,Mineral,44724.10,2.2521,13230.10,0.6662,0.6176,2097,1.6899,2.72,28.94
Le Minerale,8.35,148.0,NETRAL,LAYAK,Mineral,40625.40,2.0457,13220.30,0.6657,0.6157,2094,1.6875,2.87,29.06
Le Minerale,8.35,148.0,NETRAL,LAYAK,Mineral,41499.20,2.0897,13599.60,0.6848,0.6333,2107,1.6979,2.21,29.06
Le Minerale,8.35,148.0,NETRAL,LAYAK,Mineral,40884.60,2.0587,13226.70,0.6660,0.6160,2095,1.6883,2.82,29.06
Le Minerale,8.35,148.0,NETRAL,LAYAK,Mineral,41067.00,2.0679,12109.70,0.6098,0.5633,2101,1.6931,2.51,29.13
Le Minerale,8.35,148.0,NETRAL,LAYAK,Mineral,41103.90,2.0698,13511.80,0.6804,0.6285,2103,1.6947,2.41,29.13
Le Minerale,8.35,148.0,NETRAL,LAYAK,Mineral,41348.70,2.0821,13511.50,0.6804,0.6292,2105,1.6963,2.31,29.06
Le Minerale,8.35,148.0,NETRAL,LAYAK,Mineral,40991.90,2.0641,12133.50,0.6110,0.5651,2112,1.7020,1.95,29.06
Le Minerale,8.35,148.0,NETRAL,LAYAK,Mineral,40847.80,2.0569,13635.00,0.6866,0.6350,2093,1.6867,2.92,29.06
Le Minerale,8.35,148.0,NETRAL,LAYAK,Mineral,40873.40,2.0582,13197.80,0.6646,0.6146,2094,1.6875,2.87,29.06
Le Minerale,8.35,148.0,NETRAL,LAYAK,Mineral,41124.70,2.0708,11551.10,0.5817,0.5373,2093,1.6867,2.92,29.13
Le Minerale,8.35,148.0,NETRAL,LAYAK,Mineral,40825.50,2.0558,14481.40,0.7292,0.6744,2098,1.6907,2.67,29.06
Le Minerale,8.35,148.0,NETRAL,LAYAK,Mineral,41382.40,2.0838,12076.00,0.6081,0.5617,2116,1.7052,1.74,29.13
Le Minerale,8.35,148.0,NETRAL,LAYAK,Mineral,40908.60,2.0599,11823.20,0.5954,0.5500,2098,1.6907,2.67,29.13
Le Minerale,8.35,148.0,NETRAL,LAYAK,Mineral,40892.60,2.0591,14028.60,0.7064,0.6533,2093,1.6867,2.92,29.06
Le Minerale,8.35,148.0,NETRAL,LAYAK,Mineral,41206.30,2.0749,12874.70,0.6483,0.5996,2095,1.6883,2.82,29.06
Le Minerale,8.35,148.0,NETRAL,LAYAK,Mineral,41395.10,2.0844,11610.20,0.5846,0.5401,2094,1.6875,2.87,29.13
Le Minerale,8.35,148.0,NETRAL,LAYAK,Mineral,41611.20,2.0953,14369.40,0.7236,0.6692,2099,1.6915,2.62,29.06
Le Minerale,8.35,148.0,NETRAL,LAYAK,Mineral,41239.90,2.0766,12108.00,0.6097,0.5632,2096,1.6891,2.77,29.13
Le Minerale,8.35,148.0,NETRAL,LAYAK,Mineral,41478.40,2.0886,13028.40,0.6560,0.6060,2094,1.6875,2.87,29.13
Le Minerale,8.35,148.0,NETRAL,LAYAK,Mineral,41531.20,2.0913,13802.80,0.6950,0.6428,2095,1.6883,2.82,29.06
Le Minerale,8.35,148.0,NETRAL,LAYAK,Mineral,41214.20,2.0753,11711.30,0.5897,0.5448,2094,1.6875,2.87,29.13
Le Minerale,8.35,148.0,NETRAL,LAYAK,Mineral,41343.90,2.0819,13841.30,0.6970,0.6439,2095,1.6883,2.82,29.13
Le Minerale,8.35,148.0,NETRAL,LAYAK,Mineral,40907.00,2.0599,12977.10,0.6535,0.6044,2095,1.6883,2.82,29.06
Le Minerale,8.35,148.0,NETRAL,LAYAK,Mineral,41103.80,2.0698,11891.90,0.5988,0.5532,2096,1.6891,2.77,29.13
Le Minerale,8.35,148.0,NETRAL,LAYAK,Mineral,41444.80,2.0869,14360.00,0.7231,0.6680,2099,1.6915,2.62,29.13
Le Minerale,8.35,148.0,NETRAL,LAYAK,Mineral,41428.80,2.0861,12508.00,0.6298,0.5825,2094,1.6875,2.87,29.06
Le Minerale,8.35,148.0,NETRAL,LAYAK,Mineral,41305.40,2.0799,12476.30,0.6282,0.5810,2109,1.6996,2.10,29.06
Le Minerale,8.35,148.0,NETRAL,LAYAK,Mineral,41065.50,2.0678,14281.40,0.7191,0.6643,2094,1.6875,2.87,29.13
Le Minerale,8.35,148.0,NETRAL,LAYAK,Mineral,41100.70,2.0696,11426.30,0.5754,0.5315,2096,1.6891,2.77,29.13
Le Minerale,8.35,148.0,NETRAL,LAYAK,Mineral,41193.50,2.0743,13780.50,0.6939,0.6410,2098,1.6907,2.67,29.13
Le Minerale,8.35,148.0,NETRAL,LAYAK,Mineral,41129.40,2.0711,12748.10,0.6419,0.5930,2095,1.6883,2.82,29.13
Le Minerale,8.35,148.0,NETRAL,LAYAK,Mineral,41323.10,2.0808,12504.90,0.6297,0.5817,2095,1.6883,2.82,29.13
Le Minerale,8.35,148.0,NETRAL,LAYAK,Mineral,41236.60,2.0765,13199.50,0.6647,0.6140,2095,1.6883,2.82,29.13
Le Minerale,8.35,148.0,NETRAL,LAYAK,Mineral,41635.20,2.0965,13057.00,0.6575,0.6074,2093,1.6867,2.92,29.13
Le Minerale,8.35,148.0,NETRAL,LAYAK,Mineral,41891.20,2.1094,12058.60,0.6072,0.5609,2094,1.6875,2.87,29.13
Le Minerale,8.35,148.0,NETRAL,LAYAK,Mineral,41353.50,2.0823,14451.00,0.7277,0.6722,2093,1.6867,2.92,29.13
Le Minerale,8.35,148.0,NETRAL,LAYAK,Mineral,41326.30,2.0810,12469.70,0.6279,0.5801,2104,1.6955,2.36,29.13
Le Minerale,8.35,148.0,NETRAL,LAYAK,Mineral,41457.50,2.0876,11988.20,0.6037,0.5577,2097,1.6899,2.72,29.13
Le Minerale,8.35,148.0,NETRAL,LAYAK,Mineral,41424.00,2.0859,14473.40,0.7288,0.6733,2094,1.6875,2.87,29.13
Le Minerale,8.35,148.0,NETRAL,LAYAK,Mineral,41718.30,2.1007,11899.90,0.5992,0.5535,2095,1.6883,2.82,29.13
Le Minerale,8.35,148.0,NETRAL,LAYAK,Mineral,41497.60,2.0896,13387.00,0.6741,0.6227,2108,1.6988,2.15,29.13
Le Minerale,8.35,148.0,NETRAL,LAYAK,Mineral,41612.80,2.0954,13383.60,0.6739,0.6226,2094,1.6875,2.87,29.13
Le Minerale,8.35,148.0,NETRAL,LAYAK,Mineral,41406.30,2.0850,11989.50,0.6037,0.5577,2092,1.6859,2.97,29.13
Le Minerale,8.35,148.0,NETRAL,LAYAK,Mineral,41576.00,2.0936,14134.20,0.7117,0.6575,2095,1.6883,2.82,29.13
Le Minerale,8.35,148.0,NETRAL,LAYAK,Mineral,41348.70,2.0821,12759.40,0.6425,0.5935,2097,1.6899,2.72,29.13
Le Minerale,8.35,148.0,NETRAL,LAYAK,Mineral,41139.00,2.0715,12828.30,0.6460,0.5967,2095,1.6883,2.82,29.13
Le Minerale,8.35,148.0,NETRAL,LAYAK,Mineral,41327.90,2.0811,13665.10,0.6881,0.6357,2096,1.6891,2.77,29.13
Le Minerale,8.35,148.0,NETRAL,LAYAK,Mineral,41647.90,2.0972,12330.70,0.6209,0.5736,2094,1.6875,2.87,29.13
Le Minerale,8.35,148.0,NETRAL,LAYAK,Mineral,41606.30,2.0951,13418.70,0.6757,0.6242,2106,1.6971,2.26,29.13
Le Minerale,8.35,148.0,NETRAL,LAYAK,Mineral,41716.80,2.1006,13409.30,0.6752,0.6238,2113,1.7028,1.90,29.13
Le Minerale,8.35,148.0,NETRAL,LAYAK,Mineral,41587.20,2.0941,11698.30,0.5891,0.5442,2093,1.6867,2.92,29.13
Le Minerale,8.35,148.0,NETRAL,LAYAK,Mineral,41521.50,2.0908,14492.60,0.7298,0.6742,2093,1.6867,2.92,29.13
Le Minerale,8.35,148.0,NETRAL,LAYAK,Mineral,41876.80,2.1087,13612.50,0.6855,0.6332,2096,1.6891,2.77,29.13
Le Minerale,8.35,148.0,NETRAL,LAYAK,Mineral,41551.90,2.0923,11895.10,0.5990,0.5533,2091,1.6851,3.03,29.13
Le Minerale,8.35,148.0,NETRAL,LAYAK,Mineral,41353.50,2.0823,15648.00,0.7880,0.7279,2095,1.6883,2.82,29.13
Le Minerale,8.35,148.0,NETRAL,LAYAK,Mineral,41188.60,2.0740,12516.10,0.6302,0.5822,2095,1.6883,2.82,29.13
Le Minerale,8.35,148.0,NETRAL,LAYAK,Mineral,41923.20,2.1110,14380.60,0.7241,0.6689,2118,1.7068,1.64,29.13
Le Minerale,8.35,148.0,NETRAL,LAYAK,Mineral,41158.20,2.0725,13956.60,0.7028,0.6492,2123,1.7108,1.38,29.13
Le Minerale,8.35,148.0,NETRAL,LAYAK,Mineral,41307.00,2.0800,13094.00,0.6593,0.6091,2097,1.6899,2.72,29.13
Le Minerale,8.35,148.0,NETRAL,LAYAK,Mineral,41307.10,2.0800,14011.00,0.7055,0.6518,2101,1.6931,2.51,29.13
Le Minerale,8.35,148.0,NETRAL,LAYAK,Mineral,41447.90,2.0871,14476.60,0.7290,0.6734,2097,1.6899,2.72,29.13
Le Minerale,8.35,148.0,NETRAL,LAYAK,Mineral,41771.20,2.1034,14505.60,0.7304,0.6748,2121,1.7092,1.49,29.13
Le Minerale,8.35,148.0,NETRAL,LAYAK,Mineral,41212.70,2.0753,13537.10,0.6817,0.6297,2094,1.6875,2.87,29.13
Le Minerale,8.35,148.0,NETRAL,LAYAK,Mineral,41527.90,2.0911,13226.80,0.6660,0.6153,2095,1.6883,2.82,29.13
Le Minerale,8.35,148.0,NETRAL,LAYAK,Mineral,41396.70,2.0845,13772.40,0.6935,0.6407,2095,1.6883,2.82,29.13
Le Minerale,8.35,148.0,NETRAL,LAYAK,Mineral,41337.40,2.0815,14143.70,0.7122,0.6579,2094,1.6875,2.87,29.13
Le Minerale,8.35,148.0,NETRAL,LAYAK,Mineral,41396.70,2.0845,12416.80,0.6252,0.5776,2091,1.6851,3.03,29.13
Le Minerale,8.35,148.0,NETRAL,LAYAK,Mineral,41111.80,2.0702,15848.30,0.7980,0.7372,2094,1.6875,2.87,29.13
Le Minerale,8.35,148.0,NETRAL,LAYAK,Mineral,41539.10,2.0917,13017.10,0.6555,0.6055,2084,1.6794,3.38,29.13
Le Minerale,8.35,148.0,NETRAL,LAYAK,Mineral,41627.20,2.0961,14025.20,0.7062,0.6524,2102,1.6939,2.46,29.13
Le Minerale,8.35,148.0,NETRAL,LAYAK,Mineral,41564.80,2.0930,14923.20,0.7515,0.6942,2097,1.6899,2.72,29.13
Le Minerale,8.35,148.0,NETRAL,LAYAK,Mineral,41358.30,2.0826,12626.70,0.6358,0.5874,2095,1.6883,2.82,29.13
Le Minerale,8.35,148.0,NETRAL,LAYAK,Mineral,41187.00,2.0740,15580.80,0.7846,0.7248,2098,1.6907,2.67,29.13
Le Minerale,8.35,148.0,NETRAL,LAYAK,Mineral,41345.50,2.0819,12183.30,0.6135,0.5667,2081,1.6770,3.54,29.13
Le Minerale,8.35,148.0,NETRAL,LAYAK,Mineral,41441.50,2.0868,14568.10,0.7336,0.6777,2102,1.6939,2.46,29.13
Le Minerale,8.35,148.0,NETRAL,LAYAK,Mineral,41323.10,2.0808,14457.40,0.7280,0.6725,2101,1.6931,2.51,29.13
Le Minerale,8.35,148.0,NETRAL,LAYAK,Mineral,41467.10,2.0881,12248.80,0.6168,0.5698,2093,1.6867,2.92,29.13
Le Minerale,8.35,148.0,NETRAL,LAYAK,Mineral,41201.50,2.0747,14811.10,0.7458,0.6890,2096,1.6891,2.77,29.13
Le Minerale,8.35,148.0,NETRAL,LAYAK,Mineral,41417.60,2.0856,13457.10,0.6776,0.6260,2093,1.6867,2.92,29.13
Le Minerale,8.35,148.0,NETRAL,LAYAK,Mineral,41542.30,2.0919,13141.90,0.6618,0.6113,2095,1.6883,2.82,29.13
Le Minerale,8.35,148.0,NETRAL,LAYAK,Mineral,41545.50,2.0920,14233.40,0.7167,0.6621,2098,1.6907,2.67,29.13
Le Minerale,8.35,148.0,NETRAL,LAYAK,Mineral,41139.10,2.0716,12344.80,0.6216,0.5749,2094,1.6875,2.87,29.06
Le Minerale,8.35,148.0,NETRAL,LAYAK,Mineral,41404.70,2.0849,14822.30,0.7464,0.6903,2093,1.6867,2.92,29.06
Le Minerale,8.35,148.0,NETRAL,LAYAK,Mineral,41471.90,2.0883,13790.20,0.6944,0.6415,2098,1.6907,2.67,29.13
Le Minerale,8.35,148.0,NETRAL,LAYAK,Mineral,41512.00,2.0903,12831.60,0.6461,0.5969,2097,1.6899,2.72,29.13
Le Minerale,8.35,148.0,NETRAL,LAYAK,Mineral,41070.20,2.0681,14375.80,0.7239,0.6687,2095,1.6883,2.82,29.13
Le Minerale,8.35,148.0,NETRAL,LAYAK,Mineral,41348.70,2.0821,14526.20,0.7315,0.6757,2094,1.6875,2.87,29.13
Le Minerale,8.35,148.0,NETRAL,LAYAK,Mineral,41510.40,2.0902,12120.90,0.6103,0.5638,2098,1.6907,2.67,29.13
Le Minerale,8.35,148.0,NETRAL,LAYAK,Mineral,41142.20,2.0717,15875.60,0.7994,0.7385,2093,1.6867,2.92,29.13
Le Minerale,8.35,148.0,NETRAL,LAYAK,Mineral,41471.90,2.0883,11751.00,0.5917,0.5466,2096,1.6891,2.77,29.13
Le Minerale,8.35,148.0,NETRAL,LAYAK,Mineral,41339.10,2.0816,12021.50,0.6053,0.5592,2099,1.6915,2.62,29.13
Le Minerale,8.35,148.0,NETRAL,LAYAK,Mineral,41187.00,2.0740,15510.70,0.7810,0.7215,2095,1.6883,2.82,29.13
Le Minerale,8.35,148.0,NETRAL,LAYAK,Mineral,41185.40,2.0739,12346.40,0.6217,0.5743,2094,1.6875,2.87,29.13
Le Minerale,8.35,148.0,NETRAL,LAYAK,Mineral,41081.40,2.0686,14624.00,0.7364,0.6803,2092,1.6859,2.97,29.13
Le Minerale,8.35,148.0,NETRAL,LAYAK,Mineral,41276.70,2.0785,14480.00,0.7291,0.6736,2121,1.7092,1.49,29.13
Le Minerale,8.35,148.0,NETRAL,LAYAK,Mineral,41646.40,2.0971,13079.70,0.6586,0.6084,2093,1.6867,2.92,29.13
Le Minerale,8.35,148.0,NETRAL,LAYAK,Mineral,41678.40,2.0987,14679.90,0.7392,0.6829,2092,1.6859,2.97,29.13
Le Minerale,8.35,148.0,NETRAL,LAYAK,Mineral,41792.00,2.1044,13303.60,0.6699,0.6196,2092,1.6859,2.97,29.06
Le Minerale,8.35,148.0,NETRAL,LAYAK,Mineral,41718.40,2.1007,13838.20,0.6968,0.6437,2093,1.6867,2.92,29.13
Le Minerale,8.35,148.0,NETRAL,LAYAK,Mineral,41558.40,2.0927,14403.00,0.7253,0.6700,2093,1.6867,2.92,29.13
Le Minerale,8.35,148.0,NETRAL,LAYAK,Mineral,41507.30,2.0901,11965.50,0.6025,0.5566,2095,1.6883,2.82,29.13
Le Minerale,8.35,148.0,NETRAL,LAYAK,Mineral,41079.90,2.0686,15782.50,0.7947,0.7342,2096,1.6891,2.77,29.13
Le Minerale,8.35,148.0,NETRAL,LAYAK,Mineral,41404.70,2.0849,11944.70,0.6015,0.5556,2094,1.6875,2.87,29.13
Le Minerale,8.35,148.0,NETRAL,LAYAK,Mineral,41369.50,2.0832,14678.40,0.7391,0.6828,2094,1.6875,2.87,29.13
Le Minerale,8.35,148.0,NETRAL,LAYAK,Mineral,41455.90,2.0875,14206.10,0.7153,0.6608,2095,1.6883,2.82,29.13
Le Minerale,8.35,148.0,NETRAL,LAYAK,Mineral,41543.90,2.0919,13165.90,0.6630,0.6124,2092,1.6859,2.97,29.13
Le Minerale,8.35,148.0,NETRAL,LAYAK,Mineral,41729.60,2.1013,13866.90,0.6983,0.6450,2095,1.6883,2.82,29.13
Le Minerale,8.35,148.0,NETRAL,LAYAK,Mineral,41364.60,2.0829,14467.10,0.7285,0.6730,2095,1.6883,2.82,29.13
Le Minerale,8.35,148.0,NETRAL,LAYAK,Mineral,41249.50,2.0771,12162.30,0.6124,0.5658,2105,1.6963,2.31,29.13
Le Minerale,8.35,148.0,NETRAL,LAYAK,Mineral,41547.10,2.0921,15461.00,0.7785,0.7192,2096,1.6891,2.77,29.13
Le Minerale,8.35,148.0,NETRAL,LAYAK,Mineral,41617.50,2.0956,12773.90,0.6432,0.5942,2095,1.6883,2.82,29.13
Le Minerale,8.35,148.0,NETRAL,LAYAK,Mineral,41467.10,2.0881,15595.30,0.7853,0.7254,2096,1.6891,2.77,29.13
Le Minerale,8.35,148.0,NETRAL,LAYAK,Mineral,41686.40,2.0991,13204.30,0.6649,0.6142,2096,1.6891,2.77,29.13
Le Minerale,8.35,148.0,NETRAL,LAYAK,Mineral,41231.90,2.0762,13226.60,0.6660,0.6153,2094,1.6875,2.87,29.13
Le Minerale,8.35,148.0,NETRAL,LAYAK,Mineral,41302.20,2.0798,14888.10,0.7497,0.6926,2094,1.6875,2.87,29.13
Le Minerale,8.35,148.0,NETRAL,LAYAK,Mineral,41268.60,2.0781,12930.80,0.6511,0.6015,2091,1.6851,3.03,29.13
Le Minerale,8.35,148.0,NETRAL,LAYAK,Mineral,41583.90,2.0939,14313.40,0.7207,0.6658,2093,1.6867,2.92,29.13
Le Minerale,8.35,148.0,NETRAL,LAYAK,Mineral,41326.20,2.0810,14420.50,0.7261,0.6708,2097,1.6899,2.72,29.13
Le Minerale,8.35,148.0,NETRAL,LAYAK,Mineral,41579.10,2.0937,12975.50,0.6534,0.6036,2092,1.6859,2.97,29.13
Le Minerale,8.35,148.0,NETRAL,LAYAK,Mineral,41446.40,2.0870,14987.30,0.7547,0.6972,2094,1.6875,2.87,29.13
Le Minerale,8.35,148.0,NETRAL,LAYAK,Mineral,41470.30,2.0882,12889.10,0.6490,0.5996,2095,1.6883,2.82,29.13
Le Minerale,8.35,148.0,NETRAL,LAYAK,Mineral,41225.40,2.0759,14185.40,0.7143,0.6599,2101,1.6931,2.51,29.13
Le Minerale,8.35,148.0,NETRAL,LAYAK,Mineral,41401.40,2.0848,14483.00,0.7293,0.6737,2089,1.6834,3.13,29.13
Le Minerale,8.35,148.0,NETRAL,LAYAK,Mineral,41271.90,2.0782,12333.70,0.6211,0.5737,2093,1.6867,2.92,29.13
Le Minerale,8.35,148.0,NETRAL,LAYAK,Mineral,41526.40,2.0911,15769.70,0.7941,0.7336,2093,1.6867,2.92,29.13
Le Minerale,8.35,148.0,NETRAL,LAYAK,Mineral,41430.20,2.0862,12044.00,0.6065,0.5603,2099,1.6915,2.62,29.13
Le Minerale,8.35,148.0,NETRAL,LAYAK,Mineral,41780.80,2.1039,13826.90,0.6963,0.6432,2092,1.6859,2.97,29.13
Le Minerale,8.35,148.0,NETRAL,LAYAK,Mineral,41640.00,2.0968,14539.00,0.7321,0.6763,2094,1.6875,2.87,29.13
Le Minerale,8.35,148.0,NETRAL,LAYAK,Mineral,41657.50,2.0977,12770.60,0.6431,0.5941,2097,1.6899,2.72,29.13
Le Minerale,8.35,148.0,NETRAL,LAYAK,Mineral,41755.20,2.1026,13753.30,0.6925,0.6405,2091,1.6851,3.03,29.06
Le Minerale,8.35,148.0,NETRAL,LAYAK,Mineral,41291.10,2.0792,14316.60,0.7209,0.6660,2095,1.6883,2.82,29.13
Le Minerale,8.35,148.0,NETRAL,LAYAK,Mineral,41484.70,2.0890,13185.20,0.6639,0.6133,2121,1.7092,1.49,29.13
Le Minerale,8.35,148.0,NETRAL,LAYAK,Mineral,41427.10,2.0861,13838.00,0.6968,0.6437,2105,1.6963,2.31,29.13
Le Minerale,8.35,148.0,NETRAL,LAYAK,Mineral,41609.50,2.0952,14496.00,0.7299,0.6743,2106,1.6971,2.26,29.13
Le Minerale,8.35,148.0,NETRAL,LAYAK,Mineral,41660.80,2.0978,12114.30,0.6100,0.5635,2096,1.6891,2.77,29.13
Le Minerale,8.35,148.0,NETRAL,LAYAK,Mineral,41758.40,2.1027,15700.80,0.7906,0.7304,2092,1.6859,2.97,29.13
Le Minerale,8.35,148.0,NETRAL,LAYAK,Mineral,41700.70,2.0998,12204.10,0.6145,0.5677,2092,1.6859,2.97,29.13
Le Minerale,8.35,148.0,NETRAL,LAYAK,Mineral,41523.10,2.0909,14531.20,0.7317,0.6767,2092,1.6859,2.97,29.06
Le Minerale,8.35,148.0,NETRAL,LAYAK,Mineral,41449.50,2.0872,13703.50,0.6900,0.6374,2091,1.6851,3.03,29.13
Le Minerale,8.35,148.0,NETRAL,LAYAK,Mineral,41385.60,2.0840,12003.90,0.6045,0.5584,2096,1.6891,2.77,29.13
Le Minerale,8.35,148.0,NETRAL,LAYAK,Mineral,41854.40,2.1076,15753.70,0.7933,0.7328,2093,1.6867,2.92,29.13
Le Minerale,8.35,148.0,NETRAL,LAYAK,Mineral,41519.90,2.0907,12242.50,0.6165,0.5695,2120,1.7084,1.54,29.13
Le Minerale,8.35,148.0,NETRAL,LAYAK,Mineral,41822.30,2.1060,14540.90,0.7322,0.6772,2095,1.6883,2.82,29.06
Le Minerale,8.35,148.0,NETRAL,LAYAK,Mineral,41452.70,2.0873,13727.50,0.6912,0.6386,2095,1.6883,2.82,29.13
Le Minerale,8.35,148.0,NETRAL,LAYAK,Mineral,41196.60,2.0744,13345.30,0.6720,0.6208,2097,1.6899,2.72,29.13
Le Minerale,8.35,148.0,NETRAL,LAYAK,Mineral,41396.60,2.0845,13436.40,0.6766,0.6250,2096,1.6891,2.77,29.13
Le Minerale,8.35,148.0,NETRAL,LAYAK,Mineral,41825.60,2.1061,13340.50,0.6718,0.6206,2095,1.6883,2.82,29.13
Le Minerale,8.35,148.0,NETRAL,LAYAK,Mineral,41958.40,2.1128,11603.90,0.5843,0.5398,2094,1.6875,2.87,29.13
Le Minerale,8.35,148.0,NETRAL,LAYAK,Mineral,41316.60,2.0805,12694.00,0.6392,0.5905,2090,1.6842,3.08,29.13
Le Minerale,8.35,148.0,NETRAL,LAYAK,Mineral,41569.50,2.0932,12389.70,0.6239,0.5763,2094,1.6875,2.87,29.13
Le Minerale,8.35,148.0,NETRAL,LAYAK,Mineral,41745.60,2.1021,12777.10,0.6434,0.5950,2097,1.6899,2.72,29.06
Le Minerale,8.35,148.0,NETRAL,LAYAK,Mineral,41916.80,2.1107,12892.10,0.6492,0.5997,2096,1.6891,2.77,29.13
Le Minerale,8.35,148.0,NETRAL,LAYAK,Mineral,41660.80,2.0978,11837.80,0.5961,0.5507,2116,1.7052,1.74,29.13
Le Minerale,8.35,148.0,NETRAL,LAYAK,Mineral,41531.10,2.0913,13974.10,0.7037,0.6500,2091,1.6851,3.03,29.13
Le Minerale,8.35,148.0,NETRAL,LAYAK,Mineral,41689.50,2.0993,11410.30,0.5746,0.5308,2093,1.6867,2.92,29.13
Le Minerale,8.35,148.0,NETRAL,LAYAK,Mineral,41478.30,2.0886,13404.40,0.6750,0.6235,2094,1.6875,2.87,29.13
Le Minerale,8.35,148.0,NETRAL,LAYAK,Mineral,41679.90,2.0988,12420.20,0.6254,0.5778,2097,1.6899,2.72,29.13
Le Minerale,8.35,148.0,NETRAL,LAYAK,Mineral,41763.10,2.1030,12237.50,0.6162,0.5699,2100,1.6923,2.56,29.06
Le Minerale,8.35,148.0,NETRAL,LAYAK,Mineral,41207.80,2.0750,13978.80,0.7039,0.6503,2100,1.6923,2.56,29.13
Le Minerale,8.35,148.0,NETRAL,LAYAK,Mineral,41404.70,2.0849,11837.70,0.5961,0.5507,2091,1.6851,3.03,29.13
Le Minerale,8.35,148.0,NETRAL,LAYAK,Mineral,41854.40,2.1076,12569.00,0.6329,0.5847,2105,1.6963,2.31,29.13
Le Minerale,8.35,148.0,NETRAL,LAYAK,Mineral,41505.50,2.0900,13670.10,0.6884,0.6366,2094,1.6875,2.87,29.06
Le Minerale,8.35,148.0,NETRAL,LAYAK,Mineral,41591.90,2.0944,11594.50,0.5838,0.5393,2095,1.6883,2.82,29.13
Le Minerale,8.35,148.0,NETRAL,LAYAK,Mineral,41315.00,2.0804,13218.80,0.6656,0.6149,2096,1.6891,2.77,29.13
Le Minerale,8.35,148.0,NETRAL,LAYAK,Mineral,41846.40,2.1072,12887.30,0.6489,0.5995,2093,1.6867,2.92,29.13
Le Minerale,8.35,148.0,NETRAL,LAYAK,Mineral,41644.80,2.0970,12248.70,0.6168,0.5698,2098,1.6907,2.67,29.13
Le Minerale,8.35,148.0,NETRAL,LAYAK,Mineral,41649.50,2.0973,12845.90,0.6469,0.5976,2094,1.6875,2.87,29.13
Le Minerale,8.35,148.0,NETRAL,LAYAK,Mineral,41457.50,2.0876,12735.30,0.6413,0.5924,2096,1.6891,2.77,29.13
Le Minerale,8.35,148.0,NETRAL,LAYAK,Mineral,41481.50,2.0888,12151.30,0.6119,0.5652,2094,1.6875,2.87,29.13
Le Minerale,8.35,148.0,NETRAL,LAYAK,Mineral,41840.00,2.1068,13423.70,0.6759,0.6244,2095,1.6883,2.82,29.13
Le Minerale,8.35,148.0,NETRAL,LAYAK,Mineral,41694.30,2.0995,12127.20,0.6107,0.5641,2106,1.6971,2.26,29.13
Le Minerale,8.35,148.0,NETRAL,LAYAK,Mineral,41694.30,2.0995,12697.00,0.6394,0.5906,2094,1.6875,2.87,29.13
Le Minerale,8.35,148.0,NETRAL,LAYAK,Mineral,41702.40,2.0999,13127.60,0.6610,0.6107,2095,1.6883,2.82,29.13
Le Minerale,8.35,148.0,NETRAL,LAYAK,Mineral,41824.00,2.1060,12079.20,0.6082,0.5619,2097,1.6899,2.72,29.13
Le Minerale,8.35,148.0,NETRAL,LAYAK,Mineral,41223.80,2.0758,13204.40,0.6649,0.6142,2092,1.6859,2.97,29.13
Le Minerale,8.35,148.0,NETRAL,LAYAK,Mineral,41787.20,2.1042,12521.20,0.6305,0.5825,2093,1.6867,2.92,29.13
Le Minerale,8.35,148.0,NETRAL,LAYAK,Mineral,42136.00,2.1217,12053.60,0.6070,0.5613,2091,1.6851,3.03,29.06
Le Minerale,8.35,148.0,NETRAL,LAYAK,Mineral,41836.80,2.1067,13340.30,0.6717,0.6206,2093,1.6867,2.92,29.13
Le Minerale,8.35,148.0,NETRAL,LAYAK,Mineral,41526.30,2.0910,11325.50,0.5703,0.5268,2093,1.6867,2.92,29.13
Le Minerale,8.35,148.0,NETRAL,LAYAK,Mineral,41566.30,2.0931,13695.70,0.6896,0.6371,2093,1.6867,2.92,29.13
Le Minerale,8.35,148.0,NETRAL,LAYAK,Mineral,41579.00,2.0937,12508.20,0.6298,0.5825,2093,1.6867,2.92,29.06
Le Minerale,8.35,148.0,NETRAL,LAYAK,Mineral,41779.20,2.1038,12336.90,0.6212,0.5739,2094,1.6875,2.87,29.13
Le Minerale,8.35,148.0,NETRAL,LAYAK,Mineral,41572.80,2.0934,12967.50,0.6530,0.6032,2095,1.6883,2.82,29.13
Le Minerale,8.35,148.0,NETRAL,LAYAK,Mineral,42195.30,2.1247,12805.80,0.6448,0.5957,2095,1.6883,2.82,29.13
Le Minerale,8.35,148.0,NETRAL,LAYAK,Mineral,41974.40,2.1136,11757.70,0.5921,0.5469,2076,1.6730,3.79,29.13
Le Minerale,8.35,148.0,NETRAL,LAYAK,Mineral,42054.40,2.1176,13852.40,0.6975,0.6444,2093,1.6867,2.92,29.13
Le Minerale,8.35,148.0,NETRAL,LAYAK,Mineral,41873.70,2.1085,11354.30,0.5717,0.5282,2071,1.6689,4.05,29.13
Le Minerale,8.35,148.0,NETRAL,LAYAK,Mineral,41668.70,2.0982,12722.70,0.6406,0.5918,2094,1.6875,2.87,29.13
Le Minerale,8.35,148.0,NETRAL,LAYAK,Mineral,41881.60,2.1089,13092.30,0.6593,0.6090,2116,1.7052,1.74,29.13
Le Minerale,8.35,148.0,NETRAL,LAYAK,Mineral,42288.10,2.1294,11412.00,0.5746,0.5315,2093,1.6867,2.92,29.06
Le Minerale,8.35,148.0,NETRAL,LAYAK,Mineral,42088.00,2.1193,13995.00,0.7047,0.6510,2095,1.6883,2.82,29.13
Le Minerale,8.35,148.0,NETRAL,LAYAK,Mineral,42068.90,2.1184,11291.90,0.5686,0.5259,2093,1.6867,2.92,29.06
Le Minerale,8.35,148.0,NETRAL,LAYAK,Mineral,42068.90,2.1184,13238.00,0.6666,0.6158,2097,1.6899,2.72,29.13
Le Minerale,8.35,148.0,NETRAL,LAYAK,Mineral,42124.90,2.1212,12408.90,0.6248,0.5772,2092,1.6859,2.97,29.13
Le Minerale,8.35,148.0,NETRAL,LAYAK,Mineral,42084.90,2.1192,12036.10,0.6061,0.5605,2092,1.6859,2.97,29.06
Le Minerale,8.35,148.0,NETRAL,LAYAK,Mineral,41960.20,2.1129,13159.60,0.6626,0.6129,2093,1.6867,2.92,29.06
Le Minerale,8.35,148.0,NETRAL,LAYAK,Mineral,41790.20,2.1043,12002.50,0.6044,0.5583,2097,1.6899,2.72,29.13
Le Minerale,8.35,148.0,NETRAL,LAYAK,Mineral,41867.20,2.1082,12948.40,0.6520,0.6023,2090,1.6842,3.08,29.13
Le Minerale,8.35,148.0,NETRAL,LAYAK,Mineral,42036.90,2.1168,12740.40,0.6415,0.5933,2094,1.6875,2.87,29.06
Le Minerale,8.35,148.0,NETRAL,LAYAK,Mineral,41734.40,2.1015,12181.70,0.6134,0.5673,2117,1.7060,1.69,29.06
Cleo,8.02,6.0,NETRAL,LAYAK,Mineral,44578.20,2.2447,12490.70,0.6290,0.6055,2108,1.6988,2.15,26.94
Cleo,8.02,6.0,NETRAL,LAYAK,Mineral,44447.00,2.2381,12370.50,0.6229,0.5997,2103,1.6947,2.41,26.94
Cleo,8.02,6.0,NETRAL,LAYAK,Mineral,44528.70,2.2422,12594.40,0.6342,0.6105,2105,1.6963,2.31,26.94
Cleo,8.02,6.0,NETRAL,LAYAK,Mineral,44629.40,2.2473,11591.20,0.5837,0.5619,2107,1.6979,2.21,26.94
Cleo,8.02,6.0,NETRAL,LAYAK,Mineral,44688.60,2.2503,12978.60,0.6535,0.6292,2107,1.6979,2.21,26.94
Cleo,8.02,6.0,NETRAL,LAYAK,Mineral,44751.00,2.2534,11701.60,0.5892,0.5666,2109,1.6996,2.10,27.00
Cleo,8.02,6.0,NETRAL,LAYAK,Mineral,44701.60,2.2509,12292.10,0.6190,0.5952,2106,1.6971,2.26,27.00
Cleo,8.02,6.0,NETRAL,LAYAK,Mineral,44776.90,2.2547,12226.50,0.6157,0.5927,2116,1.7052,1.74,26.94
Cleo,8.02,6.0,NETRAL,LAYAK,Mineral,44956.10,2.2638,11928.90,0.6007,0.5776,2106,1.6971,2.26,27.00
Cleo,8.02,6.0,NETRAL,LAYAK,Mineral,44661.50,2.2489,12480.90,0.6285,0.6043,2110,1.7004,2.05,27.00
Cleo,8.02,6.0,NETRAL,LAYAK,Mineral,45020.00,2.2670,12121.00,0.6104,0.5876,2106,1.6971,2.26,26.94
Cleo,8.02,6.0,NETRAL,LAYAK,Mineral,44967.10,2.2643,12370.50,0.6229,0.5997,2111,1.7012,2.00,26.94
Cleo,8.02,6.0,NETRAL,LAYAK,Mineral,44880.90,2.2600,12412.30,0.6250,0.6010,2108,1.6988,2.15,27.00
Cleo,8.02,6.0,NETRAL,LAYAK,Mineral,44983.30,2.2651,11924.10,0.6004,0.5780,2121,1.7092,1.49,26.94
Cleo,8.02,6.0,NETRAL,LAYAK,Mineral,44960.80,2.2640,12477.90,0.6283,0.6049,2112,1.7020,1.95,26.94
Cleo,8.02,6.0,NETRAL,LAYAK,Mineral,45378.70,2.2850,12786.70,0.6439,0.6199,2107,1.6979,2.21,26.94
Cleo,8.02,6.0,NETRAL,LAYAK,Mineral,45129.00,2.2725,11063.00,0.5571,0.5363,2106,1.6971,2.26,26.94
Cleo,8.02,6.0,NETRAL,LAYAK,Mineral,44964.10,2.2642,12088.80,0.6087,0.5860,2107,1.6979,2.21,26.94
Cleo,8.02,6.0,NETRAL,LAYAK,Mineral,45265.10,2.2793,11805.70,0.5945,0.5723,2121,1.7092,1.49,26.94
Cleo,8.02,6.0,NETRAL,LAYAK,Mineral,45386.70,2.2854,13354.90,0.6725,0.6474,2116,1.7052,1.74,26.94
Cleo,8.02,6.0,NETRAL,LAYAK,Mineral,45402.70,2.2862,11387.90,0.5734,0.5520,2104,1.6955,2.36,26.94
Cleo,8.02,6.0,NETRAL,LAYAK,Mineral,45370.70,2.2846,12250.50,0.6169,0.5931,2120,1.7084,1.54,27.00
Cleo,8.02,6.0,NETRAL,LAYAK,Mineral,45431.50,2.2877,13473.30,0.6784,0.6531,2109,1.6996,2.10,26.94
Cleo,8.02,6.0,NETRAL,LAYAK,Mineral,45482.80,2.2903,11560.80,0.5821,0.5604,2106,1.6971,2.26,26.94
Cleo,8.02,6.0,NETRAL,LAYAK,Mineral,45324.20,2.2823,12564.30,0.6327,0.6091,2122,1.7100,1.44,26.94
Cleo,8.02,6.0,NETRAL,LAYAK,Mineral,45545.10,2.2934,12786.70,0.6439,0.6199,2115,1.7044,1.79,26.94
Cleo,8.02,6.0,NETRAL,LAYAK,Mineral,45466.70,2.2895,11064.50,0.5572,0.5364,2107,1.6979,2.21,26.94
Cleo,8.02,6.0,NETRAL,LAYAK,Mineral,45593.20,2.2958,13439.60,0.6767,0.6515,2105,1.6963,2.31,26.94
Cleo,8.02,6.0,NETRAL,LAYAK,Mineral,45545.20,2.2934,11594.30,0.5838,0.5620,2106,1.6971,2.26,26.94
Cleo,8.02,6.0,NETRAL,LAYAK,Mineral,45647.40,2.2986,13703.70,0.6900,0.6643,2120,1.7084,1.54,26.94
Cleo,8.02,6.0,NETRAL,LAYAK,Mineral,45559.60,2.2941,10946.00,0.5512,0.5300,2107,1.6979,2.21,27.00
Cleo,8.02,6.0,NETRAL,LAYAK,Mineral,45594.80,2.2959,13050.60,0.6572,0.6326,2108,1.6988,2.15,26.94
Cleo,8.02,6.0,NETRAL,LAYAK,Mineral,45716.50,2.3020,12194.50,0.6141,0.5911,2117,1.7060,1.69,26.94
Cleo,8.02,6.0,NETRAL,LAYAK,Mineral,45671.60,2.2998,12023.30,0.6054,0.5828,2114,1.7036,1.85,26.94
Cleo,8.02,6.0,NETRAL,LAYAK,Mineral,45378.50,2.2850,12618.50,0.6354,0.6117,2105,1.6963,2.31,26.94
Cleo,8.02,6.0,NETRAL,LAYAK,Mineral,45655.70,2.2990,11969.00,0.6027,0.5802,2112,1.7020,1.95,26.94
Cleo,8.02,6.0,NETRAL,LAYAK,Mineral,45674.90,2.2999,12415.20,0.6252,0.6011,2111,1.7012,2.00,27.00
Cleo,8.02,6.0,NETRAL,LAYAK,Mineral,45759.70,2.3042,13321.30,0.6708,0.6458,2109,1.6996,2.10,26.94
Cleo,8.02,6.0,NETRAL,LAYAK,Mineral,45718.10,2.3021,11797.50,0.5941,0.5719,2109,1.6996,2.10,26.94
Cleo,8.02,6.0,NETRAL,LAYAK,Mineral,45732.50,2.3028,12349.70,0.6219,0.5987,2108,1.6988,2.15,26.94
Cleo,8.02,6.0,NETRAL,LAYAK,Mineral,46030.20,2.3178,12863.50,0.6477,0.6236,2105,1.6963,2.31,26.94
Cleo,8.02,6.0,NETRAL,LAYAK,Mineral,45623.60,2.2974,11395.90,0.5738,0.5524,2114,1.7036,1.85,26.94
Cleo,8.02,6.0,NETRAL,LAYAK,Mineral,45758.20,2.3041,13586.90,0.6842,0.6586,2104,1.6955,2.36,26.94
Cleo,8.02,6.0,NETRAL,LAYAK,Mineral,45876.60,2.3101,11808.70,0.5946,0.5724,2118,1.7068,1.64,26.94
Cleo,8.02,6.0,NETRAL,LAYAK,Mineral,46006.20,2.3166,12504.80,0.6297,0.6062,2117,1.7060,1.69,26.94
Cleo,8.02,6.0,NETRAL,LAYAK,Mineral,45663.80,2.2994,12436.30,0.6262,0.6021,2109,1.6996,2.10,27.00
Cleo,8.02,6.0,NETRAL,LAYAK,Mineral,45822.20,2.3074,11917.70,0.6001,0.5777,2106,1.6971,2.26,26.94
Cleo,8.02,6.0,NETRAL,LAYAK,Mineral,45822.00,2.3074,12780.30,0.6435,0.6188,2115,1.7044,1.79,27.00
Cleo,8.02,6.0,NETRAL,LAYAK,Mineral,45987.00,2.3157,12770.70,0.6431,0.6191,2107,1.6979,2.21,26.94
Cleo,8.02,6.0,NETRAL,LAYAK,Mineral,45993.40,2.3160,11748.00,0.5916,0.5695,2112,1.7020,1.95,26.94
Cleo,8.02,6.0,NETRAL,LAYAK,Mineral,45841.20,2.3083,12308.10,0.6198,0.5967,2113,1.7028,1.90,26.94
Cleo,8.02,6.0,NETRAL,LAYAK,Mineral,45979.00,2.3153,12500.00,0.6294,0.6060,2106,1.6971,2.26,26.94
Cleo,8.02,6.0,NETRAL,LAYAK,Mineral,45924.50,2.3125,11005.30,0.5542,0.5335,2109,1.6996,2.10,26.94
Cleo,8.02,6.0,NETRAL,LAYAK,Mineral,45975.80,2.3151,13882.80,0.6991,0.6730,2117,1.7060,1.69,26.94
Cleo,8.02,6.0,NETRAL,LAYAK,Mineral,45931.00,2.3128,11095.10,0.5587,0.5372,2106,1.6971,2.26,27.00
Cleo,8.02,6.0,NETRAL,LAYAK,Mineral,46167.80,2.3248,13033.20,0.6563,0.6318,2141,1.7253,0.46,26.94
Cleo,8.02,6.0,NETRAL,LAYAK,Mineral,46263.80,2.3296,12080.80,0.6083,0.5856,2109,1.6996,2.10,26.94
Cleo,8.02,6.0,NETRAL,LAYAK,Mineral,46055.80,2.3191,11722.40,0.5903,0.5676,2112,1.7020,1.95,27.00
Cleo,8.02,6.0,NETRAL,LAYAK,Mineral,46065.40,2.3196,12325.70,0.6207,0.5975,2107,1.6979,2.21,26.94
Cleo,8.02,6.0,NETRAL,LAYAK,Mineral,46177.40,2.3253,11103.00,0.5591,0.5382,2110,1.7004,2.05,26.94
Cleo,8.02,6.0,NETRAL,LAYAK,Mineral,46100.60,2.3214,12761.10,0.6426,0.6186,2117,1.7060,1.69,26.94
Cleo,8.02,6.0,NETRAL,LAYAK,Mineral,46153.40,2.3240,12775.50,0.6433,0.6186,2106,1.6971,2.26,27.00
Cleo,8.02,6.0,NETRAL,LAYAK,Mineral,46084.60,2.3206,11026.10,0.5552,0.5345,2114,1.7036,1.85,26.94
Cleo,8.02,6.0,NETRAL,LAYAK,Mineral,46164.60,2.3246,13676.30,0.6887,0.6630,2108,1.6988,2.15,26.94
Cleo,8.02,6.0,NETRAL,LAYAK,Mineral,46351.80,2.3340,11106.30,0.5593,0.5384,2109,1.6996,2.10,26.94
Cleo,8.02,6.0,NETRAL,LAYAK,Mineral,46119.80,2.3224,12783.50,0.6437,0.6197,2106,1.6971,2.26,26.94
Cleo,8.02,6.0,NETRAL,LAYAK,Mineral,46123.00,2.3225,12284.10,0.6186,0.5955,2121,1.7092,1.49,26.94
Cleo,8.02,6.0,NETRAL,LAYAK,Mineral,46484.60,2.3407,11866.30,0.5975,0.5752,2110,1.7004,2.05,26.94
Cleo,8.02,6.0,NETRAL,LAYAK,Mineral,46187.00,2.3257,12943.50,0.6518,0.6275,2106,1.6971,2.26,26.94
Cleo,8.02,6.0,NETRAL,LAYAK,Mineral,46489.40,2.3410,11706.30,0.5895,0.5675,2104,1.6955,2.36,26.94
Cleo,8.02,6.0,NETRAL,LAYAK,Mineral,46161.40,2.3244,12373.80,0.6231,0.5998,2110,1.7004,2.05,26.94
Cleo,8.02,6.0,NETRAL,LAYAK,Mineral,46348.60,2.3339,12653.80,0.6372,0.6134,2094,1.6875,2.87,26.94
Cleo,8.02,6.0,NETRAL,LAYAK,Mineral,46174.20,2.3251,11063.00,0.5571,0.5363,2101,1.6931,2.51,26.94
Cleo,8.02,6.0,NETRAL,LAYAK,Mineral,46308.60,2.3319,13769.40,0.6934,0.6675,2108,1.6988,2.15,26.94
Cleo,8.02,6.0,NETRAL,LAYAK,Mineral,46342.20,2.3336,11170.20,0.5625,0.5415,2114,1.7036,1.85,26.94
Cleo,8.02,6.0,NETRAL,LAYAK,Mineral,46449.40,2.3389,12991.60,0.6542,0.6298,2107,1.6979,2.21,26.94
Cleo,8.02,6.0,NETRAL,LAYAK,Mineral,46139.00,2.3233,12156.00,0.6121,0.5886,2114,1.7036,1.85,27.00
Cleo,8.02,6.0,NETRAL,LAYAK,Mineral,46575.80,2.3453,11936.70,0.6011,0.5786,2109,1.6996,2.10,26.94
Cleo,8.02,6.0,NETRAL,LAYAK,Mineral,46382.20,2.3356,12836.30,0.6464,0.6223,2110,1.7004,2.05,26.94
Cleo,8.02,6.0,NETRAL,LAYAK,Mineral,46571.00,2.3451,12024.90,0.6055,0.5829,2119,1.7076,1.59,26.94
Cleo,8.02,6.0,NETRAL,LAYAK,Mineral,46052.60,2.3190,12785.10,0.6438,0.6198,2112,1.7020,1.95,26.94
Cleo,8.02,6.0,NETRAL,LAYAK,Mineral,46444.60,2.3387,12865.10,0.6478,0.6237,2112,1.7020,1.95,26.94
Cleo,8.02,6.0,NETRAL,LAYAK,Mineral,46195.00,2.3261,11062.90,0.5571,0.5356,2114,1.7036,1.85,27.00
Cleo,8.02,6.0,NETRAL,LAYAK,Mineral,46545.40,2.3438,13649.10,0.6873,0.6617,2109,1.6996,2.10,26.94
Cleo,8.02,6.0,NETRAL,LAYAK,Mineral,46260.60,2.3294,11055.00,0.5567,0.5353,2107,1.6979,2.21,27.00
Cleo,8.02,6.0,NETRAL,LAYAK,Mineral,46303.80,2.3316,12889.20,0.6490,0.6248,2109,1.6996,2.10,26.94
Cleo,8.02,6.0,NETRAL,LAYAK,Mineral,46694.20,2.3513,12759.30,0.6425,0.6178,2112,1.7020,1.95,27.00
Cleo,8.02,6.0,NETRAL,LAYAK,Mineral,46441.40,2.3385,11219.90,0.5650,0.5439,2123,1.7108,1.38,26.94
Cleo,8.02,6.0,NETRAL,LAYAK,Mineral,46436.60,2.3383,13415.60,0.6755,0.6503,2109,1.6996,2.10,26.94
Cleo,8.02,6.0,NETRAL,LAYAK,Mineral,46483.00,2.3406,11543.10,0.5813,0.5589,2116,1.7052,1.74,27.00
Cleo,8.02,6.0,NETRAL,LAYAK,Mineral,46593.40,2.3462,12897.20,0.6494,0.6245,2111,1.7012,2.00,27.00
Cleo,8.02,6.0,NETRAL,LAYAK,Mineral,46582.20,2.3456,13764.60,0.6931,0.6673,2126,1.7133,1.23,26.94
Cleo,8.02,6.0,NETRAL,LAYAK,Mineral,46633.40,2.3482,11075.80,0.5577,0.5369,2107,1.6979,2.21,26.94
Cleo,8.02,6.0,NETRAL,LAYAK,Mineral,46407.80,2.3369,12826.70,0.6459,0.6210,2107,1.6979,2.21,27.00
Cleo,8.02,6.0,NETRAL,LAYAK,Mineral,46567.80,2.3449,12754.60,0.6423,0.6176,2107,1.6979,2.21,27.00
Cleo,8.02,6.0,NETRAL,LAYAK,Mineral,46564.60,2.3447,11066.30,0.5572,0.5358,2110,1.7004,2.05,27.00
Cleo,8.02,6.0,NETRAL,LAYAK,Mineral,46518.20,2.3424,13745.40,0.6921,0.6655,2109,1.6996,2.10,27.00
Cleo,8.02,6.0,NETRAL,LAYAK,Mineral,46451.00,2.3390,11322.30,0.5701,0.5489,2116,1.7052,1.74,26.94
Cleo,8.02,6.0,NETRAL,LAYAK,Mineral,46783.80,2.3558,12961.20,0.6527,0.6276,2115,1.7044,1.79,27.00
Cleo,8.02,6.0,NETRAL,LAYAK,Mineral,46809.40,2.3571,12023.20,0.6054,0.5821,2106,1.6971,2.26,27.00
Cleo,8.02,6.0,NETRAL,LAYAK,Mineral,46446.20,2.3388,11690.50,0.5887,0.5660,2122,1.7100,1.44,27.00
Cleo,8.02,6.0,NETRAL,LAYAK,Mineral,46415.80,2.3373,12682.70,0.6386,0.6148,2106,1.6971,2.26,26.94
Cleo,8.02,6.0,NETRAL,LAYAK,Mineral,46767.80,2.3550,11959.30,0.6022,0.5790,2110,1.7004,2.05,27.00
Cleo,8.02,6.0,NETRAL,LAYAK,Mineral,46527.80,2.3429,12448.90,0.6269,0.6035,2108,1.6988,2.15,26.94
Cleo,8.02,6.0,NETRAL,LAYAK,Mineral,46766.20,2.3549,12242.60,0.6165,0.5928,2109,1.6996,2.10,27.00
Cleo,8.02,6.0,NETRAL,LAYAK,Mineral,46660.60,2.3496,12220.20,0.6153,0.5917,2114,1.7036,1.85,27.00
Cleo,8.02,6.0,NETRAL,LAYAK,Mineral,46585.40,2.3458,13449.10,0.6772,0.6512,2115,1.7044,1.79,27.00
Cleo,8.02,6.0,NETRAL,LAYAK,Mineral,46695.80,2.3514,11304.80,0.5693,0.5480,2109,1.6996,2.10,26.94
Cleo,8.02,6.0,NETRAL,LAYAK,Mineral,46619.00,2.3475,12818.70,0.6455,0.6214,2123,1.7108,1.38,26.94
Cleo,8.02,6.0,NETRAL,LAYAK,Mineral,46655.80,2.3493,12781.80,0.6436,0.6196,2120,1.7084,1.54,26.94
Cleo,8.02,6.0,NETRAL,LAYAK,Mineral,46678.20,2.3505,11144.70,0.5612,0.5403,2107,1.6979,2.21,26.94
Cleo,8.02,6.0,NETRAL,LAYAK,Mineral,46806.20,2.3569,13766.20,0.6932,0.6665,2113,1.7028,1.90,27.00
Cleo,8.02,6.0,NETRAL,LAYAK,Mineral,46588.60,2.3460,11837.50,0.5961,0.5731,2112,1.7020,1.95,27.00
Cleo,8.02,6.0,NETRAL,LAYAK,Mineral,46716.60,2.3524,12388.10,0.6238,0.5998,2115,1.7044,1.79,27.00
Cleo,8.02,6.0,NETRAL,LAYAK,Mineral,46646.20,2.3489,12823.50,0.6457,0.6209,2108,1.6988,2.15,27.00
Cleo,8.02,6.0,NETRAL,LAYAK,Mineral,47142.20,2.3738,11047.00,0.5563,0.5355,2114,1.7036,1.85,26.94
Cleo,8.02,6.0,NETRAL,LAYAK,Mineral,46556.60,2.3443,13787.00,0.6942,0.6675,2119,1.7076,1.59,27.00
Cleo,8.02,6.0,NETRAL,LAYAK,Mineral,46983.80,2.3659,10925.20,0.5501,0.5290,2107,1.6979,2.21,27.00
Cleo,8.02,6.0,NETRAL,LAYAK,Mineral,46823.80,2.3578,12857.20,0.6474,0.6225,2107,1.6979,2.21,27.00
Cleo,8.02,6.0,NETRAL,LAYAK,Mineral,46902.20,2.3617,12194.40,0.6140,0.5904,2118,1.7068,1.64,27.00
Cleo,8.02,6.0,NETRAL,LAYAK,Mineral,46913.40,2.3623,11922.50,0.6004,0.5773,2108,1.6988,2.15,27.00
Cleo,8.02,6.0,NETRAL,LAYAK,Mineral,46852.60,2.3593,12544.90,0.6317,0.6074,2114,1.7036,1.85,27.00
Cleo,8.02,6.0,NETRAL,LAYAK,Mineral,46956.60,2.3645,10936.40,0.5507,0.5295,2109,1.6996,2.10,27.00
Cleo,8.02,6.0,NETRAL,LAYAK,Mineral,46883.00,2.3608,13023.50,0.6558,0.6313,2125,1.7125,1.28,26.94
Cleo,8.02,6.0,NETRAL,LAYAK,Mineral,46817.40,2.3575,12084.00,0.6085,0.5851,2105,1.6963,2.31,27.00
Cleo,8.02,6.0,NETRAL,LAYAK,Mineral,46839.80,2.3586,11887.10,0.5986,0.5756,2141,1.7253,0.46,27.00
Cleo,8.02,6.0,NETRAL,LAYAK,Mineral,46963.00,2.3648,12825.10,0.6458,0.6210,2116,1.7052,1.74,27.00
Cleo,8.02,6.0,NETRAL,LAYAK,Mineral,46969.40,2.3651,11964.00,0.6024,0.5793,2109,1.6996,2.10,27.00
Cleo,8.02,6.0,NETRAL,LAYAK,Mineral,47142.20,2.3738,12461.70,0.6275,0.6034,2108,1.6988,2.15,27.00
Cleo,8.02,6.0,NETRAL,LAYAK,Mineral,46939.00,2.3636,12585.10,0.6337,0.6093,2112,1.7020,1.95,27.00
Cleo,8.02,6.0,NETRAL,LAYAK,Mineral,47006.20,2.3670,11872.90,0.5979,0.5749,2108,1.6988,2.15,27.00
Cleo,8.02,6.0,NETRAL,LAYAK,Mineral,46915.00,2.3624,12324.10,0.6206,0.5967,2113,1.7028,1.90,27.00
Cleo,8.02,6.0,NETRAL,LAYAK,Mineral,47243.00,2.3789,12714.70,0.6402,0.6156,2115,1.7044,1.79,27.00
Cleo,8.02,6.0,NETRAL,LAYAK,Mineral,47009.40,2.3671,11677.70,0.5880,0.5654,2116,1.7052,1.74,27.00
Cleo,8.02,6.0,NETRAL,LAYAK,Mineral,47068.60,2.3701,13633.00,0.6865,0.6601,2109,1.6996,2.10,27.00
Cleo,8.02,6.0,NETRAL,LAYAK,Mineral,47398.20,2.3867,11243.90,0.5662,0.5451,2120,1.7084,1.54,26.94
Cleo,8.02,6.0,NETRAL,LAYAK,Mineral,47038.20,2.3686,12967.60,0.6530,0.6286,2114,1.7036,1.85,26.94
Cleo,8.02,6.0,NETRAL,LAYAK,Mineral,47126.20,2.3730,12125.60,0.6106,0.5871,2112,1.7020,1.95,27.00
Cleo,8.02,6.0,NETRAL,LAYAK,Mineral,47260.60,2.3798,12201.00,0.6144,0.5907,2110,1.7004,2.05,27.00
Cleo,8.02,6.0,NETRAL,LAYAK,Mineral,47459.00,2.3898,12389.70,0.6239,0.5999,2140,1.7245,0.51,27.00
Cleo,8.02,6.0,NETRAL,LAYAK,Mineral,47174.20,2.3754,12922.70,0.6507,0.6257,2110,1.7004,2.05,27.00
Cleo,8.02,6.0,NETRAL,LAYAK,Mineral,47151.80,2.3743,11109.40,0.5594,0.5379,2109,1.6996,2.10,27.00
Cleo,8.02,6.0,NETRAL,LAYAK,Mineral,47422.20,2.3879,13551.50,0.6824,0.6561,2116,1.7052,1.74,27.00
Cleo,8.02,6.0,NETRAL,LAYAK,Mineral,47379.00,2.3858,11066.50,0.5573,0.5358,2110,1.7004,2.05,27.00
Cleo,8.02,6.0,NETRAL,LAYAK,Mineral,47345.40,2.3841,13383.70,0.6739,0.6480,2110,1.7004,2.05,27.00
Cleo,8.02,6.0,NETRAL,LAYAK,Mineral,47475.00,2.3906,11371.90,0.5726,0.5506,2122,1.7100,1.44,27.00
Cleo,8.02,6.0,NETRAL,LAYAK,Mineral,47166.20,2.3750,12817.20,0.6454,0.6206,2112,1.7020,1.95,27.00
Cleo,8.02,6.0,NETRAL,LAYAK,Mineral,47239.80,2.3787,12066.40,0.6076,0.5842,2109,1.6996,2.10,27.00
Cleo,8.02,6.0,NETRAL,LAYAK,Mineral,47465.40,2.3901,11931.90,0.6008,0.5777,2111,1.7012,2.00,27.00
Cleo,8.02,6.0,NETRAL,LAYAK,Mineral,47151.80,2.3743,12439.30,0.6264,0.6023,2115,1.7044,1.79,27.00
Cleo,8.02,6.0,NETRAL,LAYAK,Mineral,47340.60,2.3838,11861.50,0.5973,0.5743,2112,1.7020,1.95,27.00
Cleo,8.02,6.0,NETRAL,LAYAK,Mineral,47319.80,2.3828,12604.20,0.6347,0.6103,2114,1.7036,1.85,27.00
Cleo,8.02,6.0,NETRAL,LAYAK,Mineral,47284.60,2.3810,12293.60,0.6190,0.5952,2107,1.6979,2.21,27.00
Cleo,8.02,6.0,NETRAL,LAYAK,Mineral,47551.80,2.3945,11970.50,0.6028,0.5796,2111,1.7012,2.00,27.00
Cleo,8.02,6.0,NETRAL,LAYAK,Mineral,47385.40,2.3861,13671.50,0.6884,0.6619,2113,1.7028,1.90,27.00
Cleo,8.02,6.0,NETRAL,LAYAK,Mineral,47499.00,2.3918,11220.00,0.5650,0.5433,2109,1.6996,2.10,27.00
Cleo,8.02,6.0,NETRAL,LAYAK,Mineral,47505.40,2.3921,12914.60,0.6503,0.6253,2113,1.7028,1.90,27.00
Cleo,8.02,6.0,NETRAL,LAYAK,Mineral,47343.80,2.3840,12052.10,0.6069,0.5835,2109,1.6996,2.10,27.00
Cleo,8.02,6.0,NETRAL,LAYAK,Mineral,47377.40,2.3857,11628.00,0.5855,0.5630,2094,1.6875,2.87,27.00
Cleo,8.02,6.0,NETRAL,LAYAK,Mineral,47393.40,2.3865,13197.90,0.6646,0.6390,2107,1.6979,2.21,27.00
Cleo,8.02,6.0,NETRAL,LAYAK,Mineral,47422.20,2.3879,12378.40,0.6233,0.5993,2141,1.7253,0.46,27.00
Cleo,8.02,6.0,NETRAL,LAYAK,Mineral,47479.80,2.3908,11615.30,0.5849,0.5624,2113,1.7028,1.90,27.00
Cleo,8.02,6.0,NETRAL,LAYAK,Mineral,47363.00,2.3850,12946.60,0.6519,0.6268,2109,1.6996,2.10,27.00
Cleo,8.02,6.0,NETRAL,LAYAK,Mineral,47537.40,2.3937,11671.10,0.5877,0.5651,2111,1.7012,2.00,27.00
Cleo,8.02,6.0,NETRAL,LAYAK,Mineral,47228.60,2.3782,12381.90,0.6235,0.5995,2107,1.6979,2.21,27.00
Cleo,8.02,6.0,NETRAL,LAYAK,Mineral,47651.00,2.3995,11653.50,0.5868,0.5642,2122,1.7100,1.44,27.00
Cleo,8.02,6.0,NETRAL,LAYAK,Mineral,47329.40,2.3833,11738.50,0.5911,0.5684,2113,1.7028,1.90,27.00
Cleo,8.02,6.0,NETRAL,LAYAK,Mineral,47140.60,2.3738,12781.80,0.6436,0.6189,2120,1.7084,1.54,27.00
Cleo,8.02,6.0,NETRAL,LAYAK,Mineral,47567.80,2.3953,11404.00,0.5742,0.5522,2111,1.7012,2.00,27.00
Cleo,8.02,6.0,NETRAL,LAYAK,Mineral,47223.80,2.3779,12727.20,0.6409,0.6155,2109,1.6996,2.10,27.06
Cleo,8.02,6.0,NETRAL,LAYAK,Mineral,47404.60,2.3870,12602.50,0.6346,0.6102,2107,1.6979,2.21,27.00
Cleo,8.02,6.0,NETRAL,LAYAK,Mineral,47398.20,2.3867,11301.50,0.5691,0.5472,2117,1.7060,1.69,27.00
Cleo,8.02,6.0,NETRAL,LAYAK,Mineral,47420.60,2.3879,13513.30,0.6805,0.6543,2113,1.7028,1.90,27.00
Cleo,8.02,6.0,NETRAL,LAYAK,Mineral,47447.80,2.3892,10958.80,0.5518,0.5306,2100,1.6923,2.56,27.00
Cleo,8.02,6.0,NETRAL,LAYAK,Mineral,47484.60,2.3911,12791.60,0.6441,0.6193,2110,1.7004,2.05,27.00
Cleo,8.02,6.0,NETRAL,LAYAK,Mineral,47467.00,2.3902,13602.70,0.6850,0.6586,2109,1.6996,2.10,27.00
Cleo,8.02,6.0,NETRAL,LAYAK,Mineral,47468.60,2.3903,10891.90,0.5485,0.5274,2131,1.7173,0.97,27.00
Cleo,8.02,6.0,NETRAL,LAYAK,Mineral,47683.00,2.4011,12892.20,0.6492,0.6242,2110,1.7004,2.05,27.00
Cleo,8.02,6.0,NETRAL,LAYAK,Mineral,47486.20,2.3912,11951.10,0.6018,0.5786,2107,1.6979,2.21,27.00
Cleo,8.02,6.0,NETRAL,LAYAK,Mineral,47599.80,2.3969,11787.90,0.5936,0.5707,2107,1.6979,2.21,27.00
Cleo,8.02,6.0,NETRAL,LAYAK,Mineral,47447.80,2.3892,12314.50,0.6201,0.5962,2114,1.7036,1.85,27.00
Cleo,8.02,6.0,NETRAL,LAYAK,Mineral,47563.00,2.3950,12200.80,0.6144,0.5907,2093,1.6867,2.92,27.00
Cleo,8.02,6.0,NETRAL,LAYAK,Mineral,47678.20,2.4008,11567.20,0.5825,0.5601,2112,1.7020,1.95,27.00
Cleo,8.02,6.0,NETRAL,LAYAK,Mineral,47622.20,2.3980,13018.50,0.6555,0.6303,2109,1.6996,2.10,27.00
Cleo,8.02,6.0,NETRAL,LAYAK,Mineral,47534.20,2.3936,11475.90,0.5779,0.5556,2124,1.7116,1.33,27.00
Cleo,8.02,6.0,NETRAL,LAYAK,Mineral,47542.20,2.3940,12852.20,0.6472,0.6223,2108,1.6988,2.15,27.00
Cleo,8.02,6.0,NETRAL,LAYAK,Mineral,47635.00,2.3986,11912.80,0.5999,0.5768,2116,1.7052,1.74,27.00
Cleo,8.02,6.0,NETRAL,LAYAK,Mineral,47542.20,2.3940,12517.70,0.6303,0.6054,2112,1.7020,1.95,27.06
Cleo,8.02,6.0,NETRAL,LAYAK,Mineral,47167.80,2.3751,12274.60,0.6181,0.5943,2139,1.7237,0.56,27.00
Cleo,8.02,6.0,NETRAL,LAYAK,Mineral,47743.80,2.4041,11927.30,0.6006,0.5775,2110,1.7004,2.05,27.00
Cleo,8.02,6.0,NETRAL,LAYAK,Mineral,47572.60,2.3955,12327.40,0.6207,0.5969,2112,1.7020,1.95,27.00
Cleo,8.02,6.0,NETRAL,LAYAK,Mineral,47721.40,2.4030,12420.00,0.6254,0.6014,2140,1.7245,0.51,27.00
Cleo,8.02,6.0,NETRAL,LAYAK,Mineral,47646.20,2.3992,11572.10,0.5827,0.5603,2106,1.6971,2.26,27.00
Cleo,8.02,6.0,NETRAL,LAYAK,Mineral,47591.80,2.3965,13289.00,0.6692,0.6434,2111,1.7012,2.00,27.00
Cleo,8.02,6.0,NETRAL,LAYAK,Mineral,47495.80,2.3916,10845.50,0.5461,0.5251,2109,1.6996,2.10,27.00
Cleo,8.02,6.0,NETRAL,LAYAK,Mineral,47486.20,2.3912,12964.30,0.6528,0.6277,2110,1.7004,2.05,27.00
Cleo,8.02,6.0,NETRAL,LAYAK,Mineral,47523.00,2.3930,11935.10,0.6010,0.5779,2109,1.6996,2.10,27.00
Cleo,8.02,6.0,NETRAL,LAYAK,Mineral,47422.20,2.3879,11493.60,0.5788,0.5565,2126,1.7133,1.23,27.00
Cleo,8.02,6.0,NETRAL,LAYAK,Mineral,47759.80,2.4049,13932.40,0.7016,0.6738,2124,1.7116,1.33,27.06
Cleo,8.02,6.0,NETRAL,LAYAK,Mineral,47516.60,2.3927,10965.50,0.5522,0.5303,2109,1.6996,2.10,27.06
Amidis,7.71,6.0,NETRAL,LAYAK,Mineral,46175.80,2.3252,11826.30,0.5955,0.5546,2311,1.8623,0.00,28.69
Amidis,7.71,6.0,NETRAL,LAYAK,Mineral,46311.80,2.3320,11986.40,0.6036,0.5621,2320,1.8696,0.00,28.69
Amidis,7.71,6.0,NETRAL,LAYAK,Mineral,46347.00,2.3338,11804.10,0.5944,0.5536,2316,1.8664,0.00,28.69
Amidis,7.71,6.0,NETRAL,LAYAK,Mineral,46268.60,2.3298,12493.80,0.6291,0.5859,2312,1.8632,0.00,28.69
Amidis,7.71,6.0,NETRAL,LAYAK,Mineral,46363.00,2.3346,12644.20,0.6367,0.5930,2314,1.8648,0.00,28.69
Amidis,7.71,6.0,NETRAL,LAYAK,Mineral,46380.60,2.3355,11072.50,0.5576,0.5193,2318,1.8680,0.00,28.69
Amidis,7.71,6.0,NETRAL,LAYAK,Mineral,46404.60,2.3367,13647.80,0.6872,0.6400,2322,1.8712,0.00,28.69
Amidis,7.71,6.0,NETRAL,LAYAK,Mineral,46510.20,2.3420,11840.70,0.5962,0.5553,2321,1.8704,0.00,28.69
Amidis,7.71,6.0,NETRAL,LAYAK,Mineral,46534.20,2.3432,13058.90,0.6576,0.6117,2326,1.8744,0.00,28.75
Amidis,7.71,6.0,NETRAL,LAYAK,Mineral,46441.40,2.3385,11610.30,0.5846,0.5438,2312,1.8632,0.00,28.75
Amidis,7.71,6.0,NETRAL,LAYAK,Mineral,46369.40,2.3349,12716.40,0.6403,0.5957,2312,1.8632,0.00,28.75
Amidis,7.71,6.0,NETRAL,LAYAK,Mineral,46561.40,2.3446,11962.50,0.6024,0.5603,2315,1.8656,0.00,28.75
Amidis,7.71,6.0,NETRAL,LAYAK,Mineral,46585.40,2.3458,11816.70,0.5950,0.5535,2315,1.8656,0.00,28.75
Amidis,7.71,6.0,NETRAL,LAYAK,Mineral,46422.20,2.3376,12237.70,0.6162,0.5732,2312,1.8632,0.00,28.75
Amidis,7.71,6.0,NETRAL,LAYAK,Mineral,46507.00,2.3418,12767.40,0.6429,0.5980,2315,1.8656,0.00,28.75
Amidis,7.71,6.0,NETRAL,LAYAK,Mineral,46422.20,2.3376,11206.90,0.5643,0.5249,2311,1.8623,0.00,28.75
Amidis,7.71,6.0,NETRAL,LAYAK,Mineral,46483.00,2.3406,13191.60,0.6643,0.6179,2313,1.8640,0.00,28.75
Amidis,7.71,6.0,NETRAL,LAYAK,Mineral,46676.60,2.3504,11607.10,0.5845,0.5437,2310,1.8615,0.00,28.75
Amidis,7.71,6.0,NETRAL,LAYAK,Mineral,46540.60,2.3435,12919.60,0.6506,0.6052,2314,1.8648,0.00,28.75
Amidis,7.71,6.0,NETRAL,LAYAK,Mineral,46342.20,2.3336,12085.70,0.6086,0.5661,2314,1.8648,0.00,28.75
Amidis,7.71,6.0,NETRAL,LAYAK,Mineral,46657.40,2.3494,11528.70,0.5805,0.5400,2320,1.8696,0.00,28.75
Amidis,7.71,6.0,NETRAL,LAYAK,Mineral,46679.80,2.3506,13474.90,0.6785,0.6312,2309,1.8607,0.00,28.75
Amidis,7.71,6.0,NETRAL,LAYAK,Mineral,46510.20,2.3420,10880.50,0.5479,0.5097,2317,1.8672,0.00,28.75
Amidis,7.71,6.0,NETRAL,LAYAK,Mineral,46555.00,2.3443,13100.40,0.6597,0.6136,2331,1.8785,0.00,28.75
Amidis,7.71,6.0,NETRAL,LAYAK,Mineral,46521.40,2.3426,12090.50,0.6088,0.5663,2310,1.8615,0.00,28.75
Amidis,7.71,6.0,NETRAL,LAYAK,Mineral,46383.80,2.3356,11890.50,0.5987,0.5570,2318,1.8680,0.00,28.75
Amidis,7.71,6.0,NETRAL,LAYAK,Mineral,46447.80,2.3389,13617.30,0.6857,0.6379,2309,1.8607,0.00,28.75
Amidis,7.71,6.0,NETRAL,LAYAK,Mineral,46537.40,2.3434,11282.50,0.5681,0.5285,2325,1.8736,0.00,28.75
Amidis,7.71,6.0,NETRAL,LAYAK,Mineral,46459.00,2.3394,13370.80,0.6733,0.6263,2315,1.8656,0.00,28.75
Amidis,7.71,6.0,NETRAL,LAYAK,Mineral,46700.60,2.3516,12055.20,0.6070,0.5647,2323,1.8720,0.00,28.75
Amidis,7.71,6.0,NETRAL,LAYAK,Mineral,46582.20,2.3456,11991.30,0.6038,0.5617,2316,1.8664,0.00,28.75
Amidis,7.71,6.0,NETRAL,LAYAK,Mineral,46547.00,2.3439,13281.30,0.6688,0.6214,2338,1.8841,0.00,28.81
Amidis,7.71,6.0,NETRAL,LAYAK,Mineral,46667.00,2.3499,11715.90,0.5900,0.5482,2310,1.8615,0.00,28.81
Amidis,7.71,6.0,NETRAL,LAYAK,Mineral,46513.40,2.3422,12798.00,0.6444,0.5995,2311,1.8623,0.00,28.75
Amidis,7.71,6.0,NETRAL,LAYAK,Mineral,46342.20,2.3336,12929.10,0.6510,0.6056,2321,1.8704,0.00,28.75
Amidis,7.71,6.0,NETRAL,LAYAK,Mineral,46756.60,2.3544,11164.10,0.5622,0.5229,2312,1.8632,0.00,28.75
Amidis,7.71,6.0,NETRAL,LAYAK,Mineral,46484.60,2.3407,12868.30,0.6480,0.6021,2314,1.8648,0.00,28.81
Amidis,7.71,6.0,NETRAL,LAYAK,Mineral,46531.00,2.3431,12791.40,0.6441,0.5985,2319,1.8688,0.00,28.81
Amidis,7.71,6.0,NETRAL,LAYAK,Mineral,46478.20,2.3404,13018.80,0.6556,0.6091,2324,1.8728,0.00,28.81
Amidis,7.71,6.0,NETRAL,LAYAK,Mineral,46617.40,2.3474,11954.40,0.6020,0.5593,2313,1.8640,0.00,28.81
Amidis,7.71,6.0,NETRAL,LAYAK,Mineral,46575.80,2.3453,11826.50,0.5955,0.5533,2322,1.8712,0.00,28.81
Amidis,7.71,6.0,NETRAL,LAYAK,Mineral,46617.40,2.3474,13183.70,0.6639,0.6168,2312,1.8632,0.00,28.81
Amidis,7.71,6.0,NETRAL,LAYAK,Mineral,46615.80,2.3473,11567.10,0.5825,0.5412,2315,1.8656,0.00,28.81
Amidis,7.71,6.0,NETRAL,LAYAK,Mineral,46675.00,2.3503,12724.40,0.6407,0.5953,2330,1.8777,0.00,28.81
Amidis,7.71,6.0,NETRAL,LAYAK,Mineral,46654.20,2.3493,11917.50,0.6001,0.5576,2314,1.8648,0.00,28.81
Amidis,7.71,6.0,NETRAL,LAYAK,Mineral,46451.00,2.3390,11890.30,0.5987,0.5563,2314,1.8648,0.00,28.81
Amidis,7.71,6.0,NETRAL,LAYAK,Mineral,46486.20,2.3408,12412.10,0.6250,0.5807,2314,1.8648,0.00,28.81
Amidis,7.71,6.0,NETRAL,LAYAK,Mineral,46548.60,2.3439,12415.20,0.6252,0.5809,2319,1.8688,0.00,28.81
Amidis,7.71,6.0,NETRAL,LAYAK,Mineral,46444.60,2.3387,12818.60,0.6455,0.5997,2311,1.8623,0.00,28.81
Amidis,7.71,6.0,NETRAL,LAYAK,Mineral,46715.00,2.3523,12669.70,0.6380,0.5928,2318,1.8680,0.00,28.81
Amidis,7.71,6.0,NETRAL,LAYAK,Mineral,46393.40,2.3361,11008.60,0.5543,0.5151,2312,1.8632,0.00,28.81
Amidis,7.71,6.0,NETRAL,LAYAK,Mineral,46513.40,2.3422,13506.70,0.6801,0.6319,2312,1.8632,0.00,28.81
Amidis,7.71,6.0,NETRAL,LAYAK,Mineral,46459.00,2.3394,11044.10,0.5561,0.5167,2315,1.8656,0.00,28.81
Amidis,7.71,6.0,NETRAL,LAYAK,Mineral,46305.40,2.3317,12740.20,0.6415,0.5961,2310,1.8615,0.00,28.81
Amidis,7.71,6.0,NETRAL,LAYAK,Mineral,46657.40,2.3494,12652.10,0.6371,0.5920,2317,1.8672,0.00,28.81
Amidis,7.71,6.0,NETRAL,LAYAK,Mineral,46375.80,2.3352,11043.70,0.5561,0.5167,2313,1.8640,0.00,28.81
Amidis,7.71,6.0,NETRAL,LAYAK,Mineral,46476.60,2.3403,13516.30,0.6806,0.6324,2330,1.8777,0.00,28.81
Amidis,7.71,6.0,NETRAL,LAYAK,Mineral,46539.00,2.3435,10903.10,0.5490,0.5101,2329,1.8768,0.00,28.81
Amidis,7.71,6.0,NETRAL,LAYAK,Mineral,46743.80,2.3538,11176.60,0.5628,0.5229,2312,1.8632,0.00,28.81
Amidis,7.71,6.0,NETRAL,LAYAK,Mineral,46638.20,2.3485,13484.30,0.6790,0.6309,2308,1.8599,0.00,28.81
Amidis,7.71,6.0,NETRAL,LAYAK,Mineral,46646.20,2.3489,10883.90,0.5481,0.5092,2309,1.8607,0.00,28.81
Amidis,7.71,6.0,NETRAL,LAYAK,Mineral,46443.00,2.3386,12665.00,0.6377,0.5919,2313,1.8640,0.00,28.88
Amidis,7.71,6.0,NETRAL,LAYAK,Mineral,46459.00,2.3394,12077.70,0.6082,0.5651,2310,1.8615,0.00,28.81
Amidis,7.71,6.0,NETRAL,LAYAK,Mineral,46267.00,2.3298,11397.50,0.5739,0.5333,2314,1.8648,0.00,28.81
Amidis,7.71,6.0,NETRAL,LAYAK,Mineral,46750.20,2.3541,13514.90,0.6805,0.6323,2309,1.8607,0.00,28.81
Amidis,7.71,6.0,NETRAL,LAYAK,Mineral,46715.00,2.3523,10943.00,0.5510,0.5114,2315,1.8656,0.00,28.88
Amidis,7.71,6.0,NETRAL,LAYAK,Mineral,46510.20,2.3420,12922.60,0.6507,0.6046,2312,1.8632,0.00,28.81
Amidis,7.71,6.0,NETRAL,LAYAK,Mineral,46801.40,2.3567,12348.10,0.6218,0.5777,2323,1.8720,0.00,28.81
Amidis,7.71,6.0,NETRAL,LAYAK,Mineral,46492.60,2.3411,11397.50,0.5739,0.5333,2312,1.8632,0.00,28.81
Amidis,7.71,6.0,NETRAL,LAYAK,Mineral,46646.20,2.3489,13071.50,0.6582,0.6116,2327,1.8752,0.00,28.81
Amidis,7.71,6.0,NETRAL,LAYAK,Mineral,46815.80,2.3574,11780.10,0.5932,0.5512,2320,1.8696,0.00,28.81
Amidis,7.71,6.0,NETRAL,LAYAK,Mineral,46587.00,2.3459,12826.70,0.6459,0.6001,2304,1.8567,0.00,28.81
Amidis,7.71,6.0,NETRAL,LAYAK,Mineral,46764.60,2.3548,12735.50,0.6413,0.5952,2309,1.8607,0.00,28.88
Amidis,7.71,6.0,NETRAL,LAYAK,Mineral,46558.20,2.3444,11030.90,0.5555,0.5161,2309,1.8607,0.00,28.81
Amidis,7.71,6.0,NETRAL,LAYAK,Mineral,46804.60,2.3568,13692.30,0.6895,0.6406,2311,1.8623,0.00,28.81
Amidis,7.71,6.0,NETRAL,LAYAK,Mineral,46526.20,2.3428,10965.50,0.5522,0.5125,2309,1.8607,0.00,28.88
Amidis,7.71,6.0,NETRAL,LAYAK,Mineral,46711.80,2.3522,13001.20,0.6547,0.6083,2311,1.8623,0.00,28.81
Amidis,7.71,6.0,NETRAL,LAYAK,Mineral,46484.60,2.3407,12362.70,0.6225,0.5784,2310,1.8615,0.00,28.81
Amidis,7.71,6.0,NETRAL,LAYAK,Mineral,46932.60,2.3633,11565.60,0.5824,0.5411,2310,1.8615,0.00,28.81
Amidis,7.71,6.0,NETRAL,LAYAK,Mineral,46844.60,2.3588,13623.70,0.6860,0.6374,2310,1.8615,0.00,28.81
Amidis,7.71,6.0,NETRAL,LAYAK,Mineral,46654.20,2.3493,10922.00,0.5500,0.5110,2312,1.8632,0.00,28.81
Amidis,7.71,6.0,NETRAL,LAYAK,Mineral,46852.60,2.3593,12994.60,0.6543,0.6073,2319,1.8688,0.00,28.88
Amidis,7.71,6.0,NETRAL,LAYAK,Mineral,46894.20,2.3613,12237.90,0.6162,0.5726,2311,1.8623,0.00,28.81
Amidis,7.71,6.0,NETRAL,LAYAK,Mineral,46662.20,2.3497,11544.70,0.5813,0.5401,2309,1.8607,0.00,28.81
Amidis,7.71,6.0,NETRAL,LAYAK,Mineral,46691.00,2.3511,13570.80,0.6834,0.6342,2323,1.8720,0.00,28.88
Amidis,7.71,6.0,NETRAL,LAYAK,Mineral,46790.20,2.3561,11099.90,0.5589,0.5187,2315,1.8656,0.00,28.88
Amidis,7.71,6.0,NETRAL,LAYAK,Mineral,46657.40,2.3494,12969.20,0.6531,0.6068,2313,1.8640,0.00,28.81
Amidis,7.71,6.0,NETRAL,LAYAK,Mineral,46587.00,2.3459,11988.00,0.6037,0.5609,2310,1.8615,0.00,28.81
Amidis,7.71,6.0,NETRAL,LAYAK,Mineral,46743.80,2.3538,11844.10,0.5964,0.5535,2309,1.8607,0.00,28.88
Amidis,7.71,6.0,NETRAL,LAYAK,Mineral,46817.40,2.3575,13645.90,0.6871,0.6377,2320,1.8696,0.00,28.88
Amidis,7.71,6.0,NETRAL,LAYAK,Mineral,46559.80,2.3445,11028.10,0.5553,0.5154,2311,1.8623,0.00,28.88
Amidis,7.71,6.0,NETRAL,LAYAK,Mineral,46747.00,2.3539,12753.00,0.6422,0.5967,2298,1.8519,0.00,28.81
Amidis,7.71,6.0,NETRAL,LAYAK,Mineral,46774.20,2.3553,12705.00,0.6398,0.5944,2308,1.8599,0.00,28.81
Amidis,7.71,6.0,NETRAL,LAYAK,Mineral,46713.40,2.3522,11114.10,0.5596,0.5200,2311,1.8623,0.00,28.81
Amidis,7.71,6.0,NETRAL,LAYAK,Mineral,46907.00,2.3620,13756.30,0.6927,0.6436,2310,1.8615,0.00,28.81
Amidis,7.71,6.0,NETRAL,LAYAK,Mineral,46887.80,2.3610,11035.90,0.5557,0.5163,2319,1.8688,0.00,28.81
Amidis,7.71,6.0,NETRAL,LAYAK,Mineral,46518.20,2.3424,12834.60,0.6463,0.6005,2313,1.8640,0.00,28.81
Amidis,7.71,6.0,NETRAL,LAYAK,Mineral,46900.60,2.3617,12487.30,0.6288,0.5842,2325,1.8736,0.00,28.81
Amidis,7.71,6.0,NETRAL,LAYAK,Mineral,46998.20,2.3666,11189.50,0.5634,0.5229,2318,1.8680,0.00,28.88
Amidis,7.71,6.0,NETRAL,LAYAK,Mineral,46708.60,2.3520,13468.60,0.6782,0.6302,2308,1.8599,0.00,28.81
Amidis,7.71,6.0,NETRAL,LAYAK,Mineral,47059.00,2.3696,12407.20,0.6248,0.5805,2317,1.8672,0.00,28.81
Amidis,7.71,6.0,NETRAL,LAYAK,Mineral,46881.40,2.3607,11386.20,0.5733,0.5321,2306,1.8583,0.00,28.88
Amidis,7.71,6.0,NETRAL,LAYAK,Mineral,46827.00,2.3580,12944.80,0.6518,0.6057,2308,1.8599,0.00,28.81
Amidis,7.71,6.0,NETRAL,LAYAK,Mineral,47142.20,2.3738,11459.90,0.5771,0.5362,2307,1.8591,0.00,28.81
Amidis,7.71,6.0,NETRAL,LAYAK,Mineral,46852.60,2.3593,12511.40,0.6300,0.5847,2307,1.8591,0.00,28.88
Amidis,7.71,6.0,NETRAL,LAYAK,Mineral,46919.80,2.3626,12036.00,0.6061,0.5631,2309,1.8607,0.00,28.81
Amidis,7.71,6.0,NETRAL,LAYAK,Mineral,46719.80,2.3526,11461.30,0.5771,0.5356,2313,1.8640,0.00,28.88
Amidis,7.71,6.0,NETRAL,LAYAK,Mineral,46900.60,2.3617,13308.30,0.6701,0.6227,2312,1.8632,0.00,28.81
Amidis,7.71,6.0,NETRAL,LAYAK,Mineral,46676.60,2.3504,11058.30,0.5568,0.5174,2312,1.8632,0.00,28.81
Amidis,7.71,6.0,NETRAL,LAYAK,Mineral,46902.20,2.3617,12730.80,0.6411,0.5949,2309,1.8607,0.00,28.88
Amidis,7.71,6.0,NETRAL,LAYAK,Mineral,46836.60,2.3584,12319.20,0.6203,0.5764,2307,1.8591,0.00,28.81
Amidis,7.71,6.0,NETRAL,LAYAK,Mineral,46833.40,2.3583,11746.50,0.5915,0.5496,2321,1.8704,0.00,28.81
Amidis,7.71,6.0,NETRAL,LAYAK,Mineral,47102.20,2.3718,13125.80,0.6609,0.6134,2309,1.8607,0.00,28.88
Amidis,7.71,6.0,NETRAL,LAYAK,Mineral,47123.00,2.3729,11184.70,0.5632,0.5227,2316,1.8664,0.00,28.88
Amidis,7.71,6.0,NETRAL,LAYAK,Mineral,47035.00,2.3684,12532.20,0.6311,0.5863,2308,1.8599,0.00,28.81
Amidis,7.71,6.0,NETRAL,LAYAK,Mineral,46897.40,2.3615,12553.10,0.6321,0.5873,2305,1.8575,0.00,28.81
Amidis,7.71,6.0,NETRAL,LAYAK,Mineral,46910.20,2.3622,10987.80,0.5533,0.5135,2317,1.8672,0.00,28.88
Amidis,7.71,6.0,NETRAL,LAYAK,Mineral,46911.80,2.3622,13300.50,0.6697,0.6223,2306,1.8583,0.00,28.81
Amidis,7.71,6.0,NETRAL,LAYAK,Mineral,46911.80,2.3622,10877.40,0.5477,0.5089,2306,1.8583,0.00,28.81
Amidis,7.71,6.0,NETRAL,LAYAK,Mineral,46812.60,2.3572,12570.60,0.6330,0.5875,2307,1.8591,0.00,28.88
Amidis,7.71,6.0,NETRAL,LAYAK,Mineral,46927.80,2.3630,12476.30,0.6282,0.5837,2309,1.8607,0.00,28.81
Amidis,7.71,6.0,NETRAL,LAYAK,Mineral,46795.00,2.3564,11110.90,0.5595,0.5198,2310,1.8615,0.00,28.81
Amidis,7.71,6.0,NETRAL,LAYAK,Mineral,46785.40,2.3559,13385.10,0.6740,0.6263,2314,1.8648,0.00,28.81
Amidis,7.71,6.0,NETRAL,LAYAK,Mineral,46993.40,2.3663,11116.00,0.5597,0.5201,2305,1.8575,0.00,28.81
Amidis,7.71,6.0,NETRAL,LAYAK,Mineral,46990.20,2.3662,12799.50,0.6445,0.5982,2306,1.8583,0.00,28.88
Amidis,7.71,6.0,NETRAL,LAYAK,Mineral,46702.20,2.3517,11813.50,0.5949,0.5521,2304,1.8567,0.00,28.88
Amidis,7.71,6.0,NETRAL,LAYAK,Mineral,47054.20,2.3694,11639.10,0.5861,0.5439,2306,1.8583,0.00,28.88
Amidis,7.71,6.0,NETRAL,LAYAK,Mineral,46977.40,2.3655,12873.10,0.6482,0.6023,2321,1.8704,0.00,28.81
Amidis,7.71,6.0,NETRAL,LAYAK,Mineral,46929.40,2.3631,11531.80,0.5807,0.5389,2304,1.8567,0.00,28.88
Amidis,7.71,6.0,NETRAL,LAYAK,Mineral,47025.40,2.3680,11411.80,0.5746,0.5339,2308,1.8599,0.00,28.81
Amidis,7.71,6.0,NETRAL,LAYAK,Mineral,46915.00,2.3624,13279.40,0.6687,0.6206,2305,1.8575,0.00,28.88
Amidis,7.71,6.0,NETRAL,LAYAK,Mineral,46940.60,2.3637,11704.70,0.5894,0.5470,2307,1.8591,0.00,28.88
Amidis,7.71,6.0,NETRAL,LAYAK,Mineral,46999.80,2.3667,12805.90,0.6448,0.5985,2308,1.8599,0.00,28.88
Amidis,7.71,6.0,NETRAL,LAYAK,Mineral,47059.00,2.3696,11613.50,0.5848,0.5427,2308,1.8599,0.00,28.88
Amidis,7.71,6.0,NETRAL,LAYAK,Mineral,46883.00,2.3608,11541.50,0.5812,0.5394,2307,1.8591,0.00,28.88
Amidis,7.71,6.0,NETRAL,LAYAK,Mineral,47137.40,2.3736,13525.90,0.6811,0.6328,2314,1.8648,0.00,28.81
Amidis,7.71,6.0,NETRAL,LAYAK,Mineral,47102.20,2.3718,10919.10,0.5498,0.5109,2306,1.8583,0.00,28.81
Amidis,7.71,6.0,NETRAL,LAYAK,Mineral,47047.80,2.3691,12769.00,0.6430,0.5967,2306,1.8583,0.00,28.88
Amidis,7.71,6.0,NETRAL,LAYAK,Mineral,47366.20,2.3851,12255.30,0.6171,0.5734,2308,1.8599,0.00,28.81
Amidis,7.71,6.0,NETRAL,LAYAK,Mineral,47145.40,2.3740,11355.80,0.5718,0.5307,2330,1.8777,0.00,28.88
Amidis,7.71,6.0,NETRAL,LAYAK,Mineral,47014.20,2.3674,12521.00,0.6305,0.5858,2318,1.8680,0.00,28.81
Amidis,7.71,6.0,NETRAL,LAYAK,Mineral,47243.00,2.3789,12517.70,0.6303,0.5857,2306,1.8583,0.00,28.81
Amidis,7.71,6.0,NETRAL,LAYAK,Mineral,46894.20,2.3613,11071.10,0.5575,0.5174,2305,1.8575,0.00,28.88
Amidis,7.71,6.0,NETRAL,LAYAK,Mineral,47033.40,2.3684,13348.60,0.6722,0.6238,2304,1.8567,0.00,28.88
Amidis,7.71,6.0,NETRAL,LAYAK,Mineral,47036.60,2.3685,10794.10,0.5435,0.5050,2306,1.8583,0.00,28.81
Amidis,7.71,6.0,NETRAL,LAYAK,Mineral,47079.80,2.3707,12797.80,0.6444,0.5981,2307,1.8591,0.00,28.88
Amidis,7.71,6.0,NETRAL,LAYAK,Mineral,46988.60,2.3661,11912.70,0.5999,0.5567,2333,1.8801,0.00,28.88
Amidis,7.71,6.0,NETRAL,LAYAK,Mineral,47177.40,2.3756,11759.30,0.5921,0.5502,2307,1.8591,0.00,28.81
Amidis,7.71,6.0,NETRAL,LAYAK,Mineral,47003.00,2.3668,12136.90,0.6112,0.5672,2308,1.8599,0.00,28.88
Amidis,7.71,6.0,NETRAL,LAYAK,Mineral,47151.80,2.3743,12380.00,0.6234,0.5786,2306,1.8583,0.00,28.88
Amidis,7.71,6.0,NETRAL,LAYAK,Mineral,46865.40,2.3599,11634.40,0.5858,0.5437,2302,1.8551,0.00,28.88
Amidis,7.71,6.0,NETRAL,LAYAK,Mineral,46975.80,2.3655,12432.90,0.6261,0.5810,2304,1.8567,0.00,28.88
Amidis,7.71,6.0,NETRAL,LAYAK,Mineral,47049.40,2.3692,11261.40,0.5671,0.5269,2304,1.8567,0.00,28.81
Amidis,7.71,6.0,NETRAL,LAYAK,Mineral,46887.80,2.3610,13319.60,0.6707,0.6225,2305,1.8575,0.00,28.88
Amidis,7.71,6.0,NETRAL,LAYAK,Mineral,46918.20,2.3626,11072.80,0.5576,0.5175,2305,1.8575,0.00,28.88
Amidis,7.71,6.0,NETRAL,LAYAK,Mineral,47115.00,2.3725,12673.20,0.6382,0.5923,2309,1.8607,0.00,28.88
Amidis,7.71,6.0,NETRAL,LAYAK,Mineral,46900.60,2.3617,11946.20,0.6015,0.5589,2314,1.8648,0.00,28.81
Amidis,7.71,6.0,NETRAL,LAYAK,Mineral,47211.00,2.3773,11869.70,0.5977,0.5547,2315,1.8656,0.00,28.88
Amidis,7.71,6.0,NETRAL,LAYAK,Mineral,46948.60,2.3641,12090.40,0.6088,0.5650,2309,1.8607,0.00,28.88
Amidis,7.71,6.0,NETRAL,LAYAK,Mineral,47030.20,2.3682,12460.00,0.6274,0.5830,2302,1.8551,0.00,28.81
Amidis,7.71,6.0,NETRAL,LAYAK,Mineral,46959.80,2.3647,11087.00,0.5583,0.5181,2313,1.8640,0.00,28.88
Amidis,7.71,6.0,NETRAL,LAYAK,Mineral,46913.40,2.3623,13209.10,0.6651,0.6173,2297,1.8511,0.00,28.88
Amidis,7.71,6.0,NETRAL,LAYAK,Mineral,47015.80,2.3675,11624.70,0.5854,0.5433,2298,1.8519,0.00,28.88
Amidis,7.71,6.0,NETRAL,LAYAK,Mineral,46895.80,2.3614,12975.50,0.6534,0.6071,2303,1.8559,0.00,28.81
Amidis,7.71,6.0,NETRAL,LAYAK,Mineral,47289.40,2.3812,11675.80,0.5879,0.5463,2304,1.8567,0.00,28.81
Amidis,7.71,6.0,NETRAL,LAYAK,Mineral,47255.80,2.3796,11254.90,0.5667,0.5266,2315,1.8656,0.00,28.81
Amidis,7.71,6.0,NETRAL,LAYAK,Mineral,47214.20,2.3775,13406.20,0.6751,0.6265,2304,1.8567,0.00,28.88
Amidis,7.71,6.0,NETRAL,LAYAK,Mineral,46991.80,2.3663,10904.50,0.5491,0.5102,2332,1.8793,0.00,28.81
Amidis,7.71,6.0,NETRAL,LAYAK,Mineral,47131.00,2.3733,12810.80,0.6451,0.5987,2307,1.8591,0.00,28.88
Amidis,7.71,6.0,NETRAL,LAYAK,Mineral,47095.80,2.3715,11912.60,0.5999,0.5567,2315,1.8656,0.00,28.88
Amidis,7.71,6.0,NETRAL,LAYAK,Mineral,47401.40,2.3869,11823.10,0.5953,0.5525,2305,1.8575,0.00,28.88
Amidis,7.71,6.0,NETRAL,LAYAK,Mineral,47180.60,2.3758,12186.40,0.6136,0.5695,2308,1.8599,0.00,28.88
Amidis,7.71,6.0,NETRAL,LAYAK,Mineral,47271.80,2.3804,10840.70,0.5459,0.5072,2305,1.8575,0.00,28.81
Amidis,7.71,6.0,NETRAL,LAYAK,Mineral,47279.80,2.3808,12791.40,0.6441,0.5978,2306,1.8583,0.00,28.88
Amidis,7.71,6.0,NETRAL,LAYAK,Mineral,47159.80,2.3747,12048.90,0.6067,0.5631,2327,1.8752,0.00,28.88
Amidis,7.71,6.0,NETRAL,LAYAK,Mineral,47196.60,2.3766,11512.50,0.5797,0.5386,2305,1.8575,0.00,28.81
Amidis,7.71,6.0,NETRAL,LAYAK,Mineral,47230.20,2.3783,12933.90,0.6513,0.6044,2308,1.8599,0.00,28.88
Amidis,7.71,6.0,NETRAL,LAYAK,Mineral,47124.60,2.3729,12386.40,0.6237,0.5789,2306,1.8583,0.00,28.88
Amidis,7.71,6.0,NETRAL,LAYAK,Mineral,46959.80,2.3647,11213.50,0.5647,0.5240,2302,1.8551,0.00,28.88
Amidis,7.71,6.0,NETRAL,LAYAK,Mineral,47123.00,2.3729,13538.90,0.6817,0.6327,2303,1.8559,0.00,28.88
Amidis,7.71,6.0,NETRAL,LAYAK,Mineral,47343.80,2.3840,11207.10,0.5643,0.5243,2313,1.8640,0.00,28.81
Amidis,7.71,6.0,NETRAL,LAYAK,Mineral,47310.20,2.3823,12631.60,0.6361,0.5903,2302,1.8551,0.00,28.88
Amidis,7.71,6.0,NETRAL,LAYAK,Mineral,47351.80,2.3844,13490.90,0.6793,0.6305,2306,1.8583,0.00,28.88
Amidis,7.71,6.0,NETRAL,LAYAK,Mineral,47179.00,2.3757,11045.60,0.5562,0.5162,2302,1.8551,0.00,28.88
Amidis,7.71,6.0,NETRAL,LAYAK,Mineral,47379.00,2.3858,12742.00,0.6416,0.5955,2301,1.8543,0.00,28.88
Amidis,7.71,6.0,NETRAL,LAYAK,Mineral,46998.20,2.3666,12146.40,0.6116,0.5683,2306,1.8583,0.00,28.81
Amidis,7.71,6.0,NETRAL,LAYAK,Mineral,47454.20,2.3895,11760.90,0.5922,0.5496,2301,1.8543,0.00,28.88
Amidis,7.71,6.0,NETRAL,LAYAK,Mineral,47423.80,2.3880,12373.90,0.6231,0.5783,2303,1.8559,0.00,28.88
Amidis,7.71,6.0,NETRAL,LAYAK,Mineral,47252.60,2.3794,12610.60,0.6350,0.5900,2303,1.8559,0.00,28.81
Amidis,7.71,6.0,NETRAL,LAYAK,Mineral,46955.00,2.3644,11379.90,0.5730,0.5324,2303,1.8559,0.00,28.81
Amidis,7.71,6.0,NETRAL,LAYAK,Mineral,47307.00,2.3821,13332.30,0.6713,0.6231,2309,1.8607,0.00,28.88
Amidis,7.71,6.0,NETRAL,LAYAK,Mineral,47225.40,2.3780,11685.40,0.5884,0.5467,2302,1.8551,0.00,28.81
Amidis,7.71,6.0,NETRAL,LAYAK,Mineral,47300.60,2.3818,12612.20,0.6351,0.5901,2333,1.8801,0.00,28.81
Amidis,7.71,6.0,NETRAL,LAYAK,Mineral,47502.20,2.3920,12589.70,0.6340,0.5884,2318,1.8680,0.00,28.88
Amidis,7.71,6.0,NETRAL,LAYAK,Mineral,47247.80,2.3792,11378.30,0.5730,0.5324,2306,1.8583,0.00,28.81
Amidis,7.71,6.0,NETRAL,LAYAK,Mineral,47201.40,2.3768,13479.50,0.6788,0.6299,2306,1.8583,0.00,28.88
Amidis,7.71,6.0,NETRAL,LAYAK,Mineral,47257.40,2.3796,12288.80,0.6188,0.5743,2311,1.8623,0.00,28.88
Amidis,7.71,6.0,NETRAL,LAYAK,Mineral,46780.60,2.3556,11152.50,0.5616,0.5212,2301,1.8543,0.00,28.88
Amidis,7.71,6.0,NETRAL,LAYAK,Mineral,47127.80,2.3731,13426.70,0.6761,0.6275,2301,1.8543,0.00,28.88
Amidis,7.71,6.0,NETRAL,LAYAK,Mineral,47263.80,2.3800,10847.10,0.5462,0.5069,2303,1.8559,0.00,28.88
Pristine,8.65,86.0,BASA,LAYAK,Mineral,40390.30,2.0338,13231.50,0.6663,0.6256,2101,1.6931,2.51,28.25
Pristine,8.65,86.0,BASA,LAYAK,Mineral,40387.00,2.0337,12405.80,0.6247,0.5866,2102,1.6939,2.46,28.25
Pristine,8.65,86.0,BASA,LAYAK,Mineral,40583.90,2.0436,12068.10,0.6077,0.5706,2101,1.6931,2.51,28.25
Pristine,8.65,86.0,BASA,LAYAK,Mineral,40889.60,2.0590,12657.10,0.6373,0.5991,2100,1.6923,2.56,28.19
Pristine,8.65,86.0,BASA,LAYAK,Mineral,40438.20,2.0363,12327.30,0.6207,0.5829,2112,1.7020,1.95,28.25
Pristine,8.65,86.0,BASA,LAYAK,Mineral,40491.00,2.0389,11444.10,0.5763,0.5411,2101,1.6931,2.51,28.25
Pristine,8.65,86.0,BASA,LAYAK,Mineral,40481.40,2.0384,12161.00,0.6124,0.5757,2101,1.6931,2.51,28.19
Pristine,8.65,86.0,BASA,LAYAK,Mineral,40700.70,2.0495,13938.90,0.7019,0.6591,2100,1.6923,2.56,28.25
Pristine,8.65,86.0,BASA,LAYAK,Mineral,40564.60,2.0426,13161.10,0.6627,0.6223,2103,1.6947,2.41,28.25
Pristine,8.65,86.0,BASA,LAYAK,Mineral,40486.20,2.0387,12184.90,0.6136,0.5761,2111,1.7012,2.00,28.25
Pristine,8.65,86.0,BASA,LAYAK,Mineral,40604.70,2.0446,13071.50,0.6582,0.6180,2100,1.6923,2.56,28.25
Pristine,8.65,86.0,BASA,LAYAK,Mineral,40752.00,2.0521,12359.30,0.6223,0.5844,2102,1.6939,2.46,28.25
Pristine,8.65,86.0,BASA,LAYAK,Mineral,40838.30,2.0564,11359.30,0.5720,0.5371,2104,1.6955,2.36,28.25
Pristine,8.65,86.0,BASA,LAYAK,Mineral,40441.50,2.0364,13351.70,0.6723,0.6313,2100,1.6923,2.56,28.25
Pristine,8.65,86.0,BASA,LAYAK,Mineral,40816.00,2.0553,12826.70,0.6459,0.6065,2103,1.6947,2.41,28.25
Pristine,8.65,86.0,BASA,LAYAK,Mineral,40465.40,2.0376,12729.10,0.6410,0.6019,2101,1.6931,2.51,28.25
Pristine,8.65,86.0,BASA,LAYAK,Mineral,40673.50,2.0481,14015.80,0.7058,0.6627,2102,1.6939,2.46,28.25
Pristine,8.65,86.0,BASA,LAYAK,Mineral,40545.50,2.0417,12583.40,0.6336,0.5950,2109,1.6996,2.10,28.25
Pristine,8.65,86.0,BASA,LAYAK,Mineral,40438.20,2.0363,11645.50,0.5864,0.5506,2099,1.6915,2.62,28.25
Pristine,8.65,86.0,BASA,LAYAK,Mineral,40439.80,2.0363,12682.70,0.6386,0.5997,2096,1.6891,2.77,28.25
Pristine,8.65,86.0,BASA,LAYAK,Mineral,40390.20,2.0338,12349.80,0.6219,0.5839,2112,1.7020,1.95,28.25
Pristine,8.65,86.0,BASA,LAYAK,Mineral,40582.30,2.0435,11215.10,0.5647,0.5303,2105,1.6963,2.31,28.25
Pristine,8.65,86.0,BASA,LAYAK,Mineral,40561.50,2.0425,12850.50,0.6471,0.6076,2100,1.6923,2.56,28.25
Pristine,8.65,86.0,BASA,LAYAK,Mineral,40889.60,2.0590,12617.10,0.6353,0.5966,2102,1.6939,2.46,28.25
Pristine,8.65,86.0,BASA,LAYAK,Mineral,40763.20,2.0526,12988.40,0.6540,0.6141,2102,1.6939,2.46,28.25
Pristine,8.65,86.0,BASA,LAYAK,Mineral,40611.10,2.0450,12096.90,0.6091,0.5720,2099,1.6915,2.62,28.25
Pristine,8.65,86.0,BASA,LAYAK,Mineral,40654.30,2.0471,13066.80,0.6580,0.6178,2101,1.6931,2.51,28.25
Pristine,8.65,86.0,BASA,LAYAK,Mineral,40620.60,2.0454,14081.40,0.7091,0.6658,2101,1.6931,2.51,28.25
Pristine,8.65,86.0,BASA,LAYAK,Mineral,40228.60,2.0257,12481.00,0.6285,0.5901,2101,1.6931,2.51,28.25
Pristine,8.65,86.0,BASA,LAYAK,Mineral,40561.50,2.0425,11341.50,0.5711,0.5362,2108,1.6988,2.15,28.25
Pristine,8.65,86.0,BASA,LAYAK,Mineral,40659.10,2.0474,13252.60,0.6673,0.6266,2106,1.6971,2.26,28.25
Pristine,8.65,86.0,BASA,LAYAK,Mineral,40593.50,2.0441,13077.90,0.6585,0.6183,2131,1.7173,0.97,28.25
Pristine,8.65,86.0,BASA,LAYAK,Mineral,40643.10,2.0466,11904.70,0.5995,0.5629,2106,1.6971,2.26,28.25
Pristine,8.65,86.0,BASA,LAYAK,Mineral,40801.50,2.0546,14204.60,0.7153,0.6716,2102,1.6939,2.46,28.25
Pristine,8.65,86.0,BASA,LAYAK,Mineral,40758.30,2.0524,12516.20,0.6303,0.5918,2109,1.6996,2.10,28.25
Pristine,8.65,86.0,BASA,LAYAK,Mineral,40508.60,2.0398,11322.30,0.5701,0.5353,2098,1.6907,2.67,28.25
Pristine,8.65,86.0,BASA,LAYAK,Mineral,40372.60,2.0330,13620.50,0.6859,0.6440,2100,1.6923,2.56,28.25
Pristine,8.65,86.0,BASA,LAYAK,Mineral,40694.40,2.0492,12967.50,0.6530,0.6131,2100,1.6923,2.56,28.25
Pristine,8.65,86.0,BASA,LAYAK,Mineral,40673.50,2.0481,11783.20,0.5933,0.5571,2102,1.6939,2.46,28.25
Pristine,8.65,86.0,BASA,LAYAK,Mineral,40323.00,2.0305,12741.90,0.6416,0.6025,2109,1.6996,2.10,28.25
Pristine,8.65,86.0,BASA,LAYAK,Mineral,40647.90,2.0468,13133.90,0.6614,0.6210,2098,1.6907,2.67,28.25
Pristine,8.65,86.0,BASA,LAYAK,Mineral,40635.00,2.0462,12114.50,0.6100,0.5728,2099,1.6915,2.62,28.25
Pristine,8.65,86.0,BASA,LAYAK,Mineral,40667.10,2.0478,13177.20,0.6635,0.6230,2104,1.6955,2.36,28.25
Pristine,8.65,86.0,BASA,LAYAK,Mineral,40663.90,2.0476,12885.80,0.6489,0.6093,2098,1.6907,2.67,28.25
Pristine,8.65,86.0,BASA,LAYAK,Mineral,40736.00,2.0513,12271.20,0.6179,0.5802,2098,1.6907,2.67,28.25
Pristine,8.65,86.0,BASA,LAYAK,Mineral,40647.90,2.0468,12717.80,0.6404,0.6013,2099,1.6915,2.62,28.25
Pristine,8.65,86.0,BASA,LAYAK,Mineral,40649.50,2.0469,12815.60,0.6453,0.6059,2101,1.6931,2.51,28.25
Pristine,8.65,86.0,BASA,LAYAK,Mineral,40918.30,2.0604,12276.10,0.6182,0.5804,2104,1.6955,2.36,28.25
Pristine,8.65,86.0,BASA,LAYAK,Mineral,40366.20,2.0326,12959.50,0.6526,0.6127,2099,1.6915,2.62,28.25
Pristine,8.65,86.0,BASA,LAYAK,Mineral,40683.10,2.0486,12498.40,0.6294,0.5909,2100,1.6923,2.56,28.25
Pristine,8.65,86.0,BASA,LAYAK,Mineral,40726.30,2.0508,12103.30,0.6095,0.5723,2100,1.6923,2.56,28.25
Pristine,8.65,86.0,BASA,LAYAK,Mineral,40415.80,2.0351,13314.80,0.6705,0.6295,2098,1.6907,2.67,28.25
Pristine,8.65,86.0,BASA,LAYAK,Mineral,40767.90,2.0529,13383.50,0.6739,0.6328,2110,1.7004,2.05,28.25
Pristine,8.65,86.0,BASA,LAYAK,Mineral,40820.70,2.0555,11565.50,0.5824,0.5468,2102,1.6939,2.46,28.25
Pristine,8.65,86.0,BASA,LAYAK,Mineral,40651.10,2.0470,13281.30,0.6688,0.6280,2108,1.6988,2.15,28.25
Pristine,8.65,86.0,BASA,LAYAK,Mineral,40655.90,2.0472,12349.70,0.6219,0.5839,2098,1.6907,2.67,28.25
Pristine,8.65,86.0,BASA,LAYAK,Mineral,40865.50,2.0578,12008.80,0.6047,0.5678,2116,1.7052,1.74,28.25
Pristine,8.65,86.0,BASA,LAYAK,Mineral,40686.20,2.0487,13282.70,0.6688,0.6280,2114,1.7036,1.85,28.25
Pristine,8.65,86.0,BASA,LAYAK,Mineral,40707.00,2.0498,12538.70,0.6314,0.5928,2103,1.6947,2.41,28.25
Pristine,8.65,86.0,BASA,LAYAK,Mineral,40944.00,2.0617,11695.30,0.5889,0.5530,2097,1.6899,2.72,28.25
Pristine,8.65,86.0,BASA,LAYAK,Mineral,40897.50,2.0594,12916.30,0.6504,0.6107,2102,1.6939,2.46,28.25
Pristine,8.65,86.0,BASA,LAYAK,Mineral,40649.50,2.0469,13772.50,0.6935,0.6519,2112,1.7020,1.95,28.19
Pristine,8.65,86.0,BASA,LAYAK,Mineral,40439.90,2.0363,11336.70,0.5709,0.5360,2088,1.6826,3.18,28.25
Pristine,8.65,86.0,BASA,LAYAK,Mineral,40571.00,2.0429,12682.70,0.6386,0.5997,2098,1.6907,2.67,28.25
Pristine,8.65,86.0,BASA,LAYAK,Mineral,40615.80,2.0452,13188.60,0.6641,0.6236,2100,1.6923,2.56,28.25
Pristine,8.65,86.0,BASA,LAYAK,Mineral,40892.70,2.0591,12898.50,0.6495,0.6099,2106,1.6971,2.26,28.25
Pristine,8.65,86.0,BASA,LAYAK,Mineral,40729.40,2.0509,11408.70,0.5745,0.5394,2111,1.7012,2.00,28.25
Pristine,8.65,86.0,BASA,LAYAK,Mineral,40508.70,2.0398,12791.40,0.6441,0.6048,2098,1.6907,2.67,28.25
Pristine,8.65,86.0,BASA,LAYAK,Mineral,40715.00,2.0502,13070.00,0.6581,0.6180,2105,1.6963,2.31,28.25
Pristine,8.65,86.0,BASA,LAYAK,Mineral,40465.40,2.0376,11973.70,0.6029,0.5661,2109,1.6996,2.10,28.25
Pristine,8.65,86.0,BASA,LAYAK,Mineral,40582.20,2.0435,12869.90,0.6481,0.6085,2099,1.6915,2.62,28.25
Pristine,8.65,86.0,BASA,LAYAK,Mineral,40606.20,2.0447,13223.70,0.6659,0.6252,2097,1.6899,2.72,28.25
Pristine,8.65,86.0,BASA,LAYAK,Mineral,40478.20,2.0383,11944.70,0.6015,0.5648,2130,1.7165,1.03,28.25
Pristine,8.65,86.0,BASA,LAYAK,Mineral,40611.10,2.0450,13054.10,0.6573,0.6172,2102,1.6939,2.46,28.25
Pristine,8.65,86.0,BASA,LAYAK,Mineral,40657.50,2.0473,11227.90,0.5654,0.5309,2116,1.7052,1.74,28.25
Pristine,8.65,86.0,BASA,LAYAK,Mineral,40331.00,2.0309,12877.80,0.6485,0.6089,2101,1.6931,2.51,28.25
Pristine,8.65,86.0,BASA,LAYAK,Mineral,40463.90,2.0376,13385.10,0.6740,0.6329,2099,1.6915,2.62,28.25
Pristine,8.65,86.0,BASA,LAYAK,Mineral,40795.10,2.0542,11340.10,0.5710,0.5362,2105,1.6963,2.31,28.25
Pristine,8.65,86.0,BASA,LAYAK,Mineral,40555.00,2.0421,13249.00,0.6672,0.6264,2101,1.6931,2.51,28.25
Pristine,8.65,86.0,BASA,LAYAK,Mineral,40327.80,2.0307,12303.30,0.6195,0.5817,2099,1.6915,2.62,28.25
Pristine,8.65,86.0,BASA,LAYAK,Mineral,40702.40,2.0496,12170.50,0.6128,0.5754,2105,1.6963,2.31,28.25
Pristine,8.65,86.0,BASA,LAYAK,Mineral,40646.30,2.0467,12705.20,0.6398,0.6007,2103,1.6947,2.41,28.25
Pristine,8.65,86.0,BASA,LAYAK,Mineral,40732.70,2.0511,13021.90,0.6557,0.6164,2102,1.6939,2.46,28.19
Pristine,8.65,86.0,BASA,LAYAK,Mineral,40897.60,2.0594,12095.20,0.6091,0.5719,2110,1.7004,2.05,28.25
Pristine,8.65,86.0,BASA,LAYAK,Mineral,40683.00,2.0486,12949.90,0.6521,0.6123,2100,1.6923,2.56,28.25
Pristine,8.65,86.0,BASA,LAYAK,Mineral,40895.90,2.0593,11197.50,0.5638,0.5294,2102,1.6939,2.46,28.25
Pristine,8.65,86.0,BASA,LAYAK,Mineral,40601.50,2.0445,13239.50,0.6667,0.6260,2104,1.6955,2.36,28.25
Pristine,8.65,86.0,BASA,LAYAK,Mineral,40908.80,2.0600,12487.60,0.6288,0.5904,2082,1.6778,3.49,28.25
Pristine,8.65,86.0,BASA,LAYAK,Mineral,40689.50,2.0489,12012.10,0.6049,0.5679,2108,1.6988,2.15,28.25
Pristine,8.65,86.0,BASA,LAYAK,Mineral,40444.60,2.0366,13388.60,0.6742,0.6330,2100,1.6923,2.56,28.25
Pristine,8.65,86.0,BASA,LAYAK,Mineral,40529.50,2.0409,12852.00,0.6472,0.6077,2109,1.6996,2.10,28.25
Pristine,8.65,86.0,BASA,LAYAK,Mineral,41083.20,2.0687,11477.60,0.5780,0.5427,2098,1.6907,2.67,28.25
Pristine,8.65,86.0,BASA,LAYAK,Mineral,40947.10,2.0619,14188.60,0.7145,0.6709,2113,1.7028,1.90,28.25
Pristine,8.65,86.0,BASA,LAYAK,Mineral,40607.90,2.0448,11280.80,0.5680,0.5334,2099,1.6915,2.62,28.25
Pristine,8.65,86.0,BASA,LAYAK,Mineral,40846.30,2.0568,13230.00,0.6662,0.6255,2101,1.6931,2.51,28.25
Pristine,8.65,86.0,BASA,LAYAK,Mineral,40715.00,2.0502,13074.60,0.6584,0.6182,2101,1.6931,2.51,28.25
Pristine,8.65,86.0,BASA,LAYAK,Mineral,40687.90,2.0488,11420.00,0.5751,0.5400,2110,1.7004,2.05,28.25
Pristine,8.65,86.0,BASA,LAYAK,Mineral,40407.80,2.0347,13398.20,0.6747,0.6335,2101,1.6931,2.51,28.25
Pristine,8.65,86.0,BASA,LAYAK,Mineral,41015.90,2.0653,12159.20,0.6123,0.5756,2099,1.6915,2.62,28.19
Pristine,8.65,86.0,BASA,LAYAK,Mineral,40713.50,2.0501,12084.20,0.6085,0.5714,2100,1.6923,2.56,28.25
Pristine,8.65,86.0,BASA,LAYAK,Mineral,40783.80,2.0537,13987.00,0.7043,0.6613,2113,1.7028,1.90,28.25
Pristine,8.65,86.0,BASA,LAYAK,Mineral,40678.20,2.0483,11309.40,0.5695,0.5347,2108,1.6988,2.15,28.25
Pristine,8.65,86.0,BASA,LAYAK,Mineral,40673.50,2.0481,13322.80,0.6709,0.6299,2112,1.7020,1.95,28.25
Pristine,8.65,86.0,BASA,LAYAK,Mineral,40996.80,2.0644,12282.50,0.6185,0.5807,2083,1.6786,3.44,28.25
Pristine,8.65,86.0,BASA,LAYAK,Mineral,40817.50,2.0554,12147.90,0.6117,0.5744,2089,1.6834,3.13,28.25
Pristine,8.65,86.0,BASA,LAYAK,Mineral,40836.70,2.0563,12917.90,0.6505,0.6108,2101,1.6931,2.51,28.25
Pristine,8.65,86.0,BASA,LAYAK,Mineral,40625.40,2.0457,13018.70,0.6556,0.6155,2098,1.6907,2.67,28.25
Pristine,8.65,86.0,BASA,LAYAK,Mineral,40886.40,2.0588,11552.80,0.5817,0.5462,2101,1.6931,2.51,28.25
Pristine,8.65,86.0,BASA,LAYAK,Mineral,40825.50,2.0558,13089.30,0.6591,0.6189,2104,1.6955,2.36,28.25
Pristine,8.65,86.0,BASA,LAYAK,Mineral,40851.20,2.0571,12562.60,0.6326,0.5940,2098,1.6907,2.67,28.25
Pristine,8.65,86.0,BASA,LAYAK,Mineral,40148.50,2.0217,11587.90,0.5835,0.5479,2127,1.7141,1.18,28.25
Pristine,8.65,86.0,BASA,LAYAK,Mineral,39902.10,2.0093,14009.40,0.7054,0.6624,2100,1.6923,2.56,28.25
Pristine,8.65,86.0,BASA,LAYAK,Mineral,39761.30,2.0022,11362.40,0.5722,0.5372,2104,1.6955,2.36,28.25
Pristine,8.65,86.0,BASA,LAYAK,Mineral,39812.40,2.0047,13188.40,0.6641,0.6236,2099,1.6915,2.62,28.25
Pristine,8.65,86.0,BASA,LAYAK,Mineral,40014.00,2.0149,12436.20,0.6262,0.5880,2131,1.7173,0.97,28.25
Pristine,8.65,86.0,BASA,LAYAK,Mineral,39773.90,2.0028,11322.40,0.5701,0.5353,2102,1.6939,2.46,28.25
Pristine,8.65,86.0,BASA,LAYAK,Mineral,40254.20,2.0270,13988.60,0.7044,0.6614,2099,1.6915,2.62,28.25
Pristine,8.65,86.0,BASA,LAYAK,Mineral,40108.50,2.0197,11738.20,0.5911,0.5550,2109,1.6996,2.10,28.25
Pristine,8.65,86.0,BASA,LAYAK,Mineral,39980.40,2.0132,12711.40,0.6401,0.6010,2112,1.7020,1.95,28.25
Pristine,8.65,86.0,BASA,LAYAK,Mineral,40039.70,2.0162,13082.70,0.6588,0.6186,2099,1.6915,2.62,28.25
Pristine,8.65,86.0,BASA,LAYAK,Mineral,40257.40,2.0272,12002.40,0.6044,0.5675,2109,1.6996,2.10,28.25
Pristine,8.65,86.0,BASA,LAYAK,Mineral,40441.40,2.0364,12839.50,0.6465,0.6071,2102,1.6939,2.46,28.25
Pristine,8.65,86.0,BASA,LAYAK,Mineral,40082.90,2.0184,13065.10,0.6579,0.6177,2099,1.6915,2.62,28.25
Pristine,8.65,86.0,BASA,LAYAK,Mineral,40105.40,2.0195,11359.20,0.5720,0.5371,2098,1.6907,2.67,28.25
Pristine,8.65,86.0,BASA,LAYAK,Mineral,40116.50,2.0201,14015.80,0.7058,0.6627,2099,1.6915,2.62,28.25
Pristine,8.65,86.0,BASA,LAYAK,Mineral,40194.80,2.0240,12160.80,0.6124,0.5750,2097,1.6899,2.72,28.25
Pristine,8.65,86.0,BASA,LAYAK,Mineral,40042.90,2.0164,12966.10,0.6529,0.6131,2127,1.7141,1.18,28.25
Pristine,8.65,86.0,BASA,LAYAK,Mineral,40182.20,2.0234,12357.80,0.6223,0.5843,2098,1.6907,2.67,28.25
Pristine,8.65,86.0,BASA,LAYAK,Mineral,40108.60,2.0197,12391.40,0.6240,0.5859,2100,1.6923,2.56,28.25
Pristine,8.65,86.0,BASA,LAYAK,Mineral,40275.10,2.0280,13135.50,0.6614,0.6211,2105,1.6963,2.31,28.25
Pristine,8.65,86.0,BASA,LAYAK,Mineral,40361.40,2.0324,11285.60,0.5683,0.5336,2101,1.6931,2.51,28.25
Pristine,8.65,86.0,BASA,LAYAK,Mineral,40156.60,2.0221,13022.00,0.6557,0.6157,2101,1.6931,2.51,28.25
Pristine,8.65,86.0,BASA,LAYAK,Mineral,40390.30,2.0338,12781.90,0.6436,0.6043,2097,1.6899,2.72,28.25
Pristine,8.65,86.0,BASA,LAYAK,Mineral,40462.30,2.0375,11676.00,0.5879,0.5521,2102,1.6939,2.46,28.25
Pristine,8.65,86.0,BASA,LAYAK,Mineral,40299.00,2.0292,13817.30,0.6958,0.6533,2101,1.6931,2.51,28.25
Pristine,8.65,86.0,BASA,LAYAK,Mineral,40587.10,2.0438,11468.10,0.5775,0.5422,2106,1.6971,2.26,28.25
Pristine,8.65,86.0,BASA,LAYAK,Mineral,40247.80,2.0267,12583.40,0.6336,0.5950,2098,1.6907,2.67,28.25
Pristine,8.65,86.0,BASA,LAYAK,Mineral,40380.70,2.0334,13047.50,0.6570,0.6169,2101,1.6931,2.51,28.25
Pristine,8.65,86.0,BASA,LAYAK,Mineral,40532.80,2.0410,11344.80,0.5713,0.5364,2106,1.6971,2.26,28.25
Pristine,8.65,86.0,BASA,LAYAK,Mineral,40332.60,2.0309,14114.90,0.7108,0.6674,2101,1.6931,2.51,28.25
Pristine,8.65,86.0,BASA,LAYAK,Mineral,40721.60,2.0505,11875.90,0.5980,0.5615,2100,1.6923,2.56,28.25
Pristine,8.65,86.0,BASA,LAYAK,Mineral,40737.50,2.0513,12855.50,0.6473,0.6078,2105,1.6963,2.31,28.25
Pristine,8.65,86.0,BASA,LAYAK,Mineral,40598.30,2.0443,12652.30,0.6371,0.5982,2097,1.6899,2.72,28.25
Pristine,8.65,86.0,BASA,LAYAK,Mineral,40476.70,2.0382,12136.90,0.6112,0.5739,2098,1.6907,2.67,28.25
Pristine,8.65,86.0,BASA,LAYAK,Mineral,40598.20,2.0443,12657.20,0.6374,0.5985,2101,1.6931,2.51,28.25
Pristine,8.65,86.0,BASA,LAYAK,Mineral,40281.40,2.0284,12769.10,0.6430,0.6037,2101,1.6931,2.51,28.25
Pristine,8.65,86.0,BASA,LAYAK,Mineral,40497.50,2.0392,12023.20,0.6054,0.5685,2105,1.6963,2.31,28.25
Pristine,8.65,86.0,BASA,LAYAK,Mineral,40446.30,2.0367,12703.50,0.6397,0.6006,2103,1.6947,2.41,28.25
Pristine,8.65,86.0,BASA,LAYAK,Mineral,40276.60,2.0281,13058.70,0.6576,0.6174,2112,1.7020,1.95,28.25
Pristine,8.65,86.0,BASA,LAYAK,Mineral,40391.80,2.0339,11356.00,0.5718,0.5369,2100,1.6923,2.56,28.25
Pristine,8.65,86.0,BASA,LAYAK,Mineral,40585.50,2.0437,13802.70,0.6950,0.6526,2125,1.7125,1.28,28.25
Pristine,8.65,86.0,BASA,LAYAK,Mineral,40351.80,2.0319,11407.30,0.5744,0.5394,2100,1.6923,2.56,28.25
Pristine,8.65,86.0,BASA,LAYAK,Mineral,40761.60,2.0525,13318.10,0.6706,0.6297,2105,1.6963,2.31,28.25
Pristine,8.65,86.0,BASA,LAYAK,Mineral,40606.30,2.0447,13095.60,0.6594,0.6192,2101,1.6931,2.51,28.25
Pristine,8.65,86.0,BASA,LAYAK,Mineral,40407.80,2.0347,11676.00,0.5879,0.5514,2110,1.7004,2.05,28.31
Pristine,8.65,86.0,BASA,LAYAK,Mineral,40766.30,2.0528,13694.10,0.6896,0.6475,2110,1.7004,2.05,28.25
Pristine,8.65,86.0,BASA,LAYAK,Mineral,40596.70,2.0442,12322.50,0.6205,0.5826,2131,1.7173,0.97,28.25
Pristine,8.65,86.0,BASA,LAYAK,Mineral,40695.90,2.0492,12570.70,0.6330,0.5944,2109,1.6996,2.10,28.25
Pristine,8.65,86.0,BASA,LAYAK,Mineral,40615.90,2.0452,13055.50,0.6574,0.6173,2083,1.6786,3.44,28.25
Pristine,8.65,86.0,BASA,LAYAK,Mineral,40311.80,2.0299,11300.00,0.5690,0.5343,2102,1.6939,2.46,28.25
Pristine,8.65,86.0,BASA,LAYAK,Mineral,40372.60,2.0330,13956.60,0.7028,0.6599,2108,1.6988,2.15,28.25
Pristine,8.65,86.0,BASA,LAYAK,Mineral,40671.90,2.0480,11163.90,0.5622,0.5278,2107,1.6979,2.21,28.25
Pristine,8.65,86.0,BASA,LAYAK,Mineral,40678.30,2.0483,13266.80,0.6680,0.6273,2102,1.6939,2.46,28.25
Pristine,8.65,86.0,BASA,LAYAK,Mineral,40881.60,2.0586,12298.50,0.6193,0.5815,2114,1.7036,1.85,28.25
Pristine,8.65,86.0,BASA,LAYAK,Mineral,40692.60,2.0491,12066.50,0.6076,0.5705,2100,1.6923,2.56,28.25
Pristine,8.65,86.0,BASA,LAYAK,Mineral,40660.70,2.0475,12762.70,0.6427,0.6034,2105,1.6963,2.31,28.25
Pristine,8.65,86.0,BASA,LAYAK,Mineral,40723.20,2.0506,11445.70,0.5763,0.5412,2100,1.6923,2.56,28.25
Pristine,8.65,86.0,BASA,LAYAK,Mineral,40547.10,2.0417,13191.60,0.6643,0.6237,2100,1.6923,2.56,28.25
Pristine,8.65,86.0,BASA,LAYAK,Mineral,40435.00,2.0361,12386.50,0.6237,0.5857,2099,1.6915,2.62,28.25
Pristine,8.65,86.0,BASA,LAYAK,Mineral,40743.90,2.0516,12200.90,0.6144,0.5769,2105,1.6963,2.31,28.25
Pristine,8.65,86.0,BASA,LAYAK,Mineral,40534.30,2.0411,12541.90,0.6315,0.5930,2112,1.7020,1.95,28.25
Pristine,8.65,86.0,BASA,LAYAK,Mineral,40871.90,2.0581,13042.70,0.6568,0.6167,2098,1.6907,2.67,28.25
Pristine,8.65,86.0,BASA,LAYAK,Mineral,40599.80,2.0444,11341.60,0.5711,0.5362,2103,1.6947,2.41,28.25
Pristine,8.65,86.0,BASA,LAYAK,Mineral,40588.60,2.0438,13939.00,0.7019,0.6591,2101,1.6931,2.51,28.25
Pristine,8.65,86.0,BASA,LAYAK,Mineral,40563.00,2.0425,11392.90,0.5737,0.5387,2102,1.6939,2.46,28.25
Pristine,8.65,86.0,BASA,LAYAK,Mineral,40324.70,2.0305,13276.40,0.6685,0.6277,2112,1.7020,1.95,28.25
Pristine,8.65,86.0,BASA,LAYAK,Mineral,40599.90,2.0444,12442.80,0.6266,0.5883,2105,1.6963,2.31,28.25
Pristine,8.65,86.0,BASA,LAYAK,Mineral,40497.50,2.0392,11450.40,0.5766,0.5420,2095,1.6883,2.82,28.19
Pristine,8.65,86.0,BASA,LAYAK,Mineral,40928.00,2.0609,13911.80,0.7005,0.6578,2099,1.6915,2.62,28.25
Pristine,8.65,86.0,BASA,LAYAK,Mineral,40558.20,2.0423,11325.70,0.5703,0.5355,2098,1.6907,2.67,28.25
Pristine,8.65,86.0,BASA,LAYAK,Mineral,40601.40,2.0445,13172.40,0.6633,0.6228,2094,1.6875,2.87,28.25
Pristine,8.65,86.0,BASA,LAYAK,Mineral,40369.40,2.0328,12487.50,0.6288,0.5904,2115,1.7044,1.79,28.25
Pristine,8.65,86.0,BASA,LAYAK,Mineral,41038.40,2.0665,12136.90,0.6112,0.5739,2098,1.6907,2.67,28.25
Pristine,8.65,86.0,BASA,LAYAK,Mineral,40521.50,2.0405,12607.40,0.6348,0.5961,2098,1.6907,2.67,28.25
Pristine,8.65,86.0,BASA,LAYAK,Mineral,40828.60,2.0559,12964.30,0.6528,0.6130,2083,1.6786,3.44,28.25
Pristine,8.65,86.0,BASA,LAYAK,Mineral,40913.50,2.0602,11864.90,0.5975,0.5610,2104,1.6955,2.36,28.25
Pristine,8.65,86.0,BASA,LAYAK,Mineral,40940.80,2.0616,13122.90,0.6608,0.6205,2100,1.6923,2.56,28.25
Pristine,8.65,86.0,BASA,LAYAK,Mineral,40851.10,2.0570,13018.70,0.6556,0.6155,2099,1.6915,2.62,28.25
Pristine,8.65,86.0,BASA,LAYAK,Mineral,40993.60,2.0642,11415.30,0.5748,0.5397,2101,1.6931,2.51,28.25
Pristine,8.65,86.0,BASA,LAYAK,Mineral,41033.60,2.0662,13807.70,0.6953,0.6528,2111,1.7012,2.00,28.25
Pristine,8.65,86.0,BASA,LAYAK,Mineral,40531.00,2.0409,11967.30,0.6026,0.5658,2101,1.6931,2.51,28.25
Pristine,8.65,86.0,BASA,LAYAK,Mineral,40681.40,2.0485,12236.30,0.6162,0.5779,2100,1.6923,2.56,28.31
Pristine,8.65,86.0,BASA,LAYAK,Mineral,40679.90,2.0484,13626.70,0.6862,0.6443,2111,1.7012,2.00,28.25
Pristine,8.65,86.0,BASA,LAYAK,Mineral,40828.70,2.0559,11195.90,0.5638,0.5294,2120,1.7084,1.54,28.25
Pristine,8.65,86.0,BASA,LAYAK,Mineral,40795.10,2.0542,13132.40,0.6613,0.6209,2101,1.6931,2.51,28.25
Pristine,8.65,86.0,BASA,LAYAK,Mineral,40729.50,2.0509,12554.70,0.6322,0.5929,2100,1.6923,2.56,28.31
Pristine,8.65,86.0,BASA,LAYAK,Mineral,40697.40,2.0493,11970.30,0.6028,0.5660,2106,1.6971,2.26,28.25
Pristine,8.65,86.0,BASA,LAYAK,Mineral,40577.40,2.0433,12570.70,0.6330,0.5944,2101,1.6931,2.51,28.25
Pristine,8.65,86.0,BASA,LAYAK,Mineral,40902.20,2.0596,12932.30,0.6512,0.6115,2100,1.6923,2.56,28.25
Pristine,8.65,86.0,BASA,LAYAK,Mineral,40492.60,2.0390,11477.50,0.5779,0.5427,2099,1.6915,2.62,28.25
Vit,8.33,170.0,NETRAL,LAYAK,Mineral,40905.50,2.0598,12477.70,0.6283,0.5872,2098,1.6907,2.67,28.50
Vit,8.33,170.0,NETRAL,LAYAK,Mineral,41116.70,2.0704,12810.70,0.6451,0.6029,2096,1.6891,2.77,28.50
Vit,8.33,170.0,NETRAL,LAYAK,Mineral,41102.30,2.0697,13263.50,0.6679,0.6242,2102,1.6939,2.46,28.50
Vit,8.33,170.0,NETRAL,LAYAK,Mineral,41083.10,2.0687,11780.10,0.5932,0.5550,2106,1.6971,2.26,28.44
Vit,8.33,170.0,NETRAL,LAYAK,Mineral,41078.30,2.0685,13967.70,0.7033,0.6581,2102,1.6939,2.46,28.44
Vit,8.33,170.0,NETRAL,LAYAK,Mineral,40995.10,2.0643,11965.80,0.6025,0.5631,2108,1.6988,2.15,28.50
Vit,8.33,170.0,NETRAL,LAYAK,Mineral,41110.40,2.0701,13058.70,0.6576,0.6145,2104,1.6955,2.36,28.50
Vit,8.33,170.0,NETRAL,LAYAK,Mineral,40934.20,2.0612,12705.20,0.6398,0.5979,2126,1.7133,1.23,28.50
Vit,8.33,170.0,NETRAL,LAYAK,Mineral,41368.00,2.0831,12541.70,0.6315,0.5902,2101,1.6931,2.51,28.50
Vit,8.33,170.0,NETRAL,LAYAK,Mineral,40647.80,2.0468,13426.80,0.6761,0.6319,2108,1.6988,2.15,28.50
Vit,8.33,170.0,NETRAL,LAYAK,Mineral,40607.80,2.0448,13127.60,0.6610,0.6178,2102,1.6939,2.46,28.50
Vit,8.33,170.0,NETRAL,LAYAK,Mineral,41044.70,2.0668,12255.40,0.6171,0.5767,2101,1.6931,2.51,28.50
Vit,8.33,170.0,NETRAL,LAYAK,Mineral,40830.20,2.0560,12837.90,0.6464,0.6042,2099,1.6915,2.62,28.50
Vit,8.33,170.0,NETRAL,LAYAK,Mineral,40750.20,2.0520,13389.90,0.6742,0.6301,2100,1.6923,2.56,28.50
Vit,8.33,170.0,NETRAL,LAYAK,Mineral,40974.30,2.0633,11697.00,0.5890,0.5505,2098,1.6907,2.67,28.50
Vit,8.33,170.0,NETRAL,LAYAK,Mineral,40859.10,2.0575,14183.80,0.7142,0.6675,2101,1.6931,2.51,28.50
Vit,8.33,170.0,NETRAL,LAYAK,Mineral,40979.10,2.0635,12095.40,0.6091,0.5692,2102,1.6939,2.46,28.50
Vit,8.33,170.0,NETRAL,LAYAK,Mineral,41307.20,2.0800,13012.30,0.6552,0.6124,2100,1.6923,2.56,28.50
Vit,8.33,170.0,NETRAL,LAYAK,Mineral,40763.00,2.0526,13353.20,0.6724,0.6284,2100,1.6923,2.56,28.50
Vit,8.33,170.0,NETRAL,LAYAK,Mineral,40859.10,2.0575,12064.80,0.6075,0.5678,2100,1.6923,2.56,28.50
Vit,8.33,170.0,NETRAL,LAYAK,Mineral,40937.50,2.0614,13787.00,0.6942,0.6488,2099,1.6915,2.62,28.50
Vit,8.33,170.0,NETRAL,LAYAK,Mineral,40697.40,2.0493,12642.70,0.6366,0.5950,2101,1.6931,2.51,28.50
Vit,8.33,170.0,NETRAL,LAYAK,Mineral,40443.00,2.0365,12170.70,0.6129,0.5728,2097,1.6899,2.72,28.50
Vit,8.33,170.0,NETRAL,LAYAK,Mineral,41025.60,2.0658,14198.20,0.7149,0.6682,2103,1.6947,2.41,28.50
Vit,8.33,170.0,NETRAL,LAYAK,Mineral,40711.90,2.0500,12261.80,0.6174,0.5770,2099,1.6915,2.62,28.50
Vit,8.33,170.0,NETRAL,LAYAK,Mineral,40915.10,2.0603,12257.10,0.6172,0.5768,2100,1.6923,2.56,28.50
Vit,8.33,170.0,NETRAL,LAYAK,Mineral,40883.10,2.0587,13844.60,0.6971,0.6515,2102,1.6939,2.46,28.50
Vit,8.33,170.0,NETRAL,LAYAK,Mineral,40863.90,2.0577,11656.90,0.5870,0.5486,2101,1.6931,2.51,28.50
Vit,8.33,170.0,NETRAL,LAYAK,Mineral,40889.50,2.0590,11781.60,0.5933,0.5544,2102,1.6939,2.46,28.50
Vit,8.33,170.0,NETRAL,LAYAK,Mineral,40759.80,2.0525,13918.10,0.7008,0.6550,2102,1.6939,2.46,28.50
Vit,8.33,170.0,NETRAL,LAYAK,Mineral,40855.90,2.0573,11511.20,0.5796,0.5417,2100,1.6923,2.56,28.50
Vit,8.33,170.0,NETRAL,LAYAK,Mineral,41214.40,2.0753,13527.40,0.6812,0.6366,2102,1.6939,2.46,28.50
Vit,8.33,170.0,NETRAL,LAYAK,Mineral,41412.80,2.0853,12479.40,0.6284,0.5873,2101,1.6931,2.51,28.50
Vit,8.33,170.0,NETRAL,LAYAK,Mineral,41039.90,2.0666,12314.40,0.6201,0.5795,2098,1.6907,2.67,28.50
Vit,8.33,170.0,NETRAL,LAYAK,Mineral,40843.10,2.0566,13295.50,0.6695,0.6257,2099,1.6915,2.62,28.50
Vit,8.33,170.0,NETRAL,LAYAK,Mineral,41003.10,2.0647,12734.00,0.6412,0.5993,2101,1.6931,2.51,28.50
Vit,8.33,170.0,NETRAL,LAYAK,Mineral,41083.20,2.0687,12344.70,0.6216,0.5809,2100,1.6923,2.56,28.50
Vit,8.33,170.0,NETRAL,LAYAK,Mineral,40975.90,2.0633,13126.10,0.6610,0.6177,2101,1.6931,2.51,28.50
Vit,8.33,170.0,NETRAL,LAYAK,Mineral,41171.10,2.0732,13092.40,0.6593,0.6161,2097,1.6899,2.72,28.50
Vit,8.33,170.0,NETRAL,LAYAK,Mineral,41470.50,2.0882,11594.40,0.5838,0.5456,2102,1.6939,2.46,28.50
Vit,8.33,170.0,NETRAL,LAYAK,Mineral,41209.60,2.0751,13910.10,0.7004,0.6546,2099,1.6915,2.62,28.50
Vit,8.33,170.0,NETRAL,LAYAK,Mineral,41259.10,2.0776,12535.50,0.6312,0.5899,2100,1.6923,2.56,28.50
Vit,8.33,170.0,NETRAL,LAYAK,Mineral,41678.40,2.0987,11647.40,0.5865,0.5481,2102,1.6939,2.46,28.50
Vit,8.33,170.0,NETRAL,LAYAK,Mineral,40910.20,2.0600,14153.40,0.7127,0.6661,2100,1.6923,2.56,28.50
Vit,8.33,170.0,NETRAL,LAYAK,Mineral,40767.80,2.0529,12404.20,0.6246,0.5837,2099,1.6915,2.62,28.50
Vit,8.33,170.0,NETRAL,LAYAK,Mineral,40951.80,2.0621,12405.90,0.6247,0.5838,2099,1.6915,2.62,28.50
Vit,8.33,170.0,NETRAL,LAYAK,Mineral,41385.50,2.0840,13967.70,0.7033,0.6573,2101,1.6931,2.51,28.50
Vit,8.33,170.0,NETRAL,LAYAK,Mineral,41116.80,2.0704,11455.10,0.5768,0.5391,2101,1.6931,2.51,28.50
Vit,8.33,170.0,NETRAL,LAYAK,Mineral,41025.40,2.0658,13097.20,0.6595,0.6164,2104,1.6955,2.36,28.50
Vit,8.33,170.0,NETRAL,LAYAK,Mineral,41172.70,2.0732,13321.20,0.6708,0.6269,2101,1.6931,2.51,28.50
Vit,8.33,170.0,NETRAL,LAYAK,Mineral,41488.00,2.0891,11936.90,0.6011,0.5618,2104,1.6955,2.36,28.50
Vit,8.33,170.0,NETRAL,LAYAK,Mineral,41382.30,2.0838,14062.10,0.7081,0.6618,2100,1.6923,2.56,28.50
Vit,8.33,170.0,NETRAL,LAYAK,Mineral,41278.30,2.0786,12330.40,0.6209,0.5803,2100,1.6923,2.56,28.50
Vit,8.33,170.0,NETRAL,LAYAK,Mineral,41244.80,2.0769,11644.00,0.5863,0.5480,2100,1.6923,2.56,28.50
Vit,8.33,170.0,NETRAL,LAYAK,Mineral,41371.10,2.0832,14230.20,0.7166,0.6697,2099,1.6915,2.62,28.50
Vit,8.33,170.0,NETRAL,LAYAK,Mineral,40908.60,2.0599,11586.60,0.5834,0.5453,2102,1.6939,2.46,28.50
Vit,8.33,170.0,NETRAL,LAYAK,Mineral,41089.50,2.0691,13372.40,0.6734,0.6293,2106,1.6971,2.26,28.50
Vit,8.33,170.0,NETRAL,LAYAK,Mineral,41321.60,2.0807,13033.20,0.6563,0.6133,2097,1.6899,2.72,28.50
Vit,8.33,170.0,NETRAL,LAYAK,Mineral,41137.50,2.0715,11567.10,0.5825,0.5444,2101,1.6931,2.51,28.50
Vit,8.33,170.0,NETRAL,LAYAK,Mineral,41409.60,2.0852,13578.60,0.6837,0.6390,2102,1.6939,2.46,28.50
Vit,8.33,170.0,NETRAL,LAYAK,Mineral,41135.80,2.0714,13236.30,0.6665,0.6229,2102,1.6939,2.46,28.50
Vit,8.33,170.0,NETRAL,LAYAK,Mineral,41105.50,2.0699,11666.40,0.5875,0.5490,2107,1.6979,2.21,28.50
Vit,8.33,170.0,NETRAL,LAYAK,Mineral,41180.70,2.0736,14241.40,0.7171,0.6702,2128,1.7149,1.13,28.50
Vit,8.33,170.0,NETRAL,LAYAK,Mineral,41334.30,2.0814,11709.80,0.5896,0.5511,2108,1.6988,2.15,28.50
Vit,8.33,170.0,NETRAL,LAYAK,Mineral,41116.70,2.0704,13417.20,0.6756,0.6314,2125,1.7125,1.28,28.50
Vit,8.33,170.0,NETRAL,LAYAK,Mineral,41075.00,2.0683,14025.30,0.7062,0.6600,2104,1.6955,2.36,28.50
Vit,8.33,170.0,NETRAL,LAYAK,Mineral,41115.00,2.0703,11455.10,0.5768,0.5391,2104,1.6955,2.36,28.50
Vit,8.33,170.0,NETRAL,LAYAK,Mineral,41528.00,2.0911,13284.30,0.6689,0.6252,2102,1.6939,2.46,28.50
Vit,8.33,170.0,NETRAL,LAYAK,Mineral,41089.40,2.0690,13327.50,0.6711,0.6272,2106,1.6971,2.26,28.50
Vit,8.33,170.0,NETRAL,LAYAK,Mineral,41054.20,2.0673,12053.70,0.6070,0.5673,2099,1.6915,2.62,28.50
Vit,8.33,170.0,NETRAL,LAYAK,Mineral,41497.60,2.0896,13605.90,0.6851,0.6403,2115,1.7044,1.79,28.50
Vit,8.33,170.0,NETRAL,LAYAK,Mineral,41191.80,2.0742,12529.00,0.6309,0.5896,2102,1.6939,2.46,28.50
Vit,8.33,170.0,NETRAL,LAYAK,Mineral,40999.80,2.0645,12471.30,0.6280,0.5869,2100,1.6923,2.56,28.50
Vit,8.33,170.0,NETRAL,LAYAK,Mineral,41478.40,2.0886,12862.00,0.6477,0.6046,2099,1.6915,2.62,28.56
Vit,8.33,170.0,NETRAL,LAYAK,Mineral,41784.00,2.1040,13289.10,0.6692,0.6254,2102,1.6939,2.46,28.50
Vit,8.33,170.0,NETRAL,LAYAK,Mineral,41159.80,2.0726,11877.80,0.5981,0.5590,2108,1.6988,2.15,28.50
Vit,8.33,170.0,NETRAL,LAYAK,Mineral,41391.90,2.0843,14135.70,0.7118,0.6652,2102,1.6939,2.46,28.50
Vit,8.33,170.0,NETRAL,LAYAK,Mineral,41278.30,2.0786,12530.50,0.6310,0.5897,2127,1.7141,1.18,28.50
Vit,8.33,170.0,NETRAL,LAYAK,Mineral,41641.50,2.0968,11690.40,0.5887,0.5502,2105,1.6963,2.31,28.50
Vit,8.33,170.0,NETRAL,LAYAK,Mineral,41177.40,2.0735,14239.60,0.7170,0.6701,2102,1.6939,2.46,28.50
Vit,8.33,170.0,NETRAL,LAYAK,Mineral,41819.20,2.1058,12290.50,0.6189,0.5777,2102,1.6939,2.46,28.56
Vit,8.33,170.0,NETRAL,LAYAK,Mineral,41523.10,2.0909,13154.80,0.6624,0.6191,2100,1.6923,2.56,28.50
Vit,8.33,170.0,NETRAL,LAYAK,Mineral,41257.50,2.0775,12701.90,0.6396,0.5978,2100,1.6923,2.56,28.50
Vit,8.33,170.0,NETRAL,LAYAK,Mineral,41479.90,2.0887,12500.10,0.6294,0.5883,2100,1.6923,2.56,28.50
Vit,8.33,170.0,NETRAL,LAYAK,Mineral,41512.00,2.0903,12773.90,0.6432,0.6011,2101,1.6931,2.51,28.50
Vit,8.33,170.0,NETRAL,LAYAK,Mineral,41580.70,2.0938,13314.70,0.6705,0.6266,2106,1.6971,2.26,28.50
Vit,8.33,170.0,NETRAL,LAYAK,Mineral,41588.70,2.0942,12024.90,0.6055,0.5659,2103,1.6947,2.41,28.50
Vit,8.33,170.0,NETRAL,LAYAK,Mineral,41091.00,2.0691,13667.00,0.6882,0.6432,2108,1.6988,2.15,28.50
Vit,8.33,170.0,NETRAL,LAYAK,Mineral,41593.60,2.0944,12732.20,0.6411,0.5992,2101,1.6931,2.51,28.50
Vit,8.33,170.0,NETRAL,LAYAK,Mineral,41452.80,2.0873,11621.70,0.5852,0.5469,2105,1.6963,2.31,28.50
Vit,8.33,170.0,NETRAL,LAYAK,Mineral,41537.50,2.0916,13503.80,0.6800,0.6348,2100,1.6923,2.56,28.56
Vit,8.33,170.0,NETRAL,LAYAK,Mineral,41857.50,2.1077,11669.70,0.5876,0.5492,2103,1.6947,2.41,28.50
Vit,8.33,170.0,NETRAL,LAYAK,Mineral,41468.70,2.0881,13455.70,0.6776,0.6332,2101,1.6931,2.51,28.50
Vit,8.33,170.0,NETRAL,LAYAK,Mineral,41758.40,2.1027,12578.70,0.6334,0.5920,2105,1.6963,2.31,28.50
Vit,8.33,170.0,NETRAL,LAYAK,Mineral,41804.80,2.1051,12426.40,0.6257,0.5848,2104,1.6955,2.36,28.50
Vit,8.33,170.0,NETRAL,LAYAK,Mineral,41774.40,2.1035,12893.90,0.6493,0.6068,2106,1.6971,2.26,28.50
Vit,8.33,170.0,NETRAL,LAYAK,Mineral,41371.00,2.0832,13266.70,0.6680,0.6243,2098,1.6907,2.67,28.50
Vit,8.33,170.0,NETRAL,LAYAK,Mineral,41649.50,2.0973,11597.60,0.5840,0.5452,2099,1.6915,2.62,28.56
Vit,8.33,170.0,NETRAL,LAYAK,Mineral,41739.20,2.1018,14230.20,0.7166,0.6697,2101,1.6931,2.51,28.50
Vit,8.33,170.0,NETRAL,LAYAK,Mineral,41876.90,2.1087,11665.00,0.5874,0.5490,2105,1.6963,2.31,28.50
Vit,8.33,170.0,NETRAL,LAYAK,Mineral,41481.50,2.0888,13487.60,0.6792,0.6347,2101,1.6931,2.51,28.50
Vit,8.33,170.0,NETRAL,LAYAK,Mineral,41931.20,2.1114,13349.90,0.6722,0.6283,2101,1.6931,2.51,28.50
Vit,8.33,170.0,NETRAL,LAYAK,Mineral,41774.30,2.1035,11701.80,0.5892,0.5507,2098,1.6907,2.67,28.50
Vit,8.33,170.0,NETRAL,LAYAK,Mineral,42009.60,2.1154,14137.40,0.7119,0.6653,2101,1.6931,2.51,28.50
Vit,8.33,170.0,NETRAL,LAYAK,Mineral,41768.00,2.1032,12098.60,0.6092,0.5694,2100,1.6923,2.56,28.50
Vit,8.33,170.0,NETRAL,LAYAK,Mineral,41559.90,2.0927,11772.00,0.5928,0.5534,2100,1.6923,2.56,28.56
Vit,8.33,170.0,NETRAL,LAYAK,Mineral,41830.30,2.1064,14167.80,0.7134,0.6660,2104,1.6955,2.36,28.56
Vit,8.33,170.0,NETRAL,LAYAK,Mineral,41751.90,2.1024,12098.60,0.6092,0.5694,2101,1.6931,2.51,28.50
Vit,8.33,170.0,NETRAL,LAYAK,Mineral,41609.60,2.0952,13054.00,0.6573,0.6143,2100,1.6923,2.56,28.50
Vit,8.33,170.0,NETRAL,LAYAK,Mineral,41727.90,2.1012,13519.60,0.6808,0.6362,2100,1.6923,2.56,28.50
Vit,8.33,170.0,NETRAL,LAYAK,Mineral,41695.90,2.0996,12000.90,0.6043,0.5648,2101,1.6931,2.51,28.50
Vit,8.33,170.0,NETRAL,LAYAK,Mineral,41329.40,2.0811,13531.00,0.6814,0.6360,2100,1.6923,2.56,28.56
Vit,8.33,170.0,NETRAL,LAYAK,Mineral,41976.00,2.1137,13751.80,0.6925,0.6472,2124,1.7116,1.33,28.50
Vit,8.33,170.0,NETRAL,LAYAK,Mineral,41852.80,2.1075,11741.70,0.5913,0.5526,2100,1.6923,2.56,28.50
Vit,8.33,170.0,NETRAL,LAYAK,Mineral,41971.30,2.1135,13455.70,0.6776,0.6325,2100,1.6923,2.56,28.56
Vit,8.33,170.0,NETRAL,LAYAK,Mineral,42256.10,2.1278,12895.60,0.6494,0.6069,2100,1.6923,2.56,28.50
Vit,8.33,170.0,NETRAL,LAYAK,Mineral,41944.10,2.1121,12213.70,0.6150,0.5748,2101,1.6931,2.51,28.50
Vit,8.33,170.0,NETRAL,LAYAK,Mineral,41852.70,2.1075,13663.80,0.6880,0.6430,2114,1.7036,1.85,28.50
Vit,8.33,170.0,NETRAL,LAYAK,Mineral,41868.70,2.1083,12541.90,0.6315,0.5902,2099,1.6915,2.62,28.50
Vit,8.33,170.0,NETRAL,LAYAK,Mineral,41743.90,2.1020,12509.90,0.6299,0.5887,2109,1.6996,2.10,28.50
Vit,8.33,170.0,NETRAL,LAYAK,Mineral,41798.30,2.1047,14271.90,0.7187,0.6716,2102,1.6939,2.46,28.50
Vit,8.33,170.0,NETRAL,LAYAK,Mineral,41879.90,2.1089,11445.50,0.5763,0.5386,2106,1.6971,2.26,28.50
Vit,8.33,170.0,NETRAL,LAYAK,Mineral,41868.80,2.1083,12849.10,0.6470,0.6047,2122,1.7100,1.44,28.50
Vit,8.33,170.0,NETRAL,LAYAK,Mineral,41943.90,2.1121,13133.70,0.6613,0.6181,2100,1.6923,2.56,28.50
Vit,8.33,170.0,NETRAL,LAYAK,Mineral,42300.90,2.1301,11671.20,0.5877,0.5493,2100,1.6923,2.56,28.50
Vit,8.33,170.0,NETRAL,LAYAK,Mineral,41742.40,2.1019,14148.60,0.7124,0.6658,2110,1.7004,2.05,28.50
Vit,8.33,170.0,NETRAL,LAYAK,Mineral,42115.20,2.1207,11914.60,0.6000,0.5607,2101,1.6931,2.51,28.50
Vit,8.33,170.0,NETRAL,LAYAK,Mineral,42246.60,2.1273,13156.40,0.6625,0.6191,2102,1.6939,2.46,28.50
Vit,8.33,170.0,NETRAL,LAYAK,Mineral,42054.50,2.1176,13113.20,0.6603,0.6171,2108,1.6988,2.15,28.50
Vit,8.33,170.0,NETRAL,LAYAK,Mineral,41830.40,2.1064,12181.60,0.6134,0.5733,2097,1.6899,2.72,28.50
Vit,8.33,170.0,NETRAL,LAYAK,Mineral,42059.30,2.1179,13130.80,0.6612,0.6179,2109,1.6996,2.10,28.50
Vit,8.33,170.0,NETRAL,LAYAK,Mineral,41916.80,2.1107,12999.50,0.6546,0.6118,2101,1.6931,2.51,28.50
Vit,8.33,170.0,NETRAL,LAYAK,Mineral,41526.40,2.0911,12578.60,0.6334,0.5920,2101,1.6931,2.51,28.50
Vit,8.33,170.0,NETRAL,LAYAK,Mineral,41454.20,2.0874,13263.50,0.6679,0.6242,2122,1.7100,1.44,28.50
Vit,8.33,170.0,NETRAL,LAYAK,Mineral,41641.50,2.0968,12082.30,0.6084,0.5686,2101,1.6931,2.51,28.50
Vit,8.33,170.0,NETRAL,LAYAK,Mineral,41665.50,2.0981,13092.40,0.6593,0.6161,2102,1.6939,2.46,28.50
Vit,8.33,170.0,NETRAL,LAYAK,Mineral,41841.60,2.1069,13353.10,0.6724,0.6284,2100,1.6923,2.56,28.50
Vit,8.33,170.0,NETRAL,LAYAK,Mineral,41667.20,2.0981,11829.70,0.5957,0.5567,2102,1.6939,2.46,28.50
Vit,8.33,170.0,NETRAL,LAYAK,Mineral,42280.10,2.1290,14046.20,0.7073,0.6610,2102,1.6939,2.46,28.50
Vit,8.33,170.0,NETRAL,LAYAK,Mineral,41740.70,2.1018,11692.20,0.5888,0.5502,2098,1.6907,2.67,28.50
Vit,8.33,170.0,NETRAL,LAYAK,Mineral,42104.10,2.1201,12762.70,0.6427,0.5999,2105,1.6963,2.31,28.56
Vit,8.33,170.0,NETRAL,LAYAK,Mineral,41452.70,2.0873,13369.20,0.6732,0.6292,2098,1.6907,2.67,28.50
Vit,8.33,170.0,NETRAL,LAYAK,Mineral,41934.30,2.1116,12194.40,0.6140,0.5732,2102,1.6939,2.46,28.56
Vit,8.33,170.0,NETRAL,LAYAK,Mineral,41904.10,2.1101,14140.60,0.7120,0.6655,2099,1.6915,2.62,28.50
Vit,8.33,170.0,NETRAL,LAYAK,Mineral,41678.40,2.0987,11546.60,0.5814,0.5434,2101,1.6931,2.51,28.50
Vit,8.33,170.0,NETRAL,LAYAK,Mineral,41763.10,2.1030,12943.50,0.6518,0.6091,2115,1.7044,1.79,28.50
Vit,8.33,170.0,NETRAL,LAYAK,Mineral,41816.00,2.1056,13217.30,0.6656,0.6220,2098,1.6907,2.67,28.50
Vit,8.33,170.0,NETRAL,LAYAK,Mineral,42031.90,2.1165,12290.50,0.6189,0.5784,2099,1.6915,2.62,28.50
Vit,8.33,170.0,NETRAL,LAYAK,Mineral,41838.40,2.1068,12980.30,0.6536,0.6109,2100,1.6923,2.56,28.50
Vit,8.33,170.0,NETRAL,LAYAK,Mineral,42347.30,2.1324,13249.10,0.6672,0.6235,2100,1.6923,2.56,28.50
Vit,8.33,170.0,NETRAL,LAYAK,Mineral,42152.10,2.1226,11567.30,0.5825,0.5444,2102,1.6939,2.46,28.50
Vit,8.33,170.0,NETRAL,LAYAK,Mineral,42208.20,2.1254,14182.20,0.7141,0.6666,2100,1.6923,2.56,28.56
Vit,8.33,170.0,NETRAL,LAYAK,Mineral,42187.30,2.1243,11529.00,0.5805,0.5419,2098,1.6907,2.67,28.56
Vit,8.33,170.0,NETRAL,LAYAK,Mineral,41862.40,2.1080,12976.90,0.6534,0.6107,2126,1.7133,1.23,28.50
Vit,8.33,170.0,NETRAL,LAYAK,Mineral,41963.20,2.1130,13153.20,0.6623,0.6190,2107,1.6979,2.21,28.50
Vit,8.33,170.0,NETRAL,LAYAK,Mineral,41955.10,2.1126,12256.90,0.6172,0.5768,2085,1.6802,3.33,28.50
Vit,8.33,170.0,NETRAL,LAYAK,Mineral,42036.80,2.1168,13094.10,0.6594,0.6162,2100,1.6923,2.56,28.50
Vit,8.33,170.0,NETRAL,LAYAK,Mineral,42315.40,2.1308,13207.50,0.6651,0.6216,2101,1.6931,2.51,28.50
Vit,8.33,170.0,NETRAL,LAYAK,Mineral,41936.20,2.1117,12157.80,0.6122,0.5722,2107,1.6979,2.21,28.50
Vit,8.33,170.0,NETRAL,LAYAK,Mineral,42257.70,2.1279,13534.20,0.6815,0.6369,2103,1.6947,2.41,28.50
Vit,8.33,170.0,NETRAL,LAYAK,Mineral,42016.00,2.1157,12775.50,0.6433,0.6005,2097,1.6899,2.72,28.56
Vit,8.33,170.0,NETRAL,LAYAK,Mineral,41937.70,2.1118,11698.40,0.5891,0.5505,2097,1.6899,2.72,28.50
Vit,8.33,170.0,NETRAL,LAYAK,Mineral,41966.40,2.1132,13964.40,0.7032,0.6572,2099,1.6915,2.62,28.50
Vit,8.33,170.0,NETRAL,LAYAK,Mineral,42064.10,2.1181,11599.30,0.5841,0.5459,2098,1.6907,2.67,28.50
Vit,8.33,170.0,NETRAL,LAYAK,Mineral,41444.70,2.0869,13113.20,0.6603,0.6171,2107,1.6979,2.21,28.50
Vit,8.33,170.0,NETRAL,LAYAK,Mineral,42027.40,2.1163,13149.60,0.6621,0.6188,2101,1.6931,2.51,28.50
Vit,8.33,170.0,NETRAL,LAYAK,Mineral,41939.20,2.1118,11738.50,0.5911,0.5524,2098,1.6907,2.67,28.50
Vit,8.33,170.0,NETRAL,LAYAK,Mineral,42131.40,2.1215,14243.00,0.7172,0.6703,2108,1.6988,2.15,28.50
Vit,8.33,170.0,NETRAL,LAYAK,Mineral,42230.50,2.1265,11528.90,0.5805,0.5426,2099,1.6915,2.62,28.50
Vit,8.33,170.0,NETRAL,LAYAK,Mineral,42036.80,2.1168,13602.80,0.6850,0.6402,2110,1.7004,2.05,28.50
Vit,8.33,170.0,NETRAL,LAYAK,Mineral,41895.90,2.1097,12514.60,0.6302,0.5883,2083,1.6786,3.44,28.56
Vit,8.33,170.0,NETRAL,LAYAK,Mineral,42084.90,2.1192,12447.20,0.6268,0.5858,2099,1.6915,2.62,28.50
Vit,8.33,170.0,NETRAL,LAYAK,Mineral,41960.00,2.1129,12949.90,0.6521,0.6094,2098,1.6907,2.67,28.50
Vit,8.33,170.0,NETRAL,LAYAK,Mineral,41753.50,2.1025,13122.40,0.6608,0.6175,2100,1.6923,2.56,28.50
Vit,8.33,170.0,NETRAL,LAYAK,Mineral,42161.80,2.1230,13583.50,0.6840,0.6392,2099,1.6915,2.62,28.50
Vit,8.33,170.0,NETRAL,LAYAK,Mineral,42091.30,2.1195,12613.90,0.6352,0.5929,2104,1.6955,2.36,28.56
Vit,8.33,170.0,NETRAL,LAYAK,Mineral,42224.00,2.1262,12344.80,0.6216,0.5810,2096,1.6891,2.77,28.50
Vit,8.33,170.0,NETRAL,LAYAK,Mineral,42270.60,2.1285,13047.50,0.6570,0.6140,2104,1.6955,2.36,28.50
Vit,8.33,170.0,NETRAL,LAYAK,Mineral,42270.70,2.1285,13004.10,0.6548,0.6120,2104,1.6955,2.36,28.50
Vit,8.33,170.0,NETRAL,LAYAK,Mineral,41944.00,2.1121,11752.80,0.5918,0.5531,2109,1.6996,2.10,28.50
Vit,8.33,170.0,NETRAL,LAYAK,Mineral,41934.40,2.1116,14362.90,0.7232,0.6759,2107,1.6979,2.21,28.50
Vit,8.33,170.0,NETRAL,LAYAK,Mineral,41859.30,2.1078,11815.40,0.5950,0.5560,2102,1.6939,2.46,28.50
Vit,8.33,170.0,NETRAL,LAYAK,Mineral,41807.90,2.1052,13108.40,0.6601,0.6169,2097,1.6899,2.72,28.50
Vit,8.33,170.0,NETRAL,LAYAK,Mineral,41884.80,2.1091,12956.50,0.6524,0.6097,2097,1.6899,2.72,28.50
Vit,8.33,170.0,NETRAL,LAYAK,Mineral,42171.30,2.1235,12244.10,0.6165,0.5762,2114,1.7036,1.85,28.50
Vit,8.33,170.0,NETRAL,LAYAK,Mineral,41721.50,2.1009,14099.00,0.7100,0.6635,2099,1.6915,2.62,28.50
Vit,8.33,170.0,NETRAL,LAYAK,Mineral,42038.50,2.1168,11663.40,0.5873,0.5482,2108,1.6988,2.15,28.56
Vit,8.33,170.0,NETRAL,LAYAK,Mineral,41911.90,2.1105,13029.90,0.6561,0.6125,2101,1.6931,2.51,28.56
Vit,8.33,170.0,NETRAL,LAYAK,Mineral,42024.00,2.1161,13497.10,0.6796,0.6352,2101,1.6931,2.51,28.50
Vit,8.33,170.0,NETRAL,LAYAK,Mineral,42169.80,2.1235,12028.10,0.6057,0.5660,2100,1.6923,2.56,28.50
Vit,8.33,170.0,NETRAL,LAYAK,Mineral,41755.10,2.1026,13318.00,0.6706,0.6260,2100,1.6923,2.56,28.56
Vit,8.33,170.0,NETRAL,LAYAK,Mineral,41867.10,2.1082,13094.00,0.6593,0.6162,2101,1.6931,2.51,28.50
Vit,8.33,170.0,NETRAL,LAYAK,Mineral,41996.80,2.1147,12064.80,0.6075,0.5678,2106,1.6971,2.26,28.50
Vit,8.33,170.0,NETRAL,LAYAK,Mineral,41900.70,2.1099,13101.90,0.6597,0.6166,2085,1.6802,3.33,28.50
Vit,8.33,170.0,NETRAL,LAYAK,Mineral,41721.50,2.1009,13116.20,0.6605,0.6173,2098,1.6907,2.67,28.50
Vit,8.33,170.0,NETRAL,LAYAK,Mineral,41748.60,2.1022,11884.10,0.5984,0.5593,2101,1.6931,2.51,28.50
Vit,8.33,170.0,NETRAL,LAYAK,Mineral,42076.90,2.1188,13677.90,0.6887,0.6429,2097,1.6899,2.72,28.56
Vit,8.33,170.0,NETRAL,LAYAK,Mineral,42197.00,2.1248,12709.90,0.6400,0.5974,2098,1.6907,2.67,28.56
Vit,8.33,170.0,NETRAL,LAYAK,Mineral,41980.80,2.1139,12437.70,0.6263,0.5846,2098,1.6907,2.67,28.56
Vit,8.33,170.0,NETRAL,LAYAK,Mineral,41705.60,2.1001,12895.50,0.6493,0.6062,2107,1.6979,2.21,28.56
Prima,8.12,177.0,NETRAL,LAYAK,Mineral,41374.40,2.0834,12255.50,0.6171,0.5681,2098,1.6907,2.67,29.31
Prima,8.12,177.0,NETRAL,LAYAK,Mineral,41263.90,2.0778,14057.20,0.7078,0.6516,2098,1.6907,2.67,29.31
Prima,8.12,177.0,NETRAL,LAYAK,Mineral,41748.80,2.1023,12709.80,0.6400,0.5892,2097,1.6899,2.72,29.31
Prima,8.12,177.0,NETRAL,LAYAK,Mineral,41227.10,2.0760,12631.50,0.6361,0.5856,2101,1.6931,2.51,29.31
Prima,8.12,177.0,NETRAL,LAYAK,Mineral,41324.70,2.0809,13439.60,0.6767,0.6230,2096,1.6891,2.77,29.31
Prima,8.12,177.0,NETRAL,LAYAK,Mineral,41716.80,2.1006,12370.60,0.6229,0.5735,2098,1.6907,2.67,29.31
Prima,8.12,177.0,NETRAL,LAYAK,Mineral,41508.80,2.0902,12951.50,0.6522,0.6004,2096,1.6891,2.77,29.31
Prima,8.12,177.0,NETRAL,LAYAK,Mineral,41691.20,2.0994,12975.40,0.6534,0.6015,2119,1.7076,1.59,29.31
Prima,8.12,177.0,NETRAL,LAYAK,Mineral,41566.30,2.0931,12285.90,0.6187,0.5695,2096,1.6891,2.77,29.31
Prima,8.12,177.0,NETRAL,LAYAK,Mineral,41284.70,2.0789,13679.80,0.6888,0.6341,2096,1.6891,2.77,29.31
Prima,8.12,177.0,NETRAL,LAYAK,Mineral,41595.10,2.0945,12133.70,0.6110,0.5625,2096,1.6891,2.77,29.31
Prima,8.12,177.0,NETRAL,LAYAK,Mineral,41326.20,2.0810,13612.40,0.6854,0.6310,2097,1.6899,2.72,29.31
Prima,8.12,177.0,NETRAL,LAYAK,Mineral,41521.50,2.0908,12769.20,0.6430,0.5919,2123,1.7108,1.38,29.31
Prima,8.12,177.0,NETRAL,LAYAK,Mineral,41500.70,2.0898,12196.20,0.6141,0.5654,2096,1.6891,2.77,29.31
Prima,8.12,177.0,NETRAL,LAYAK,Mineral,41403.10,2.0848,14052.40,0.7076,0.6514,2097,1.6899,2.72,29.31
Prima,8.12,177.0,NETRAL,LAYAK,Mineral,41279.80,2.0786,11882.60,0.5983,0.5508,2100,1.6923,2.56,29.31
Prima,8.12,177.0,NETRAL,LAYAK,Mineral,41332.80,2.0813,12857.10,0.6474,0.5960,2099,1.6915,2.62,29.31
Prima,8.12,177.0,NETRAL,LAYAK,Mineral,41494.30,2.0894,12968.90,0.6530,0.6012,2098,1.6907,2.67,29.31
Prima,8.12,177.0,NETRAL,LAYAK,Mineral,41172.70,2.0732,11616.80,0.5850,0.5385,2095,1.6883,2.82,29.31
Prima,8.12,177.0,NETRAL,LAYAK,Mineral,41472.00,2.0883,14233.10,0.7167,0.6598,2096,1.6891,2.77,29.31
Prima,8.12,177.0,NETRAL,LAYAK,Mineral,41564.80,2.0930,11608.90,0.5846,0.5381,2098,1.6907,2.67,29.31
Prima,8.12,177.0,NETRAL,LAYAK,Mineral,41377.50,2.0836,13558.20,0.6827,0.6285,2098,1.6907,2.67,29.31
Prima,8.12,177.0,NETRAL,LAYAK,Mineral,41414.30,2.0854,13266.80,0.6680,0.6150,2096,1.6891,2.77,29.31
Prima,8.12,177.0,NETRAL,LAYAK,Mineral,41740.80,2.1018,12034.50,0.6060,0.5579,2097,1.6899,2.72,29.31
Prima,8.12,177.0,NETRAL,LAYAK,Mineral,41497.60,2.0896,13446.20,0.6771,0.6233,2097,1.6899,2.72,29.31
Prima,8.12,177.0,NETRAL,LAYAK,Mineral,41547.10,2.0921,12652.40,0.6371,0.5865,2098,1.6907,2.67,29.31
Prima,8.12,177.0,NETRAL,LAYAK,Mineral,41167.80,2.0730,13318.00,0.6706,0.6174,2097,1.6899,2.72,29.31
Prima,8.12,177.0,NETRAL,LAYAK,Mineral,41753.60,2.1025,13297.10,0.6696,0.6164,2083,1.6786,3.44,29.31
Prima,8.12,177.0,NETRAL,LAYAK,Mineral,41556.80,2.0926,11852.20,0.5968,0.5494,2096,1.6891,2.77,29.31
Prima,8.12,177.0,NETRAL,LAYAK,Mineral,41409.50,2.0852,14273.40,0.7187,0.6617,2096,1.6891,2.77,29.31
Prima,8.12,177.0,NETRAL,LAYAK,Mineral,41238.20,2.0765,11519.10,0.5800,0.5340,2098,1.6907,2.67,29.31
Prima,8.12,177.0,NETRAL,LAYAK,Mineral,41571.20,2.0933,13681.10,0.6889,0.6342,2094,1.6875,2.87,29.31
Prima,8.12,177.0,NETRAL,LAYAK,Mineral,41652.80,2.0974,12662.00,0.6376,0.5870,2086,1.6810,3.28,29.31
Prima,8.12,177.0,NETRAL,LAYAK,Mineral,41372.60,2.0833,12514.50,0.6302,0.5801,2118,1.7068,1.64,29.31
Prima,8.12,177.0,NETRAL,LAYAK,Mineral,41188.60,2.0740,13319.70,0.6707,0.6167,2099,1.6915,2.62,29.38
Prima,8.12,177.0,NETRAL,LAYAK,Mineral,41278.20,2.0786,13316.30,0.6705,0.6173,2095,1.6883,2.82,29.31
Prima,8.12,177.0,NETRAL,LAYAK,Mineral,41464.00,2.0879,12381.70,0.6235,0.5740,2097,1.6899,2.72,29.31
Prima,8.12,177.0,NETRAL,LAYAK,Mineral,41294.30,2.0794,12959.50,0.6526,0.6008,2099,1.6915,2.62,29.31
Prima,8.12,177.0,NETRAL,LAYAK,Mineral,41364.70,2.0829,13255.40,0.6675,0.6145,2103,1.6947,2.41,29.31
Prima,8.12,177.0,NETRAL,LAYAK,Mineral,41652.80,2.0974,12108.30,0.6097,0.5613,2082,1.6778,3.49,29.31
Prima,8.12,177.0,NETRAL,LAYAK,Mineral,41363.10,2.0828,13642.90,0.6870,0.6324,2099,1.6915,2.62,29.31
Prima,8.12,177.0,NETRAL,LAYAK,Mineral,41696.00,2.0996,12354.50,0.6221,0.5727,2095,1.6883,2.82,29.31
Prima,8.12,177.0,NETRAL,LAYAK,Mineral,41382.30,2.0838,13073.20,0.6583,0.6060,2103,1.6947,2.41,29.31
Prima,8.12,177.0,NETRAL,LAYAK,Mineral,41745.50,2.1021,13343.50,0.6719,0.6178,2098,1.6907,2.67,29.38
Prima,8.12,177.0,NETRAL,LAYAK,Mineral,41487.90,2.0891,12101.80,0.6094,0.5610,2098,1.6907,2.67,29.31
Prima,8.12,177.0,NETRAL,LAYAK,Mineral,41329.40,2.0811,14087.80,0.7094,0.6531,2081,1.6770,3.54,29.31
Prima,8.12,177.0,NETRAL,LAYAK,Mineral,41430.30,2.0862,12048.90,0.6067,0.5585,2095,1.6883,2.82,29.31
Prima,8.12,177.0,NETRAL,LAYAK,Mineral,41489.60,2.0892,13190.10,0.6642,0.6114,2098,1.6907,2.67,29.31
Prima,8.12,177.0,NETRAL,LAYAK,Mineral,41307.10,2.0800,13293.90,0.6694,0.6163,2098,1.6907,2.67,29.31
Prima,8.12,177.0,NETRAL,LAYAK,Mineral,41811.30,2.1054,12005.80,0.6045,0.5565,2095,1.6883,2.82,29.31
Prima,8.12,177.0,NETRAL,LAYAK,Mineral,41731.20,2.1014,14353.40,0.7228,0.6654,2100,1.6923,2.56,29.31
Prima,8.12,177.0,NETRAL,LAYAK,Mineral,41559.80,2.0927,11623.20,0.5853,0.5388,2093,1.6867,2.92,29.31
Prima,8.12,177.0,NETRAL,LAYAK,Mineral,41350.20,2.0822,13759.60,0.6929,0.6378,2121,1.7092,1.49,29.31
Prima,8.12,177.0,NETRAL,LAYAK,Mineral,41499.00,2.0897,12663.40,0.6377,0.5870,2095,1.6883,2.82,29.31
Prima,8.12,177.0,NETRAL,LAYAK,Mineral,42003.20,2.1151,12580.10,0.6335,0.5832,2096,1.6891,2.77,29.31
Prima,8.12,177.0,NETRAL,LAYAK,Mineral,41572.70,2.0934,13026.80,0.6560,0.6039,2099,1.6915,2.62,29.31
Prima,8.12,177.0,NETRAL,LAYAK,Mineral,41435.10,2.0865,11658.40,0.5871,0.5404,2109,1.6996,2.10,29.31
Prima,8.12,177.0,NETRAL,LAYAK,Mineral,42163.30,2.1231,13698.70,0.6898,0.6350,2097,1.6899,2.72,29.31
Prima,8.12,177.0,NETRAL,LAYAK,Mineral,41875.20,2.1086,12594.60,0.6342,0.5838,2097,1.6899,2.72,29.31
Prima,8.12,177.0,NETRAL,LAYAK,Mineral,41691.10,2.0993,12536.90,0.6313,0.5812,2100,1.6923,2.56,29.31
Prima,8.12,177.0,NETRAL,LAYAK,Mineral,41387.00,2.0840,13334.10,0.6714,0.6181,2101,1.6931,2.51,29.31
Prima,8.12,177.0,NETRAL,LAYAK,Mineral,41510.30,2.0902,12757.90,0.6424,0.5914,2095,1.6883,2.82,29.31
Prima,8.12,177.0,NETRAL,LAYAK,Mineral,41611.10,2.0953,12866.70,0.6479,0.5965,2096,1.6891,2.77,29.31
Prima,8.12,177.0,NETRAL,LAYAK,Mineral,41830.40,2.1064,13321.20,0.6708,0.6175,2094,1.6875,2.87,29.31
Prima,8.12,177.0,NETRAL,LAYAK,Mineral,41936.00,2.1117,12421.70,0.6255,0.5758,2095,1.6883,2.82,29.31
Prima,8.12,177.0,NETRAL,LAYAK,Mineral,41571.20,2.0933,13105.30,0.6599,0.6075,2097,1.6899,2.72,29.31
Prima,8.12,177.0,NETRAL,LAYAK,Mineral,41460.70,2.0877,13335.50,0.6715,0.6182,2096,1.6891,2.77,29.31
Prima,8.12,177.0,NETRAL,LAYAK,Mineral,42097.70,2.1198,13618.60,0.6858,0.6313,2098,1.6907,2.67,29.31
Prima,8.12,177.0,NETRAL,LAYAK,Mineral,41439.90,2.0867,12644.30,0.6367,0.5861,2098,1.6907,2.67,29.31
Prima,8.12,177.0,NETRAL,LAYAK,Mineral,41712.00,2.1004,12247.50,0.6167,0.5678,2096,1.6891,2.77,29.31
Prima,8.12,177.0,NETRAL,LAYAK,Mineral,41705.60,2.1001,13849.30,0.6974,0.6420,2083,1.6786,3.44,29.31
Prima,8.12,177.0,NETRAL,LAYAK,Mineral,41830.40,2.1064,12167.40,0.6127,0.5640,2090,1.6842,3.08,29.31
Prima,8.12,177.0,NETRAL,LAYAK,Mineral,41878.40,2.1088,13266.80,0.6680,0.6150,2095,1.6883,2.82,29.31
Prima,8.12,177.0,NETRAL,LAYAK,Mineral,41662.40,2.0979,12694.00,0.6392,0.5884,2094,1.6875,2.87,29.31
Prima,8.12,177.0,NETRAL,LAYAK,Mineral,41654.30,2.0975,12576.90,0.6333,0.5830,2097,1.6899,2.72,29.31
Prima,8.12,177.0,NETRAL,LAYAK,Mineral,41727.90,2.1012,12884.30,0.6488,0.5973,2096,1.6891,2.77,29.31
Prima,8.12,177.0,NETRAL,LAYAK,Mineral,41899.10,2.1098,13071.30,0.6582,0.6059,2110,1.7004,2.05,29.31
Prima,8.12,177.0,NETRAL,LAYAK,Mineral,41446.30,2.0870,12165.80,0.6126,0.5640,2098,1.6907,2.67,29.31
Prima,8.12,177.0,NETRAL,LAYAK,Mineral,41841.50,2.1069,14131.00,0.7116,0.6551,2097,1.6899,2.72,29.31
Prima,8.12,177.0,NETRAL,LAYAK,Mineral,41513.40,2.0904,12626.80,0.6358,0.5847,2097,1.6899,2.72,29.38
Prima,8.12,177.0,NETRAL,LAYAK,Mineral,41974.40,2.1136,12673.10,0.6382,0.5875,2101,1.6931,2.51,29.31
Prima,8.12,177.0,NETRAL,LAYAK,Mineral,41884.80,2.1091,13447.60,0.6772,0.6234,2097,1.6899,2.72,29.31
Prima,8.12,177.0,NETRAL,LAYAK,Mineral,42035.20,2.1167,12324.10,0.6206,0.5713,2096,1.6891,2.77,29.31
Prima,8.12,177.0,NETRAL,LAYAK,Mineral,41892.90,2.1095,13132.50,0.6613,0.6088,2107,1.6979,2.21,29.31
Prima,8.12,177.0,NETRAL,LAYAK,Mineral,41956.90,2.1127,13317.90,0.6706,0.6167,2096,1.6891,2.77,29.38
Prima,8.12,177.0,NETRAL,LAYAK,Mineral,41585.50,2.0940,11671.20,0.5877,0.5410,2095,1.6883,2.82,29.31
Prima,8.12,177.0,NETRAL,LAYAK,Mineral,41952.10,2.1125,14086.10,0.7093,0.6530,2096,1.6891,2.77,29.31
Prima,8.12,177.0,NETRAL,LAYAK,Mineral,42369.90,2.1335,12509.70,0.6299,0.5799,2100,1.6923,2.56,29.31
Prima,8.12,177.0,NETRAL,LAYAK,Mineral,41945.60,2.1122,12921.10,0.6506,0.5990,2097,1.6899,2.72,29.31
Prima,8.12,177.0,NETRAL,LAYAK,Mineral,41727.90,2.1012,13136.80,0.6615,0.6090,2097,1.6899,2.72,29.31
Prima,8.12,177.0,NETRAL,LAYAK,Mineral,42104.00,2.1201,12074.70,0.6080,0.5597,2115,1.7044,1.79,29.31
Prima,8.12,177.0,NETRAL,LAYAK,Mineral,41964.70,2.1131,13668.50,0.6883,0.6336,2098,1.6907,2.67,29.31
Prima,8.12,177.0,NETRAL,LAYAK,Mineral,42115.30,2.1207,12207.30,0.6147,0.5659,2094,1.6875,2.87,29.31
Prima,8.12,177.0,NETRAL,LAYAK,Mineral,42136.20,2.1218,13321.30,0.6708,0.6175,2106,1.6971,2.26,29.31
Prima,8.12,177.0,NETRAL,LAYAK,Mineral,42352.00,2.1326,12732.40,0.6411,0.5902,2095,1.6883,2.82,29.31
Prima,8.12,177.0,NETRAL,LAYAK,Mineral,42115.20,2.1207,12250.50,0.6169,0.5679,2084,1.6794,3.38,29.31
Prima,8.12,177.0,NETRAL,LAYAK,Mineral,42094.40,2.1197,13882.90,0.6991,0.6436,2097,1.6899,2.72,29.31
Prima,8.12,177.0,NETRAL,LAYAK,Mineral,42371.40,2.1336,11791.30,0.5937,0.5460,2095,1.6883,2.82,29.38
Prima,8.12,177.0,NETRAL,LAYAK,Mineral,42216.10,2.1258,13578.80,0.6838,0.6287,2082,1.6778,3.49,29.38
Prima,8.12,177.0,NETRAL,LAYAK,Mineral,42056.00,2.1177,13385.20,0.6740,0.6205,2084,1.6794,3.38,29.31
Prima,8.12,177.0,NETRAL,LAYAK,Mineral,42214.40,2.1257,11951.30,0.6018,0.5534,2096,1.6891,2.77,29.38
Prima,8.12,177.0,NETRAL,LAYAK,Mineral,42168.10,2.1234,14726.20,0.7415,0.6827,2098,1.6907,2.67,29.31
Prima,8.12,177.0,NETRAL,LAYAK,Mineral,42012.90,2.1155,11623.10,0.5853,0.5388,2100,1.6923,2.56,29.31
Prima,8.12,177.0,NETRAL,LAYAK,Mineral,42062.40,2.1180,14011.00,0.7055,0.6495,2097,1.6899,2.72,29.31
Prima,8.12,177.0,NETRAL,LAYAK,Mineral,41763.10,2.1030,12953.10,0.6523,0.5998,2110,1.7004,2.05,29.38
Prima,8.12,177.0,NETRAL,LAYAK,Mineral,41827.30,2.1062,12375.30,0.6232,0.5737,2096,1.6891,2.77,29.31
Prima,8.12,177.0,NETRAL,LAYAK,Mineral,42084.80,2.1192,14207.80,0.7154,0.6579,2098,1.6907,2.67,29.38
Prima,8.12,177.0,NETRAL,LAYAK,Mineral,42283.30,2.1292,12265.00,0.6176,0.5686,2097,1.6899,2.72,29.31
Prima,8.12,177.0,NETRAL,LAYAK,Mineral,41967.90,2.1133,13194.80,0.6644,0.6117,2099,1.6915,2.62,29.31
Prima,8.12,177.0,NETRAL,LAYAK,Mineral,42316.90,2.1309,13594.90,0.6846,0.6302,2084,1.6794,3.38,29.31
Prima,8.12,177.0,NETRAL,LAYAK,Mineral,42073.70,2.1186,11898.40,0.5991,0.5516,2100,1.6923,2.56,29.31
Prima,8.12,177.0,NETRAL,LAYAK,Mineral,42134.50,2.1217,14262.20,0.7182,0.6611,2095,1.6883,2.82,29.31
Prima,8.12,177.0,NETRAL,LAYAK,Mineral,42432.20,2.1367,11869.70,0.5977,0.5502,2092,1.6859,2.97,29.31
Prima,8.12,177.0,NETRAL,LAYAK,Mineral,42200.00,2.1250,13721.30,0.6909,0.6361,2112,1.7020,1.95,29.31
Prima,8.12,177.0,NETRAL,LAYAK,Mineral,42073.60,2.1186,13639.60,0.6868,0.6323,2097,1.6899,2.72,29.31
Prima,8.12,177.0,NETRAL,LAYAK,Mineral,42040.10,2.1169,12620.10,0.6355,0.5850,2102,1.6939,2.46,29.31
Prima,8.12,177.0,NETRAL,LAYAK,Mineral,42192.00,2.1246,13623.80,0.6860,0.6316,2109,1.6996,2.10,29.31
Prima,8.12,177.0,NETRAL,LAYAK,Mineral,42321.70,2.1311,12834.60,0.6463,0.5943,2084,1.6794,3.38,29.38
Prima,8.12,177.0,NETRAL,LAYAK,Mineral,42316.90,2.1309,11792.80,0.5938,0.5467,2097,1.6899,2.72,29.31
Prima,8.12,177.0,NETRAL,LAYAK,Mineral,41913.60,2.1105,14583.80,0.7344,0.6761,2107,1.6979,2.21,29.31
Prima,8.12,177.0,NETRAL,LAYAK,Mineral,41950.50,2.1124,11165.50,0.5622,0.5176,2097,1.6899,2.72,29.31
Prima,8.12,177.0,NETRAL,LAYAK,Mineral,41974.50,2.1136,13249.10,0.6672,0.6142,2096,1.6891,2.77,29.31
Prima,8.12,177.0,NETRAL,LAYAK,Mineral,42044.80,2.1172,13986.70,0.7043,0.6484,2098,1.6907,2.67,29.31
Prima,8.12,177.0,NETRAL,LAYAK,Mineral,41945.70,2.1122,12359.30,0.6223,0.5729,2096,1.6891,2.77,29.31
Prima,8.12,177.0,NETRAL,LAYAK,Mineral,41936.00,2.1117,13722.80,0.6910,0.6361,2081,1.6770,3.54,29.31
Prima,8.12,177.0,NETRAL,LAYAK,Mineral,42131.40,2.1215,13636.50,0.6867,0.6321,2096,1.6891,2.77,29.31
Prima,8.12,177.0,NETRAL,LAYAK,Mineral,42347.40,2.1324,12349.70,0.6219,0.5725,2095,1.6883,2.82,29.31
Prima,8.12,177.0,NETRAL,LAYAK,Mineral,42390.60,2.1346,13365.90,0.6730,0.6196,2097,1.6899,2.72,29.31
Prima,8.12,177.0,NETRAL,LAYAK,Mineral,42488.20,2.1395,11712.90,0.5898,0.5423,2106,1.6971,2.26,29.38
Prima,8.12,177.0,NETRAL,LAYAK,Mineral,42100.80,2.1200,13966.10,0.7033,0.6474,2097,1.6899,2.72,29.31
Prima,8.12,177.0,NETRAL,LAYAK,Mineral,42113.70,2.1206,13114.80,0.6604,0.6073,2095,1.6883,2.82,29.38
Prima,8.12,177.0,NETRAL,LAYAK,Mineral,42558.70,2.1430,12552.90,0.6321,0.5819,2096,1.6891,2.77,29.31
Prima,8.12,177.0,NETRAL,LAYAK,Mineral,42184.20,2.1242,14215.80,0.7158,0.6590,2094,1.6875,2.87,29.31
Prima,8.12,177.0,NETRAL,LAYAK,Mineral,42088.10,2.1193,12801.00,0.6446,0.5934,2096,1.6891,2.77,29.31
Prima,8.12,177.0,NETRAL,LAYAK,Mineral,42105.80,2.1202,13023.50,0.6558,0.6037,2097,1.6899,2.72,29.31
Prima,8.12,177.0,NETRAL,LAYAK,Mineral,42570.00,2.1436,14681.60,0.7393,0.6806,2096,1.6891,2.77,29.31
Prima,8.12,177.0,NETRAL,LAYAK,Mineral,42302.60,2.1301,11706.30,0.5895,0.5427,2095,1.6883,2.82,29.31
Prima,8.12,177.0,NETRAL,LAYAK,Mineral,42217.80,2.1259,14083.10,0.7092,0.6528,2098,1.6907,2.67,29.31
Prima,8.12,177.0,NETRAL,LAYAK,Mineral,42257.70,2.1279,13745.10,0.6921,0.6372,2096,1.6891,2.77,29.31
Prima,8.12,177.0,NETRAL,LAYAK,Mineral,42110.50,2.1205,11943.40,0.6014,0.5537,2095,1.6883,2.82,29.31
Prima,8.12,177.0,NETRAL,LAYAK,Mineral,42270.60,2.1285,14647.80,0.7376,0.6790,2096,1.6891,2.77,29.31
Prima,8.12,177.0,NETRAL,LAYAK,Mineral,42301.00,2.1301,12801.10,0.6446,0.5934,2098,1.6907,2.67,29.31
Prima,8.12,177.0,NETRAL,LAYAK,Mineral,42310.50,2.1305,12922.70,0.6507,0.5991,2096,1.6891,2.77,29.31
Prima,8.12,177.0,NETRAL,LAYAK,Mineral,42405.00,2.1353,13962.90,0.7031,0.6473,2096,1.6891,2.77,29.31
Prima,8.12,177.0,NETRAL,LAYAK,Mineral,42341.10,2.1321,12144.90,0.6116,0.5623,2097,1.6899,2.72,29.38
Prima,8.12,177.0,NETRAL,LAYAK,Mineral,42166.50,2.1233,13727.50,0.6912,0.6364,2098,1.6907,2.67,29.31
Prima,8.12,177.0,NETRAL,LAYAK,Mineral,41759.90,2.1028,13239.60,0.6667,0.6137,2097,1.6899,2.72,29.31
Prima,8.12,177.0,NETRAL,LAYAK,Mineral,42230.50,2.1265,12271.30,0.6179,0.5689,2097,1.6899,2.72,29.31
Prima,8.12,177.0,NETRAL,LAYAK,Mineral,42211.30,2.1255,14452.50,0.7278,0.6700,2092,1.6859,2.97,29.31
Prima,8.12,177.0,NETRAL,LAYAK,Mineral,42412.90,2.1357,12050.60,0.6068,0.5586,2098,1.6907,2.67,29.31
Prima,8.12,177.0,NETRAL,LAYAK,Mineral,42280.20,2.1290,13737.20,0.6917,0.6361,2096,1.6891,2.77,29.38
Prima,8.12,177.0,NETRAL,LAYAK,Mineral,42124.90,2.1212,13186.80,0.6640,0.6113,2098,1.6907,2.67,29.31
Prima,8.12,177.0,NETRAL,LAYAK,Mineral,41974.40,2.1136,11935.30,0.6010,0.5533,2096,1.6891,2.77,29.31
Prima,8.12,177.0,NETRAL,LAYAK,Mineral,42068.80,2.1184,13911.70,0.7005,0.6442,2100,1.6923,2.56,29.38
Prima,8.12,177.0,NETRAL,LAYAK,Mineral,41740.70,2.1018,12847.50,0.6469,0.5949,2096,1.6891,2.77,29.38
Prima,8.12,177.0,NETRAL,LAYAK,Mineral,41993.70,2.1146,12733.70,0.6412,0.5903,2095,1.6883,2.82,29.31
Prima,8.12,177.0,NETRAL,LAYAK,Mineral,41875.10,2.1086,13319.60,0.6707,0.6175,2098,1.6907,2.67,29.31
Prima,8.12,177.0,NETRAL,LAYAK,Mineral,41928.10,2.1113,13617.10,0.6857,0.6312,2094,1.6875,2.87,29.31
Prima,8.12,177.0,NETRAL,LAYAK,Mineral,42438.60,2.1370,12178.40,0.6132,0.5645,2082,1.6778,3.49,29.31
Prima,8.12,177.0,NETRAL,LAYAK,Mineral,42008.00,2.1153,13650.80,0.6874,0.6321,2096,1.6891,2.77,29.38
Prima,8.12,177.0,NETRAL,LAYAK,Mineral,41971.40,2.1135,13342.10,0.6718,0.6185,2095,1.6883,2.82,29.31
Prima,8.12,177.0,NETRAL,LAYAK,Mineral,41972.80,2.1135,12738.50,0.6414,0.5905,2095,1.6883,2.82,29.31
Prima,8.12,177.0,NETRAL,LAYAK,Mineral,41660.70,2.0978,13244.30,0.6669,0.6140,2118,1.7068,1.64,29.31
Prima,8.12,177.0,NETRAL,LAYAK,Mineral,41960.00,2.1129,13532.50,0.6814,0.6273,2097,1.6899,2.72,29.31
Prima,8.12,177.0,NETRAL,LAYAK,Mineral,42129.80,2.1214,11816.80,0.5950,0.5478,2098,1.6907,2.67,29.31
Prima,8.12,177.0,NETRAL,LAYAK,Mineral,41982.40,2.1140,14742.30,0.7423,0.6834,2096,1.6891,2.77,29.31
Prima,8.12,177.0,NETRAL,LAYAK,Mineral,41984.10,2.1141,11679.10,0.5881,0.5414,2096,1.6891,2.77,29.31
Prima,8.12,177.0,NETRAL,LAYAK,Mineral,41856.10,2.1077,13914.80,0.7007,0.6450,2098,1.6907,2.67,29.31
Prima,8.12,177.0,NETRAL,LAYAK,Mineral,42070.40,2.1184,13474.60,0.6785,0.6246,2096,1.6891,2.77,29.31
Prima,8.12,177.0,NETRAL,LAYAK,Mineral,41692.70,2.0994,12320.90,0.6204,0.5712,2098,1.6907,2.67,29.31
Prima,8.12,177.0,NETRAL,LAYAK,Mineral,42411.50,2.1356,14449.60,0.7276,0.6698,2099,1.6915,2.62,29.31
Prima,8.12,177.0,NETRAL,LAYAK,Mineral,41931.20,2.1114,12581.70,0.6335,0.5832,2099,1.6915,2.62,29.31
Prima,8.12,177.0,NETRAL,LAYAK,Mineral,42044.90,2.1172,13122.70,0.6608,0.6083,2108,1.6988,2.15,29.31
Prima,8.12,177.0,NETRAL,LAYAK,Mineral,41964.90,2.1131,13922.80,0.7011,0.6454,2096,1.6891,2.77,29.31
Prima,8.12,177.0,NETRAL,LAYAK,Mineral,42100.80,2.1200,12084.10,0.6085,0.5602,2096,1.6891,2.77,29.31
Prima,8.12,177.0,NETRAL,LAYAK,Mineral,42105.60,2.1202,13918.10,0.7008,0.6452,2100,1.6923,2.56,29.31
Prima,8.12,177.0,NETRAL,LAYAK,Mineral,41670.30,2.0983,12981.90,0.6537,0.6018,2098,1.6907,2.67,29.31
Prima,8.12,177.0,NETRAL,LAYAK,Mineral,42097.70,2.1198,12674.50,0.6382,0.5869,2082,1.6778,3.49,29.38
Prima,8.12,177.0,NETRAL,LAYAK,Mineral,42203.20,2.1251,13338.90,0.6717,0.6183,2098,1.6907,2.67,29.31
Prima,8.12,177.0,NETRAL,LAYAK,Mineral,41921.70,2.1110,12130.60,0.6108,0.5623,2102,1.6939,2.46,29.31
Prima,8.12,177.0,NETRAL,LAYAK,Mineral,42196.90,2.1248,12442.70,0.6265,0.5768,2096,1.6891,2.77,29.31
Prima,8.12,177.0,NETRAL,LAYAK,Mineral,41947.30,2.1122,14283.00,0.7192,0.6621,2099,1.6915,2.62,29.31
Prima,8.12,177.0,NETRAL,LAYAK,Mineral,42001.60,2.1150,11896.90,0.5991,0.5515,2098,1.6907,2.67,29.31
Prima,8.12,177.0,NETRAL,LAYAK,Mineral,42024.10,2.1161,13594.80,0.6846,0.6302,2098,1.6907,2.67,29.31
Prima,8.12,177.0,NETRAL,LAYAK,Mineral,41787.30,2.1042,13290.80,0.6693,0.6161,2102,1.6939,2.46,29.31
Prima,8.12,177.0,NETRAL,LAYAK,Mineral,42280.20,2.1290,12503.50,0.6296,0.5796,2096,1.6891,2.77,29.31
Prima,8.12,177.0,NETRAL,LAYAK,Mineral,42292.80,2.1296,13570.70,0.6833,0.6284,2096,1.6891,2.77,29.38
Prima,8.12,177.0,NETRAL,LAYAK,Mineral,42108.90,2.1204,13532.50,0.6814,0.6273,2096,1.6891,2.77,29.31
Prima,8.12,177.0,NETRAL,LAYAK,Mineral,42157.10,2.1228,12679.50,0.6385,0.5878,2096,1.6891,2.77,29.31
Prima,8.12,177.0,NETRAL,LAYAK,Mineral,41915.20,2.1106,14564.80,0.7334,0.6752,2114,1.7036,1.85,29.31
Prima,8.12,177.0,NETRAL,LAYAK,Mineral,42443.40,2.1372,11525.50,0.5804,0.5343,2084,1.6794,3.38,29.31
Prima,8.12,177.0,NETRAL,LAYAK,Mineral,41969.90,2.1134,13969.40,0.7034,0.6476,2097,1.6899,2.72,29.31
Prima,8.12,177.0,NETRAL,LAYAK,Mineral,41790.30,2.1043,12901.80,0.6497,0.5981,2102,1.6939,2.46,29.31
Prima,8.12,177.0,NETRAL,LAYAK,Mineral,42060.80,2.1180,12732.10,0.6411,0.5895,2096,1.6891,2.77,29.38
Prima,8.12,177.0,NETRAL,LAYAK,Mineral,41748.70,2.1022,13073.10,0.6583,0.6060,2097,1.6899,2.72,29.31
Prima,8.12,177.0,NETRAL,LAYAK,Mineral,42206.60,2.1253,13588.30,0.6842,0.6299,2096,1.6891,2.77,29.31
Prima,8.12,177.0,NETRAL,LAYAK,Mineral,41841.70,2.1069,11837.70,0.5961,0.5488,2096,1.6891,2.77,29.31
Prima,8.12,177.0,NETRAL,LAYAK,Mineral,42083.20,2.1191,14638.30,0.7371,0.6786,2094,1.6875,2.87,29.31
Prima,8.12,177.0,NETRAL,LAYAK,Mineral,42147.30,2.1223,13004.20,0.6548,0.6028,2101,1.6931,2.51,29.31
Prima,8.12,177.0,NETRAL,LAYAK,Mineral,41985.60,2.1142,12095.40,0.6091,0.5607,2096,1.6891,2.77,29.31
Club,8.4,72.0,NETRAL,LAYAK,Mineral,41126.40,2.0709,13386.80,0.6741,0.6206,2094,1.6875,2.87,29.31
Club,8.4,72.0,NETRAL,LAYAK,Mineral,40943.80,2.0617,12642.50,0.6366,0.5861,2097,1.6899,2.72,29.31
Club,8.4,72.0,NETRAL,LAYAK,Mineral,41475.20,2.0885,12815.60,0.6453,0.5941,2097,1.6899,2.72,29.31
Club,8.4,72.0,NETRAL,LAYAK,Mineral,41427.10,2.0861,12124.10,0.6105,0.5620,2098,1.6907,2.67,29.31
Club,8.4,72.0,NETRAL,LAYAK,Mineral,40644.50,2.0466,12852.30,0.6472,0.5958,2097,1.6899,2.72,29.31
Club,8.4,72.0,NETRAL,LAYAK,Mineral,41294.40,2.0794,13082.80,0.6588,0.6065,2095,1.6883,2.82,29.31
Club,8.4,72.0,NETRAL,LAYAK,Mineral,41424.00,2.0859,11922.30,0.6003,0.5527,2095,1.6883,2.82,29.31
Club,8.4,72.0,NETRAL,LAYAK,Mineral,40899.00,2.0595,13286.20,0.6690,0.6159,2093,1.6867,2.92,29.31
Club,8.4,72.0,NETRAL,LAYAK,Mineral,41070.20,2.0681,12786.60,0.6439,0.5927,2099,1.6915,2.62,29.31
Club,8.4,72.0,NETRAL,LAYAK,Mineral,41204.70,2.0749,11464.70,0.5773,0.5315,2096,1.6891,2.77,29.31
Club,8.4,72.0,NETRAL,LAYAK,Mineral,41212.70,2.0753,12617.00,0.6353,0.5849,2094,1.6875,2.87,29.31
Club,8.4,72.0,NETRAL,LAYAK,Mineral,41076.60,2.0684,12106.50,0.6096,0.5612,2096,1.6891,2.77,29.31
Club,8.4,72.0,NETRAL,LAYAK,Mineral,41383.90,2.0839,13082.70,0.6588,0.6065,2093,1.6867,2.92,29.31
Club,8.4,72.0,NETRAL,LAYAK,Mineral,41286.30,2.0790,13105.20,0.6599,0.6075,2095,1.6883,2.82,29.31
Club,8.4,72.0,NETRAL,LAYAK,Mineral,41675.20,2.0985,11856.70,0.5970,0.5496,2097,1.6899,2.72,29.31
Club,8.4,72.0,NETRAL,LAYAK,Mineral,41652.80,2.0974,13702.20,0.6900,0.6352,2096,1.6891,2.77,29.31
Club,8.4,72.0,NETRAL,LAYAK,Mineral,41587.20,2.0941,13045.90,0.6569,0.6048,2092,1.6859,2.97,29.31
Club,8.4,72.0,NETRAL,LAYAK,Mineral,41720.00,2.1008,11735.10,0.5909,0.5440,2093,1.6867,2.92,29.31
Club,8.4,72.0,NETRAL,LAYAK,Mineral,41414.40,2.0854,13908.40,0.7004,0.6447,2093,1.6867,2.92,29.31
Club,8.4,72.0,NETRAL,LAYAK,Mineral,41636.80,2.0966,11994.30,0.6040,0.5560,2095,1.6883,2.82,29.31
Club,8.4,72.0,NETRAL,LAYAK,Mineral,41528.00,2.0911,12820.30,0.6456,0.5943,2094,1.6875,2.87,29.31
Club,8.4,72.0,NETRAL,LAYAK,Mineral,41705.60,2.1001,13148.40,0.6621,0.6095,2093,1.6867,2.92,29.31
Club,8.4,72.0,NETRAL,LAYAK,Mineral,41579.20,2.0937,12168.90,0.6128,0.5641,2091,1.6851,3.03,29.31
Club,8.4,72.0,NETRAL,LAYAK,Mineral,41694.50,2.0995,13070.10,0.6581,0.6059,2097,1.6899,2.72,29.31
Club,8.4,72.0,NETRAL,LAYAK,Mineral,41526.40,2.0911,12645.80,0.6368,0.5862,2097,1.6899,2.72,29.31
Club,8.4,72.0,NETRAL,LAYAK,Mineral,41398.30,2.0846,11549.40,0.5816,0.5354,2118,1.7068,1.64,29.31
Club,8.4,72.0,NETRAL,LAYAK,Mineral,41729.70,2.1013,14153.40,0.7127,0.6561,2101,1.6931,2.51,29.31
Club,8.4,72.0,NETRAL,LAYAK,Mineral,41417.50,2.0856,11383.00,0.5732,0.5277,2092,1.6859,2.97,29.31
Club,8.4,72.0,NETRAL,LAYAK,Mineral,41806.50,2.1052,13386.80,0.6741,0.6206,2101,1.6931,2.51,29.31
Club,8.4,72.0,NETRAL,LAYAK,Mineral,41518.40,2.0906,12584.80,0.6337,0.5834,2101,1.6931,2.51,29.31
Club,8.4,72.0,NETRAL,LAYAK,Mineral,41937.80,2.1118,12284.10,0.6186,0.5694,2098,1.6907,2.67,29.31
Club,8.4,72.0,NETRAL,LAYAK,Mineral,41768.00,2.1032,14265.40,0.7183,0.6613,2119,1.7076,1.59,29.31
Club,8.4,72.0,NETRAL,LAYAK,Mineral,41580.80,2.0938,11325.30,0.5703,0.5250,2093,1.6867,2.92,29.31
Club,8.4,72.0,NETRAL,LAYAK,Mineral,41782.60,2.1040,13433.20,0.6764,0.6227,2097,1.6899,2.72,29.31
Club,8.4,72.0,NETRAL,LAYAK,Mineral,41862.60,2.1080,12514.40,0.6302,0.5801,2082,1.6778,3.49,29.31
Club,8.4,72.0,NETRAL,LAYAK,Mineral,41897.80,2.1098,12301.70,0.6194,0.5703,2099,1.6915,2.62,29.31
Club,8.4,72.0,NETRAL,LAYAK,Mineral,41603.10,2.0949,12538.60,0.6314,0.5812,2103,1.6947,2.41,29.31
Club,8.4,72.0,NETRAL,LAYAK,Mineral,41841.70,2.1069,12993.10,0.6543,0.6023,2096,1.6891,2.77,29.31
Club,8.4,72.0,NETRAL,LAYAK,Mineral,41966.60,2.1132,11739.90,0.5912,0.5442,2091,1.6851,3.03,29.31
Club,8.4,72.0,NETRAL,LAYAK,Mineral,41763.30,2.1030,13706.70,0.6902,0.6354,2097,1.6899,2.72,29.31
Club,8.4,72.0,NETRAL,LAYAK,Mineral,41896.10,2.1097,11807.20,0.5945,0.5473,2095,1.6883,2.82,29.31
Club,8.4,72.0,NETRAL,LAYAK,Mineral,41932.90,2.1115,12753.00,0.6422,0.5912,2097,1.6899,2.72,29.31
Club,8.4,72.0,NETRAL,LAYAK,Mineral,42057.70,2.1178,13470.00,0.6783,0.6244,2097,1.6899,2.72,29.31
Club,8.4,72.0,NETRAL,LAYAK,Mineral,41396.60,2.0845,11888.70,0.5987,0.5511,2100,1.6923,2.56,29.31
Club,8.4,72.0,NETRAL,LAYAK,Mineral,41905.60,2.1101,12704.90,0.6398,0.5890,2095,1.6883,2.82,29.31
Club,8.4,72.0,NETRAL,LAYAK,Mineral,41859.20,2.1078,12847.50,0.6469,0.5956,2097,1.6899,2.72,29.31
Club,8.4,72.0,NETRAL,LAYAK,Mineral,41904.20,2.1101,11237.70,0.5659,0.5215,2092,1.6859,2.97,29.25
Club,8.4,72.0,NETRAL,LAYAK,Mineral,41917.00,2.1107,13090.80,0.6592,0.6068,2100,1.6923,2.56,29.31
Club,8.4,72.0,NETRAL,LAYAK,Mineral,41912.10,2.1105,12492.30,0.6290,0.5791,2097,1.6899,2.72,29.31
Club,8.4,72.0,NETRAL,LAYAK,Mineral,42086.50,2.1193,11834.40,0.5959,0.5486,2096,1.6891,2.77,29.31
Club,8.4,72.0,NETRAL,LAYAK,Mineral,42008.20,2.1153,13721.10,0.6909,0.6361,2097,1.6899,2.72,29.31
Club,8.4,72.0,NETRAL,LAYAK,Mineral,41929.70,2.1114,11695.20,0.5889,0.5421,2101,1.6931,2.51,29.31
Club,8.4,72.0,NETRAL,LAYAK,Mineral,41846.40,2.1072,13095.60,0.6594,0.6071,2093,1.6867,2.92,29.31
Club,8.4,72.0,NETRAL,LAYAK,Mineral,42149.00,2.1224,12120.90,0.6103,0.5619,2098,1.6907,2.67,29.31
Club,8.4,72.0,NETRAL,LAYAK,Mineral,41998.70,2.1148,11976.90,0.6031,0.5552,2095,1.6883,2.82,29.31
Club,8.4,72.0,NETRAL,LAYAK,Mineral,41849.60,2.1073,12556.20,0.6323,0.5821,2097,1.6899,2.72,29.31
Club,8.4,72.0,NETRAL,LAYAK,Mineral,41697.70,2.0997,12618.70,0.6354,0.5850,2097,1.6899,2.72,29.31
Club,8.4,72.0,NETRAL,LAYAK,Mineral,42045.00,2.1172,11855.20,0.5970,0.5496,2095,1.6883,2.82,29.31
Club,8.4,72.0,NETRAL,LAYAK,Mineral,41768.20,2.1032,13284.50,0.6689,0.6158,2094,1.6875,2.87,29.31
Club,8.4,72.0,NETRAL,LAYAK,Mineral,41913.70,2.1106,12164.10,0.6125,0.5639,2120,1.7084,1.54,29.31
Club,8.4,72.0,NETRAL,LAYAK,Mineral,41657.80,2.0977,12140.10,0.6113,0.5628,2097,1.6899,2.72,29.31
Club,8.4,72.0,NETRAL,LAYAK,Mineral,41803.20,2.1050,13871.70,0.6985,0.6430,2086,1.6810,3.28,29.31
Club,8.4,72.0,NETRAL,LAYAK,Mineral,41777.70,2.1037,11077.50,0.5578,0.5135,2097,1.6899,2.72,29.31
Club,8.4,72.0,NETRAL,LAYAK,Mineral,41925.00,2.1111,12517.90,0.6303,0.5803,2090,1.6842,3.08,29.31
Club,8.4,72.0,NETRAL,LAYAK,Mineral,42267.60,2.1284,12661.60,0.6376,0.5869,2098,1.6907,2.67,29.31
Club,8.4,72.0,NETRAL,LAYAK,Mineral,41749.00,2.1023,11392.70,0.5737,0.5281,2097,1.6899,2.72,29.31
Club,8.4,72.0,NETRAL,LAYAK,Mineral,41761.60,2.1029,13668.30,0.6883,0.6336,2096,1.6891,2.77,29.31
Club,8.4,72.0,NETRAL,LAYAK,Mineral,41619.00,2.0957,11138.30,0.5609,0.5163,2096,1.6891,2.77,29.31
Club,8.4,72.0,NETRAL,LAYAK,Mineral,41828.90,2.1063,13030.00,0.6561,0.6040,2106,1.6971,2.26,29.31
Club,8.4,72.0,NETRAL,LAYAK,Mineral,42030.70,2.1164,12319.30,0.6203,0.5717,2096,1.6891,2.77,29.25
Club,8.4,72.0,NETRAL,LAYAK,Mineral,42323.60,2.1312,12132.10,0.6109,0.5624,2098,1.6907,2.67,29.31
Club,8.4,72.0,NETRAL,LAYAK,Mineral,41870.40,2.1084,12469.80,0.6279,0.5781,2095,1.6883,2.82,29.31
Club,8.4,72.0,NETRAL,LAYAK,Mineral,42049.80,2.1174,12776.80,0.6434,0.5930,2097,1.6899,2.72,29.25
Club,8.4,72.0,NETRAL,LAYAK,Mineral,42136.40,2.1218,13220.20,0.6657,0.6128,2116,1.7052,1.74,29.31
Club,8.4,72.0,NETRAL,LAYAK,Mineral,42286.80,2.1293,12207.30,0.6147,0.5659,2095,1.6883,2.82,29.31
Club,8.4,72.0,NETRAL,LAYAK,Mineral,42341.20,2.1321,12111.10,0.6099,0.5614,2094,1.6875,2.87,29.31
Club,8.4,72.0,NETRAL,LAYAK,Mineral,42041.80,2.1170,12537.10,0.6313,0.5812,2097,1.6899,2.72,29.31
Club,8.4,72.0,NETRAL,LAYAK,Mineral,42368.40,2.1335,12588.00,0.6339,0.5835,2095,1.6883,2.82,29.31
Club,8.4,72.0,NETRAL,LAYAK,Mineral,42065.80,2.1182,11825.00,0.5954,0.5482,2100,1.6923,2.56,29.31
Club,8.4,72.0,NETRAL,LAYAK,Mineral,41937.70,2.1118,13237.80,0.6666,0.6137,2095,1.6883,2.82,29.31
Club,8.4,72.0,NETRAL,LAYAK,Mineral,42293.20,2.1297,11975.30,0.6030,0.5551,2094,1.6875,2.87,29.31
Club,8.4,72.0,NETRAL,LAYAK,Mineral,42125.10,2.1212,13396.40,0.6746,0.6210,2096,1.6891,2.77,29.31
Club,8.4,72.0,NETRAL,LAYAK,Mineral,42238.80,2.1269,12713.20,0.6402,0.5893,2094,1.6875,2.87,29.31
Club,8.4,72.0,NETRAL,LAYAK,Mineral,42211.50,2.1256,12204.10,0.6145,0.5657,2096,1.6891,2.77,29.31
Club,8.4,72.0,NETRAL,LAYAK,Mineral,42061.20,2.1180,13572.40,0.6834,0.6299,2095,1.6883,2.82,29.25
Club,8.4,72.0,NETRAL,LAYAK,Mineral,42594.00,2.1448,12634.80,0.6362,0.5857,2095,1.6883,2.82,29.31
Club,8.4,72.0,NETRAL,LAYAK,Mineral,41827.50,2.1062,12362.60,0.6225,0.5731,2097,1.6899,2.72,29.31
Club,8.4,72.0,NETRAL,LAYAK,Mineral,42222.50,2.1261,12903.50,0.6498,0.5982,2098,1.6907,2.67,29.31
Club,8.4,72.0,NETRAL,LAYAK,Mineral,42008.30,2.1153,12946.60,0.6519,0.6002,2094,1.6875,2.87,29.31
Club,8.4,72.0,NETRAL,LAYAK,Mineral,42275.50,2.1288,11368.60,0.5725,0.5270,2096,1.6891,2.77,29.31
Club,8.4,72.0,NETRAL,LAYAK,Mineral,42530.00,2.1416,14092.70,0.7096,0.6540,2096,1.6891,2.77,29.25
Club,8.4,72.0,NETRAL,LAYAK,Mineral,42411.60,2.1356,11920.70,0.6003,0.5526,2096,1.6891,2.77,29.31
Club,8.4,72.0,NETRAL,LAYAK,Mineral,42000.20,2.1149,13092.40,0.6593,0.6069,2080,1.6762,3.59,29.31
Club,8.4,72.0,NETRAL,LAYAK,Mineral,42102.70,2.1201,13116.30,0.6605,0.6080,2094,1.6875,2.87,29.31
Club,8.4,72.0,NETRAL,LAYAK,Mineral,42137.90,2.1218,11712.70,0.5898,0.5430,2095,1.6883,2.82,29.31
Club,8.4,72.0,NETRAL,LAYAK,Mineral,42057.90,2.1178,13975.80,0.7037,0.6479,2095,1.6883,2.82,29.31
Club,8.4,72.0,NETRAL,LAYAK,Mineral,41904.10,2.1101,12652.20,0.6371,0.5865,2098,1.6907,2.67,29.31
Club,8.4,72.0,NETRAL,LAYAK,Mineral,42149.00,2.1224,11911.40,0.5998,0.5528,2096,1.6891,2.77,29.25
Club,8.4,72.0,NETRAL,LAYAK,Mineral,42469.10,2.1385,13894.20,0.6996,0.6441,2094,1.6875,2.87,29.31
Club,8.4,72.0,NETRAL,LAYAK,Mineral,42571.60,2.1437,11288.80,0.5684,0.5233,2097,1.6899,2.72,29.31
Club,8.4,72.0,NETRAL,LAYAK,Mineral,42062.60,2.1181,13394.90,0.6745,0.6209,2104,1.6955,2.36,29.31
Club,8.4,72.0,NETRAL,LAYAK,Mineral,42110.80,2.1205,12908.40,0.6500,0.5984,2099,1.6915,2.62,29.31
Club,8.4,72.0,NETRAL,LAYAK,Mineral,42064.40,2.1181,12152.90,0.6120,0.5640,2116,1.7052,1.74,29.25
Club,8.4,72.0,NETRAL,LAYAK,Mineral,42107.50,2.1203,12788.20,0.6439,0.5928,2095,1.6883,2.82,29.31
Club,8.4,72.0,NETRAL,LAYAK,Mineral,42421.20,2.1361,13118.00,0.6606,0.6081,2097,1.6899,2.72,29.31
Club,8.4,72.0,NETRAL,LAYAK,Mineral,42210.00,2.1255,13028.40,0.6560,0.6040,2094,1.6875,2.87,29.31
Club,8.4,72.0,NETRAL,LAYAK,Mineral,42126.60,2.1213,12732.30,0.6411,0.5909,2097,1.6899,2.72,29.25
Club,8.4,72.0,NETRAL,LAYAK,Mineral,42294.80,2.1297,12180.10,0.6133,0.5646,2099,1.6915,2.62,29.31
Club,8.4,72.0,NETRAL,LAYAK,Mineral,42051.40,2.1175,12820.20,0.6456,0.5943,2096,1.6891,2.77,29.31
Club,8.4,72.0,NETRAL,LAYAK,Mineral,42006.50,2.1152,13151.50,0.6622,0.6104,2092,1.6859,2.97,29.25
Club,8.4,72.0,NETRAL,LAYAK,Mineral,42083.30,2.1191,12007.10,0.6046,0.5566,2095,1.6883,2.82,29.31
Club,8.4,72.0,NETRAL,LAYAK,Mineral,41984.20,2.1141,12629.90,0.6360,0.5855,2097,1.6899,2.72,29.31
Club,8.4,72.0,NETRAL,LAYAK,Mineral,42328.30,2.1314,13185.10,0.6639,0.6112,2096,1.6891,2.77,29.31
Club,8.4,72.0,NETRAL,LAYAK,Mineral,41921.80,2.1110,11762.50,0.5923,0.5453,2100,1.6923,2.56,29.31
Club,8.4,72.0,NETRAL,LAYAK,Mineral,42424.40,2.1363,13870.00,0.6984,0.6437,2096,1.6891,2.77,29.25
Club,8.4,72.0,NETRAL,LAYAK,Mineral,42341.20,2.1321,11200.70,0.5640,0.5192,2100,1.6923,2.56,29.31
Club,8.4,72.0,NETRAL,LAYAK,Mineral,41989.00,2.1143,13495.70,0.6796,0.6256,2095,1.6883,2.82,29.31
Club,8.4,72.0,NETRAL,LAYAK,Mineral,41953.70,2.1126,12365.90,0.6227,0.5732,2096,1.6891,2.77,29.31
Club,8.4,72.0,NETRAL,LAYAK,Mineral,42514.00,2.1408,12336.90,0.6212,0.5719,2093,1.6867,2.92,29.31
Club,8.4,72.0,NETRAL,LAYAK,Mineral,41750.50,2.1023,12690.60,0.6390,0.5883,2094,1.6875,2.87,29.31
Club,8.4,72.0,NETRAL,LAYAK,Mineral,42072.20,2.1185,13138.70,0.6616,0.6091,2095,1.6883,2.82,29.31
Club,8.4,72.0,NETRAL,LAYAK,Mineral,42165.20,2.1232,11384.70,0.5733,0.5278,2104,1.6955,2.36,29.31
Club,8.4,72.0,NETRAL,LAYAK,Mineral,42181.20,2.1240,14116.60,0.7108,0.6544,2097,1.6899,2.72,29.31
Club,8.4,72.0,NETRAL,LAYAK,Mineral,42093.10,2.1196,11264.70,0.5672,0.5222,2098,1.6907,2.67,29.31
Club,8.4,72.0,NETRAL,LAYAK,Mineral,42102.70,2.1201,13338.80,0.6717,0.6183,2097,1.6899,2.72,29.31
Club,8.4,72.0,NETRAL,LAYAK,Mineral,41899.40,2.1098,12392.90,0.6240,0.5745,2096,1.6891,2.77,29.31
Club,8.4,72.0,NETRAL,LAYAK,Mineral,42115.50,2.1207,11344.90,0.5713,0.5259,2090,1.6842,3.08,29.31
Club,8.4,72.0,NETRAL,LAYAK,Mineral,41945.90,2.1122,13351.70,0.6723,0.6189,2095,1.6883,2.82,29.31
Club,8.4,72.0,NETRAL,LAYAK,Mineral,42323.60,2.1312,12644.40,0.6367,0.5862,2097,1.6899,2.72,29.31
Club,8.4,72.0,NETRAL,LAYAK,Mineral,42190.80,2.1245,12352.70,0.6220,0.5726,2094,1.6875,2.87,29.31
Club,8.4,72.0,NETRAL,LAYAK,Mineral,42381.20,2.1341,12618.70,0.6354,0.5850,2095,1.6883,2.82,29.31
Club,8.4,72.0,NETRAL,LAYAK,Mineral,42168.40,2.1234,12828.20,0.6460,0.5947,2094,1.6875,2.87,29.31
Club,8.4,72.0,NETRAL,LAYAK,Mineral,42241.90,2.1271,11841.00,0.5963,0.5489,2095,1.6883,2.82,29.31
Club,8.4,72.0,NETRAL,LAYAK,Mineral,42081.90,2.1190,13497.30,0.6797,0.6264,2094,1.6875,2.87,29.25
Club,8.4,72.0,NETRAL,LAYAK,Mineral,42259.60,2.1280,11682.50,0.5883,0.5416,2098,1.6907,2.67,29.31
Club,8.4,72.0,NETRAL,LAYAK,Mineral,42418.00,2.1359,12946.70,0.6519,0.6002,2093,1.6867,2.92,29.31
Club,8.4,72.0,NETRAL,LAYAK,Mineral,42118.70,2.1209,11624.80,0.5854,0.5389,2097,1.6899,2.72,29.31
Club,8.4,72.0,NETRAL,LAYAK,Mineral,42262.70,2.1281,13097.20,0.6595,0.6071,2096,1.6891,2.77,29.31
Club,8.4,72.0,NETRAL,LAYAK,Mineral,42069.00,2.1184,12284.10,0.6186,0.5694,2095,1.6883,2.82,29.31
Club,8.4,72.0,NETRAL,LAYAK,Mineral,42057.90,2.1178,12234.50,0.6161,0.5671,2100,1.6923,2.56,29.31
Club,8.4,72.0,NETRAL,LAYAK,Mineral,42123.50,2.1211,12564.20,0.6327,0.5824,2094,1.6875,2.87,29.31
Club,8.4,72.0,NETRAL,LAYAK,Mineral,42184.30,2.1242,12797.60,0.6444,0.5933,2097,1.6899,2.72,29.31
Club,8.4,72.0,NETRAL,LAYAK,Mineral,41899.40,2.1098,11570.30,0.5826,0.5364,2095,1.6883,2.82,29.31
Club,8.4,72.0,NETRAL,LAYAK,Mineral,42331.60,2.1316,13612.50,0.6855,0.6318,2095,1.6883,2.82,29.25
Club,8.4,72.0,NETRAL,LAYAK,Mineral,42320.30,2.1310,11123.80,0.5601,0.5157,2100,1.6923,2.56,29.31
Club,8.4,72.0,NETRAL,LAYAK,Mineral,42086.70,2.1193,12801.00,0.6446,0.5941,2094,1.6875,2.87,29.25
Club,8.4,72.0,NETRAL,LAYAK,Mineral,42144.30,2.1222,12764.30,0.6427,0.5917,2095,1.6883,2.82,29.31
Club,8.4,72.0,NETRAL,LAYAK,Mineral,41902.60,2.1100,11347.90,0.5714,0.5267,2094,1.6875,2.87,29.25
Club,8.4,72.0,NETRAL,LAYAK,Mineral,42374.80,2.1338,13900.60,0.7000,0.6444,2095,1.6883,2.82,29.31
Club,8.4,72.0,NETRAL,LAYAK,Mineral,42227.60,2.1264,11128.70,0.5604,0.5165,2094,1.6875,2.87,29.25
Club,8.4,72.0,NETRAL,LAYAK,Mineral,42133.20,2.1216,13241.20,0.6668,0.6138,2090,1.6842,3.08,29.31
Club,8.4,72.0,NETRAL,LAYAK,Mineral,41840.10,2.1068,12356.40,0.6222,0.5735,2098,1.6907,2.67,29.25
Club,8.4,72.0,NETRAL,LAYAK,Mineral,42203.60,2.1252,12183.30,0.6135,0.5648,2095,1.6883,2.82,29.31
Club,8.4,72.0,NETRAL,LAYAK,Mineral,42011.60,2.1155,12836.30,0.6464,0.5950,2100,1.6923,2.56,29.31
Club,8.4,72.0,NETRAL,LAYAK,Mineral,42150.70,2.1225,12895.40,0.6493,0.5978,2105,1.6963,2.31,29.31
Club,8.4,72.0,NETRAL,LAYAK,Mineral,42461.20,2.1381,11954.40,0.6020,0.5542,2097,1.6899,2.72,29.31
Club,8.4,72.0,NETRAL,LAYAK,Mineral,41904.20,2.1101,12766.00,0.6428,0.5925,2096,1.6891,2.77,29.25
Club,8.4,72.0,NETRAL,LAYAK,Mineral,42016.20,2.1157,12551.20,0.6320,0.5818,2093,1.6867,2.92,29.31
Club,8.4,72.0,NETRAL,LAYAK,Mineral,42238.60,2.1269,13268.20,0.6681,0.6151,2093,1.6867,2.92,29.31
Club,8.4,72.0,NETRAL,LAYAK,Mineral,41745.80,2.1021,12303.30,0.6195,0.5710,2097,1.6899,2.72,29.25
Club,8.4,72.0,NETRAL,LAYAK,Mineral,42182.80,2.1241,12052.10,0.6069,0.5587,2096,1.6891,2.77,29.31
Club,8.4,72.0,NETRAL,LAYAK,Mineral,42155.50,2.1227,12521.00,0.6305,0.5811,2094,1.6875,2.87,29.25
Club,8.4,72.0,NETRAL,LAYAK,Mineral,42081.80,2.1190,12458.50,0.6273,0.5775,2113,1.7028,1.90,29.31
Club,8.4,72.0,NETRAL,LAYAK,Mineral,42445.20,2.1373,11919.30,0.6002,0.5525,2082,1.6778,3.49,29.31
Club,8.4,72.0,NETRAL,LAYAK,Mineral,41957.00,2.1127,12855.70,0.6473,0.5966,2094,1.6875,2.87,29.25
Club,8.4,72.0,NETRAL,LAYAK,Mineral,41936.10,2.1117,12586.40,0.6338,0.5835,2095,1.6883,2.82,29.31
Club,8.4,72.0,NETRAL,LAYAK,Mineral,42121.90,2.1210,11248.70,0.5664,0.5215,2097,1.6899,2.72,29.31
Club,8.4,72.0,NETRAL,LAYAK,Mineral,42003.50,2.1151,13978.90,0.7039,0.6480,2094,1.6875,2.87,29.31
Club,8.4,72.0,NETRAL,LAYAK,Mineral,42286.70,2.1293,12231.10,0.6159,0.5670,2097,1.6899,2.72,29.31
Club,8.4,72.0,NETRAL,LAYAK,Mineral,42062.60,2.1181,11640.70,0.5862,0.5396,2085,1.6802,3.33,29.31
Club,8.4,72.0,NETRAL,LAYAK,Mineral,42000.20,2.1149,13329.20,0.6712,0.6179,2111,1.7012,2.00,29.31
Club,8.4,72.0,NETRAL,LAYAK,Mineral,41928.30,2.1113,12388.00,0.6238,0.5749,2104,1.6955,2.36,29.25
Club,8.4,72.0,NETRAL,LAYAK,Mineral,42330.00,2.1315,11256.70,0.5668,0.5218,2096,1.6891,2.77,29.31
Club,8.4,72.0,NETRAL,LAYAK,Mineral,42248.30,2.1274,13825.40,0.6962,0.6416,2096,1.6891,2.77,29.25
Club,8.4,72.0,NETRAL,LAYAK,Mineral,42070.50,2.1185,11610.30,0.5846,0.5382,2096,1.6891,2.77,29.31
Club,8.4,72.0,NETRAL,LAYAK,Mineral,42414.70,2.1358,12234.60,0.6161,0.5672,2096,1.6891,2.77,29.31
Club,8.4,72.0,NETRAL,LAYAK,Mineral,42052.90,2.1176,13586.70,0.6842,0.6298,2100,1.6923,2.56,29.31
Club,8.4,72.0,NETRAL,LAYAK,Mineral,42089.90,2.1194,11128.70,0.5604,0.5165,2093,1.6867,2.92,29.25
Club,8.4,72.0,NETRAL,LAYAK,Mineral,42310.80,2.1306,12852.40,0.6472,0.5958,2096,1.6891,2.77,29.31
Club,8.4,72.0,NETRAL,LAYAK,Mineral,42206.70,2.1253,12848.90,0.6470,0.5956,2095,1.6883,2.82,29.31
Club,8.4,72.0,NETRAL,LAYAK,Mineral,42107.40,2.1203,12159.10,0.6123,0.5637,2095,1.6883,2.82,29.31
Club,8.4,72.0,NETRAL,LAYAK,Mineral,42218.00,2.1259,13005.80,0.6549,0.6029,2094,1.6875,2.87,29.31
Club,8.4,72.0,NETRAL,LAYAK,Mineral,41958.70,2.1128,12207.30,0.6147,0.5659,2094,1.6875,2.87,29.31
Club,8.4,72.0,NETRAL,LAYAK,Mineral,41944.10,2.1121,12138.30,0.6112,0.5627,2120,1.7084,1.54,29.31
Club,8.4,72.0,NETRAL,LAYAK,Mineral,41998.60,2.1148,12527.50,0.6308,0.5807,2094,1.6875,2.87,29.31
Club,8.4,72.0,NETRAL,LAYAK,Mineral,42136.30,2.1218,12807.40,0.6449,0.5937,2093,1.6867,2.92,29.31
Club,8.4,72.0,NETRAL,LAYAK,Mineral,42043.40,2.1171,11691.90,0.5887,0.5420,2095,1.6883,2.82,29.31
Club,8.4,72.0,NETRAL,LAYAK,Mineral,42208.30,2.1254,12905.20,0.6498,0.5982,2092,1.6859,2.97,29.31
Club,8.4,72.0,NETRAL,LAYAK,Mineral,42245.20,2.1272,12541.60,0.6315,0.5814,2096,1.6891,2.77,29.31
Club,8.4,72.0,NETRAL,LAYAK,Mineral,41676.90,2.0986,13231.40,0.6663,0.6141,2096,1.6891,2.77,29.25
Club,8.4,72.0,NETRAL,LAYAK,Mineral,41760.00,2.1028,12173.70,0.6130,0.5643,2116,1.7052,1.74,29.31
Club,8.4,72.0,NETRAL,LAYAK,Mineral,42120.40,2.1210,12068.10,0.6077,0.5601,2095,1.6883,2.82,29.25
Club,8.4,72.0,NETRAL,LAYAK,Mineral,41876.90,2.1087,12457.00,0.6273,0.5775,2086,1.6810,3.28,29.31
Club,8.4,72.0,NETRAL,LAYAK,Mineral,42205.20,2.1252,12871.50,0.6481,0.5967,2119,1.7076,1.59,29.31
Club,8.4,72.0,NETRAL,LAYAK,Mineral,41998.80,2.1148,11428.10,0.5755,0.5298,2102,1.6939,2.46,29.31
Club,8.4,72.0,NETRAL,LAYAK,Mineral,42097.80,2.1198,12757.80,0.6424,0.5914,2097,1.6899,2.72,29.31
Club,8.4,72.0,NETRAL,LAYAK,Mineral,41992.30,2.1145,12671.40,0.6381,0.5874,2095,1.6883,2.82,29.31
Club,8.4,72.0,NETRAL,LAYAK,Mineral,42038.60,2.1168,11210.30,0.5645,0.5197,2094,1.6875,2.87,29.31
Club,8.4,72.0,NETRAL,LAYAK,Mineral,42141.10,2.1220,13586.90,0.6842,0.6298,2097,1.6899,2.72,29.31
Club,8.4,72.0,NETRAL,LAYAK,Mineral,42177.80,2.1239,11337.00,0.5709,0.5255,2103,1.6947,2.41,29.31
Crystalaline,8.21,89.0,NETRAL,LAYAK,Mineral,42187.30,2.1243,12271.30,0.6179,0.5689,2097,1.6899,2.72,29.31
Crystalaline,8.21,89.0,NETRAL,LAYAK,Mineral,42187.50,2.1243,12793.10,0.6442,0.5930,2106,1.6971,2.26,29.31
Crystalaline,8.21,89.0,NETRAL,LAYAK,Mineral,41987.30,2.1143,12909.90,0.6501,0.5985,2094,1.6875,2.87,29.31
Crystalaline,8.21,89.0,NETRAL,LAYAK,Mineral,42089.80,2.1194,11464.90,0.5773,0.5315,2095,1.6883,2.82,29.31
Crystalaline,8.21,89.0,NETRAL,LAYAK,Mineral,42193.80,2.1247,13551.50,0.6824,0.6282,2092,1.6859,2.97,29.31
Crystalaline,8.21,89.0,NETRAL,LAYAK,Mineral,42493.20,2.1397,12640.80,0.6365,0.5860,2096,1.6891,2.77,29.31
Crystalaline,8.21,89.0,NETRAL,LAYAK,Mineral,42280.30,2.1290,11339.90,0.5710,0.5257,2095,1.6883,2.82,29.31
Crystalaline,8.21,89.0,NETRAL,LAYAK,Mineral,42011.30,2.1155,13809.30,0.6954,0.6402,2097,1.6899,2.72,29.31
Crystalaline,8.21,89.0,NETRAL,LAYAK,Mineral,41681.70,2.0989,12229.60,0.6158,0.5676,2093,1.6867,2.92,29.25
Crystalaline,8.21,89.0,NETRAL,LAYAK,Mineral,42326.70,2.1314,13274.70,0.6684,0.6154,2092,1.6859,2.97,29.31
Crystalaline,8.21,89.0,NETRAL,LAYAK,Mineral,42089.90,2.1194,12617.10,0.6353,0.5849,2095,1.6883,2.82,29.31
Crystalaline,8.21,89.0,NETRAL,LAYAK,Mineral,42480.40,2.1391,13020.10,0.6556,0.6036,2092,1.6859,2.97,29.31
Crystalaline,8.21,89.0,NETRAL,LAYAK,Mineral,42390.80,2.1346,11999.30,0.6042,0.5562,2095,1.6883,2.82,29.31
Crystalaline,8.21,89.0,NETRAL,LAYAK,Mineral,42147.40,2.1223,12735.50,0.6413,0.5904,2092,1.6859,2.97,29.31
Crystalaline,8.21,89.0,NETRAL,LAYAK,Mineral,42342.80,2.1322,12948.30,0.6520,0.6002,2092,1.6859,2.97,29.31
Crystalaline,8.21,89.0,NETRAL,LAYAK,Mineral,42362.00,2.1331,11552.70,0.5817,0.5355,2096,1.6891,2.77,29.31
Crystalaline,8.21,89.0,NETRAL,LAYAK,Mineral,42051.60,2.1175,13580.40,0.6838,0.6295,2093,1.6867,2.92,29.31
Crystalaline,8.21,89.0,NETRAL,LAYAK,Mineral,42333.20,2.1317,12658.50,0.6374,0.5868,2095,1.6883,2.82,29.31
Crystalaline,8.21,89.0,NETRAL,LAYAK,Mineral,42197.20,2.1248,11754.40,0.5919,0.5449,2093,1.6867,2.92,29.31
Crystalaline,8.21,89.0,NETRAL,LAYAK,Mineral,42784.40,2.1544,13442.90,0.6769,0.6232,2092,1.6859,2.97,29.31
Crystalaline,8.21,89.0,NETRAL,LAYAK,Mineral,42118.80,2.1209,11226.20,0.5653,0.5204,2095,1.6883,2.82,29.31
Crystalaline,8.21,89.0,NETRAL,LAYAK,Mineral,42590.80,2.1447,13071.60,0.6582,0.6067,2095,1.6883,2.82,29.25
Crystalaline,8.21,89.0,NETRAL,LAYAK,Mineral,42490.00,2.1396,12778.70,0.6435,0.5924,2095,1.6883,2.82,29.31
Crystalaline,8.21,89.0,NETRAL,LAYAK,Mineral,42674.00,2.1488,12975.60,0.6534,0.6015,2092,1.6859,2.97,29.31
Crystalaline,8.21,89.0,NETRAL,LAYAK,Mineral,42397.20,2.1349,12924.20,0.6508,0.5991,2096,1.6891,2.77,29.31
Crystalaline,8.21,89.0,NETRAL,LAYAK,Mineral,42355.60,2.1328,11399.30,0.5740,0.5284,2096,1.6891,2.77,29.31
Crystalaline,8.21,89.0,NETRAL,LAYAK,Mineral,42726.80,2.1515,13294.00,0.6694,0.6163,2095,1.6883,2.82,29.31
Crystalaline,8.21,89.0,NETRAL,LAYAK,Mineral,42504.40,2.1403,12596.40,0.6343,0.5839,2093,1.6867,2.92,29.31
Crystalaline,8.21,89.0,NETRAL,LAYAK,Mineral,42598.80,2.1451,11395.90,0.5738,0.5283,2096,1.6891,2.77,29.31
Crystalaline,8.21,89.0,NETRAL,LAYAK,Mineral,42763.60,2.1534,12514.60,0.6302,0.5801,2106,1.6971,2.26,29.31
Crystalaline,8.21,89.0,NETRAL,LAYAK,Mineral,42528.40,2.1415,13015.50,0.6554,0.6040,2091,1.6851,3.03,29.25
Crystalaline,8.21,89.0,NETRAL,LAYAK,Mineral,42578.00,2.1440,11927.20,0.6006,0.5529,2091,1.6851,3.03,29.31
Crystalaline,8.21,89.0,NETRAL,LAYAK,Mineral,42586.00,2.1444,12673.10,0.6382,0.5875,2095,1.6883,2.82,29.31
Crystalaline,8.21,89.0,NETRAL,LAYAK,Mineral,42816.40,2.1560,13018.70,0.6556,0.6035,2095,1.6883,2.82,29.31
Crystalaline,8.21,89.0,NETRAL,LAYAK,Mineral,42746.00,2.1525,11596.00,0.5839,0.5376,2092,1.6859,2.97,29.31
Crystalaline,8.21,89.0,NETRAL,LAYAK,Mineral,42539.50,2.1421,13374.00,0.6734,0.6200,2093,1.6867,2.92,29.31
Crystalaline,8.21,89.0,NETRAL,LAYAK,Mineral,42714.00,2.1509,13055.50,0.6574,0.6052,2099,1.6915,2.62,29.31
Crystalaline,8.21,89.0,NETRAL,LAYAK,Mineral,42547.60,2.1425,11749.70,0.5917,0.5447,2095,1.6883,2.82,29.31
Crystalaline,8.21,89.0,NETRAL,LAYAK,Mineral,42835.60,2.1570,13250.60,0.6672,0.6143,2080,1.6762,3.59,29.31
Crystalaline,8.21,89.0,NETRAL,LAYAK,Mineral,42648.40,2.1476,11410.50,0.5746,0.5296,2093,1.6867,2.92,29.25
Crystalaline,8.21,89.0,NETRAL,LAYAK,Mineral,42387.60,2.1344,13279.40,0.6687,0.6156,2093,1.6867,2.92,29.31
Crystalaline,8.21,89.0,NETRAL,LAYAK,Mineral,42797.20,2.1550,12610.70,0.6350,0.5846,2095,1.6883,2.82,29.31
Crystalaline,8.21,89.0,NETRAL,LAYAK,Mineral,42648.40,2.1476,11925.70,0.6005,0.5535,2096,1.6891,2.77,29.25
Crystalaline,8.21,89.0,NETRAL,LAYAK,Mineral,42978.00,2.1641,13454.10,0.6775,0.6237,2110,1.7004,2.05,29.31
Crystalaline,8.21,89.0,NETRAL,LAYAK,Mineral,42635.60,2.1469,12361.00,0.6224,0.5730,2119,1.7076,1.59,29.31
Crystalaline,8.21,89.0,NETRAL,LAYAK,Mineral,42878.80,2.1592,12244.00,0.6165,0.5676,2096,1.6891,2.77,29.31
Crystalaline,8.21,89.0,NETRAL,LAYAK,Mineral,43059.60,2.1683,12565.90,0.6328,0.5832,2089,1.6834,3.13,29.25
Crystalaline,8.21,89.0,NETRAL,LAYAK,Mineral,42968.40,2.1637,13049.10,0.6571,0.6049,2094,1.6875,2.87,29.31
Crystalaline,8.21,89.0,NETRAL,LAYAK,Mineral,42795.60,2.1550,12356.10,0.6222,0.5728,2092,1.6859,2.97,29.31
Crystalaline,8.21,89.0,NETRAL,LAYAK,Mineral,42384.40,2.1343,12545.00,0.6317,0.5815,2093,1.6867,2.92,29.31
Crystalaline,8.21,89.0,NETRAL,LAYAK,Mineral,42696.40,2.1500,13025.10,0.6559,0.6038,2091,1.6851,3.03,29.31
Crystalaline,8.21,89.0,NETRAL,LAYAK,Mineral,42475.60,2.1388,11328.70,0.5705,0.5258,2097,1.6899,2.72,29.25
Crystalaline,8.21,89.0,NETRAL,LAYAK,Mineral,42514.00,2.1408,13979.00,0.7039,0.6488,2093,1.6867,2.92,29.25
Crystalaline,8.21,89.0,NETRAL,LAYAK,Mineral,42558.80,2.1430,11623.40,0.5853,0.5388,2094,1.6875,2.87,29.31
Crystalaline,8.21,89.0,NETRAL,LAYAK,Mineral,42978.00,2.1641,12929.10,0.6510,0.5993,2108,1.6988,2.15,29.31
Crystalaline,8.21,89.0,NETRAL,LAYAK,Mineral,42771.60,2.1538,12892.30,0.6492,0.5976,2093,1.6867,2.92,29.31
Crystalaline,8.21,89.0,NETRAL,LAYAK,Mineral,43082.00,2.1694,12037.50,0.6061,0.5580,2093,1.6867,2.92,29.31
Crystalaline,8.21,89.0,NETRAL,LAYAK,Mineral,42794.00,2.1549,12890.80,0.6491,0.5976,2094,1.6875,2.87,29.31
Crystalaline,8.21,89.0,NETRAL,LAYAK,Mineral,43048.40,2.1677,11837.80,0.5961,0.5494,2095,1.6883,2.82,29.25
Crystalaline,8.21,89.0,NETRAL,LAYAK,Mineral,42866.00,2.1585,12866.70,0.6479,0.5965,2093,1.6867,2.92,29.31
Crystalaline,8.21,89.0,NETRAL,LAYAK,Mineral,43005.20,2.1655,12588.30,0.6339,0.5835,2093,1.6867,2.92,29.31
Crystalaline,8.21,89.0,NETRAL,LAYAK,Mineral,42797.20,2.1550,11432.90,0.5757,0.5300,2096,1.6891,2.77,29.31
Crystalaline,8.21,89.0,NETRAL,LAYAK,Mineral,43016.40,2.1661,13121.10,0.6607,0.6082,2096,1.6891,2.77,29.31
Crystalaline,8.21,89.0,NETRAL,LAYAK,Mineral,42720.40,2.1512,12234.60,0.6161,0.5672,2094,1.6875,2.87,29.31
Crystalaline,8.21,89.0,NETRAL,LAYAK,Mineral,42885.20,2.1595,12157.50,0.6122,0.5636,2095,1.6883,2.82,29.31
Crystalaline,8.21,89.0,NETRAL,LAYAK,Mineral,42797.20,2.1550,12849.10,0.6470,0.5963,2092,1.6859,2.97,29.25
Crystalaline,8.21,89.0,NETRAL,LAYAK,Mineral,42814.80,2.1559,12362.70,0.6225,0.5731,2093,1.6867,2.92,29.31
Crystalaline,8.21,89.0,NETRAL,LAYAK,Mineral,42976.40,2.1641,12895.40,0.6493,0.5978,2096,1.6891,2.77,29.31
Crystalaline,8.21,89.0,NETRAL,LAYAK,Mineral,43333.20,2.1820,12705.10,0.6398,0.5890,2093,1.6867,2.92,29.31
Crystalaline,8.21,89.0,NETRAL,LAYAK,Mineral,43006.80,2.1656,11789.60,0.5937,0.5472,2096,1.6891,2.77,29.25
Crystalaline,8.21,89.0,NETRAL,LAYAK,Mineral,42888.40,2.1596,13700.30,0.6899,0.6351,2093,1.6867,2.92,29.31
Crystalaline,8.21,89.0,NETRAL,LAYAK,Mineral,42766.80,2.1535,11466.60,0.5774,0.5316,2094,1.6875,2.87,29.31
Crystalaline,8.21,89.0,NETRAL,LAYAK,Mineral,42699.60,2.1501,13081.20,0.6587,0.6064,2098,1.6907,2.67,29.31
Crystalaline,8.21,89.0,NETRAL,LAYAK,Mineral,42579.60,2.1441,12237.80,0.6162,0.5680,2094,1.6875,2.87,29.25
Crystalaline,8.21,89.0,NETRAL,LAYAK,Mineral,42933.20,2.1619,12117.50,0.6102,0.5617,2093,1.6867,2.92,29.31
Crystalaline,8.21,89.0,NETRAL,LAYAK,Mineral,42682.00,2.1492,12854.00,0.6473,0.5959,2095,1.6883,2.82,29.31
Crystalaline,8.21,89.0,NETRAL,LAYAK,Mineral,42982.80,2.1644,12530.50,0.6310,0.5809,2094,1.6875,2.87,29.31
Crystalaline,8.21,89.0,NETRAL,LAYAK,Mineral,42856.40,2.1580,13151.40,0.6622,0.6104,2096,1.6891,2.77,29.25
Crystalaline,8.21,89.0,NETRAL,LAYAK,Mineral,42891.60,2.1598,12732.10,0.6411,0.5902,2095,1.6883,2.82,29.31
Crystalaline,8.21,89.0,NETRAL,LAYAK,Mineral,42730.00,2.1517,11628.10,0.5855,0.5397,2101,1.6931,2.51,29.25
Crystalaline,8.21,89.0,NETRAL,LAYAK,Mineral,43174.80,2.1741,13343.50,0.6719,0.6186,2092,1.6859,2.97,29.31
Crystalaline,8.21,89.0,NETRAL,LAYAK,Mineral,42606.80,2.1455,11855.40,0.5970,0.5496,2097,1.6899,2.72,29.31
Crystalaline,8.21,89.0,NETRAL,LAYAK,Mineral,43000.40,2.1653,12951.60,0.6522,0.6004,2097,1.6899,2.72,29.31
Crystalaline,8.21,89.0,NETRAL,LAYAK,Mineral,42875.60,2.1590,12119.20,0.6103,0.5618,2096,1.6891,2.77,29.31
Crystalaline,8.21,89.0,NETRAL,LAYAK,Mineral,42946.00,2.1625,12024.70,0.6055,0.5574,2094,1.6875,2.87,29.31
Crystalaline,8.21,89.0,NETRAL,LAYAK,Mineral,42960.40,2.1633,12761.10,0.6426,0.5916,2097,1.6899,2.72,29.31
Crystalaline,8.21,89.0,NETRAL,LAYAK,Mineral,42954.00,2.1629,12043.90,0.6065,0.5583,2095,1.6883,2.82,29.31
Crystalaline,8.21,89.0,NETRAL,LAYAK,Mineral,42696.40,2.1500,11491.90,0.5787,0.5327,2093,1.6867,2.92,29.31
Crystalaline,8.21,89.0,NETRAL,LAYAK,Mineral,42978.00,2.1641,13738.70,0.6918,0.6369,2092,1.6859,2.97,29.31
Crystalaline,8.21,89.0,NETRAL,LAYAK,Mineral,43267.60,2.1787,11432.90,0.5757,0.5300,2093,1.6867,2.92,29.31
Crystalaline,8.21,89.0,NETRAL,LAYAK,Mineral,42750.80,2.1527,12223.30,0.6155,0.5673,2099,1.6915,2.62,29.25
Crystalaline,8.21,89.0,NETRAL,LAYAK,Mineral,42870.80,2.1587,13594.80,0.6846,0.6302,2092,1.6859,2.97,29.31
Crystalaline,8.21,89.0,NETRAL,LAYAK,Mineral,42651.60,2.1477,11317.70,0.5699,0.5246,2093,1.6867,2.92,29.31
Crystalaline,8.21,89.0,NETRAL,LAYAK,Mineral,43016.40,2.1661,12845.60,0.6468,0.5955,2095,1.6883,2.82,29.31
Crystalaline,8.21,89.0,NETRAL,LAYAK,Mineral,42989.20,2.1647,12680.90,0.6385,0.5878,2097,1.6899,2.72,29.31
Crystalaline,8.21,89.0,NETRAL,LAYAK,Mineral,42728.40,2.1516,11482.30,0.5782,0.5323,2093,1.6867,2.92,29.31
Crystalaline,8.21,89.0,NETRAL,LAYAK,Mineral,42786.00,2.1545,12234.50,0.6161,0.5671,2094,1.6875,2.87,29.31
Crystalaline,8.21,89.0,NETRAL,LAYAK,Mineral,42768.40,2.1536,12020.10,0.6053,0.5572,2097,1.6899,2.72,29.31
Crystalaline,8.21,89.0,NETRAL,LAYAK,Mineral,43125.20,2.1716,12799.60,0.6445,0.5933,2100,1.6923,2.56,29.31
Crystalaline,8.21,89.0,NETRAL,LAYAK,Mineral,42648.40,2.1476,12925.90,0.6509,0.5999,2096,1.6891,2.77,29.25
Crystalaline,8.21,89.0,NETRAL,LAYAK,Mineral,43075.60,2.1691,11271.10,0.5676,0.5225,2096,1.6891,2.77,29.31
Crystalaline,8.21,89.0,NETRAL,LAYAK,Mineral,42794.00,2.1549,13637.90,0.6867,0.6322,2096,1.6891,2.77,29.31
Crystalaline,8.21,89.0,NETRAL,LAYAK,Mineral,43101.20,2.1704,11263.30,0.5672,0.5221,2093,1.6867,2.92,29.31
Crystalaline,8.21,89.0,NETRAL,LAYAK,Mineral,42842.00,2.1573,13053.80,0.6573,0.6051,2095,1.6883,2.82,29.31
Crystalaline,8.21,89.0,NETRAL,LAYAK,Mineral,43046.80,2.1676,12944.90,0.6518,0.6001,2097,1.6899,2.72,29.31
Crystalaline,8.21,89.0,NETRAL,LAYAK,Mineral,42802.00,2.1553,11959.30,0.6022,0.5544,2099,1.6915,2.62,29.31
Crystalaline,8.21,89.0,NETRAL,LAYAK,Mineral,43040.40,2.1673,13004.30,0.6548,0.6028,2093,1.6867,2.92,29.31
Crystalaline,8.21,89.0,NETRAL,LAYAK,Mineral,42818.00,2.1561,12082.50,0.6084,0.5607,2093,1.6867,2.92,29.25
Crystalaline,8.21,89.0,NETRAL,LAYAK,Mineral,42933.20,2.1619,12945.10,0.6518,0.6001,2102,1.6939,2.46,29.31
Crystalaline,8.21,89.0,NETRAL,LAYAK,Mineral,42517.20,2.1409,12879.50,0.6485,0.5970,2094,1.6875,2.87,29.31
Crystalaline,8.21,89.0,NETRAL,LAYAK,Mineral,42704.40,2.1504,11338.30,0.5709,0.5262,2096,1.6891,2.77,29.25
Crystalaline,8.21,89.0,NETRAL,LAYAK,Mineral,42592.40,2.1447,13938.70,0.7019,0.6461,2093,1.6867,2.92,29.31
Crystalaline,8.21,89.0,NETRAL,LAYAK,Mineral,42763.60,2.1534,11331.90,0.5706,0.5253,2121,1.7092,1.49,29.31
Crystalaline,8.21,89.0,NETRAL,LAYAK,Mineral,42886.80,2.1596,12857.00,0.6474,0.5960,2094,1.6875,2.87,29.31
Crystalaline,8.21,89.0,NETRAL,LAYAK,Mineral,42376.40,2.1339,12751.50,0.6421,0.5911,2093,1.6867,2.92,29.31
Crystalaline,8.21,89.0,NETRAL,LAYAK,Mineral,42771.60,2.1538,12271.30,0.6179,0.5689,2095,1.6883,2.82,29.31
Crystalaline,8.21,89.0,NETRAL,LAYAK,Mineral,42934.80,2.1620,13935.70,0.7017,0.6460,2094,1.6875,2.87,29.31
Crystalaline,8.21,89.0,NETRAL,LAYAK,Mineral,42822.80,2.1563,11317.40,0.5699,0.5252,2093,1.6867,2.92,29.25
Crystalaline,8.21,89.0,NETRAL,LAYAK,Mineral,42576.40,2.1439,13348.40,0.6722,0.6188,2096,1.6891,2.77,29.31
Crystalaline,8.21,89.0,NETRAL,LAYAK,Mineral,42483.60,2.1393,12988.30,0.6540,0.6021,2097,1.6899,2.72,29.31
Crystalaline,8.21,89.0,NETRAL,LAYAK,Mineral,43040.40,2.1673,11229.70,0.5655,0.5206,2096,1.6891,2.77,29.31
Crystalaline,8.21,89.0,NETRAL,LAYAK,Mineral,42814.80,2.1559,13385.20,0.6740,0.6212,2100,1.6923,2.56,29.25
Crystalaline,8.21,89.0,NETRAL,LAYAK,Mineral,42726.80,2.1515,12344.90,0.6216,0.5723,2096,1.6891,2.77,29.31
Crystalaline,8.21,89.0,NETRAL,LAYAK,Mineral,42960.40,2.1633,12255.30,0.6171,0.5681,2096,1.6891,2.77,29.31
Crystalaline,8.21,89.0,NETRAL,LAYAK,Mineral,42715.60,2.1509,12585.10,0.6337,0.5834,2094,1.6875,2.87,29.31
Crystalaline,8.21,89.0,NETRAL,LAYAK,Mineral,42706.00,2.1505,12505.00,0.6297,0.5804,2084,1.6794,3.38,29.25
Crystalaline,8.21,89.0,NETRAL,LAYAK,Mineral,42824.40,2.1564,12224.90,0.6156,0.5674,2096,1.6891,2.77,29.25
Crystalaline,8.21,89.0,NETRAL,LAYAK,Mineral,42998.80,2.1652,12533.80,0.6311,0.5810,2095,1.6883,2.82,29.31
Crystalaline,8.21,89.0,NETRAL,LAYAK,Mineral,42733.20,2.1518,12991.50,0.6542,0.6022,2099,1.6915,2.62,29.31
Crystalaline,8.21,89.0,NETRAL,LAYAK,Mineral,42998.80,2.1652,11690.40,0.5887,0.5419,2093,1.6867,2.92,29.31
Crystalaline,8.21,89.0,NETRAL,LAYAK,Mineral,42806.80,2.1555,13427.00,0.6761,0.6224,2096,1.6891,2.77,29.31
Crystalaline,8.21,89.0,NETRAL,LAYAK,Mineral,42890.00,2.1597,12333.80,0.6211,0.5718,2093,1.6867,2.92,29.31
Crystalaline,8.21,89.0,NETRAL,LAYAK,Mineral,43082.00,2.1694,12284.20,0.6186,0.5695,2094,1.6875,2.87,29.31
Crystalaline,8.21,89.0,NETRAL,LAYAK,Mineral,42672.40,2.1488,13177.10,0.6635,0.6108,2093,1.6867,2.92,29.31
Crystalaline,8.21,89.0,NETRAL,LAYAK,Mineral,43107.60,2.1707,11960.70,0.6023,0.5545,2094,1.6875,2.87,29.31
Crystalaline,8.21,89.0,NETRAL,LAYAK,Mineral,43048.40,2.1677,13846.10,0.6972,0.6419,2094,1.6875,2.87,29.31
Crystalaline,8.21,89.0,NETRAL,LAYAK,Mineral,42931.60,2.1618,11959.30,0.6022,0.5544,2093,1.6867,2.92,29.31
Crystalaline,8.21,89.0,NETRAL,LAYAK,Mineral,43067.60,2.1687,12354.60,0.6221,0.5734,2096,1.6891,2.77,29.25
Crystalaline,8.21,89.0,NETRAL,LAYAK,Mineral,43379.60,2.1844,13143.60,0.6618,0.6100,2094,1.6875,2.87,29.25
Crystalaline,8.21,89.0,NETRAL,LAYAK,Mineral,43499.60,2.1904,11895.10,0.5990,0.5514,2099,1.6915,2.62,29.31
Crystalaline,8.21,89.0,NETRAL,LAYAK,Mineral,42981.20,2.1643,12985.10,0.6539,0.6019,2094,1.6875,2.87,29.31
Crystalaline,8.21,89.0,NETRAL,LAYAK,Mineral,43371.60,2.1840,13025.00,0.6559,0.6038,2096,1.6891,2.77,29.31
Crystalaline,8.21,89.0,NETRAL,LAYAK,Mineral,43226.00,2.1766,11656.90,0.5870,0.5410,2094,1.6875,2.87,29.25
Crystalaline,8.21,89.0,NETRAL,LAYAK,Mineral,43202.00,2.1754,12828.40,0.6460,0.5954,2093,1.6867,2.92,29.25
Crystalaline,8.21,89.0,NETRAL,LAYAK,Mineral,42811.60,2.1558,11309.70,0.5695,0.5249,2096,1.6891,2.77,29.25
Crystalaline,8.21,89.0,NETRAL,LAYAK,Mineral,42973.20,2.1639,13206.10,0.6650,0.6129,2093,1.6867,2.92,29.25
Crystalaline,8.21,89.0,NETRAL,LAYAK,Mineral,43110.80,2.1708,12439.50,0.6264,0.5767,2090,1.6842,3.08,29.31
Crystalaline,8.21,89.0,NETRAL,LAYAK,Mineral,43338.00,2.1823,12023.30,0.6054,0.5574,2093,1.6867,2.92,29.31
Crystalaline,8.21,89.0,NETRAL,LAYAK,Mineral,42955.60,2.1630,12602.60,0.6346,0.5842,2096,1.6891,2.77,29.31
Crystalaline,8.21,89.0,NETRAL,LAYAK,Mineral,43152.40,2.1729,12711.40,0.6401,0.5893,2096,1.6891,2.77,29.31
Crystalaline,8.21,89.0,NETRAL,LAYAK,Mineral,42891.60,2.1598,11685.50,0.5884,0.5423,2094,1.6875,2.87,29.25
Crystalaline,8.21,89.0,NETRAL,LAYAK,Mineral,43093.20,2.1699,13753.10,0.6925,0.6383,2094,1.6875,2.87,29.25
Crystalaline,8.21,89.0,NETRAL,LAYAK,Mineral,42856.40,2.1580,12765.60,0.6428,0.5918,2095,1.6883,2.82,29.31
Crystalaline,8.21,89.0,NETRAL,LAYAK,Mineral,43238.80,2.1773,11551.30,0.5817,0.5355,2104,1.6955,2.36,29.31
Crystalaline,8.21,89.0,NETRAL,LAYAK,Mineral,43110.80,2.1708,12436.10,0.6262,0.5765,2093,1.6867,2.92,29.31
Crystalaline,8.21,89.0,NETRAL,LAYAK,Mineral,43218.00,2.1762,12252.10,0.6170,0.5680,2095,1.6883,2.82,29.31
Crystalaline,8.21,89.0,NETRAL,LAYAK,Mineral,43200.40,2.1753,12559.50,0.6324,0.5829,2098,1.6907,2.67,29.25
Crystalaline,8.21,89.0,NETRAL,LAYAK,Mineral,43600.40,2.1955,12925.60,0.6509,0.5992,2096,1.6891,2.77,29.31
Crystalaline,8.21,89.0,NETRAL,LAYAK,Mineral,43478.80,2.1894,11562.50,0.5822,0.5366,2094,1.6875,2.87,29.25
Crystalaline,8.21,89.0,NETRAL,LAYAK,Mineral,43232.40,2.1770,13895.80,0.6997,0.6442,2095,1.6883,2.82,29.31
Crystalaline,8.21,89.0,NETRAL,LAYAK,Mineral,43238.80,2.1773,11661.70,0.5872,0.5406,2093,1.6867,2.92,29.31
Crystalaline,8.21,89.0,NETRAL,LAYAK,Mineral,43082.00,2.1694,12532.10,0.6311,0.5809,2093,1.6867,2.92,29.31
Crystalaline,8.21,89.0,NETRAL,LAYAK,Mineral,43235.60,2.1771,13071.50,0.6582,0.6066,2095,1.6883,2.82,29.25
Crystalaline,8.21,89.0,NETRAL,LAYAK,Mineral,42968.40,2.1637,11978.40,0.6032,0.5553,2095,1.6883,2.82,29.31
Crystalaline,8.21,89.0,NETRAL,LAYAK,Mineral,43170.00,2.1738,13201.20,0.6647,0.6120,2117,1.7060,1.69,29.31
Crystalaline,8.21,89.0,NETRAL,LAYAK,Mineral,43272.40,2.1790,12233.00,0.6160,0.5677,2094,1.6875,2.87,29.25
Crystalaline,8.21,89.0,NETRAL,LAYAK,Mineral,43454.80,2.1882,12250.30,0.6169,0.5679,2103,1.6947,2.41,29.31
Crystalaline,8.21,89.0,NETRAL,LAYAK,Mineral,43018.00,2.1662,12695.40,0.6393,0.5892,2095,1.6883,2.82,29.25
Crystalaline,8.21,89.0,NETRAL,LAYAK,Mineral,43246.80,2.1777,13028.30,0.6560,0.6039,2097,1.6899,2.72,29.31
Crystalaline,8.21,89.0,NETRAL,LAYAK,Mineral,43486.80,2.1898,11295.20,0.5688,0.5242,2098,1.6907,2.67,29.25
Crystalaline,8.21,89.0,NETRAL,LAYAK,Mineral,43133.20,2.1720,13806.20,0.6952,0.6400,2093,1.6867,2.92,29.31
Crystalaline,8.21,89.0,NETRAL,LAYAK,Mineral,43389.20,2.1849,11328.90,0.5705,0.5258,2095,1.6883,2.82,29.25
Crystalaline,8.21,89.0,NETRAL,LAYAK,Mineral,43139.60,2.1723,13276.40,0.6685,0.6154,2094,1.6875,2.87,29.31
Crystalaline,8.21,89.0,NETRAL,LAYAK,Mineral,43395.60,2.1852,12895.20,0.6493,0.5985,2093,1.6867,2.92,29.25
Crystalaline,8.21,89.0,NETRAL,LAYAK,Mineral,43496.40,2.1903,11705.00,0.5894,0.5426,2096,1.6891,2.77,29.31
Crystalaline,8.21,89.0,NETRAL,LAYAK,Mineral,43240.40,2.1774,13716.50,0.6907,0.6366,2093,1.6867,2.92,29.25
Crystalaline,8.21,89.0,NETRAL,LAYAK,Mineral,43296.40,2.1802,11215.10,0.5647,0.5199,2097,1.6899,2.72,29.31
Crystalaline,8.21,89.0,NETRAL,LAYAK,Mineral,43083.60,2.1695,13383.40,0.6739,0.6204,2094,1.6875,2.87,29.31
Crystalaline,8.21,89.0,NETRAL,LAYAK,Mineral,43338.00,2.1823,12215.40,0.6151,0.5663,2096,1.6891,2.77,29.31
Crystalaline,8.21,89.0,NETRAL,LAYAK,Mineral,43650.00,2.1980,12251.90,0.6169,0.5680,2095,1.6883,2.82,29.31
Crystalaline,8.21,89.0,NETRAL,LAYAK,Mineral,43618.00,2.1964,12751.60,0.6421,0.5911,2096,1.6891,2.77,29.31
Crystalaline,8.21,89.0,NETRAL,LAYAK,Mineral,43891.60,2.2102,12458.60,0.6273,0.5782,2113,1.7028,1.90,29.25
Crystalaline,8.21,89.0,NETRAL,LAYAK,Mineral,43462.80,2.1886,11962.40,0.6024,0.5552,2094,1.6875,2.87,29.25
Crystalaline,8.21,89.0,NETRAL,LAYAK,Mineral,43320.40,2.1814,13249.10,0.6672,0.6142,2096,1.6891,2.77,29.31
Crystalaline,8.21,89.0,NETRAL,LAYAK,Mineral,43640.40,2.1975,11919.10,0.6002,0.5532,2094,1.6875,2.87,29.25
Crystalaline,8.21,89.0,NETRAL,LAYAK,Mineral,43528.40,2.1919,13055.50,0.6574,0.6052,2095,1.6883,2.82,29.31
Crystalaline,8.21,89.0,NETRAL,LAYAK,Mineral,43344.40,2.1826,12866.50,0.6479,0.5964,2095,1.6883,2.82,29.31
Crystalaline,8.21,89.0,NETRAL,LAYAK,Mineral,43530.10,2.1919,11597.70,0.5840,0.5376,2095,1.6883,2.82,29.31
Crystalaline,8.21,89.0,NETRAL,LAYAK,Mineral,43117.20,2.1712,13582.00,0.6839,0.6296,2097,1.6899,2.72,29.31
Crystalaline,8.21,89.0,NETRAL,LAYAK,Mineral,43523.70,2.1916,11601.00,0.5842,0.5378,2094,1.6875,2.87,29.31
Crystalaline,8.21,89.0,NETRAL,LAYAK,Mineral,43518.90,2.1914,12916.40,0.6504,0.5988,2094,1.6875,2.87,29.31
Crystalaline,8.21,89.0,NETRAL,LAYAK,Mineral,43670.80,2.1990,12358.00,0.6223,0.5735,2096,1.6891,2.77,29.25
Crystalaline,8.21,89.0,NETRAL,LAYAK,Mineral,43859.60,2.2085,12080.90,0.6083,0.5607,2103,1.6947,2.41,29.25
Crystalaline,8.21,89.0,NETRAL,LAYAK,Mineral,43365.20,2.1836,13940.60,0.7020,0.6462,2096,1.6891,2.77,29.31
Crystalaline,8.21,89.0,NETRAL,LAYAK,Mineral,43674.00,2.1992,11645.80,0.5864,0.5405,2094,1.6875,2.87,29.25
Crystalaline,8.21,89.0,NETRAL,LAYAK,Mineral,43366.80,2.1837,12914.80,0.6503,0.5987,2095,1.6883,2.82,29.31
Crystalaline,8.21,89.0,NETRAL,LAYAK,Mineral,43557.20,2.1933,12268.20,0.6178,0.5687,2097,1.6899,2.72,29.31
Crystalaline,8.21,89.0,NETRAL,LAYAK,Mineral,43432.40,2.1870,12184.90,0.6136,0.5648,2096,1.6891,2.77,29.31
Crystalaline,8.21,89.0,NETRAL,LAYAK,Mineral,43392.40,2.1850,12521.10,0.6305,0.5804,2097,1.6899,2.72,29.31
Crystalaline,8.21,89.0,NETRAL,LAYAK,Mineral,43403.60,2.1856,12794.40,0.6443,0.5938,2094,1.6875,2.87,29.25
Air Dispenser Panas,8.81,132.0,BASA,LAYAK,Mineral,41798.40,2.1047,13860.50,0.6979,0.6418,2096,1.6891,2.77,29.38
Air Dispenser Panas,8.81,132.0,BASA,LAYAK,Mineral,41531.10,2.0913,13153.40,0.6623,0.6090,2094,1.6875,2.87,29.38
Air Dispenser Panas,8.81,132.0,BASA,LAYAK,Mineral,41675.20,2.0985,13181.90,0.6638,0.6104,2095,1.6883,2.82,29.38
Air Dispenser Panas,8.81,132.0,BASA,LAYAK,Mineral,41595.20,2.0945,11539.90,0.5811,0.5343,2102,1.6939,2.46,29.38
Air Dispenser Panas,8.81,132.0,BASA,LAYAK,Mineral,41657.60,2.0977,14209.30,0.7155,0.6579,2096,1.6891,2.77,29.38
Air Dispenser Panas,8.81,132.0,BASA,LAYAK,Mineral,41630.30,2.0963,11387.90,0.5734,0.5273,2093,1.6867,2.92,29.38
Air Dispenser Panas,8.81,132.0,BASA,LAYAK,Mineral,41736.00,2.1016,13026.60,0.6560,0.6032,2099,1.6915,2.62,29.38
Air Dispenser Panas,8.81,132.0,BASA,LAYAK,Mineral,41979.30,2.1139,14012.40,0.7056,0.6481,2095,1.6883,2.82,29.44
Air Dispenser Panas,8.81,132.0,BASA,LAYAK,Mineral,41825.80,2.1061,11709.80,0.5896,0.5422,2094,1.6875,2.87,29.38
Air Dispenser Panas,8.81,132.0,BASA,LAYAK,Mineral,41697.40,2.0997,13223.60,0.6659,0.6123,2092,1.6859,2.97,29.38
Air Dispenser Panas,8.81,132.0,BASA,LAYAK,Mineral,41632.00,2.0964,13367.80,0.6731,0.6190,2118,1.7068,1.64,29.38
Air Dispenser Panas,8.81,132.0,BASA,LAYAK,Mineral,41958.60,2.1128,12197.70,0.6142,0.5648,2092,1.6859,2.97,29.38
Air Dispenser Panas,8.81,132.0,BASA,LAYAK,Mineral,41731.30,2.1014,13462.10,0.6779,0.6233,2093,1.6867,2.92,29.38
Air Dispenser Panas,8.81,132.0,BASA,LAYAK,Mineral,42054.50,2.1176,12386.60,0.6237,0.5735,2097,1.6899,2.72,29.38
Air Dispenser Panas,8.81,132.0,BASA,LAYAK,Mineral,41763.20,2.1030,12578.60,0.6334,0.5824,2109,1.6996,2.10,29.38
Air Dispenser Panas,8.81,132.0,BASA,LAYAK,Mineral,41817.60,2.1057,13373.90,0.6734,0.6193,2088,1.6826,3.18,29.38
Air Dispenser Panas,8.81,132.0,BASA,LAYAK,Mineral,41941.10,2.1119,12052.10,0.6069,0.5581,2095,1.6883,2.82,29.38
Air Dispenser Panas,8.81,132.0,BASA,LAYAK,Mineral,42142.70,2.1221,13114.80,0.6604,0.6073,2089,1.6834,3.13,29.38
Air Dispenser Panas,8.81,132.0,BASA,LAYAK,Mineral,42352.20,2.1326,13121.10,0.6607,0.6075,2095,1.6883,2.82,29.38
Air Dispenser Panas,8.81,132.0,BASA,LAYAK,Mineral,41835.30,2.1066,12220.10,0.6153,0.5658,2093,1.6867,2.92,29.38
Air Dispenser Panas,8.81,132.0,BASA,LAYAK,Mineral,42328.30,2.1314,13471.60,0.6784,0.6238,2094,1.6875,2.87,29.38
Air Dispenser Panas,8.81,132.0,BASA,LAYAK,Mineral,42109.00,2.1204,12176.70,0.6132,0.5638,2094,1.6875,2.87,29.38
Air Dispenser Panas,8.81,132.0,BASA,LAYAK,Mineral,42052.80,2.1176,13438.00,0.6767,0.6222,2093,1.6867,2.92,29.38
Air Dispenser Panas,8.81,132.0,BASA,LAYAK,Mineral,41846.30,2.1072,12364.20,0.6226,0.5725,2096,1.6891,2.77,29.38
Air Dispenser Panas,8.81,132.0,BASA,LAYAK,Mineral,41908.80,2.1103,12416.70,0.6252,0.5749,2104,1.6955,2.36,29.38
Air Dispenser Panas,8.81,132.0,BASA,LAYAK,Mineral,41904.00,2.1101,12852.40,0.6472,0.5951,2082,1.6778,3.49,29.38
Air Dispenser Panas,8.81,132.0,BASA,LAYAK,Mineral,42200.10,2.1250,13073.10,0.6583,0.6053,2093,1.6867,2.92,29.38
Air Dispenser Panas,8.81,132.0,BASA,LAYAK,Mineral,42014.40,2.1156,11588.20,0.5835,0.5366,2096,1.6891,2.77,29.38
Air Dispenser Panas,8.81,132.0,BASA,LAYAK,Mineral,42046.50,2.1172,13987.00,0.7043,0.6469,2095,1.6883,2.82,29.44
Air Dispenser Panas,8.81,132.0,BASA,LAYAK,Mineral,42251.30,2.1276,11410.50,0.5746,0.5283,2098,1.6907,2.67,29.38
Air Dispenser Panas,8.81,132.0,BASA,LAYAK,Mineral,41603.00,2.0949,12676.30,0.6383,0.5870,2095,1.6883,2.82,29.38
Air Dispenser Panas,8.81,132.0,BASA,LAYAK,Mineral,41941.00,2.1119,13106.70,0.6600,0.6069,2100,1.6923,2.56,29.38
Air Dispenser Panas,8.81,132.0,BASA,LAYAK,Mineral,42059.40,2.1179,11415.20,0.5748,0.5286,2093,1.6867,2.92,29.38
Air Dispenser Panas,8.81,132.0,BASA,LAYAK,Mineral,41968.20,2.1133,13985.20,0.7042,0.6476,2102,1.6939,2.46,29.38
Air Dispenser Panas,8.81,132.0,BASA,LAYAK,Mineral,42014.50,2.1156,12050.60,0.6068,0.5573,2096,1.6891,2.77,29.44
Air Dispenser Panas,8.81,132.0,BASA,LAYAK,Mineral,42221.10,2.1260,12986.60,0.6539,0.6013,2093,1.6867,2.92,29.38
Air Dispenser Panas,8.81,132.0,BASA,LAYAK,Mineral,42200.20,2.1250,13020.50,0.6556,0.6029,2097,1.6899,2.72,29.38
Air Dispenser Panas,8.81,132.0,BASA,LAYAK,Mineral,41856.10,2.1077,12151.30,0.6119,0.5626,2097,1.6899,2.72,29.38
Air Dispenser Panas,8.81,132.0,BASA,LAYAK,Mineral,41881.80,2.1089,12924.50,0.6508,0.5978,2093,1.6867,2.92,29.44
Air Dispenser Panas,8.81,132.0,BASA,LAYAK,Mineral,42109.10,2.1204,12700.10,0.6395,0.5874,2094,1.6875,2.87,29.44
Air Dispenser Panas,8.81,132.0,BASA,LAYAK,Mineral,42045.10,2.1172,12197.70,0.6142,0.5648,2101,1.6931,2.51,29.38
Air Dispenser Panas,8.81,132.0,BASA,LAYAK,Mineral,42104.20,2.1201,13193.10,0.6643,0.6109,2091,1.6851,3.03,29.38
Air Dispenser Panas,8.81,132.0,BASA,LAYAK,Mineral,42184.30,2.1242,12333.80,0.6211,0.5711,2096,1.6891,2.77,29.38
Air Dispenser Panas,8.81,132.0,BASA,LAYAK,Mineral,42531.50,2.1417,12615.30,0.6352,0.5835,2092,1.6859,2.97,29.44
Air Dispenser Panas,8.81,132.0,BASA,LAYAK,Mineral,42379.60,2.1340,13140.40,0.6617,0.6084,2092,1.6859,2.97,29.38
Air Dispenser Panas,8.81,132.0,BASA,LAYAK,Mineral,42381.10,2.1341,12072.70,0.6079,0.5590,2092,1.6859,2.97,29.38
Air Dispenser Panas,8.81,132.0,BASA,LAYAK,Mineral,41953.70,2.1126,13078.00,0.6585,0.6056,2093,1.6867,2.92,29.38
Air Dispenser Panas,8.81,132.0,BASA,LAYAK,Mineral,42201.90,2.1251,13082.60,0.6588,0.6058,2095,1.6883,2.82,29.38
Air Dispenser Panas,8.81,132.0,BASA,LAYAK,Mineral,42299.40,2.1300,13068.40,0.6581,0.6051,2094,1.6875,2.87,29.38
Air Dispenser Panas,8.81,132.0,BASA,LAYAK,Mineral,41926.40,2.1112,12844.30,0.6468,0.5940,2094,1.6875,2.87,29.44
Air Dispenser Panas,8.81,132.0,BASA,LAYAK,Mineral,41929.70,2.1114,12149.60,0.6118,0.5626,2099,1.6915,2.62,29.38
Air Dispenser Panas,8.81,132.0,BASA,LAYAK,Mineral,41841.60,2.1069,13050.90,0.6572,0.6043,2095,1.6883,2.82,29.38
Air Dispenser Panas,8.81,132.0,BASA,LAYAK,Mineral,41933.00,2.1115,12396.30,0.6242,0.5740,2100,1.6923,2.56,29.38
Air Dispenser Panas,8.81,132.0,BASA,LAYAK,Mineral,42297.90,2.1299,12049.00,0.6067,0.5579,2093,1.6867,2.92,29.38
Air Dispenser Panas,8.81,132.0,BASA,LAYAK,Mineral,41811.20,2.1054,13519.60,0.6808,0.6253,2094,1.6875,2.87,29.44
Air Dispenser Panas,8.81,132.0,BASA,LAYAK,Mineral,41923.30,2.1110,12207.40,0.6147,0.5652,2094,1.6875,2.87,29.38
Air Dispenser Panas,8.81,132.0,BASA,LAYAK,Mineral,41893.00,2.1095,12861.80,0.6477,0.5949,2095,1.6883,2.82,29.44
Air Dispenser Panas,8.81,132.0,BASA,LAYAK,Mineral,41708.70,2.1002,13060.30,0.6576,0.6047,2093,1.6867,2.92,29.38
Air Dispenser Panas,8.81,132.0,BASA,LAYAK,Mineral,42158.50,2.1229,11818.20,0.5951,0.5466,2093,1.6867,2.92,29.44
Air Dispenser Panas,8.81,132.0,BASA,LAYAK,Mineral,42116.90,2.1208,13706.70,0.6902,0.6347,2095,1.6883,2.82,29.38
Air Dispenser Panas,8.81,132.0,BASA,LAYAK,Mineral,41743.90,2.1020,11650.60,0.5867,0.5395,2115,1.7044,1.79,29.38
Air Dispenser Panas,8.81,132.0,BASA,LAYAK,Mineral,41863.90,2.1080,12926.00,0.6509,0.5985,2093,1.6867,2.92,29.38
Air Dispenser Panas,8.81,132.0,BASA,LAYAK,Mineral,42065.70,2.1182,12373.80,0.6231,0.5723,2094,1.6875,2.87,29.44
Air Dispenser Panas,8.81,132.0,BASA,LAYAK,Mineral,41872.10,2.1085,12410.40,0.6249,0.5746,2093,1.6867,2.92,29.38
Air Dispenser Panas,8.81,132.0,BASA,LAYAK,Mineral,41971.30,2.1135,12714.70,0.6402,0.5881,2097,1.6899,2.72,29.44
Air Dispenser Panas,8.81,132.0,BASA,LAYAK,Mineral,41825.80,2.1061,12842.50,0.6467,0.5946,2100,1.6923,2.56,29.38
Air Dispenser Panas,8.81,132.0,BASA,LAYAK,Mineral,42108.80,2.1204,13212.40,0.6653,0.6111,2096,1.6891,2.77,29.44
Air Dispenser Panas,8.81,132.0,BASA,LAYAK,Mineral,41864.00,2.1081,12316.20,0.6202,0.5703,2097,1.6899,2.72,29.38
Air Dispenser Panas,8.81,132.0,BASA,LAYAK,Mineral,42045.00,2.1172,12269.50,0.6178,0.5681,2096,1.6891,2.77,29.38
Air Dispenser Panas,8.81,132.0,BASA,LAYAK,Mineral,41705.50,2.1001,13110.10,0.6602,0.6063,2093,1.6867,2.92,29.44
Air Dispenser Panas,8.81,132.0,BASA,LAYAK,Mineral,42203.30,2.1251,13076.30,0.6585,0.6055,2101,1.6931,2.51,29.38
Air Dispenser Panas,8.81,132.0,BASA,LAYAK,Mineral,41969.70,2.1134,11533.60,0.5808,0.5340,2092,1.6859,2.97,29.38
Air Dispenser Panas,8.81,132.0,BASA,LAYAK,Mineral,41761.70,2.1029,13833.10,0.6966,0.6405,2095,1.6883,2.82,29.38
Air Dispenser Panas,8.81,132.0,BASA,LAYAK,Mineral,42120.20,2.1210,11442.50,0.5762,0.5298,2093,1.6867,2.92,29.38
Air Dispenser Panas,8.81,132.0,BASA,LAYAK,Mineral,41715.10,2.1006,13322.90,0.6709,0.6169,2101,1.6931,2.51,29.38
Air Dispenser Panas,8.81,132.0,BASA,LAYAK,Mineral,41939.30,2.1118,13129.10,0.6611,0.6072,2096,1.6891,2.77,29.44
Air Dispenser Panas,8.81,132.0,BASA,LAYAK,Mineral,41896.00,2.1097,11921.00,0.6003,0.5520,2117,1.7060,1.69,29.38
Air Dispenser Panas,8.81,132.0,BASA,LAYAK,Mineral,41900.80,2.1099,12938.80,0.6515,0.5991,2094,1.6875,2.87,29.38
Air Dispenser Panas,8.81,132.0,BASA,LAYAK,Mineral,42065.70,2.1182,12415.40,0.6252,0.5749,2092,1.6859,2.97,29.38
Air Dispenser Panas,8.81,132.0,BASA,LAYAK,Mineral,41771.20,2.1034,12085.70,0.6086,0.5596,2096,1.6891,2.77,29.38
Air Dispenser Panas,8.81,132.0,BASA,LAYAK,Mineral,42044.80,2.1172,13861.90,0.6980,0.6419,2092,1.6859,2.97,29.38
Air Dispenser Panas,8.81,132.0,BASA,LAYAK,Mineral,41990.50,2.1144,11340.00,0.5710,0.5251,2094,1.6875,2.87,29.38
Air Dispenser Panas,8.81,132.0,BASA,LAYAK,Mineral,41630.40,2.0963,13270.10,0.6682,0.6137,2093,1.6867,2.92,29.44
Air Dispenser Panas,8.81,132.0,BASA,LAYAK,Mineral,41872.20,2.1085,12951.30,0.6522,0.5997,2094,1.6875,2.87,29.38
Air Dispenser Panas,8.81,132.0,BASA,LAYAK,Mineral,42155.30,2.1227,13078.00,0.6585,0.6056,2115,1.7044,1.79,29.38
Air Dispenser Panas,8.81,132.0,BASA,LAYAK,Mineral,42054.50,2.1176,13161.20,0.6627,0.6094,2096,1.6891,2.77,29.38
Air Dispenser Panas,8.81,132.0,BASA,LAYAK,Mineral,42307.50,2.1304,12143.30,0.6115,0.5616,2100,1.6923,2.56,29.44
Air Dispenser Panas,8.81,132.0,BASA,LAYAK,Mineral,42043.30,2.1171,12626.70,0.6358,0.5847,2094,1.6875,2.87,29.38
Air Dispenser Panas,8.81,132.0,BASA,LAYAK,Mineral,41852.90,2.1075,13036.10,0.6564,0.6036,2093,1.6867,2.92,29.38
Air Dispenser Panas,8.81,132.0,BASA,LAYAK,Mineral,41696.00,2.0996,11620.00,0.5851,0.5380,2094,1.6875,2.87,29.38
Air Dispenser Panas,8.81,132.0,BASA,LAYAK,Mineral,41849.60,2.1073,13727.70,0.6913,0.6356,2093,1.6867,2.92,29.38
Air Dispenser Panas,8.81,132.0,BASA,LAYAK,Mineral,42203.50,2.1251,11688.90,0.5886,0.5412,2094,1.6875,2.87,29.38
Air Dispenser Panas,8.81,132.0,BASA,LAYAK,Mineral,41814.60,2.1056,13156.40,0.6625,0.6092,2112,1.7020,1.95,29.38
Air Dispenser Panas,8.81,132.0,BASA,LAYAK,Mineral,41764.90,2.1031,11959.30,0.6022,0.5538,2095,1.6883,2.82,29.38
Air Dispenser Panas,8.81,132.0,BASA,LAYAK,Mineral,42198.50,2.1249,11677.70,0.5880,0.5407,2094,1.6875,2.87,29.38
Air Dispenser Panas,8.81,132.0,BASA,LAYAK,Mineral,41950.40,2.1124,13900.30,0.6999,0.6436,2094,1.6875,2.87,29.38
Air Dispenser Panas,8.81,132.0,BASA,LAYAK,Mineral,42099.30,2.1199,11251.90,0.5666,0.5210,2094,1.6875,2.87,29.38
Air Dispenser Panas,8.81,132.0,BASA,LAYAK,Mineral,42155.30,2.1227,13284.20,0.6689,0.6151,2093,1.6867,2.92,29.38
Air Dispenser Panas,8.81,132.0,BASA,LAYAK,Mineral,41817.90,2.1057,12399.30,0.6244,0.5741,2092,1.6859,2.97,29.38
Air Dispenser Panas,8.81,132.0,BASA,LAYAK,Mineral,42113.80,2.1206,12234.30,0.6161,0.5665,2084,1.6794,3.38,29.38
Air Dispenser Panas,8.81,132.0,BASA,LAYAK,Mineral,41974.50,2.1136,13177.20,0.6635,0.6101,2094,1.6875,2.87,29.38
Air Dispenser Panas,8.81,132.0,BASA,LAYAK,Mineral,41937.70,2.1118,12314.80,0.6201,0.5702,2094,1.6875,2.87,29.38
Air Dispenser Panas,8.81,132.0,BASA,LAYAK,Mineral,42304.20,2.1302,12453.70,0.6271,0.5766,2096,1.6891,2.77,29.38
Air Dispenser Panas,8.81,132.0,BASA,LAYAK,Mineral,41960.10,2.1129,13018.50,0.6555,0.6028,2093,1.6867,2.92,29.38
Air Dispenser Panas,8.81,132.0,BASA,LAYAK,Mineral,41942.50,2.1120,11695.40,0.5889,0.5409,2095,1.6883,2.82,29.44
Air Dispenser Panas,8.81,132.0,BASA,LAYAK,Mineral,42104.30,2.1202,13876.60,0.6988,0.6425,2121,1.7092,1.49,29.38
Air Dispenser Panas,8.81,132.0,BASA,LAYAK,Mineral,41912.10,2.1105,11492.20,0.5787,0.5321,2093,1.6867,2.92,29.38
Air Dispenser Panas,8.81,132.0,BASA,LAYAK,Mineral,42141.10,2.1220,13497.20,0.6796,0.6250,2093,1.6867,2.92,29.38
Air Dispenser Panas,8.81,132.0,BASA,LAYAK,Mineral,42043.30,2.1171,12365.80,0.6227,0.5726,2100,1.6923,2.56,29.38
Air Dispenser Panas,8.81,132.0,BASA,LAYAK,Mineral,42037.00,2.1168,12378.30,0.6233,0.5725,2096,1.6891,2.77,29.44
Air Dispenser Panas,8.81,132.0,BASA,LAYAK,Mineral,41779.20,2.1038,12889.20,0.6490,0.5968,2100,1.6923,2.56,29.38
Air Dispenser Panas,8.81,132.0,BASA,LAYAK,Mineral,41787.20,2.1042,12753.10,0.6422,0.5905,2090,1.6842,3.08,29.38
Air Dispenser Panas,8.81,132.0,BASA,LAYAK,Mineral,42224.20,2.1262,11664.90,0.5874,0.5395,2091,1.6851,3.03,29.44
Air Dispenser Panas,8.81,132.0,BASA,LAYAK,Mineral,41849.60,2.1073,14075.00,0.7087,0.6517,2094,1.6875,2.87,29.38
Air Dispenser Panas,8.81,132.0,BASA,LAYAK,Mineral,41702.40,2.0999,11304.80,0.5693,0.5228,2093,1.6867,2.92,29.44
Air Dispenser Panas,8.81,132.0,BASA,LAYAK,Mineral,42224.10,2.1262,13143.60,0.6618,0.6086,2096,1.6891,2.77,29.38
Air Dispenser Panas,8.81,132.0,BASA,LAYAK,Mineral,42264.10,2.1282,12405.70,0.6247,0.5738,2094,1.6875,2.87,29.44
Air Dispenser Panas,8.81,132.0,BASA,LAYAK,Mineral,42299.50,2.1300,12399.30,0.6244,0.5741,2095,1.6883,2.82,29.38
Air Dispenser Panas,8.81,132.0,BASA,LAYAK,Mineral,41721.50,2.1009,12658.70,0.6374,0.5861,2094,1.6875,2.87,29.38
Air Dispenser Panas,8.81,132.0,BASA,LAYAK,Mineral,41920.10,2.1109,13161.10,0.6627,0.6094,2093,1.6867,2.92,29.38
Air Dispenser Panas,8.81,132.0,BASA,LAYAK,Mineral,41728.10,2.1012,11840.90,0.5962,0.5483,2107,1.6979,2.21,29.38
Air Dispenser Panas,8.81,132.0,BASA,LAYAK,Mineral,41894.50,2.1096,12866.90,0.6479,0.5958,2092,1.6859,2.97,29.38
Air Dispenser Panas,8.81,132.0,BASA,LAYAK,Mineral,42246.60,2.1273,12368.90,0.6228,0.5727,2111,1.7012,2.00,29.38
Air Dispenser Panas,8.81,132.0,BASA,LAYAK,Mineral,42004.90,2.1151,12777.10,0.6434,0.5916,2094,1.6875,2.87,29.38
Air Dispenser Panas,8.81,132.0,BASA,LAYAK,Mineral,41977.80,2.1138,13151.50,0.6622,0.6090,2097,1.6899,2.72,29.38
Air Dispenser Panas,8.81,132.0,BASA,LAYAK,Mineral,41700.80,2.0998,11482.40,0.5782,0.5317,2096,1.6891,2.77,29.38
Air Dispenser Panas,8.81,132.0,BASA,LAYAK,Mineral,42131.30,2.1215,13914.90,0.7007,0.6443,2102,1.6939,2.46,29.38
Air Dispenser Panas,8.81,132.0,BASA,LAYAK,Mineral,41956.90,2.1127,12759.40,0.6425,0.5908,2112,1.7020,1.95,29.38
Air Dispenser Panas,8.81,132.0,BASA,LAYAK,Mineral,41942.50,2.1120,11897.00,0.5991,0.5502,2100,1.6923,2.56,29.44
Air Dispenser Panas,8.81,132.0,BASA,LAYAK,Mineral,42062.40,2.1180,14217.30,0.7159,0.6583,2096,1.6891,2.77,29.38
Air Dispenser Panas,8.81,132.0,BASA,LAYAK,Mineral,42021.00,2.1160,12346.50,0.6217,0.5717,2096,1.6891,2.77,29.38
Air Dispenser Panas,8.81,132.0,BASA,LAYAK,Mineral,41992.30,2.1145,12629.90,0.6360,0.5848,2095,1.6883,2.82,29.38
Air Dispenser Panas,8.81,132.0,BASA,LAYAK,Mineral,42256.20,2.1278,13114.70,0.6604,0.6073,2095,1.6883,2.82,29.38
Air Dispenser Panas,8.81,132.0,BASA,LAYAK,Mineral,41992.00,2.1145,11464.80,0.5773,0.5309,2094,1.6875,2.87,29.38
Air Dispenser Panas,8.81,132.0,BASA,LAYAK,Mineral,41973.00,2.1135,13998.10,0.7049,0.6482,2094,1.6875,2.87,29.38
Air Dispenser Panas,8.81,132.0,BASA,LAYAK,Mineral,42113.80,2.1206,12077.80,0.6082,0.5592,2103,1.6947,2.41,29.38
Air Dispenser Panas,8.81,132.0,BASA,LAYAK,Mineral,41857.70,2.1077,12724.10,0.6407,0.5892,2094,1.6875,2.87,29.38
Air Dispenser Panas,8.81,132.0,BASA,LAYAK,Mineral,41838.40,2.1068,13386.80,0.6741,0.6191,2092,1.6859,2.97,29.44
Air Dispenser Panas,8.81,132.0,BASA,LAYAK,Mineral,41731.20,2.1014,11508.10,0.5795,0.5329,2093,1.6867,2.92,29.38
Air Dispenser Panas,8.81,132.0,BASA,LAYAK,Mineral,41736.00,2.1016,13001.20,0.6547,0.6020,2096,1.6891,2.77,29.38
Air Dispenser Panas,8.81,132.0,BASA,LAYAK,Mineral,42038.50,2.1168,12810.40,0.6451,0.5932,2094,1.6875,2.87,29.38
Air Dispenser Panas,8.81,132.0,BASA,LAYAK,Mineral,41902.50,2.1100,11493.60,0.5788,0.5322,2094,1.6875,2.87,29.38
Air Dispenser Panas,8.81,132.0,BASA,LAYAK,Mineral,42126.70,2.1213,13678.00,0.6888,0.6326,2093,1.6867,2.92,29.44
Air Dispenser Panas,8.81,132.0,BASA,LAYAK,Mineral,41953.80,2.1126,13023.50,0.6558,0.6030,2092,1.6859,2.97,29.38
Air Dispenser Panas,8.81,132.0,BASA,LAYAK,Mineral,42017.90,2.1158,12237.90,0.6162,0.5667,2094,1.6875,2.87,29.38
Air Dispenser Panas,8.81,132.0,BASA,LAYAK,Mineral,41865.70,2.1081,12681.00,0.6385,0.5872,2092,1.6859,2.97,29.38
Air Dispenser Panas,8.81,132.0,BASA,LAYAK,Mineral,41988.80,2.1143,13097.10,0.6595,0.6064,2116,1.7052,1.74,29.38
Air Dispenser Panas,8.81,132.0,BASA,LAYAK,Mineral,41772.80,2.1035,11554.30,0.5818,0.5350,2102,1.6939,2.46,29.38
Air Dispenser Panas,8.81,132.0,BASA,LAYAK,Mineral,42145.70,2.1222,12945.20,0.6519,0.5987,2101,1.6931,2.51,29.44
Air Dispenser Panas,8.81,132.0,BASA,LAYAK,Mineral,41849.70,2.1073,12777.00,0.6434,0.5909,2093,1.6867,2.92,29.44
Air Dispenser Panas,8.81,132.0,BASA,LAYAK,Mineral,42192.20,2.1246,11916.20,0.6000,0.5511,2095,1.6883,2.82,29.44
Air Dispenser Panas,8.81,132.0,BASA,LAYAK,Mineral,42270.50,2.1285,13748.30,0.6923,0.6366,2110,1.7004,2.05,29.38
Air Dispenser Panas,8.81,132.0,BASA,LAYAK,Mineral,42056.30,2.1177,11322.30,0.5701,0.5243,2094,1.6875,2.87,29.38
Air Dispenser Panas,8.81,132.0,BASA,LAYAK,Mineral,42230.60,2.1265,13393.00,0.6744,0.6201,2106,1.6971,2.26,29.38
Air Dispenser Panas,8.81,132.0,BASA,LAYAK,Mineral,41891.20,2.1094,12212.10,0.6149,0.5655,2095,1.6883,2.82,29.38
Air Dispenser Panas,8.81,132.0,BASA,LAYAK,Mineral,42030.50,2.1164,12186.30,0.6136,0.5643,2093,1.6867,2.92,29.38
Air Dispenser Panas,8.81,132.0,BASA,LAYAK,Mineral,42180.90,2.1240,12759.50,0.6425,0.5908,2093,1.6867,2.92,29.38
Air Dispenser Panas,8.81,132.0,BASA,LAYAK,Mineral,42022.50,2.1160,11368.70,0.5725,0.5264,2096,1.6891,2.77,29.38
Air Dispenser Panas,8.81,132.0,BASA,LAYAK,Mineral,42184.20,2.1242,13396.20,0.6746,0.6203,2094,1.6875,2.87,29.38
Air Dispenser Panas,8.81,132.0,BASA,LAYAK,Mineral,42137.70,2.1218,12269.80,0.6178,0.5681,2094,1.6875,2.87,29.38
Air Dispenser Panas,8.81,132.0,BASA,LAYAK,Mineral,42032.20,2.1165,12352.70,0.6220,0.5720,2093,1.6867,2.92,29.38
Air Dispenser Panas,8.81,132.0,BASA,LAYAK,Mineral,42084.90,2.1192,12709.90,0.6400,0.5878,2093,1.6867,2.92,29.44
Air Dispenser Panas,8.81,132.0,BASA,LAYAK,Mineral,41921.60,2.1110,12821.60,0.6456,0.5937,2096,1.6891,2.77,29.38
Air Dispenser Panas,8.81,132.0,BASA,LAYAK,Mineral,41849.60,2.1073,11687.20,0.5885,0.5412,2095,1.6883,2.82,29.38
Air Dispenser Panas,8.81,132.0,BASA,LAYAK,Mineral,42062.60,2.1181,13721.20,0.6909,0.6353,2102,1.6939,2.46,29.38
Air Dispenser Panas,8.81,132.0,BASA,LAYAK,Mineral,41953.80,2.1126,11434.40,0.5758,0.5294,2096,1.6891,2.77,29.38
Air Dispenser Panas,8.81,132.0,BASA,LAYAK,Mineral,41921.60,2.1110,12620.30,0.6355,0.5844,2101,1.6931,2.51,29.38
Air Dispenser Panas,8.81,132.0,BASA,LAYAK,Mineral,42062.60,2.1181,12940.00,0.6516,0.5992,2103,1.6947,2.41,29.38
Air Dispenser Panas,8.81,132.0,BASA,LAYAK,Mineral,42323.50,2.1312,11594.40,0.5838,0.5362,2094,1.6875,2.87,29.44
Air Dispenser Panas,8.81,132.0,BASA,LAYAK,Mineral,41958.50,2.1128,13831.50,0.6965,0.6404,2119,1.7076,1.59,29.38
Air Dispenser Panas,8.81,132.0,BASA,LAYAK,Mineral,41718.40,2.1007,11431.30,0.5756,0.5287,2093,1.6867,2.92,29.44
Air Dispenser Panas,8.81,132.0,BASA,LAYAK,Mineral,41885.00,2.1091,13343.70,0.6719,0.6179,2091,1.6851,3.03,29.38
Air Dispenser Panas,8.81,132.0,BASA,LAYAK,Mineral,42014.40,2.1156,12711.40,0.6401,0.5886,2101,1.6931,2.51,29.38
Air Dispenser Panas,8.81,132.0,BASA,LAYAK,Mineral,42179.30,2.1239,11938.50,0.6012,0.5522,2098,1.6907,2.67,29.44
Air Dispenser Panas,8.81,132.0,BASA,LAYAK,Mineral,41963.30,2.1131,12869.90,0.6481,0.5959,2095,1.6883,2.82,29.38
Air Dispenser Panas,8.81,132.0,BASA,LAYAK,Mineral,41731.20,2.1014,12588.40,0.6339,0.5829,2098,1.6907,2.67,29.38
Air Dispenser Panas,8.81,132.0,BASA,LAYAK,Mineral,42025.60,2.1162,13180.40,0.6637,0.6103,2102,1.6939,2.46,29.38
Air Dispenser Panas,8.81,132.0,BASA,LAYAK,Mineral,42048.00,2.1173,13071.50,0.6582,0.6053,2094,1.6875,2.87,29.38
Air Dispenser Panas,8.81,132.0,BASA,LAYAK,Mineral,42168.20,2.1234,11575.40,0.5829,0.5360,2103,1.6947,2.41,29.38
Air Dispenser Panas,8.81,132.0,BASA,LAYAK,Mineral,41628.70,2.0962,13959.80,0.7029,0.6464,2079,1.6754,3.64,29.38
Air Dispenser Panas,8.81,132.0,BASA,LAYAK,Mineral,41956.90,2.1127,11349.50,0.5715,0.5255,2098,1.6907,2.67,29.38
Air Dispenser Panas,8.81,132.0,BASA,LAYAK,Mineral,42141.00,2.1220,13026.80,0.6560,0.6032,2094,1.6875,2.87,29.38
Air Dispenser Panas,8.81,132.0,BASA,LAYAK,Mineral,42019.30,2.1159,13622.10,0.6859,0.6307,2094,1.6875,2.87,29.38
Air Dispenser Panas,8.81,132.0,BASA,LAYAK,Mineral,41694.30,2.0995,11981.70,0.6033,0.5548,2094,1.6875,2.87,29.38
Air Dispenser Panas,8.81,132.0,BASA,LAYAK,Mineral,42056.10,2.1177,13321.20,0.6708,0.6168,2094,1.6875,2.87,29.38
Air Dispenser Panas,8.81,132.0,BASA,LAYAK,Mineral,42405.10,2.1353,14028.30,0.7064,0.6496,2094,1.6875,2.87,29.38
Air Dispenser Panas,8.81,132.0,BASA,LAYAK,Mineral,41793.60,2.1045,11477.70,0.5780,0.5315,2092,1.6859,2.97,29.38
Air Dispenser Panas,8.81,132.0,BASA,LAYAK,Mineral,41870.40,2.1084,13302.00,0.6698,0.6159,2094,1.6875,2.87,29.38
Air Dispenser Panas,8.81,132.0,BASA,LAYAK,Mineral,41836.90,2.1067,13093.80,0.6593,0.6063,2098,1.6907,2.67,29.38
Air Dispenser Panas,8.81,132.0,BASA,LAYAK,Mineral,42003.30,2.1151,11661.80,0.5872,0.5400,2092,1.6859,2.97,29.38
Air Dispenser Panas,8.81,132.0,BASA,LAYAK,Mineral,42068.90,2.1184,14079.80,0.7090,0.6519,2120,1.7084,1.54,29.38
Air Dispenser Panas,8.81,132.0,BASA,LAYAK,Mineral,41934.40,2.1116,11208.70,0.5644,0.5190,2093,1.6867,2.92,29.38
Air Dispenser Panas,8.81,132.0,BASA,LAYAK,Mineral,42177.80,2.1239,13501.90,0.6799,0.6252,2095,1.6883,2.82,29.38
Air Dispenser Panas,8.81,132.0,BASA,LAYAK,Mineral,41852.90,2.1075,12445.80,0.6267,0.5763,2094,1.6875,2.87,29.38
Air Dispenser Panas,8.81,132.0,BASA,LAYAK,Mineral,41830.40,2.1064,11951.40,0.6018,0.5534,2095,1.6883,2.82,29.38
Air Dispenser Panas,8.81,132.0,BASA,LAYAK,Mineral,42126.40,2.1213,13518.00,0.6807,0.6259,2099,1.6915,2.62,29.38
Air Dispenser Panas,8.81,132.0,BASA,LAYAK,Mineral,42171.50,2.1235,11984.70,0.6035,0.5543,2097,1.6899,2.72,29.44
Air Dispenser Panas,8.81,132.0,BASA,LAYAK,Mineral,41705.60,2.1001,13126.00,0.6610,0.6078,2096,1.6891,2.77,29.38
Air Dispenser Panas,8.81,132.0,BASA,LAYAK,Mineral,41801.70,2.1049,13153.10,0.6623,0.6083,2100,1.6923,2.56,29.44
Air Dispenser Panas,8.81,132.0,BASA,LAYAK,Mineral,41942.40,2.1120,11748.20,0.5916,0.5440,2096,1.6891,2.77,29.38
Nestl Pure Life,8.16,77.0,NETRAL,LAYAK,Mineral,43970.10,2.2141,11378.60,0.5730,0.5287,2093,1.6867,2.92,29.19
Nestl Pure Life,8.16,77.0,NETRAL,LAYAK,Mineral,43667.70,2.1989,12674.60,0.6382,0.5889,2092,1.6859,2.97,29.19
Nestl Pure Life,8.16,77.0,NETRAL,LAYAK,Mineral,43632.60,2.1971,12735.50,0.6413,0.5917,2092,1.6859,2.97,29.19
Nestl Pure Life,8.16,77.0,NETRAL,LAYAK,Mineral,43768.50,2.2040,12444.10,0.6266,0.5782,2098,1.6907,2.67,29.19
Nestl Pure Life,8.16,77.0,NETRAL,LAYAK,Mineral,44056.50,2.2185,13040.90,0.6567,0.6059,2099,1.6915,2.62,29.19
Nestl Pure Life,8.16,77.0,NETRAL,LAYAK,Mineral,44066.20,2.2189,11011.80,0.5545,0.5116,2097,1.6899,2.72,29.19
Nestl Pure Life,8.16,77.0,NETRAL,LAYAK,Mineral,43750.80,2.2031,12975.40,0.6534,0.6029,2098,1.6907,2.67,29.19
Nestl Pure Life,8.16,77.0,NETRAL,LAYAK,Mineral,43773.30,2.2042,11959.20,0.6022,0.5557,2101,1.6931,2.51,29.19
Nestl Pure Life,8.16,77.0,NETRAL,LAYAK,Mineral,44186.40,2.2250,12008.70,0.6047,0.5573,2092,1.6859,2.97,29.25
Nestl Pure Life,8.16,77.0,NETRAL,LAYAK,Mineral,43957.50,2.2135,12336.90,0.6212,0.5732,2092,1.6859,2.97,29.19
Nestl Pure Life,8.16,77.0,NETRAL,LAYAK,Mineral,44234.30,2.2274,12324.00,0.6206,0.5726,2093,1.6867,2.92,29.19
Nestl Pure Life,8.16,77.0,NETRAL,LAYAK,Mineral,44000.70,2.2156,11596.00,0.5839,0.5388,2090,1.6842,3.08,29.19
Nestl Pure Life,8.16,77.0,NETRAL,LAYAK,Mineral,43643.70,2.1977,12188.00,0.6137,0.5663,2094,1.6875,2.87,29.19
Nestl Pure Life,8.16,77.0,NETRAL,LAYAK,Mineral,44131.80,2.2222,11874.30,0.5979,0.5517,2095,1.6883,2.82,29.19
Nestl Pure Life,8.16,77.0,NETRAL,LAYAK,Mineral,44223.00,2.2268,12709.80,0.6400,0.5905,2092,1.6859,2.97,29.19
Nestl Pure Life,8.16,77.0,NETRAL,LAYAK,Mineral,43807.10,2.2059,12186.50,0.6136,0.5662,2099,1.6915,2.62,29.19
Nestl Pure Life,8.16,77.0,NETRAL,LAYAK,Mineral,44578.50,2.2447,12300.10,0.6194,0.5715,2093,1.6867,2.92,29.19
Nestl Pure Life,8.16,77.0,NETRAL,LAYAK,Mineral,44434.60,2.2375,12765.80,0.6428,0.5931,2093,1.6867,2.92,29.19
Nestl Pure Life,8.16,77.0,NETRAL,LAYAK,Mineral,44178.30,2.2246,11850.50,0.5967,0.5506,2095,1.6883,2.82,29.19
Nestl Pure Life,8.16,77.0,NETRAL,LAYAK,Mineral,44216.70,2.2265,12458.70,0.6274,0.5789,2091,1.6851,3.03,29.19
Nestl Pure Life,8.16,77.0,NETRAL,LAYAK,Mineral,43850.20,2.2081,12588.10,0.6339,0.5849,2094,1.6875,2.87,29.19
Nestl Pure Life,8.16,77.0,NETRAL,LAYAK,Mineral,44069.50,2.2191,11901.50,0.5993,0.5530,2093,1.6867,2.92,29.19
Nestl Pure Life,8.16,77.0,NETRAL,LAYAK,Mineral,43946.30,2.2129,12956.20,0.6524,0.6020,2095,1.6883,2.82,29.19
Nestl Pure Life,8.16,77.0,NETRAL,LAYAK,Mineral,44044.00,2.2178,12632.90,0.6361,0.5870,2105,1.6963,2.31,29.19
Nestl Pure Life,8.16,77.0,NETRAL,LAYAK,Mineral,43898.20,2.2105,11578.50,0.5830,0.5380,2095,1.6883,2.82,29.19
Nestl Pure Life,8.16,77.0,NETRAL,LAYAK,Mineral,44207.20,2.2260,12831.40,0.6461,0.5962,2094,1.6875,2.87,29.19
Nestl Pure Life,8.16,77.0,NETRAL,LAYAK,Mineral,43965.60,2.2139,12607.20,0.6348,0.5858,2100,1.6923,2.56,29.19
Nestl Pure Life,8.16,77.0,NETRAL,LAYAK,Mineral,44244.00,2.2279,11331.80,0.5706,0.5265,2115,1.7044,1.79,29.19
Nestl Pure Life,8.16,77.0,NETRAL,LAYAK,Mineral,44348.10,2.2331,13532.50,0.6814,0.6288,2088,1.6826,3.18,29.19
Nestl Pure Life,8.16,77.0,NETRAL,LAYAK,Mineral,44114.20,2.2214,11080.70,0.5580,0.5148,2093,1.6867,2.92,29.19
Nestl Pure Life,8.16,77.0,NETRAL,LAYAK,Mineral,44210.40,2.2262,13063.40,0.6578,0.6070,2097,1.6899,2.72,29.19
Nestl Pure Life,8.16,77.0,NETRAL,LAYAK,Mineral,44533.70,2.2425,12528.80,0.6309,0.5821,2096,1.6891,2.77,29.19
Nestl Pure Life,8.16,77.0,NETRAL,LAYAK,Mineral,44325.60,2.2320,11247.20,0.5664,0.5226,2092,1.6859,2.97,29.19
Nestl Pure Life,8.16,77.0,NETRAL,LAYAK,Mineral,44626.60,2.2472,13465.10,0.6780,0.6256,2098,1.6907,2.67,29.19
Nestl Pure Life,8.16,77.0,NETRAL,LAYAK,Mineral,44332.00,2.2323,12140.00,0.6113,0.5641,2094,1.6875,2.87,29.19
Nestl Pure Life,8.16,77.0,NETRAL,LAYAK,Mineral,44189.60,2.2252,11512.80,0.5797,0.5349,2095,1.6883,2.82,29.19
Nestl Pure Life,8.16,77.0,NETRAL,LAYAK,Mineral,44159.20,2.2236,13345.10,0.6720,0.6201,2094,1.6875,2.87,29.19
Nestl Pure Life,8.16,77.0,NETRAL,LAYAK,Mineral,44231.20,2.2273,11232.70,0.5656,0.5219,2093,1.6867,2.92,29.19
Nestl Pure Life,8.16,77.0,NETRAL,LAYAK,Mineral,44111.20,2.2212,12757.60,0.6424,0.5928,2097,1.6899,2.72,29.19
Nestl Pure Life,8.16,77.0,NETRAL,LAYAK,Mineral,44368.80,2.2342,12677.70,0.6384,0.5890,2106,1.6971,2.26,29.19
Nestl Pure Life,8.16,77.0,NETRAL,LAYAK,Mineral,44431.20,2.2373,11450.50,0.5766,0.5320,2099,1.6915,2.62,29.19
Nestl Pure Life,8.16,77.0,NETRAL,LAYAK,Mineral,44408.80,2.2362,12133.70,0.6110,0.5638,2093,1.6867,2.92,29.19
Nestl Pure Life,8.16,77.0,NETRAL,LAYAK,Mineral,44969.00,2.2644,12093.60,0.6090,0.5619,2096,1.6891,2.77,29.19
Nestl Pure Life,8.16,77.0,NETRAL,LAYAK,Mineral,44381.70,2.2348,12641.30,0.6365,0.5874,2094,1.6875,2.87,29.19
Nestl Pure Life,8.16,77.0,NETRAL,LAYAK,Mineral,44117.60,2.2215,12817.10,0.6454,0.5948,2095,1.6883,2.82,29.25
Nestl Pure Life,8.16,77.0,NETRAL,LAYAK,Mineral,44223.20,2.2268,11168.60,0.5624,0.5189,2095,1.6883,2.82,29.19
Nestl Pure Life,8.16,77.0,NETRAL,LAYAK,Mineral,44500.10,2.2408,13591.50,0.6844,0.6315,2117,1.7060,1.69,29.19
Nestl Pure Life,8.16,77.0,NETRAL,LAYAK,Mineral,44624.90,2.2471,11112.70,0.5596,0.5163,2092,1.6859,2.97,29.19
Nestl Pure Life,8.16,77.0,NETRAL,LAYAK,Mineral,44824.90,2.2571,12957.80,0.6525,0.6021,2113,1.7028,1.90,29.19
Nestl Pure Life,8.16,77.0,NETRAL,LAYAK,Mineral,44330.40,2.2322,12035.90,0.6061,0.5592,2093,1.6867,2.92,29.19
Nestl Pure Life,8.16,77.0,NETRAL,LAYAK,Mineral,44471.30,2.2393,11483.80,0.5783,0.5336,2094,1.6875,2.87,29.19
Nestl Pure Life,8.16,77.0,NETRAL,LAYAK,Mineral,44789.80,2.2554,13020.00,0.6556,0.6050,2091,1.6851,3.03,29.19
Nestl Pure Life,8.16,77.0,NETRAL,LAYAK,Mineral,44484.00,2.2400,11744.70,0.5914,0.5457,2093,1.6867,2.92,29.19
Nestl Pure Life,8.16,77.0,NETRAL,LAYAK,Mineral,44461.60,2.2389,12897.10,0.6494,0.5992,2091,1.6851,3.03,29.19
Nestl Pure Life,8.16,77.0,NETRAL,LAYAK,Mineral,44504.90,2.2410,12861.90,0.6477,0.5969,2092,1.6859,2.97,29.25
Nestl Pure Life,8.16,77.0,NETRAL,LAYAK,Mineral,44351.20,2.2333,11308.10,0.5694,0.5254,2100,1.6923,2.56,29.19
Nestl Pure Life,8.16,77.0,NETRAL,LAYAK,Mineral,44476.10,2.2396,13330.70,0.6713,0.6194,2094,1.6875,2.87,29.19
Nestl Pure Life,8.16,77.0,NETRAL,LAYAK,Mineral,44857.00,2.2588,11668.10,0.5875,0.5421,2095,1.6883,2.82,29.19
Nestl Pure Life,8.16,77.0,NETRAL,LAYAK,Mineral,44341.60,2.2328,12103.30,0.6095,0.5624,2094,1.6875,2.87,29.19
Nestl Pure Life,8.16,77.0,NETRAL,LAYAK,Mineral,44882.60,2.2601,13604.30,0.6850,0.6321,2094,1.6875,2.87,29.19
Nestl Pure Life,8.16,77.0,NETRAL,LAYAK,Mineral,44756.00,2.2537,11119.10,0.5599,0.5166,2101,1.6931,2.51,29.19
Nestl Pure Life,8.16,77.0,NETRAL,LAYAK,Mineral,44964.20,2.2642,12951.40,0.6522,0.6018,2093,1.6867,2.92,29.19
Nestl Pure Life,8.16,77.0,NETRAL,LAYAK,Mineral,44637.60,2.2477,12584.90,0.6337,0.5847,2094,1.6875,2.87,29.19
Nestl Pure Life,8.16,77.0,NETRAL,LAYAK,Mineral,44920.90,2.2620,11541.50,0.5812,0.5363,2092,1.6859,2.97,29.19
Nestl Pure Life,8.16,77.0,NETRAL,LAYAK,Mineral,44652.10,2.2484,12818.70,0.6455,0.5956,2092,1.6859,2.97,29.19
Nestl Pure Life,8.16,77.0,NETRAL,LAYAK,Mineral,45125.80,2.2723,12106.40,0.6096,0.5625,2086,1.6810,3.28,29.19
Nestl Pure Life,8.16,77.0,NETRAL,LAYAK,Mineral,45018.50,2.2669,12412.10,0.6250,0.5767,2092,1.6859,2.97,29.19
Nestl Pure Life,8.16,77.0,NETRAL,LAYAK,Mineral,44893.60,2.2606,13028.20,0.6560,0.6053,2093,1.6867,2.92,29.19
Nestl Pure Life,8.16,77.0,NETRAL,LAYAK,Mineral,44634.40,2.2476,11405.70,0.5743,0.5299,2112,1.7020,1.95,29.19
Nestl Pure Life,8.16,77.0,NETRAL,LAYAK,Mineral,44890.50,2.2605,13412.30,0.6754,0.6232,2094,1.6875,2.87,29.19
Nestl Pure Life,8.16,77.0,NETRAL,LAYAK,Mineral,44741.60,2.2530,11434.50,0.5758,0.5313,2096,1.6891,2.77,29.19
Nestl Pure Life,8.16,77.0,NETRAL,LAYAK,Mineral,45367.40,2.2845,12881.20,0.6486,0.5985,2096,1.6891,2.77,29.19
Nestl Pure Life,8.16,77.0,NETRAL,LAYAK,Mineral,45117.60,2.2719,12194.50,0.6141,0.5666,2093,1.6867,2.92,29.19
Nestl Pure Life,8.16,77.0,NETRAL,LAYAK,Mineral,45240.80,2.2781,11973.60,0.6029,0.5563,2107,1.6979,2.21,29.19
Nestl Pure Life,8.16,77.0,NETRAL,LAYAK,Mineral,45004.10,2.2662,12535.50,0.6312,0.5824,2093,1.6867,2.92,29.19
Nestl Pure Life,8.16,77.0,NETRAL,LAYAK,Mineral,45026.40,2.2673,12861.90,0.6477,0.5976,2094,1.6875,2.87,29.19
Nestl Pure Life,8.16,77.0,NETRAL,LAYAK,Mineral,44957.60,2.2638,11323.90,0.5702,0.5261,2093,1.6867,2.92,29.19
Nestl Pure Life,8.16,77.0,NETRAL,LAYAK,Mineral,44908.00,2.2613,13722.70,0.6910,0.6376,2101,1.6931,2.51,29.19
Nestl Pure Life,8.16,77.0,NETRAL,LAYAK,Mineral,45380.10,2.2851,11851.90,0.5968,0.5507,2092,1.6859,2.97,29.19
Nestl Pure Life,8.16,77.0,NETRAL,LAYAK,Mineral,45194.50,2.2758,12562.70,0.6326,0.5837,2095,1.6883,2.82,29.19
Nestl Pure Life,8.16,77.0,NETRAL,LAYAK,Mineral,45277.80,2.2800,12804.30,0.6448,0.5949,2095,1.6883,2.82,29.19
Nestl Pure Life,8.16,77.0,NETRAL,LAYAK,Mineral,44984.90,2.2652,11309.50,0.5695,0.5255,2092,1.6859,2.97,29.19
Nestl Pure Life,8.16,77.0,NETRAL,LAYAK,Mineral,44943.30,2.2631,13490.70,0.6793,0.6261,2107,1.6979,2.21,29.25
Nestl Pure Life,8.16,77.0,NETRAL,LAYAK,Mineral,45441.00,2.2882,11490.50,0.5786,0.5333,2095,1.6883,2.82,29.25
Nestl Pure Life,8.16,77.0,NETRAL,LAYAK,Mineral,45367.40,2.2845,12871.40,0.6481,0.5980,2098,1.6907,2.67,29.19
Nestl Pure Life,8.16,77.0,NETRAL,LAYAK,Mineral,44930.40,2.2625,12805.70,0.6448,0.5950,2102,1.6939,2.46,29.19
Nestl Pure Life,8.16,77.0,NETRAL,LAYAK,Mineral,45250.50,2.2786,11559.30,0.5821,0.5371,2097,1.6899,2.72,29.19
Nestl Pure Life,8.16,77.0,NETRAL,LAYAK,Mineral,45449.00,2.2886,12417.10,0.6253,0.5769,2096,1.6891,2.77,29.19
Nestl Pure Life,8.16,77.0,NETRAL,LAYAK,Mineral,45586.60,2.2955,12050.50,0.6068,0.5593,2098,1.6907,2.67,29.25
Nestl Pure Life,8.16,77.0,NETRAL,LAYAK,Mineral,45178.50,2.2750,12489.00,0.6289,0.5803,2103,1.6947,2.41,29.19
Nestl Pure Life,8.16,77.0,NETRAL,LAYAK,Mineral,45039.20,2.2679,12752.80,0.6422,0.5919,2093,1.6867,2.92,29.25
Nestl Pure Life,8.16,77.0,NETRAL,LAYAK,Mineral,45154.60,2.2737,11324.10,0.5702,0.5262,2095,1.6883,2.82,29.19
Nestl Pure Life,8.16,77.0,NETRAL,LAYAK,Mineral,44896.90,2.2608,13689.40,0.6893,0.6353,2092,1.6859,2.97,29.25
Nestl Pure Life,8.16,77.0,NETRAL,LAYAK,Mineral,44860.10,2.2589,11371.80,0.5726,0.5284,2095,1.6883,2.82,29.19
Nestl Pure Life,8.16,77.0,NETRAL,LAYAK,Mineral,45045.60,2.2683,12639.40,0.6365,0.5873,2094,1.6875,2.87,29.19
Nestl Pure Life,8.16,77.0,NETRAL,LAYAK,Mineral,44988.00,2.2654,12753.20,0.6422,0.5926,2096,1.6891,2.77,29.19
Nestl Pure Life,8.16,77.0,NETRAL,LAYAK,Mineral,45340.20,2.2831,11858.40,0.5971,0.5510,2094,1.6875,2.87,29.19
Nestl Pure Life,8.16,77.0,NETRAL,LAYAK,Mineral,45309.70,2.2816,13055.40,0.6574,0.6066,2094,1.6875,2.87,29.19
Nestl Pure Life,8.16,77.0,NETRAL,LAYAK,Mineral,44788.00,2.2553,12197.80,0.6142,0.5668,2094,1.6875,2.87,29.19
Nestl Pure Life,8.16,77.0,NETRAL,LAYAK,Mineral,45508.20,2.2916,11999.10,0.6042,0.5575,2094,1.6875,2.87,29.19
Nestl Pure Life,8.16,77.0,NETRAL,LAYAK,Mineral,45192.90,2.2757,12565.90,0.6328,0.5839,2106,1.6971,2.26,29.19
Nestl Pure Life,8.16,77.0,NETRAL,LAYAK,Mineral,45269.70,2.2795,12812.30,0.6452,0.5953,2103,1.6947,2.41,29.19
Nestl Pure Life,8.16,77.0,NETRAL,LAYAK,Mineral,45266.50,2.2794,11399.10,0.5740,0.5296,2096,1.6891,2.77,29.19
Nestl Pure Life,8.16,77.0,NETRAL,LAYAK,Mineral,45367.40,2.2845,14123.00,0.7112,0.6562,2095,1.6883,2.82,29.19
Nestl Pure Life,8.16,77.0,NETRAL,LAYAK,Mineral,44732.00,2.2525,11216.70,0.5648,0.5212,2094,1.6875,2.87,29.19
Nestl Pure Life,8.16,77.0,NETRAL,LAYAK,Mineral,45111.20,2.2716,13522.80,0.6809,0.6276,2096,1.6891,2.77,29.25
Nestl Pure Life,8.16,77.0,NETRAL,LAYAK,Mineral,45325.70,2.2824,13074.70,0.6584,0.6075,2094,1.6875,2.87,29.19
Nestl Pure Life,8.16,77.0,NETRAL,LAYAK,Mineral,45199.30,2.2760,11810.60,0.5947,0.5481,2102,1.6939,2.46,29.25
Nestl Pure Life,8.16,77.0,NETRAL,LAYAK,Mineral,44986.50,2.2653,14019.00,0.7059,0.6514,2120,1.7084,1.54,29.19
Nestl Pure Life,8.16,77.0,NETRAL,LAYAK,Mineral,45359.40,2.2841,11242.20,0.5661,0.5224,2097,1.6899,2.72,29.19
Nestl Pure Life,8.16,77.0,NETRAL,LAYAK,Mineral,45197.70,2.2759,13375.60,0.6735,0.6215,2097,1.6899,2.72,29.19
Nestl Pure Life,8.16,77.0,NETRAL,LAYAK,Mineral,44824.90,2.2571,12319.30,0.6203,0.5724,2092,1.6859,2.97,29.19
Nestl Pure Life,8.16,77.0,NETRAL,LAYAK,Mineral,45353.00,2.2837,11903.20,0.5994,0.5531,2096,1.6891,2.77,29.19
Nestl Pure Life,8.16,77.0,NETRAL,LAYAK,Mineral,45029.60,2.2675,13311.60,0.6703,0.6185,2095,1.6883,2.82,29.19
Nestl Pure Life,8.16,77.0,NETRAL,LAYAK,Mineral,45141.60,2.2731,12285.70,0.6186,0.5708,2092,1.6859,2.97,29.19
Nestl Pure Life,8.16,77.0,NETRAL,LAYAK,Mineral,45562.60,2.2943,11743.10,0.5913,0.5456,2093,1.6867,2.92,29.19
Nestl Pure Life,8.16,77.0,NETRAL,LAYAK,Mineral,45607.40,2.2966,12989.70,0.6541,0.6035,2094,1.6875,2.87,29.19
Nestl Pure Life,8.16,77.0,NETRAL,LAYAK,Mineral,45218.60,2.2770,11922.50,0.6004,0.5540,2094,1.6875,2.87,29.19
Nestl Pure Life,8.16,77.0,NETRAL,LAYAK,Mineral,45290.60,2.2806,12761.10,0.6426,0.5929,2094,1.6875,2.87,29.19
Nestl Pure Life,8.16,77.0,NETRAL,LAYAK,Mineral,44930.50,2.2625,12295.50,0.6191,0.5706,2101,1.6931,2.51,29.25
Nestl Pure Life,8.16,77.0,NETRAL,LAYAK,Mineral,45132.00,2.2726,12125.70,0.6106,0.5634,2093,1.6867,2.92,29.19
Nestl Pure Life,8.16,77.0,NETRAL,LAYAK,Mineral,45052.00,2.2686,12341.70,0.6215,0.5734,2093,1.6867,2.92,29.19
Nestl Pure Life,8.16,77.0,NETRAL,LAYAK,Mineral,45609.00,2.2966,12564.10,0.6327,0.5838,2094,1.6875,2.87,29.19
Nestl Pure Life,8.16,77.0,NETRAL,LAYAK,Mineral,44876.00,2.2597,11418.50,0.5750,0.5305,2094,1.6875,2.87,29.19
Nestl Pure Life,8.16,77.0,NETRAL,LAYAK,Mineral,45392.90,2.2857,13574.10,0.6835,0.6307,2096,1.6891,2.77,29.19
Nestl Pure Life,8.16,77.0,NETRAL,LAYAK,Mineral,45172.10,2.2746,11493.50,0.5788,0.5334,2092,1.6859,2.97,29.25
Nestl Pure Life,8.16,77.0,NETRAL,LAYAK,Mineral,45136.80,2.2729,13001.10,0.6547,0.6041,2086,1.6810,3.28,29.19
Nestl Pure Life,8.16,77.0,NETRAL,LAYAK,Mineral,45120.80,2.2720,12282.60,0.6185,0.5707,2097,1.6899,2.72,29.19
Nestl Pure Life,8.16,77.0,NETRAL,LAYAK,Mineral,45378.60,2.2850,12058.30,0.6072,0.5603,2096,1.6891,2.77,29.19
Nestl Pure Life,8.16,77.0,NETRAL,LAYAK,Mineral,45146.40,2.2733,12551.50,0.6320,0.5832,2093,1.6867,2.92,29.19
Nestl Pure Life,8.16,77.0,NETRAL,LAYAK,Mineral,45743.30,2.3034,13001.10,0.6547,0.6041,2095,1.6883,2.82,29.19
Nestl Pure Life,8.16,77.0,NETRAL,LAYAK,Mineral,45260.00,2.2791,11420.10,0.5751,0.5306,2080,1.6762,3.59,29.19
Nestl Pure Life,8.16,77.0,NETRAL,LAYAK,Mineral,45841.00,2.3083,13753.40,0.6925,0.6390,2094,1.6875,2.87,29.19
Nestl Pure Life,8.16,77.0,NETRAL,LAYAK,Mineral,45216.80,2.2769,11296.90,0.5689,0.5249,2092,1.6859,2.97,29.19
Nestl Pure Life,8.16,77.0,NETRAL,LAYAK,Mineral,45533.70,2.2928,11259.90,0.5670,0.5232,2097,1.6899,2.72,29.19
Nestl Pure Life,8.16,77.0,NETRAL,LAYAK,Mineral,45288.80,2.2805,13629.90,0.6863,0.6333,2094,1.6875,2.87,29.19
Nestl Pure Life,8.16,77.0,NETRAL,LAYAK,Mineral,45464.90,2.2894,11176.80,0.5628,0.5193,2102,1.6939,2.46,29.19
Nestl Pure Life,8.16,77.0,NETRAL,LAYAK,Mineral,45309.70,2.2816,13295.60,0.6695,0.6178,2097,1.6899,2.72,29.19
Nestl Pure Life,8.16,77.0,NETRAL,LAYAK,Mineral,44962.40,2.2641,12209.00,0.6148,0.5673,2101,1.6931,2.51,29.19
Nestl Pure Life,8.16,77.0,NETRAL,LAYAK,Mineral,45399.40,2.2861,11802.30,0.5943,0.5477,2096,1.6891,2.77,29.25
Nestl Pure Life,8.16,77.0,NETRAL,LAYAK,Mineral,45164.20,2.2742,12665.20,0.6378,0.5885,2096,1.6891,2.77,29.19
Nestl Pure Life,8.16,77.0,NETRAL,LAYAK,Mineral,45452.20,2.2887,12681.00,0.6385,0.5892,2091,1.6851,3.03,29.19
Nestl Pure Life,8.16,77.0,NETRAL,LAYAK,Mineral,45143.30,2.2732,11258.40,0.5669,0.5231,2096,1.6891,2.77,29.19
Nestl Pure Life,8.16,77.0,NETRAL,LAYAK,Mineral,45421.70,2.2872,13595.00,0.6846,0.6317,2094,1.6875,2.87,29.19
Nestl Pure Life,8.16,77.0,NETRAL,LAYAK,Mineral,45320.90,2.2821,11981.50,0.6033,0.5567,2093,1.6867,2.92,29.19
Nestl Pure Life,8.16,77.0,NETRAL,LAYAK,Mineral,45692.20,2.3008,12400.90,0.6244,0.5762,2093,1.6867,2.92,29.19
Nestl Pure Life,8.16,77.0,NETRAL,LAYAK,Mineral,45378.60,2.2850,12340.00,0.6214,0.5734,2093,1.6867,2.92,29.19
Nestl Pure Life,8.16,77.0,NETRAL,LAYAK,Mineral,45575.30,2.2949,11741.70,0.5913,0.5456,2094,1.6875,2.87,29.19
Nestl Pure Life,8.16,77.0,NETRAL,LAYAK,Mineral,45263.40,2.2792,13028.10,0.6560,0.6053,2093,1.6867,2.92,29.19
Nestl Pure Life,8.16,77.0,NETRAL,LAYAK,Mineral,45610.60,2.2967,10997.30,0.5538,0.5110,2095,1.6883,2.82,29.19
Nestl Pure Life,8.16,77.0,NETRAL,LAYAK,Mineral,45042.50,2.2681,12708.20,0.6399,0.5905,2094,1.6875,2.87,29.19
Nestl Pure Life,8.16,77.0,NETRAL,LAYAK,Mineral,45325.70,2.2824,12375.30,0.6232,0.5750,2094,1.6875,2.87,29.19
Nestl Pure Life,8.16,77.0,NETRAL,LAYAK,Mineral,45660.20,2.2992,11535.00,0.5808,0.5360,2095,1.6883,2.82,29.19
Nestl Pure Life,8.16,77.0,NETRAL,LAYAK,Mineral,45601.00,2.2962,12592.90,0.6341,0.5844,2094,1.6875,2.87,29.25
Nestl Pure Life,8.16,77.0,NETRAL,LAYAK,Mineral,45498.60,2.2911,11772.00,0.5928,0.5470,2123,1.7108,1.38,29.19
Nestl Pure Life,8.16,77.0,NETRAL,LAYAK,Mineral,45492.10,2.2907,12276.10,0.6182,0.5704,2094,1.6875,2.87,29.19
Nestl Pure Life,8.16,77.0,NETRAL,LAYAK,Mineral,45104.80,2.2712,12842.70,0.6467,0.5967,2092,1.6859,2.97,29.19
Nestl Pure Life,8.16,77.0,NETRAL,LAYAK,Mineral,45376.90,2.2849,11146.30,0.5613,0.5179,2095,1.6883,2.82,29.19
Nestl Pure Life,8.16,77.0,NETRAL,LAYAK,Mineral,45056.80,2.2688,13290.70,0.6693,0.6175,2101,1.6931,2.51,29.19
Nestl Pure Life,8.16,77.0,NETRAL,LAYAK,Mineral,45170.60,2.2746,11159.00,0.5619,0.5185,2102,1.6939,2.46,29.19
Nestl Pure Life,8.16,77.0,NETRAL,LAYAK,Mineral,45513.00,2.2918,12977.00,0.6535,0.6030,2096,1.6891,2.77,29.19
Nestl Pure Life,8.16,77.0,NETRAL,LAYAK,Mineral,45237.60,2.2779,12013.50,0.6049,0.5582,2093,1.6867,2.92,29.19
Nestl Pure Life,8.16,77.0,NETRAL,LAYAK,Mineral,45296.80,2.2809,11557.50,0.5820,0.5370,2096,1.6891,2.77,29.19
Nestl Pure Life,8.16,77.0,NETRAL,LAYAK,Mineral,45535.40,2.2929,12898.40,0.6495,0.5993,2093,1.6867,2.92,29.19
Nestl Pure Life,8.16,77.0,NETRAL,LAYAK,Mineral,45578.60,2.2951,11757.50,0.5920,0.5463,2094,1.6875,2.87,29.19
Nestl Pure Life,8.16,77.0,NETRAL,LAYAK,Mineral,45332.10,2.2827,12554.70,0.6322,0.5833,2095,1.6883,2.82,29.19
Nestl Pure Life,8.16,77.0,NETRAL,LAYAK,Mineral,45441.00,2.2882,12642.70,0.6366,0.5874,2097,1.6899,2.72,29.19
Nestl Pure Life,8.16,77.0,NETRAL,LAYAK,Mineral,44965.60,2.2642,11111.00,0.5595,0.5163,2095,1.6883,2.82,29.19
Nestl Pure Life,8.16,77.0,NETRAL,LAYAK,Mineral,45452.10,2.2887,13521.10,0.6809,0.6282,2094,1.6875,2.87,29.19
Nestl Pure Life,8.16,77.0,NETRAL,LAYAK,Mineral,45436.10,2.2879,11162.50,0.5621,0.5186,2094,1.6875,2.87,29.19
Nestl Pure Life,8.16,77.0,NETRAL,LAYAK,Mineral,45116.10,2.2718,12922.80,0.6507,0.5997,2095,1.6883,2.82,29.25
Nestl Pure Life,8.16,77.0,NETRAL,LAYAK,Mineral,45152.80,2.2737,12053.50,0.6070,0.5600,2090,1.6842,3.08,29.19
Nestl Pure Life,8.16,77.0,NETRAL,LAYAK,Mineral,45690.60,2.3007,11696.70,0.5890,0.5435,2094,1.6875,2.87,29.19
Nestl Pure Life,8.16,77.0,NETRAL,LAYAK,Mineral,45666.60,2.2995,12415.50,0.6252,0.5769,2095,1.6883,2.82,29.19
Nestl Pure Life,8.16,77.0,NETRAL,LAYAK,Mineral,45202.40,2.2762,12717.90,0.6404,0.5909,2094,1.6875,2.87,29.19
Nestl Pure Life,8.16,77.0,NETRAL,LAYAK,Mineral,45618.60,2.2971,11163.80,0.5622,0.5187,2096,1.6891,2.77,29.19
Nestl Pure Life,8.16,77.0,NETRAL,LAYAK,Mineral,45525.80,2.2924,13276.30,0.6685,0.6169,2102,1.6939,2.46,29.19
Nestl Pure Life,8.16,77.0,NETRAL,LAYAK,Mineral,45343.20,2.2832,11283.90,0.5682,0.5243,2097,1.6899,2.72,29.19
Nestl Pure Life,8.16,77.0,NETRAL,LAYAK,Mineral,45669.80,2.2997,12679.20,0.6385,0.5891,2093,1.6867,2.92,29.19
Nestl Pure Life,8.16,77.0,NETRAL,LAYAK,Mineral,45412.10,2.2867,12077.50,0.6082,0.5612,2097,1.6899,2.72,29.19
Nestl Pure Life,8.16,77.0,NETRAL,LAYAK,Mineral,45343.20,2.2832,11852.00,0.5968,0.5507,2094,1.6875,2.87,29.19
Nestl Pure Life,8.16,77.0,NETRAL,LAYAK,Mineral,45477.70,2.2900,13257.10,0.6676,0.6160,2096,1.6891,2.77,29.19
Nestl Pure Life,8.16,77.0,NETRAL,LAYAK,Mineral,45868.20,2.3097,11102.90,0.5591,0.5159,2119,1.7076,1.59,29.19
Nestl Pure Life,8.16,77.0,NETRAL,LAYAK,Mineral,45077.60,2.2699,12754.50,0.6422,0.5926,2094,1.6875,2.87,29.19
Nestl Pure Life,8.16,77.0,NETRAL,LAYAK,Mineral,45061.60,2.2691,12075.90,0.6081,0.5611,2095,1.6883,2.82,29.19
Nestl Pure Life,8.16,77.0,NETRAL,LAYAK,Mineral,45322.40,2.2822,11943.30,0.6014,0.5549,2097,1.6899,2.72,29.19
Nestl Pure Life,8.16,77.0,NETRAL,LAYAK,Mineral,45711.40,2.3018,12308.00,0.6198,0.5719,2095,1.6883,2.82,29.19
Nestl Pure Life,8.16,77.0,NETRAL,LAYAK,Mineral,45104.80,2.2712,12592.90,0.6341,0.5851,2093,1.6867,2.92,29.19
Nestl Pure Life,8.16,77.0,NETRAL,LAYAK,Mineral,45125.60,2.2723,11147.80,0.5613,0.5180,2095,1.6883,2.82,29.19
Nestl Pure Life,8.16,77.0,NETRAL,LAYAK,Mineral,45298.50,2.2810,13455.50,0.6775,0.6252,2095,1.6883,2.82,29.19
Nestl Pure Life,8.16,77.0,NETRAL,LAYAK,Mineral,45365.70,2.2844,11389.50,0.5735,0.5292,2095,1.6883,2.82,29.19
Nestl Pure Life,8.16,77.0,NETRAL,LAYAK,Mineral,45477.70,2.2900,13450.70,0.6773,0.6250,2093,1.6867,2.92,29.19
Nestl Pure Life,8.16,77.0,NETRAL,LAYAK,Mineral,45135.20,2.2728,11354.60,0.5718,0.5276,2093,1.6867,2.92,29.19
Nestl Pure Life,8.16,77.0,NETRAL,LAYAK,Mineral,45620.20,2.2972,12865.20,0.6478,0.5978,2093,1.6867,2.92,29.19
Nestl Pure Life,8.16,77.0,NETRAL,LAYAK,Mineral,45269.60,2.2795,12055.10,0.6070,0.5601,2094,1.6875,2.87,29.19
Nestl Pure Life,8.16,77.0,NETRAL,LAYAK,Mineral,45543.40,2.2933,11835.90,0.5960,0.5499,2094,1.6875,2.87,29.19
Nestl Pure Life,8.16,77.0,NETRAL,LAYAK,Mineral,45410.50,2.2866,12986.70,0.6539,0.6034,2098,1.6907,2.67,29.19
Nestl Pure Life,8.16,77.0,NETRAL,LAYAK,Mineral,45708.20,2.3016,11677.40,0.5880,0.5426,2092,1.6859,2.97,29.19
Nestl Pure Life,8.16,77.0,NETRAL,LAYAK,Mineral,45260.00,2.2791,12674.70,0.6382,0.5889,2095,1.6883,2.82,29.19
Nestl Pure Life,8.16,77.0,NETRAL,LAYAK,Mineral,45349.70,2.2836,12952.80,0.6522,0.6018,2093,1.6867,2.92,29.19
Sanqua,7.93,174.0,NETRAL,LAYAK,Mineral,43430.90,2.1870,12532.10,0.6311,0.5809,2105,1.6963,2.31,29.31
Sanqua,7.93,174.0,NETRAL,LAYAK,Mineral,43331.60,2.1820,12181.80,0.6134,0.5641,2096,1.6891,2.77,29.38
Sanqua,7.93,174.0,NETRAL,LAYAK,Mineral,43059.60,2.1683,13418.80,0.6757,0.6220,2093,1.6867,2.92,29.31
Sanqua,7.93,174.0,NETRAL,LAYAK,Mineral,43803.70,2.2057,12645.80,0.6368,0.5862,2108,1.6988,2.15,29.31
Sanqua,7.93,174.0,NETRAL,LAYAK,Mineral,43530.00,2.1919,12281.10,0.6184,0.5693,2100,1.6923,2.56,29.31
Sanqua,7.93,174.0,NETRAL,LAYAK,Mineral,43934.90,2.2123,13841.10,0.6970,0.6409,2114,1.7036,1.85,29.38
Sanqua,7.93,174.0,NETRAL,LAYAK,Mineral,43510.90,2.1910,12020.20,0.6053,0.5566,2097,1.6899,2.72,29.38
Sanqua,7.93,174.0,NETRAL,LAYAK,Mineral,43771.70,2.2041,13407.60,0.6751,0.6208,2092,1.6859,2.97,29.38
Sanqua,7.93,174.0,NETRAL,LAYAK,Mineral,43426.10,2.1867,12966.10,0.6529,0.6004,2096,1.6891,2.77,29.38
Sanqua,7.93,174.0,NETRAL,LAYAK,Mineral,44034.30,2.2173,12506.40,0.6298,0.5791,2096,1.6891,2.77,29.38
Sanqua,7.93,174.0,NETRAL,LAYAK,Mineral,43514.00,2.1911,13450.90,0.6773,0.6228,2116,1.7052,1.74,29.38
Sanqua,7.93,174.0,NETRAL,LAYAK,Mineral,43837.60,2.2074,13221.80,0.6658,0.6122,2092,1.6859,2.97,29.38
Sanqua,7.93,174.0,NETRAL,LAYAK,Mineral,43877.40,2.2094,11722.60,0.5903,0.5428,2087,1.6818,3.23,29.38
Sanqua,7.93,174.0,NETRAL,LAYAK,Mineral,44157.60,2.2235,13933.90,0.7016,0.6452,2094,1.6875,2.87,29.38
Sanqua,7.93,174.0,NETRAL,LAYAK,Mineral,43768.60,2.2040,11805.70,0.5945,0.5466,2101,1.6931,2.51,29.38
Sanqua,7.93,174.0,NETRAL,LAYAK,Mineral,44373.70,2.2344,13159.70,0.6627,0.6093,2095,1.6883,2.82,29.38
Sanqua,7.93,174.0,NETRAL,LAYAK,Mineral,43850.30,2.2081,13233.10,0.6663,0.6127,2095,1.6883,2.82,29.38
Sanqua,7.93,174.0,NETRAL,LAYAK,Mineral,44239.20,2.2277,11877.80,0.5981,0.5500,2095,1.6883,2.82,29.38
Sanqua,7.93,174.0,NETRAL,LAYAK,Mineral,44071.20,2.2192,14169.20,0.7135,0.6561,2114,1.7036,1.85,29.38
Sanqua,7.93,174.0,NETRAL,LAYAK,Mineral,44163.90,2.2239,11682.60,0.5883,0.5409,2094,1.6875,2.87,29.38
Sanqua,7.93,174.0,NETRAL,LAYAK,Mineral,44216.80,2.2265,13029.90,0.6561,0.6040,2093,1.6867,2.92,29.31
Sanqua,7.93,174.0,NETRAL,LAYAK,Mineral,44277.60,2.2296,12650.80,0.6370,0.5858,2095,1.6883,2.82,29.38
Sanqua,7.93,174.0,NETRAL,LAYAK,Mineral,44751.40,2.2534,13177.10,0.6635,0.6108,2092,1.6859,2.97,29.31
Sanqua,7.93,174.0,NETRAL,LAYAK,Mineral,43920.80,2.2116,12702.00,0.6396,0.5881,2094,1.6875,2.87,29.38
Sanqua,7.93,174.0,NETRAL,LAYAK,Mineral,44703.40,2.2510,12373.70,0.6231,0.5729,2103,1.6947,2.41,29.38
Sanqua,7.93,174.0,NETRAL,LAYAK,Mineral,44495.30,2.2406,13318.10,0.6706,0.6167,2091,1.6851,3.03,29.38
Sanqua,7.93,174.0,NETRAL,LAYAK,Mineral,44420.10,2.2368,12767.50,0.6429,0.5912,2095,1.6883,2.82,29.38
Sanqua,7.93,174.0,NETRAL,LAYAK,Mineral,44199.20,2.2256,12113.00,0.6099,0.5615,2094,1.6875,2.87,29.31
Sanqua,7.93,174.0,NETRAL,LAYAK,Mineral,44631.30,2.2474,14172.60,0.7137,0.6570,2094,1.6875,2.87,29.31
Sanqua,7.93,174.0,NETRAL,LAYAK,Mineral,44674.50,2.2496,11447.10,0.5764,0.5300,2099,1.6915,2.62,29.38
Sanqua,7.93,174.0,NETRAL,LAYAK,Mineral,44524.10,2.2420,12714.70,0.6402,0.5887,2091,1.6851,3.03,29.38
Sanqua,7.93,174.0,NETRAL,LAYAK,Mineral,44445.70,2.2381,13133.90,0.6614,0.6081,2092,1.6859,2.97,29.38
Sanqua,7.93,174.0,NETRAL,LAYAK,Mineral,44149.50,2.2231,11789.80,0.5937,0.5459,2094,1.6875,2.87,29.38
Sanqua,7.93,174.0,NETRAL,LAYAK,Mineral,44479.30,2.2397,14105.20,0.7103,0.6539,2097,1.6899,2.72,29.31
Sanqua,7.93,174.0,NETRAL,LAYAK,Mineral,44676.20,2.2497,11588.20,0.5835,0.5372,2093,1.6867,2.92,29.31
Sanqua,7.93,174.0,NETRAL,LAYAK,Mineral,44463.20,2.2389,13015.50,0.6554,0.6027,2099,1.6915,2.62,29.38
Sanqua,7.93,174.0,NETRAL,LAYAK,Mineral,44696.90,2.2507,12497.10,0.6293,0.5787,2096,1.6891,2.77,29.38
Sanqua,7.93,174.0,NETRAL,LAYAK,Mineral,44624.80,2.2471,12484.00,0.6286,0.5780,2093,1.6867,2.92,29.38
Sanqua,7.93,174.0,NETRAL,LAYAK,Mineral,44655.40,2.2486,13194.70,0.6644,0.6117,2096,1.6891,2.77,29.31
Sanqua,7.93,174.0,NETRAL,LAYAK,Mineral,44788.10,2.2553,12058.60,0.6072,0.5584,2093,1.6867,2.92,29.38
Sanqua,7.93,174.0,NETRAL,LAYAK,Mineral,45020.20,2.2670,12714.80,0.6403,0.5887,2094,1.6875,2.87,29.38
Sanqua,7.93,174.0,NETRAL,LAYAK,Mineral,44615.20,2.2466,12850.60,0.6471,0.5950,2092,1.6859,2.97,29.38
Sanqua,7.93,174.0,NETRAL,LAYAK,Mineral,44567.20,2.2442,12428.10,0.6258,0.5755,2092,1.6859,2.97,29.38
Sanqua,7.93,174.0,NETRAL,LAYAK,Mineral,44778.50,2.2548,12833.20,0.6462,0.5942,2094,1.6875,2.87,29.38
Sanqua,7.93,174.0,NETRAL,LAYAK,Mineral,44965.70,2.2642,12292.10,0.6190,0.5692,2094,1.6875,2.87,29.38
Sanqua,7.93,174.0,NETRAL,LAYAK,Mineral,44516.00,2.2416,12842.50,0.6467,0.5946,2106,1.6971,2.26,29.38
Sanqua,7.93,174.0,NETRAL,LAYAK,Mineral,44671.20,2.2494,12327.40,0.6207,0.5715,2092,1.6859,2.97,29.31
Sanqua,7.93,174.0,NETRAL,LAYAK,Mineral,44925.70,2.2622,11936.80,0.6011,0.5533,2093,1.6867,2.92,29.31
Sanqua,7.93,174.0,NETRAL,LAYAK,Mineral,44738.40,2.2528,13826.70,0.6962,0.6410,2092,1.6859,2.97,29.31
Sanqua,7.93,174.0,NETRAL,LAYAK,Mineral,44789.60,2.2554,11652.20,0.5867,0.5395,2091,1.6851,3.03,29.38
Sanqua,7.93,174.0,NETRAL,LAYAK,Mineral,44900.10,2.2609,12890.50,0.6491,0.5976,2093,1.6867,2.92,29.31
Sanqua,7.93,174.0,NETRAL,LAYAK,Mineral,44996.10,2.2658,12690.90,0.6390,0.5876,2096,1.6891,2.77,29.38
Sanqua,7.93,174.0,NETRAL,LAYAK,Mineral,44882.50,2.2600,12340.00,0.6214,0.5714,2096,1.6891,2.77,29.38
Sanqua,7.93,174.0,NETRAL,LAYAK,Mineral,44855.20,2.2587,12935.40,0.6514,0.5990,2093,1.6867,2.92,29.38
Sanqua,7.93,174.0,NETRAL,LAYAK,Mineral,45300.20,2.2811,12410.70,0.6249,0.5747,2105,1.6963,2.31,29.38
Sanqua,7.93,174.0,NETRAL,LAYAK,Mineral,45437.80,2.2880,12780.10,0.6435,0.5918,2094,1.6875,2.87,29.38
Sanqua,7.93,174.0,NETRAL,LAYAK,Mineral,45271.40,2.2796,13410.80,0.6753,0.6210,2094,1.6875,2.87,29.38
Sanqua,7.93,174.0,NETRAL,LAYAK,Mineral,44468.00,2.2392,11450.30,0.5766,0.5302,2094,1.6875,2.87,29.38
Sanqua,7.93,174.0,NETRAL,LAYAK,Mineral,44626.50,2.2472,13204.40,0.6649,0.6114,2095,1.6883,2.82,29.38
Sanqua,7.93,174.0,NETRAL,LAYAK,Mineral,45096.90,2.2708,12673.20,0.6382,0.5875,2095,1.6883,2.82,29.31
Sanqua,7.93,174.0,NETRAL,LAYAK,Mineral,44743.20,2.2530,12304.90,0.6196,0.5698,2092,1.6859,2.97,29.38
Sanqua,7.93,174.0,NETRAL,LAYAK,Mineral,44808.80,2.2563,13697.10,0.6897,0.6350,2091,1.6851,3.03,29.31
Sanqua,7.93,174.0,NETRAL,LAYAK,Mineral,45077.70,2.2699,11835.90,0.5960,0.5487,2082,1.6778,3.49,29.31
Sanqua,7.93,174.0,NETRAL,LAYAK,Mineral,45024.90,2.2672,12999.60,0.6546,0.6026,2095,1.6883,2.82,29.31
Sanqua,7.93,174.0,NETRAL,LAYAK,Mineral,45023.30,2.2671,13065.10,0.6579,0.6050,2096,1.6891,2.77,29.38
Sanqua,7.93,174.0,NETRAL,LAYAK,Mineral,45056.90,2.2688,11802.60,0.5943,0.5471,2092,1.6859,2.97,29.31
Sanqua,7.93,174.0,NETRAL,LAYAK,Mineral,45066.50,2.2693,13820.60,0.6959,0.6399,2102,1.6939,2.46,29.38
Sanqua,7.93,174.0,NETRAL,LAYAK,Mineral,45220.20,2.2771,11784.90,0.5934,0.5457,2094,1.6875,2.87,29.38
Sanqua,7.93,174.0,NETRAL,LAYAK,Mineral,45156.10,2.2738,13135.60,0.6614,0.6082,2090,1.6842,3.08,29.38
Sanqua,7.93,174.0,NETRAL,LAYAK,Mineral,45056.90,2.2688,12303.20,0.6195,0.5697,2093,1.6867,2.92,29.38
Sanqua,7.93,174.0,NETRAL,LAYAK,Mineral,44845.60,2.2582,12180.20,0.6133,0.5646,2093,1.6867,2.92,29.31
Sanqua,7.93,174.0,NETRAL,LAYAK,Mineral,44964.00,2.2642,13082.70,0.6588,0.6065,2094,1.6875,2.87,29.31
Sanqua,7.93,174.0,NETRAL,LAYAK,Mineral,45457.00,2.2890,12274.50,0.6181,0.5683,2094,1.6875,2.87,29.38
Sanqua,7.93,174.0,NETRAL,LAYAK,Mineral,44871.20,2.2595,12680.90,0.6385,0.5872,2095,1.6883,2.82,29.38
Sanqua,7.93,174.0,NETRAL,LAYAK,Mineral,45181.70,2.2751,12871.40,0.6481,0.5967,2091,1.6851,3.03,29.31
Sanqua,7.93,174.0,NETRAL,LAYAK,Mineral,45101.70,2.2711,11699.90,0.5891,0.5424,2103,1.6947,2.41,29.31
Sanqua,7.93,174.0,NETRAL,LAYAK,Mineral,45130.50,2.2725,13394.70,0.6745,0.6209,2092,1.6859,2.97,29.31
Sanqua,7.93,174.0,NETRAL,LAYAK,Mineral,45362.60,2.2842,12165.50,0.6126,0.5633,2078,1.6746,3.69,29.38
Sanqua,7.93,174.0,NETRAL,LAYAK,Mineral,45437.80,2.2880,12652.40,0.6371,0.5858,2092,1.6859,2.97,29.38
Sanqua,7.93,174.0,NETRAL,LAYAK,Mineral,44916.00,2.2617,12983.50,0.6538,0.6019,2092,1.6859,2.97,29.31
Sanqua,7.93,174.0,NETRAL,LAYAK,Mineral,45466.60,2.2895,11818.30,0.5951,0.5479,2091,1.6851,3.03,29.31
Sanqua,7.93,174.0,NETRAL,LAYAK,Mineral,45354.60,2.2838,12909.70,0.6501,0.5984,2101,1.6931,2.51,29.31
Sanqua,7.93,174.0,NETRAL,LAYAK,Mineral,45252.10,2.2787,11658.60,0.5871,0.5398,2093,1.6867,2.92,29.38
Sanqua,7.93,174.0,NETRAL,LAYAK,Mineral,45599.40,2.2961,13834.70,0.6966,0.6406,2093,1.6867,2.92,29.38
Sanqua,7.93,174.0,NETRAL,LAYAK,Mineral,45330.50,2.2826,11483.80,0.5783,0.5317,2095,1.6883,2.82,29.38
Sanqua,7.93,174.0,NETRAL,LAYAK,Mineral,45397.60,2.2860,13124.30,0.6609,0.6077,2093,1.6867,2.92,29.38
Sanqua,7.93,174.0,NETRAL,LAYAK,Mineral,45336.80,2.2829,12983.30,0.6538,0.6019,2094,1.6875,2.87,29.31
Sanqua,7.93,174.0,NETRAL,LAYAK,Mineral,45525.70,2.2924,11647.40,0.5865,0.5399,2105,1.6963,2.31,29.31
Sanqua,7.93,174.0,NETRAL,LAYAK,Mineral,45274.40,2.2798,13666.70,0.6882,0.6335,2100,1.6923,2.56,29.31
Sanqua,7.93,174.0,NETRAL,LAYAK,Mineral,45303.30,2.2812,11658.60,0.5871,0.5398,2093,1.6867,2.92,29.38
Sanqua,7.93,174.0,NETRAL,LAYAK,Mineral,45175.20,2.2748,13303.60,0.6699,0.6160,2097,1.6899,2.72,29.38
Sanqua,7.93,174.0,NETRAL,LAYAK,Mineral,45388.00,2.2855,12850.80,0.6471,0.5957,2093,1.6867,2.92,29.31
Sanqua,7.93,174.0,NETRAL,LAYAK,Mineral,45333.70,2.2828,12260.10,0.6174,0.5683,2097,1.6899,2.72,29.31
Sanqua,7.93,174.0,NETRAL,LAYAK,Mineral,45788.20,2.3057,12719.30,0.6405,0.5896,2093,1.6867,2.92,29.31
Sanqua,7.93,174.0,NETRAL,LAYAK,Mineral,45242.50,2.2782,12521.00,0.6305,0.5798,2094,1.6875,2.87,29.38
Sanqua,7.93,174.0,NETRAL,LAYAK,Mineral,45261.60,2.2791,11570.20,0.5826,0.5364,2093,1.6867,2.92,29.31
Sanqua,7.93,174.0,NETRAL,LAYAK,Mineral,45125.60,2.2723,13601.20,0.6849,0.6305,2096,1.6891,2.77,29.31
Sanqua,7.93,174.0,NETRAL,LAYAK,Mineral,45887.40,2.3106,11755.90,0.5920,0.5443,2096,1.6891,2.77,29.38
Sanqua,7.93,174.0,NETRAL,LAYAK,Mineral,45386.40,2.2854,13033.20,0.6563,0.6035,2092,1.6859,2.97,29.38
Sanqua,7.93,174.0,NETRAL,LAYAK,Mineral,45484.10,2.2903,12927.40,0.6510,0.5993,2090,1.6842,3.08,29.31
Sanqua,7.93,174.0,NETRAL,LAYAK,Mineral,45586.60,2.2955,11825.00,0.5954,0.5475,2095,1.6883,2.82,29.38
Sanqua,7.93,174.0,NETRAL,LAYAK,Mineral,45346.50,2.2834,12561.30,0.6325,0.5823,2092,1.6859,2.97,29.31
Sanqua,7.93,174.0,NETRAL,LAYAK,Mineral,45786.60,2.3056,12285.60,0.6186,0.5695,2093,1.6867,2.92,29.31
Sanqua,7.93,174.0,NETRAL,LAYAK,Mineral,45512.90,2.2918,13026.60,0.6560,0.6032,2095,1.6883,2.82,29.38
Sanqua,7.93,174.0,NETRAL,LAYAK,Mineral,45741.80,2.3033,12280.90,0.6184,0.5686,2114,1.7036,1.85,29.38
Sanqua,7.93,174.0,NETRAL,LAYAK,Mineral,45637.70,2.2981,11892.00,0.5988,0.5513,2091,1.6851,3.03,29.31
Sanqua,7.93,174.0,NETRAL,LAYAK,Mineral,45714.60,2.3019,14281.10,0.7191,0.6620,2093,1.6867,2.92,29.31
Sanqua,7.93,174.0,NETRAL,LAYAK,Mineral,45495.20,2.2909,11610.50,0.5846,0.5376,2095,1.6883,2.82,29.38
Sanqua,7.93,174.0,NETRAL,LAYAK,Mineral,45232.80,2.2777,13298.60,0.6696,0.6165,2100,1.6923,2.56,29.31
Sanqua,7.93,174.0,NETRAL,LAYAK,Mineral,45530.50,2.2927,12613.80,0.6352,0.5841,2081,1.6770,3.54,29.38
Sanqua,7.93,174.0,NETRAL,LAYAK,Mineral,45482.50,2.2903,12028.10,0.6057,0.5569,2093,1.6867,2.92,29.38
Sanqua,7.93,174.0,NETRAL,LAYAK,Mineral,45533.70,2.2928,13513.10,0.6804,0.6264,2093,1.6867,2.92,29.31
Sanqua,7.93,174.0,NETRAL,LAYAK,Mineral,45519.30,2.2921,11485.50,0.5783,0.5318,2093,1.6867,2.92,29.38
Sanqua,7.93,174.0,NETRAL,LAYAK,Mineral,45679.40,2.3002,13182.00,0.6638,0.6104,2107,1.6979,2.21,29.38
Sanqua,7.93,174.0,NETRAL,LAYAK,Mineral,45322.50,2.2822,12989.70,0.6541,0.6022,2094,1.6875,2.87,29.31
Sanqua,7.93,174.0,NETRAL,LAYAK,Mineral,45620.20,2.2972,12233.00,0.6160,0.5671,2105,1.6963,2.31,29.31
Sanqua,7.93,174.0,NETRAL,LAYAK,Mineral,45343.30,2.2833,13481.10,0.6788,0.6249,2091,1.6851,3.03,29.31
Sanqua,7.93,174.0,NETRAL,LAYAK,Mineral,45456.90,2.2890,12735.40,0.6413,0.5897,2092,1.6859,2.97,29.38
Sanqua,7.93,174.0,NETRAL,LAYAK,Mineral,45623.40,2.2974,12434.50,0.6261,0.5758,2099,1.6915,2.62,29.38
Sanqua,7.93,174.0,NETRAL,LAYAK,Mineral,45237.60,2.2779,13034.80,0.6564,0.6036,2092,1.6859,2.97,29.38
Sanqua,7.93,174.0,NETRAL,LAYAK,Mineral,45447.30,2.2885,12364.10,0.6226,0.5732,2096,1.6891,2.77,29.31
Sanqua,7.93,174.0,NETRAL,LAYAK,Mineral,45623.30,2.2974,13802.80,0.6950,0.6398,2093,1.6867,2.92,29.31
Sanqua,7.93,174.0,NETRAL,LAYAK,Mineral,45596.10,2.2960,11855.10,0.5970,0.5496,2092,1.6859,2.97,29.31
Sanqua,7.93,174.0,NETRAL,LAYAK,Mineral,45407.20,2.2865,13202.70,0.6648,0.6120,2094,1.6875,2.87,29.31
Sanqua,7.93,174.0,NETRAL,LAYAK,Mineral,45580.10,2.2952,12916.10,0.6504,0.5987,2094,1.6875,2.87,29.31
Sanqua,7.93,174.0,NETRAL,LAYAK,Mineral,45493.70,2.2908,11706.40,0.5895,0.5427,2093,1.6867,2.92,29.31
Sanqua,7.93,174.0,NETRAL,LAYAK,Mineral,45365.80,2.2844,13673.30,0.6885,0.6331,2092,1.6859,2.97,29.38
Sanqua,7.93,174.0,NETRAL,LAYAK,Mineral,45762.50,2.3044,11371.70,0.5726,0.5265,2092,1.6859,2.97,29.38
Sanqua,7.93,174.0,NETRAL,LAYAK,Mineral,45809.00,2.3067,13052.30,0.6572,0.6051,2093,1.6867,2.92,29.31
Sanqua,7.93,174.0,NETRAL,LAYAK,Mineral,45258.40,2.2790,12500.20,0.6294,0.5788,2106,1.6971,2.26,29.38
Sanqua,7.93,174.0,NETRAL,LAYAK,Mineral,45263.20,2.2792,12290.50,0.6189,0.5697,2093,1.6867,2.92,29.31
Sanqua,7.93,174.0,NETRAL,LAYAK,Mineral,45324.00,2.2823,12581.70,0.6335,0.5826,2095,1.6883,2.82,29.38
Sanqua,7.93,174.0,NETRAL,LAYAK,Mineral,45188.00,2.2754,12466.60,0.6278,0.5772,2094,1.6875,2.87,29.38
Sanqua,7.93,174.0,NETRAL,LAYAK,Mineral,45743.30,2.3034,12788.10,0.6439,0.5928,2092,1.6859,2.97,29.31
Sanqua,7.93,174.0,NETRAL,LAYAK,Mineral,45338.40,2.2830,12453.80,0.6271,0.5773,2102,1.6939,2.46,29.31
Sanqua,7.93,174.0,NETRAL,LAYAK,Mineral,45655.40,2.2990,12096.80,0.6091,0.5608,2105,1.6963,2.31,29.31
Sanqua,7.93,174.0,NETRAL,LAYAK,Mineral,45341.60,2.2832,12663.50,0.6377,0.5870,2094,1.6875,2.87,29.31
Sanqua,7.93,174.0,NETRAL,LAYAK,Mineral,45727.40,2.3026,12705.00,0.6398,0.5883,2093,1.6867,2.92,29.38
Sanqua,7.93,174.0,NETRAL,LAYAK,Mineral,45700.20,2.3012,12370.50,0.6229,0.5728,2093,1.6867,2.92,29.38
Sanqua,7.93,174.0,NETRAL,LAYAK,Mineral,45263.20,2.2792,12831.60,0.6461,0.5941,2101,1.6931,2.51,29.38
Sanqua,7.93,174.0,NETRAL,LAYAK,Mineral,45695.30,2.3010,12274.60,0.6181,0.5690,2093,1.6867,2.92,29.31
Sanqua,7.93,174.0,NETRAL,LAYAK,Mineral,45565.80,2.2945,12882.50,0.6487,0.5972,2093,1.6867,2.92,29.31
Sanqua,7.93,174.0,NETRAL,LAYAK,Mineral,45743.30,2.3034,11973.50,0.6029,0.5550,2105,1.6963,2.31,29.31
Sanqua,7.93,174.0,NETRAL,LAYAK,Mineral,45677.80,2.3001,13199.70,0.6647,0.6119,2094,1.6875,2.87,29.31
Sanqua,7.93,174.0,NETRAL,LAYAK,Mineral,45304.80,2.2813,12973.70,0.6533,0.6007,2089,1.6834,3.13,29.38
Sanqua,7.93,174.0,NETRAL,LAYAK,Mineral,45215.20,2.2768,11973.60,0.6029,0.5551,2108,1.6988,2.15,29.31
Sanqua,7.93,174.0,NETRAL,LAYAK,Mineral,45684.10,2.3004,13729.30,0.6913,0.6357,2094,1.6875,2.87,29.38
Sanqua,7.93,174.0,NETRAL,LAYAK,Mineral,45642.60,2.2983,11362.60,0.5722,0.5267,2097,1.6899,2.72,29.31
Sanqua,7.93,174.0,NETRAL,LAYAK,Mineral,45551.30,2.2937,13162.70,0.6628,0.6102,2095,1.6883,2.82,29.31
Sanqua,7.93,174.0,NETRAL,LAYAK,Mineral,45780.20,2.3053,12629.70,0.6360,0.5855,2096,1.6891,2.77,29.31
Sanqua,7.93,174.0,NETRAL,LAYAK,Mineral,45666.60,2.2995,11658.50,0.5871,0.5398,2095,1.6883,2.82,29.38
Sanqua,7.93,174.0,NETRAL,LAYAK,Mineral,45410.40,2.2866,13828.30,0.6963,0.6403,2093,1.6867,2.92,29.38
Sanqua,7.93,174.0,NETRAL,LAYAK,Mineral,45642.50,2.2983,12197.80,0.6142,0.5654,2096,1.6891,2.77,29.31
Sanqua,7.93,174.0,NETRAL,LAYAK,Mineral,45586.60,2.2955,13559.50,0.6828,0.6278,2078,1.6746,3.69,29.38
Sanqua,7.93,174.0,NETRAL,LAYAK,Mineral,45719.40,2.3022,11559.30,0.5821,0.5352,2093,1.6867,2.92,29.38
Sanqua,7.93,174.0,NETRAL,LAYAK,Mineral,45793.00,2.3059,13172.20,0.6633,0.6099,2091,1.6851,3.03,29.38
Sanqua,7.93,174.0,NETRAL,LAYAK,Mineral,45727.30,2.3026,12340.00,0.6214,0.5720,2092,1.6859,2.97,29.31
Sanqua,7.93,174.0,NETRAL,LAYAK,Mineral,45360.80,2.2841,12005.80,0.6045,0.5559,2093,1.6867,2.92,29.38
Sanqua,7.93,174.0,NETRAL,LAYAK,Mineral,45596.00,2.2960,13577.20,0.6837,0.6294,2094,1.6875,2.87,29.31
Sanqua,7.93,174.0,NETRAL,LAYAK,Mineral,46001.10,2.3164,11429.80,0.5755,0.5298,2092,1.6859,2.97,29.31
Sanqua,7.93,174.0,NETRAL,LAYAK,Mineral,45818.50,2.3072,13247.50,0.6671,0.6134,2093,1.6867,2.92,29.38
Sanqua,7.93,174.0,NETRAL,LAYAK,Mineral,45380.00,2.2851,12674.50,0.6382,0.5875,2090,1.6842,3.08,29.31
Sanqua,7.93,174.0,NETRAL,LAYAK,Mineral,45253.60,2.2787,12900.30,0.6496,0.5973,2096,1.6891,2.77,29.38
Sanqua,7.93,174.0,NETRAL,LAYAK,Mineral,45352.80,2.2837,12354.30,0.6221,0.5727,2099,1.6915,2.62,29.31
Sanqua,7.93,174.0,NETRAL,LAYAK,Mineral,45964.20,2.3145,12050.50,0.6068,0.5580,2091,1.6851,3.03,29.38
Sanqua,7.93,174.0,NETRAL,LAYAK,Mineral,45956.20,2.3141,13641.10,0.6869,0.6324,2093,1.6867,2.92,29.31
Sanqua,7.93,174.0,NETRAL,LAYAK,Mineral,45535.30,2.2929,11562.60,0.5822,0.5354,2096,1.6891,2.77,29.38
Sanqua,7.93,174.0,NETRAL,LAYAK,Mineral,45639.30,2.2982,12813.80,0.6452,0.5933,2092,1.6859,2.97,29.38
Sanqua,7.93,174.0,NETRAL,LAYAK,Mineral,45658.50,2.2991,13026.70,0.6560,0.6039,2094,1.6875,2.87,29.31
Sanqua,7.93,174.0,NETRAL,LAYAK,Mineral,45629.70,2.2977,12224.90,0.6156,0.5667,2094,1.6875,2.87,29.31
Sanqua,7.93,174.0,NETRAL,LAYAK,Mineral,45620.20,2.2972,12592.80,0.6341,0.5838,2095,1.6883,2.82,29.31
Sanqua,7.93,174.0,NETRAL,LAYAK,Mineral,45618.60,2.2971,12372.30,0.6230,0.5729,2092,1.6859,2.97,29.38
Sanqua,7.93,174.0,NETRAL,LAYAK,Mineral,45652.20,2.2988,12857.00,0.6474,0.5960,2089,1.6834,3.13,29.31
Sanqua,7.93,174.0,NETRAL,LAYAK,Mineral,45346.40,2.2834,12333.60,0.6211,0.5717,2094,1.6875,2.87,29.31
Sanqua,7.93,174.0,NETRAL,LAYAK,Mineral,45722.50,2.3023,11999.40,0.6042,0.5563,2097,1.6899,2.72,29.31
Sanqua,7.93,174.0,NETRAL,LAYAK,Mineral,45536.90,2.2930,13572.30,0.6834,0.6284,2093,1.6867,2.92,29.38
Sanqua,7.93,174.0,NETRAL,LAYAK,Mineral,45813.80,2.3069,11632.80,0.5858,0.5393,2100,1.6923,2.56,29.31
Sanqua,7.93,174.0,NETRAL,LAYAK,Mineral,45840.90,2.3083,12877.80,0.6485,0.5970,2108,1.6988,2.15,29.31
Sanqua,7.93,174.0,NETRAL,LAYAK,Mineral,45802.60,2.3064,12981.80,0.6537,0.6011,2095,1.6883,2.82,29.38
Sanqua,7.93,174.0,NETRAL,LAYAK,Mineral,45794.60,2.3060,11875.90,0.5980,0.5505,2104,1.6955,2.36,29.31
Sanqua,7.93,174.0,NETRAL,LAYAK,Mineral,45874.60,2.3100,12729.10,0.6410,0.5901,2096,1.6891,2.77,29.31
Sanqua,7.93,174.0,NETRAL,LAYAK,Mineral,46069.80,2.3198,12829.60,0.6460,0.5947,2094,1.6875,2.87,29.31
Sanqua,7.93,174.0,NETRAL,LAYAK,Mineral,45748.20,2.3036,13102.00,0.6597,0.6074,2094,1.6875,2.87,29.31
Sanqua,7.93,174.0,NETRAL,LAYAK,Mineral,45980.20,2.3153,12898.60,0.6495,0.5972,2094,1.6875,2.87,29.38
Sanqua,7.93,174.0,NETRAL,LAYAK,Mineral,45741.80,2.3033,11487.20,0.5784,0.5325,2095,1.6883,2.82,29.31
Sanqua,7.93,174.0,NETRAL,LAYAK,Mineral,45392.80,2.2857,13501.90,0.6799,0.6259,2099,1.6915,2.62,29.31
Sanqua,7.93,174.0,NETRAL,LAYAK,Mineral,45669.80,2.2997,11818.30,0.5951,0.5479,2093,1.6867,2.92,29.31
Sanqua,7.93,174.0,NETRAL,LAYAK,Mineral,45637.70,2.2981,12837.80,0.6464,0.5951,2093,1.6867,2.92,29.31
Sanqua,7.93,174.0,NETRAL,LAYAK,Mineral,45517.60,2.2920,12775.40,0.6433,0.5922,2096,1.6891,2.77,29.31
Sanqua,7.93,174.0,NETRAL,LAYAK,Mineral,45804.20,2.3065,11660.10,0.5871,0.5399,2108,1.6988,2.15,29.38
Sanqua,7.93,174.0,NETRAL,LAYAK,Mineral,45730.60,2.3028,13721.10,0.6909,0.6353,2094,1.6875,2.87,29.38
Sanqua,7.93,174.0,NETRAL,LAYAK,Mineral,45612.10,2.2968,11567.10,0.5825,0.5356,2102,1.6939,2.46,29.38
Sanqua,7.93,174.0,NETRAL,LAYAK,Mineral,45584.80,2.2954,13580.30,0.6838,0.6295,2095,1.6883,2.82,29.31
Sanqua,7.93,174.0,NETRAL,LAYAK,Mineral,45580.10,2.2952,11418.60,0.5750,0.5287,2095,1.6883,2.82,29.38
Sanqua,7.93,174.0,NETRAL,LAYAK,Mineral,45586.50,2.2955,13273.10,0.6684,0.6153,2095,1.6883,2.82,29.31
Sanqua,7.93,174.0,NETRAL,LAYAK,Mineral,45327.20,2.2824,12640.90,0.6365,0.5860,2091,1.6851,3.03,29.31
Sanqua,7.93,174.0,NETRAL,LAYAK,Mineral,45682.50,2.3003,12119.40,0.6103,0.5618,2093,1.6867,2.92,29.31
Sanqua,7.93,174.0,NETRAL,LAYAK,Mineral,45981.80,2.3154,13610.70,0.6854,0.6302,2093,1.6867,2.92,29.38
Sanqua,7.93,174.0,NETRAL,LAYAK,Mineral,45964.20,2.3145,11431.40,0.5756,0.5299,2093,1.6867,2.92,29.31
Sanqua,7.93,174.0,NETRAL,LAYAK,Mineral,45916.20,2.3121,13221.90,0.6658,0.6129,2093,1.6867,2.92,29.31
Mountop,8.48,169.0,NETRAL,LAYAK,Mineral,43639.10,2.1974,12953.10,0.6523,0.5984,2093,1.6867,2.92,29.50
Mountop,8.48,169.0,NETRAL,LAYAK,Mineral,43578.00,2.1944,12866.60,0.6479,0.5944,2094,1.6875,2.87,29.50
Mountop,8.48,169.0,NETRAL,LAYAK,Mineral,43688.50,2.1999,12037.50,0.6061,0.5561,2093,1.6867,2.92,29.50
Mountop,8.48,169.0,NETRAL,LAYAK,Mineral,43834.10,2.2073,12423.20,0.6256,0.5739,2094,1.6875,2.87,29.50
Mountop,8.48,169.0,NETRAL,LAYAK,Mineral,43507.70,2.1908,12636.20,0.6363,0.5831,2099,1.6915,2.62,29.56
Mountop,8.48,169.0,NETRAL,LAYAK,Mineral,44111.10,2.2212,12250.50,0.6169,0.5659,2096,1.6891,2.77,29.50
Mountop,8.48,169.0,NETRAL,LAYAK,Mineral,44112.70,2.2213,12674.60,0.6382,0.5855,2093,1.6867,2.92,29.50
Mountop,8.48,169.0,NETRAL,LAYAK,Mineral,44039.20,2.2176,11834.30,0.5959,0.5461,2094,1.6875,2.87,29.56
Mountop,8.48,169.0,NETRAL,LAYAK,Mineral,44210.40,2.2262,12682.60,0.6386,0.5859,2092,1.6859,2.97,29.50
Mountop,8.48,169.0,NETRAL,LAYAK,Mineral,43845.50,2.2078,12780.10,0.6435,0.5904,2082,1.6778,3.49,29.50
Mountop,8.48,169.0,NETRAL,LAYAK,Mineral,43720.60,2.2015,11432.80,0.5757,0.5282,2091,1.6851,3.03,29.50
Mountop,8.48,169.0,NETRAL,LAYAK,Mineral,43448.50,2.1878,13502.00,0.6799,0.6238,2092,1.6859,2.97,29.50
Mountop,8.48,169.0,NETRAL,LAYAK,Mineral,44164.10,2.2239,11290.40,0.5685,0.5216,2094,1.6875,2.87,29.50
Mountop,8.48,169.0,NETRAL,LAYAK,Mineral,44053.50,2.2183,12863.50,0.6477,0.5943,2092,1.6859,2.97,29.50
Mountop,8.48,169.0,NETRAL,LAYAK,Mineral,43962.30,2.2137,12868.10,0.6480,0.5945,2093,1.6867,2.92,29.50
Mountop,8.48,169.0,NETRAL,LAYAK,Mineral,44047.20,2.2180,11858.40,0.5971,0.5478,2102,1.6939,2.46,29.50
Mountop,8.48,169.0,NETRAL,LAYAK,Mineral,43914.20,2.2113,13743.80,0.6921,0.6349,2107,1.6979,2.21,29.50
Mountop,8.48,169.0,NETRAL,LAYAK,Mineral,43930.40,2.2121,11272.60,0.5676,0.5208,2094,1.6875,2.87,29.50
Mountop,8.48,169.0,NETRAL,LAYAK,Mineral,44248.80,2.2281,13087.50,0.6590,0.6046,2093,1.6867,2.92,29.50
Mountop,8.48,169.0,NETRAL,LAYAK,Mineral,43973.50,2.2143,12410.50,0.6249,0.5733,2092,1.6859,2.97,29.50
Mountop,8.48,169.0,NETRAL,LAYAK,Mineral,44351.30,2.2333,12480.80,0.6285,0.5766,2093,1.6867,2.92,29.50
Mountop,8.48,169.0,NETRAL,LAYAK,Mineral,44008.80,2.2161,12162.50,0.6124,0.5619,2078,1.6746,3.69,29.50
Mountop,8.48,169.0,NETRAL,LAYAK,Mineral,43906.30,2.2109,12674.60,0.6382,0.5855,2097,1.6899,2.72,29.50
Mountop,8.48,169.0,NETRAL,LAYAK,Mineral,43824.60,2.2068,12805.70,0.6448,0.5916,2092,1.6859,2.97,29.50
Mountop,8.48,169.0,NETRAL,LAYAK,Mineral,44240.80,2.2277,11365.40,0.5723,0.5250,2096,1.6891,2.77,29.50
Mountop,8.48,169.0,NETRAL,LAYAK,Mineral,44044.00,2.2178,13622.00,0.6859,0.6293,2089,1.6834,3.13,29.50
Mountop,8.48,169.0,NETRAL,LAYAK,Mineral,44223.30,2.2269,11419.80,0.5750,0.5276,2106,1.6971,2.26,29.50
Mountop,8.48,169.0,NETRAL,LAYAK,Mineral,44196.00,2.2255,13028.30,0.6560,0.6012,2093,1.6867,2.92,29.56
Mountop,8.48,169.0,NETRAL,LAYAK,Mineral,43776.70,2.2044,12945.10,0.6518,0.5980,2092,1.6859,2.97,29.50
Mountop,8.48,169.0,NETRAL,LAYAK,Mineral,43951.10,2.2131,11427.90,0.5754,0.5279,2094,1.6875,2.87,29.50
Mountop,8.48,169.0,NETRAL,LAYAK,Mineral,44301.80,2.2308,13338.70,0.6717,0.6162,2096,1.6891,2.77,29.50
Mountop,8.48,169.0,NETRAL,LAYAK,Mineral,43754.20,2.2032,11475.80,0.5779,0.5295,2085,1.6802,3.33,29.56
Mountop,8.48,169.0,NETRAL,LAYAK,Mineral,43804.00,2.2057,13628.30,0.6862,0.6289,2092,1.6859,2.97,29.56
Mountop,8.48,169.0,NETRAL,LAYAK,Mineral,43981.60,2.2147,11477.80,0.5780,0.5302,2094,1.6875,2.87,29.50
Mountop,8.48,169.0,NETRAL,LAYAK,Mineral,44064.80,2.2189,13188.20,0.6641,0.6086,2095,1.6883,2.82,29.56
Mountop,8.48,169.0,NETRAL,LAYAK,Mineral,43946.30,2.2129,12824.90,0.6458,0.5925,2093,1.6867,2.92,29.50
Mountop,8.48,169.0,NETRAL,LAYAK,Mineral,43967.10,2.2140,11673.00,0.5878,0.5393,2108,1.6988,2.15,29.50
Mountop,8.48,169.0,NETRAL,LAYAK,Mineral,43938.40,2.2125,13869.90,0.6984,0.6407,2092,1.6859,2.97,29.50
Mountop,8.48,169.0,NETRAL,LAYAK,Mineral,43935.10,2.2123,11506.30,0.5794,0.5309,2091,1.6851,3.03,29.56
Mountop,8.48,169.0,NETRAL,LAYAK,Mineral,44167.20,2.2240,12938.80,0.6515,0.5977,2092,1.6859,2.97,29.50
Mountop,8.48,169.0,NETRAL,LAYAK,Mineral,43941.50,2.2127,13122.60,0.6608,0.6055,2092,1.6859,2.97,29.56
Mountop,8.48,169.0,NETRAL,LAYAK,Mineral,44170.40,2.2242,11663.40,0.5873,0.5388,2093,1.6867,2.92,29.50
Mountop,8.48,169.0,NETRAL,LAYAK,Mineral,44199.30,2.2256,12330.50,0.6209,0.5690,2091,1.6851,3.03,29.56
Mountop,8.48,169.0,NETRAL,LAYAK,Mineral,44071.20,2.2192,11925.80,0.6005,0.5509,2091,1.6851,3.03,29.50
Mountop,8.48,169.0,NETRAL,LAYAK,Mineral,44186.50,2.2250,12783.40,0.6437,0.5906,2093,1.6867,2.92,29.50
Mountop,8.48,169.0,NETRAL,LAYAK,Mineral,44266.40,2.2290,11978.40,0.6032,0.5534,2092,1.6859,2.97,29.50
Mountop,8.48,169.0,NETRAL,LAYAK,Mineral,44052.00,2.2182,12794.70,0.6443,0.5911,2105,1.6963,2.31,29.50
Mountop,8.48,169.0,NETRAL,LAYAK,Mineral,44008.80,2.2161,12370.50,0.6229,0.5708,2091,1.6851,3.03,29.56
Mountop,8.48,169.0,NETRAL,LAYAK,Mineral,44063.10,2.2188,12192.90,0.6140,0.5633,2092,1.6859,2.97,29.50
Mountop,8.48,169.0,NETRAL,LAYAK,Mineral,43685.50,2.1998,12634.50,0.6362,0.5830,2094,1.6875,2.87,29.56
Mountop,8.48,169.0,NETRAL,LAYAK,Mineral,44024.90,2.2169,12056.80,0.6071,0.5564,2092,1.6859,2.97,29.56
Mountop,8.48,169.0,NETRAL,LAYAK,Mineral,44063.10,2.2188,12119.30,0.6103,0.5592,2093,1.6867,2.92,29.56
Mountop,8.48,169.0,NETRAL,LAYAK,Mineral,43909.50,2.2111,13780.40,0.6939,0.6359,2092,1.6859,2.97,29.56
Mountop,8.48,169.0,NETRAL,LAYAK,Mineral,43908.00,2.2110,11418.60,0.5750,0.5269,2093,1.6867,2.92,29.56
Mountop,8.48,169.0,NETRAL,LAYAK,Mineral,43896.80,2.2104,13137.10,0.6615,0.6069,2092,1.6859,2.97,29.50
Mountop,8.48,169.0,NETRAL,LAYAK,Mineral,44063.20,2.2188,12600.90,0.6345,0.5815,2093,1.6867,2.92,29.56
Mountop,8.48,169.0,NETRAL,LAYAK,Mineral,44127.20,2.2220,11815.30,0.5950,0.5452,2094,1.6875,2.87,29.56
Mountop,8.48,169.0,NETRAL,LAYAK,Mineral,43955.90,2.2134,13503.70,0.6800,0.6231,2094,1.6875,2.87,29.56
Mountop,8.48,169.0,NETRAL,LAYAK,Mineral,44322.50,2.2318,11285.50,0.5683,0.5214,2091,1.6851,3.03,29.50
Mountop,8.48,169.0,NETRAL,LAYAK,Mineral,43898.40,2.2105,13181.90,0.6638,0.6083,2096,1.6891,2.77,29.56
Mountop,8.48,169.0,NETRAL,LAYAK,Mineral,43840.80,2.2076,12912.90,0.6502,0.5959,2098,1.6907,2.67,29.56
Mountop,8.48,169.0,NETRAL,LAYAK,Mineral,44173.50,2.2243,11709.80,0.5896,0.5403,2094,1.6875,2.87,29.56
Mountop,8.48,169.0,NETRAL,LAYAK,Mineral,43877.50,2.2094,12345.00,0.6216,0.5696,2093,1.6867,2.92,29.56
Mountop,8.48,169.0,NETRAL,LAYAK,Mineral,44227.90,2.2271,12132.00,0.6109,0.5598,2101,1.6931,2.51,29.56
Mountop,8.48,169.0,NETRAL,LAYAK,Mineral,44104.80,2.2209,13217.10,0.6655,0.6099,2092,1.6859,2.97,29.56
Mountop,8.48,169.0,NETRAL,LAYAK,Mineral,43964.00,2.2138,12101.70,0.6094,0.5584,2093,1.6867,2.92,29.56
Mountop,8.48,169.0,NETRAL,LAYAK,Mineral,44304.80,2.2310,12940.30,0.6516,0.5971,2093,1.6867,2.92,29.56
Mountop,8.48,169.0,NETRAL,LAYAK,Mineral,43848.50,2.2080,12285.90,0.6187,0.5669,2094,1.6875,2.87,29.56
Mountop,8.48,169.0,NETRAL,LAYAK,Mineral,44469.70,2.2393,12076.10,0.6081,0.5579,2096,1.6891,2.77,29.50
Mountop,8.48,169.0,NETRAL,LAYAK,Mineral,44024.70,2.2169,12642.80,0.6366,0.5834,2100,1.6923,2.56,29.56
Mountop,8.48,169.0,NETRAL,LAYAK,Mineral,44191.30,2.2252,12778.60,0.6435,0.5897,2091,1.6851,3.03,29.56
Mountop,8.48,169.0,NETRAL,LAYAK,Mineral,43882.40,2.2097,11527.20,0.5804,0.5319,2099,1.6915,2.62,29.56
Mountop,8.48,169.0,NETRAL,LAYAK,Mineral,44452.10,2.2384,12433.20,0.6261,0.5737,2092,1.6859,2.97,29.56
Mountop,8.48,169.0,NETRAL,LAYAK,Mineral,44109.60,2.2211,12159.20,0.6123,0.5617,2093,1.6867,2.92,29.50
Mountop,8.48,169.0,NETRAL,LAYAK,Mineral,44284.00,2.2299,13364.30,0.6730,0.6174,2094,1.6875,2.87,29.50
Mountop,8.48,169.0,NETRAL,LAYAK,Mineral,44240.90,2.2277,12594.50,0.6342,0.5818,2093,1.6867,2.92,29.50
Mountop,8.48,169.0,NETRAL,LAYAK,Mineral,44032.80,2.2173,11541.40,0.5812,0.5332,2101,1.6931,2.51,29.50
Mountop,8.48,169.0,NETRAL,LAYAK,Mineral,44103.20,2.2208,13684.50,0.6891,0.6322,2093,1.6867,2.92,29.50
Mountop,8.48,169.0,NETRAL,LAYAK,Mineral,44168.80,2.2241,11320.80,0.5701,0.5230,2097,1.6899,2.72,29.50
Mountop,8.48,169.0,NETRAL,LAYAK,Mineral,44354.50,2.2335,13185.10,0.6639,0.6084,2097,1.6899,2.72,29.56
Mountop,8.48,169.0,NETRAL,LAYAK,Mineral,44029.60,2.2171,12709.70,0.6400,0.5865,2095,1.6883,2.82,29.56
Mountop,8.48,169.0,NETRAL,LAYAK,Mineral,44501.60,2.2409,11738.50,0.5911,0.5417,2096,1.6891,2.77,29.56
Mountop,8.48,169.0,NETRAL,LAYAK,Mineral,43988.00,2.2150,12852.20,0.6472,0.5931,2094,1.6875,2.87,29.56
Mountop,8.48,169.0,NETRAL,LAYAK,Mineral,44292.00,2.2303,12130.50,0.6108,0.5598,2103,1.6947,2.41,29.56
Mountop,8.48,169.0,NETRAL,LAYAK,Mineral,44424.90,2.2370,12628.30,0.6359,0.5834,2120,1.7084,1.54,29.50
Mountop,8.48,169.0,NETRAL,LAYAK,Mineral,44671.40,2.2494,12957.90,0.6525,0.5986,2093,1.6867,2.92,29.50
Mountop,8.48,169.0,NETRAL,LAYAK,Mineral,44537.00,2.2427,11477.50,0.5779,0.5302,2094,1.6875,2.87,29.50
Mountop,8.48,169.0,NETRAL,LAYAK,Mineral,43930.40,2.2121,13471.60,0.6784,0.6223,2092,1.6859,2.97,29.50
Mountop,8.48,169.0,NETRAL,LAYAK,Mineral,44360.80,2.2338,11741.50,0.5912,0.5418,2093,1.6867,2.92,29.56
Mountop,8.48,169.0,NETRAL,LAYAK,Mineral,44045.60,2.2179,12833.10,0.6462,0.5922,2094,1.6875,2.87,29.56
Mountop,8.48,169.0,NETRAL,LAYAK,Mineral,44170.40,2.2242,12961.10,0.6527,0.5988,2094,1.6875,2.87,29.50
Mountop,8.48,169.0,NETRAL,LAYAK,Mineral,44274.50,2.2294,11383.20,0.5732,0.5253,2097,1.6899,2.72,29.56
Mountop,8.48,169.0,NETRAL,LAYAK,Mineral,44420.00,2.2368,13591.50,0.6844,0.6272,2094,1.6875,2.87,29.56
Mountop,8.48,169.0,NETRAL,LAYAK,Mineral,44474.50,2.2395,11493.80,0.5788,0.5304,2097,1.6899,2.72,29.56
Mountop,8.48,169.0,NETRAL,LAYAK,Mineral,44573.80,2.2445,13138.60,0.6616,0.6063,2094,1.6875,2.87,29.56
Mountop,8.48,169.0,NETRAL,LAYAK,Mineral,44442.50,2.2379,12244.00,0.6165,0.5650,2098,1.6907,2.67,29.56
Mountop,8.48,169.0,NETRAL,LAYAK,Mineral,44117.60,2.2215,11968.80,0.6027,0.5523,2093,1.6867,2.92,29.56
Mountop,8.48,169.0,NETRAL,LAYAK,Mineral,44714.60,2.2516,13466.70,0.6781,0.6214,2093,1.6867,2.92,29.56
Mountop,8.48,169.0,NETRAL,LAYAK,Mineral,44040.80,2.2177,12197.70,0.6142,0.5629,2093,1.6867,2.92,29.56
Mountop,8.48,169.0,NETRAL,LAYAK,Mineral,44773.80,2.2546,12791.50,0.6441,0.5909,2097,1.6899,2.72,29.50
Mountop,8.48,169.0,NETRAL,LAYAK,Mineral,44192.80,2.2253,12914.80,0.6503,0.5959,2093,1.6867,2.92,29.56
Mountop,8.48,169.0,NETRAL,LAYAK,Mineral,44765.80,2.2542,11800.70,0.5942,0.5445,2095,1.6883,2.82,29.56
Mountop,8.48,169.0,NETRAL,LAYAK,Mineral,44429.70,2.2372,13462.00,0.6779,0.6212,2094,1.6875,2.87,29.56
Mountop,8.48,169.0,NETRAL,LAYAK,Mineral,44562.50,2.2439,11280.60,0.5680,0.5205,2093,1.6867,2.92,29.56
Mountop,8.48,169.0,NETRAL,LAYAK,Mineral,44729.00,2.2523,12796.30,0.6444,0.5905,2097,1.6899,2.72,29.56
Mountop,8.48,169.0,NETRAL,LAYAK,Mineral,43997.60,2.2155,12210.50,0.6149,0.5634,2093,1.6867,2.92,29.56
Mountop,8.48,169.0,NETRAL,LAYAK,Mineral,44317.60,2.2316,12049.00,0.6067,0.5560,2106,1.6971,2.26,29.56
Mountop,8.48,169.0,NETRAL,LAYAK,Mineral,44032.80,2.2173,12993.10,0.6543,0.5996,2091,1.6851,3.03,29.56
Mountop,8.48,169.0,NETRAL,LAYAK,Mineral,44500.10,2.2408,11868.00,0.5976,0.5483,2091,1.6851,3.03,29.50
Mountop,8.48,169.0,NETRAL,LAYAK,Mineral,44434.40,2.2375,12826.70,0.6459,0.5919,2096,1.6891,2.77,29.56
Mountop,8.48,169.0,NETRAL,LAYAK,Mineral,44690.60,2.2504,12745.00,0.6418,0.5881,2096,1.6891,2.77,29.56
Mountop,8.48,169.0,NETRAL,LAYAK,Mineral,44322.40,2.2318,12130.50,0.6108,0.5598,2105,1.6963,2.31,29.56
Mountop,8.48,169.0,NETRAL,LAYAK,Mineral,44456.90,2.2386,13428.40,0.6762,0.6196,2095,1.6883,2.82,29.56
Mountop,8.48,169.0,NETRAL,LAYAK,Mineral,44410.40,2.2363,11667.90,0.5875,0.5384,2095,1.6883,2.82,29.56
Mountop,8.48,169.0,NETRAL,LAYAK,Mineral,44532.10,2.2424,12658.60,0.6374,0.5848,2093,1.6867,2.92,29.50
Mountop,8.48,169.0,NETRAL,LAYAK,Mineral,44695.40,2.2506,12698.60,0.6394,0.5860,2096,1.6891,2.77,29.56
Mountop,8.48,169.0,NETRAL,LAYAK,Mineral,44631.30,2.2474,11596.00,0.5839,0.5351,2095,1.6883,2.82,29.56
Mountop,8.48,169.0,NETRAL,LAYAK,Mineral,44585.00,2.2451,13340.30,0.6717,0.6156,2091,1.6851,3.03,29.56
Mountop,8.48,169.0,NETRAL,LAYAK,Mineral,44501.70,2.2409,12034.50,0.6060,0.5553,2093,1.6867,2.92,29.56
Mountop,8.48,169.0,NETRAL,LAYAK,Mineral,44424.90,2.2370,12570.50,0.6330,0.5807,2094,1.6875,2.87,29.50
Mountop,8.48,169.0,NETRAL,LAYAK,Mineral,44445.70,2.2381,12223.40,0.6155,0.5640,2097,1.6899,2.72,29.56
Mountop,8.48,169.0,NETRAL,LAYAK,Mineral,44816.90,2.2567,12045.70,0.6066,0.5558,2093,1.6867,2.92,29.56
Mountop,8.48,169.0,NETRAL,LAYAK,Mineral,44149.60,2.2231,13116.50,0.6605,0.6052,2099,1.6915,2.62,29.56
Mountop,8.48,169.0,NETRAL,LAYAK,Mineral,44545.00,2.2431,11819.90,0.5952,0.5454,2091,1.6851,3.03,29.56
Mountop,8.48,169.0,NETRAL,LAYAK,Mineral,44637.70,2.2477,12828.40,0.6460,0.5926,2094,1.6875,2.87,29.50
Mountop,8.48,169.0,NETRAL,LAYAK,Mineral,44562.50,2.2439,12548.10,0.6319,0.5790,2096,1.6891,2.77,29.56
Mountop,8.48,169.0,NETRAL,LAYAK,Mineral,44348.10,2.2331,11576.80,0.5829,0.5342,2098,1.6907,2.67,29.56
Mountop,8.48,169.0,NETRAL,LAYAK,Mineral,44191.20,2.2252,13446.10,0.6771,0.6205,2092,1.6859,2.97,29.56
Mountop,8.48,169.0,NETRAL,LAYAK,Mineral,44426.40,2.2371,11328.80,0.5705,0.5234,2095,1.6883,2.82,29.50
Mountop,8.48,169.0,NETRAL,LAYAK,Mineral,44400.90,2.2358,12846.00,0.6469,0.5934,2097,1.6899,2.72,29.50
Mountop,8.48,169.0,NETRAL,LAYAK,Mineral,44616.90,2.2467,12375.30,0.6232,0.5717,2120,1.7084,1.54,29.50
Mountop,8.48,169.0,NETRAL,LAYAK,Mineral,44519.20,2.2418,11826.40,0.5955,0.5457,2100,1.6923,2.56,29.56
Mountop,8.48,169.0,NETRAL,LAYAK,Mineral,44546.50,2.2431,12847.50,0.6469,0.5935,2092,1.6859,2.97,29.50
Mountop,8.48,169.0,NETRAL,LAYAK,Mineral,44410.40,2.2363,12735.40,0.6413,0.5883,2098,1.6907,2.67,29.50
Mountop,8.48,169.0,NETRAL,LAYAK,Mineral,44647.30,2.2482,12479.30,0.6284,0.5758,2098,1.6907,2.67,29.56
Mountop,8.48,169.0,NETRAL,LAYAK,Mineral,44640.90,2.2479,13266.90,0.6681,0.6122,2095,1.6883,2.82,29.56
Mountop,8.48,169.0,NETRAL,LAYAK,Mineral,44941.90,2.2630,11791.30,0.5937,0.5447,2093,1.6867,2.92,29.50
Mountop,8.48,169.0,NETRAL,LAYAK,Mineral,44532.00,2.2424,13343.40,0.6719,0.6157,2098,1.6907,2.67,29.56
Mountop,8.48,169.0,NETRAL,LAYAK,Mineral,44761.00,2.2539,12652.20,0.6371,0.5838,2094,1.6875,2.87,29.56
Mountop,8.48,169.0,NETRAL,LAYAK,Mineral,44308.00,2.2311,12363.90,0.6226,0.5712,2095,1.6883,2.82,29.50
Mountop,8.48,169.0,NETRAL,LAYAK,Mineral,44527.30,2.2422,13241.20,0.6668,0.6117,2092,1.6859,2.97,29.50
Mountop,8.48,169.0,NETRAL,LAYAK,Mineral,44559.30,2.2438,12281.00,0.6184,0.5667,2095,1.6883,2.82,29.56
Mountop,8.48,169.0,NETRAL,LAYAK,Mineral,44240.80,2.2277,13020.50,0.6556,0.6015,2094,1.6875,2.87,29.50
Mountop,8.48,169.0,NETRAL,LAYAK,Mineral,44727.30,2.2522,13069.70,0.6581,0.6031,2099,1.6915,2.62,29.56
Mountop,8.48,169.0,NETRAL,LAYAK,Mineral,44736.90,2.2527,11535.40,0.5809,0.5329,2093,1.6867,2.92,29.50
Mountop,8.48,169.0,NETRAL,LAYAK,Mineral,44599.20,2.2458,13959.60,0.7029,0.6442,2093,1.6867,2.92,29.56
Mountop,8.48,169.0,NETRAL,LAYAK,Mineral,44736.90,2.2527,11602.60,0.5842,0.5354,2107,1.6979,2.21,29.56
Mountop,8.48,169.0,NETRAL,LAYAK,Mineral,44736.90,2.2527,13398.00,0.6747,0.6182,2092,1.6859,2.97,29.56
Mountop,8.48,169.0,NETRAL,LAYAK,Mineral,44452.00,2.2384,12557.80,0.6323,0.5795,2094,1.6875,2.87,29.56
Mountop,8.48,169.0,NETRAL,LAYAK,Mineral,44551.20,2.2434,12209.00,0.6148,0.5640,2092,1.6859,2.97,29.50
Mountop,8.48,169.0,NETRAL,LAYAK,Mineral,44861.60,2.2590,13934.10,0.7016,0.6430,2093,1.6867,2.92,29.56
Mountop,8.48,169.0,NETRAL,LAYAK,Mineral,44508.00,2.2412,11645.80,0.5864,0.5380,2100,1.6923,2.56,29.50
Mountop,8.48,169.0,NETRAL,LAYAK,Mineral,44749.80,2.2534,13089.30,0.6591,0.6047,2094,1.6875,2.87,29.50
Mountop,8.48,169.0,NETRAL,LAYAK,Mineral,44879.40,2.2599,13116.30,0.6605,0.6059,2094,1.6875,2.87,29.50
Mountop,8.48,169.0,NETRAL,LAYAK,Mineral,44524.00,2.2420,11722.50,0.5903,0.5415,2093,1.6867,2.92,29.50
Mountop,8.48,169.0,NETRAL,LAYAK,Mineral,44893.80,2.2606,14065.40,0.7083,0.6498,2095,1.6883,2.82,29.50
Mountop,8.48,169.0,NETRAL,LAYAK,Mineral,44896.90,2.2608,11440.70,0.5761,0.5279,2093,1.6867,2.92,29.56
Mountop,8.48,169.0,NETRAL,LAYAK,Mineral,44724.10,2.2521,13412.30,0.6754,0.6189,2094,1.6875,2.87,29.56
Mountop,8.48,169.0,NETRAL,LAYAK,Mineral,44668.00,2.2492,12833.00,0.6462,0.5922,2095,1.6883,2.82,29.56
Mountop,8.48,169.0,NETRAL,LAYAK,Mineral,44684.00,2.2501,11882.60,0.5983,0.5489,2093,1.6867,2.92,29.50
Mountop,8.48,169.0,NETRAL,LAYAK,Mineral,44831.30,2.2575,13372.50,0.6734,0.6178,2094,1.6875,2.87,29.50
Mountop,8.48,169.0,NETRAL,LAYAK,Mineral,44762.50,2.2540,12121.00,0.6104,0.5593,2092,1.6859,2.97,29.56
Mountop,8.48,169.0,NETRAL,LAYAK,Mineral,44831.30,2.2575,12908.50,0.6500,0.5963,2092,1.6859,2.97,29.50
Mountop,8.48,169.0,NETRAL,LAYAK,Mineral,44829.60,2.2574,12976.80,0.6534,0.5988,2103,1.6947,2.41,29.56
Mountop,8.48,169.0,NETRAL,LAYAK,Mineral,45231.40,2.2776,12057.10,0.6071,0.5570,2092,1.6859,2.97,29.50
Mountop,8.48,169.0,NETRAL,LAYAK,Mineral,45162.60,2.2742,13449.20,0.6772,0.6206,2093,1.6867,2.92,29.56
Mountop,8.48,169.0,NETRAL,LAYAK,Mineral,44834.40,2.2576,12210.50,0.6149,0.5634,2095,1.6883,2.82,29.56
Mountop,8.48,169.0,NETRAL,LAYAK,Mineral,45281.00,2.2801,13189.90,0.6642,0.6093,2093,1.6867,2.92,29.50
Mountop,8.48,169.0,NETRAL,LAYAK,Mineral,44928.90,2.2624,13097.00,0.6595,0.6043,2093,1.6867,2.92,29.56
Mountop,8.48,169.0,NETRAL,LAYAK,Mineral,44592.80,2.2455,11655.40,0.5869,0.5384,2094,1.6875,2.87,29.50
Mountop,8.48,169.0,NETRAL,LAYAK,Mineral,45322.50,2.2822,13919.70,0.7009,0.6423,2095,1.6883,2.82,29.56
Mountop,8.48,169.0,NETRAL,LAYAK,Mineral,44932.10,2.2625,11408.70,0.5745,0.5264,2094,1.6875,2.87,29.56
Mountop,8.48,169.0,NETRAL,LAYAK,Mineral,45111.40,2.2716,13238.10,0.6666,0.6109,2092,1.6859,2.97,29.56
Mountop,8.48,169.0,NETRAL,LAYAK,Mineral,44762.40,2.2540,12524.20,0.6307,0.5786,2092,1.6859,2.97,29.50
Mountop,8.48,169.0,NETRAL,LAYAK,Mineral,45365.80,2.2844,12410.50,0.6249,0.5733,2091,1.6851,3.03,29.50
Mountop,8.48,169.0,NETRAL,LAYAK,Mineral,44565.60,2.2441,13103.60,0.6598,0.6053,2095,1.6883,2.82,29.50
Mountop,8.48,169.0,NETRAL,LAYAK,Mineral,45260.20,2.2791,12591.10,0.6340,0.5817,2096,1.6891,2.77,29.50
Mountop,8.48,169.0,NETRAL,LAYAK,Mineral,44781.70,2.2550,12106.70,0.6096,0.5593,2095,1.6883,2.82,29.50
Mountop,8.48,169.0,NETRAL,LAYAK,Mineral,45204.20,2.2762,13310.10,0.6702,0.6149,2094,1.6875,2.87,29.50
Mountop,8.48,169.0,NETRAL,LAYAK,Mineral,45241.00,2.2781,12221.70,0.6154,0.5646,2097,1.6899,2.72,29.50
Mountop,8.48,169.0,NETRAL,LAYAK,Mineral,45293.80,2.2808,12729.20,0.6410,0.5881,2084,1.6794,3.38,29.50
Mountop,8.48,169.0,NETRAL,LAYAK,Mineral,45364.20,2.2843,12975.20,0.6534,0.5994,2093,1.6867,2.92,29.50
Mountop,8.48,169.0,NETRAL,LAYAK,Mineral,44570.40,2.2443,12049.00,0.6067,0.5560,2094,1.6875,2.87,29.56
Mountop,8.48,169.0,NETRAL,LAYAK,Mineral,45337.00,2.2829,13029.70,0.6561,0.6019,2099,1.6915,2.62,29.50
Mountop,8.48,169.0,NETRAL,LAYAK,Mineral,44764.00,2.2541,11609.00,0.5846,0.5363,2093,1.6867,2.92,29.50
Mountop,8.48,169.0,NETRAL,LAYAK,Mineral,45047.40,2.2684,13982.00,0.7041,0.6459,2093,1.6867,2.92,29.50
Mountop,8.48,169.0,NETRAL,LAYAK,Mineral,45181.80,2.2751,11562.40,0.5822,0.5341,2094,1.6875,2.87,29.50
Mountop,8.48,169.0,NETRAL,LAYAK,Mineral,45217.00,2.2769,13231.60,0.6663,0.6113,2093,1.6867,2.92,29.50
Mountop,8.48,169.0,NETRAL,LAYAK,Mineral,45218.60,2.2770,13066.60,0.6580,0.6029,2099,1.6915,2.62,29.56
Mountop,8.48,169.0,NETRAL,LAYAK,Mineral,44876.10,2.2597,11634.60,0.5859,0.5369,2096,1.6891,2.77,29.56
Mountop,8.48,169.0,NETRAL,LAYAK,Mineral,44965.70,2.2642,13873.20,0.6986,0.6402,2092,1.6859,2.97,29.56
Mountop,8.48,169.0,NETRAL,LAYAK,Mineral,45132.20,2.2726,11538.60,0.5810,0.5330,2091,1.6851,3.03,29.50
Mountop,8.48,169.0,NETRAL,LAYAK,Mineral,45474.60,2.2899,13410.60,0.6753,0.6195,2094,1.6875,2.87,29.50
Mountop,8.48,169.0,NETRAL,LAYAK,Mineral,45151.40,2.2736,12583.30,0.6336,0.5806,2118,1.7068,1.64,29.56
Mountop,8.48,169.0,NETRAL,LAYAK,Mineral,45269.80,2.2796,12872.90,0.6482,0.5940,2094,1.6875,2.87,29.56
Mountop,8.48,169.0,NETRAL,LAYAK,Mineral,44970.50,2.2645,12690.90,0.6390,0.5863,2106,1.6971,2.26,29.50
Mountop,8.48,169.0,NETRAL,LAYAK,Mineral,45084.10,2.2702,12139.90,0.6113,0.5602,2094,1.6875,2.87,29.56
Mountop,8.48,169.0,NETRAL,LAYAK,Mineral,45088.80,2.2704,13236.30,0.6665,0.6115,2095,1.6883,2.82,29.50
Mountop,8.48,169.0,NETRAL,LAYAK,Mineral,45087.30,2.2704,12992.90,0.6543,0.6002,2096,1.6891,2.77,29.50
Mountop,8.48,169.0,NETRAL,LAYAK,Mineral,45421.80,2.2872,11815.40,0.5950,0.5452,2091,1.6851,3.03,29.56
Vola,8.35,79.0,NETRAL,LAYAK,Mineral,43563.70,2.1936,12965.90,0.6529,0.5997,2064,1.6633,4.41,29.44
Vola,8.35,79.0,NETRAL,LAYAK,Mineral,43768.50,2.2040,13991.70,0.7045,0.6471,2071,1.6689,4.05,29.44
Vola,8.35,79.0,NETRAL,LAYAK,Mineral,43595.60,2.1952,14047.90,0.7074,0.6497,2089,1.6834,3.13,29.44
Vola,8.35,79.0,NETRAL,LAYAK,Mineral,44115.70,2.2214,14521.50,0.7312,0.6716,2068,1.6665,4.21,29.44
Vola,8.35,79.0,NETRAL,LAYAK,Mineral,44119.00,2.2216,13637.80,0.6867,0.6307,2070,1.6681,4.10,29.44
Vola,8.35,79.0,NETRAL,LAYAK,Mineral,44034.10,2.2173,12314.50,0.6201,0.5695,2072,1.6697,4.00,29.44
Vola,8.35,79.0,NETRAL,LAYAK,Mineral,44019.80,2.2166,14295.80,0.7199,0.6612,2067,1.6657,4.26,29.44
Vola,8.35,79.0,NETRAL,LAYAK,Mineral,43918.90,2.2115,12813.70,0.6452,0.5926,2070,1.6681,4.10,29.44
Vola,8.35,79.0,NETRAL,LAYAK,Mineral,44136.70,2.2225,14472.00,0.7287,0.6693,2067,1.6657,4.26,29.44
Vola,8.35,79.0,NETRAL,LAYAK,Mineral,44117.30,2.2215,13410.70,0.6753,0.6202,2067,1.6657,4.26,29.44
Vola,8.35,79.0,NETRAL,LAYAK,Mineral,44146.30,2.2230,13097.30,0.6595,0.6058,2071,1.6689,4.05,29.44
Vola,8.35,79.0,NETRAL,LAYAK,Mineral,43882.10,2.2097,15148.80,0.7628,0.6998,2074,1.6714,3.90,29.50
Vola,8.35,79.0,NETRAL,LAYAK,Mineral,44042.40,2.2177,12826.50,0.6459,0.5932,2066,1.6649,4.31,29.44
Vola,8.35,79.0,NETRAL,LAYAK,Mineral,44221.40,2.2268,14555.30,0.7329,0.6732,2067,1.6657,4.26,29.44
Vola,8.35,79.0,NETRAL,LAYAK,Mineral,44158.80,2.2236,14172.60,0.7137,0.6547,2066,1.6649,4.31,29.50
Vola,8.35,79.0,NETRAL,LAYAK,Mineral,43923.80,2.2118,13186.90,0.6640,0.6099,2067,1.6657,4.26,29.44
Vola,8.35,79.0,NETRAL,LAYAK,Mineral,43701.20,2.2006,13876.40,0.6987,0.6418,2088,1.6826,3.18,29.44
Vola,8.35,79.0,NETRAL,LAYAK,Mineral,44245.50,2.2280,14379.10,0.7241,0.6650,2065,1.6641,4.36,29.44
Vola,8.35,79.0,NETRAL,LAYAK,Mineral,44110.90,2.2212,12026.30,0.6056,0.5562,2071,1.6689,4.05,29.44
Vola,8.35,79.0,NETRAL,LAYAK,Mineral,44271.10,2.2293,15448.30,0.7779,0.7145,2066,1.6649,4.31,29.44
Vola,8.35,79.0,NETRAL,LAYAK,Mineral,44272.70,2.2293,12375.20,0.6232,0.5717,2065,1.6641,4.36,29.50
Vola,8.35,79.0,NETRAL,LAYAK,Mineral,44301.50,2.2308,14406.20,0.7254,0.6663,2064,1.6633,4.41,29.44
Vola,8.35,79.0,NETRAL,LAYAK,Mineral,43928.70,2.2120,13839.70,0.6969,0.6401,2064,1.6633,4.41,29.44
Vola,8.35,79.0,NETRAL,LAYAK,Mineral,43861.30,2.2086,13903.70,0.7001,0.6423,2062,1.6617,4.51,29.50
Vola,8.35,79.0,NETRAL,LAYAK,Mineral,44112.40,2.2213,13665.10,0.6881,0.6313,2069,1.6673,4.15,29.50
Vola,8.35,79.0,NETRAL,LAYAK,Mineral,44211.80,2.2263,13175.50,0.6634,0.6094,2064,1.6633,4.41,29.44
Vola,8.35,79.0,NETRAL,LAYAK,Mineral,44072.60,2.2193,14379.00,0.7241,0.6650,2064,1.6633,4.41,29.44
Vola,8.35,79.0,NETRAL,LAYAK,Mineral,44083.80,2.2198,13306.80,0.6701,0.6147,2064,1.6633,4.41,29.50
Vola,8.35,79.0,NETRAL,LAYAK,Mineral,44235.80,2.2275,14249.30,0.7175,0.6590,2062,1.6617,4.51,29.44
Vola,8.35,79.0,NETRAL,LAYAK,Mineral,44237.40,2.2276,13565.90,0.6831,0.6267,2061,1.6609,4.56,29.50
Vola,8.35,79.0,NETRAL,LAYAK,Mineral,44386.50,2.2351,13124.30,0.6609,0.6070,2063,1.6625,4.46,29.44
Vola,8.35,79.0,NETRAL,LAYAK,Mineral,44042.20,2.2177,14796.70,0.7451,0.6843,2063,1.6625,4.46,29.44
Vola,8.35,79.0,NETRAL,LAYAK,Mineral,44064.50,2.2189,12759.30,0.6425,0.5901,2067,1.6657,4.26,29.44
Vola,8.35,79.0,NETRAL,LAYAK,Mineral,44151.10,2.2232,13514.70,0.6805,0.6251,2065,1.6641,4.36,29.44
Vola,8.35,79.0,NETRAL,LAYAK,Mineral,44226.30,2.2270,14428.50,0.7265,0.6673,2065,1.6641,4.36,29.44
Vola,8.35,79.0,NETRAL,LAYAK,Mineral,44184.70,2.2249,12207.10,0.6147,0.5646,2064,1.6633,4.41,29.44
Vola,8.35,79.0,NETRAL,LAYAK,Mineral,43882.20,2.2097,15313.70,0.7711,0.7083,2064,1.6633,4.41,29.44
Vola,8.35,79.0,NETRAL,LAYAK,Mineral,44468.10,2.2392,12772.40,0.6432,0.5907,2067,1.6657,4.26,29.44
Vola,8.35,79.0,NETRAL,LAYAK,Mineral,43619.70,2.1965,14124.60,0.7112,0.6525,2063,1.6625,4.46,29.50
Vola,8.35,79.0,NETRAL,LAYAK,Mineral,44308.10,2.2311,14393.50,0.7248,0.6649,2074,1.6714,3.90,29.50
Vola,8.35,79.0,NETRAL,LAYAK,Mineral,43975.00,2.2144,12173.70,0.6130,0.5630,2065,1.6641,4.36,29.44
Vola,8.35,79.0,NETRAL,LAYAK,Mineral,44067.90,2.2190,15872.10,0.7992,0.7341,2065,1.6641,4.36,29.44
Vola,8.35,79.0,NETRAL,LAYAK,Mineral,44256.70,2.2285,12032.80,0.6059,0.5565,2085,1.6802,3.33,29.44
Vola,8.35,79.0,NETRAL,LAYAK,Mineral,44051.90,2.2182,14524.80,0.7314,0.6718,2077,1.6738,3.74,29.44
Vola,8.35,79.0,NETRAL,LAYAK,Mineral,43983.10,2.2148,13385.20,0.6740,0.6184,2065,1.6641,4.36,29.50
Vola,8.35,79.0,NETRAL,LAYAK,Mineral,44445.60,2.2380,14364.60,0.7233,0.6636,2068,1.6665,4.21,29.50
Vola,8.35,79.0,NETRAL,LAYAK,Mineral,44279.20,2.2297,13484.30,0.6790,0.6236,2065,1.6641,4.36,29.44
Vola,8.35,79.0,NETRAL,LAYAK,Mineral,44415.20,2.2365,13090.80,0.6592,0.6055,2065,1.6641,4.36,29.44
Vola,8.35,79.0,NETRAL,LAYAK,Mineral,44112.60,2.2213,15150.30,0.7629,0.7007,2070,1.6681,4.10,29.44
Vola,8.35,79.0,NETRAL,LAYAK,Mineral,44285.60,2.2300,14054.30,0.7077,0.6500,2082,1.6778,3.49,29.44
Vola,8.35,79.0,NETRAL,LAYAK,Mineral,44181.50,2.2247,13926.20,0.7013,0.6441,2066,1.6649,4.31,29.44
Vola,8.35,79.0,NETRAL,LAYAK,Mineral,44042.20,2.2177,13977.40,0.7038,0.6465,2069,1.6673,4.15,29.44
Vola,8.35,79.0,NETRAL,LAYAK,Mineral,44394.30,2.2355,12854.10,0.6473,0.5945,2066,1.6649,4.31,29.44
Vola,8.35,79.0,NETRAL,LAYAK,Mineral,44176.70,2.2245,14132.60,0.7116,0.6536,2068,1.6665,4.21,29.44
Vola,8.35,79.0,NETRAL,LAYAK,Mineral,44186.30,2.2250,14457.50,0.7280,0.6679,2061,1.6609,4.56,29.50
Vola,8.35,79.0,NETRAL,LAYAK,Mineral,44080.70,2.2197,12122.30,0.6104,0.5600,2067,1.6657,4.26,29.50
Vola,8.35,79.0,NETRAL,LAYAK,Mineral,44394.60,2.2355,15339.20,0.7724,0.7094,2080,1.6762,3.59,29.44
Vola,8.35,79.0,NETRAL,LAYAK,Mineral,44016.70,2.2165,12778.80,0.6435,0.5910,2069,1.6673,4.15,29.44
Vola,8.35,79.0,NETRAL,LAYAK,Mineral,44328.60,2.2322,14161.40,0.7131,0.6550,2067,1.6657,4.26,29.44
Vola,8.35,79.0,NETRAL,LAYAK,Mineral,44157.50,2.2235,14566.40,0.7335,0.6737,2068,1.6665,4.21,29.44
Vola,8.35,79.0,NETRAL,LAYAK,Mineral,44103.00,2.2208,12226.30,0.6157,0.5648,2050,1.6520,5.13,29.50
Vola,8.35,79.0,NETRAL,LAYAK,Mineral,44213.60,2.2264,15816.40,0.7964,0.7315,2068,1.6665,4.21,29.44
Vola,8.35,79.0,NETRAL,LAYAK,Mineral,44469.60,2.2393,11893.40,0.5989,0.5494,2069,1.6673,4.15,29.50
Vola,8.35,79.0,NETRAL,LAYAK,Mineral,44408.90,2.2362,14684.80,0.7394,0.6784,2078,1.6746,3.69,29.50
Vola,8.35,79.0,NETRAL,LAYAK,Mineral,44692.10,2.2505,14217.50,0.7159,0.6576,2080,1.6762,3.59,29.44
Vola,8.35,79.0,NETRAL,LAYAK,Mineral,44144.70,2.2229,13026.60,0.6560,0.6025,2069,1.6673,4.15,29.44
Vola,8.35,79.0,NETRAL,LAYAK,Mineral,44327.20,2.2321,14395.00,0.7249,0.6658,2070,1.6681,4.10,29.44
Vola,8.35,79.0,NETRAL,LAYAK,Mineral,44440.80,2.2378,13068.50,0.6581,0.6037,2075,1.6722,3.85,29.50
Vola,8.35,79.0,NETRAL,LAYAK,Mineral,44328.90,2.2322,13921.20,0.7010,0.6439,2076,1.6730,3.79,29.44
Vola,8.35,79.0,NETRAL,LAYAK,Mineral,44276.00,2.2295,14095.70,0.7098,0.6519,2068,1.6665,4.21,29.44
Vola,8.35,79.0,NETRAL,LAYAK,Mineral,44532.10,2.2424,11879.10,0.5982,0.5494,2075,1.6722,3.85,29.44
Vola,8.35,79.0,NETRAL,LAYAK,Mineral,44232.70,2.2273,15633.70,0.7872,0.7231,2068,1.6665,4.21,29.44
Vola,8.35,79.0,NETRAL,LAYAK,Mineral,44658.50,2.2488,12221.60,0.6154,0.5652,2067,1.6657,4.26,29.44
Vola,8.35,79.0,NETRAL,LAYAK,Mineral,44306.40,2.2310,14822.30,0.7464,0.6855,2079,1.6754,3.64,29.44
Vola,8.35,79.0,NETRAL,LAYAK,Mineral,44306.40,2.2310,13655.70,0.6876,0.6309,2072,1.6697,4.00,29.50
Vola,8.35,79.0,NETRAL,LAYAK,Mineral,44037.40,2.2175,12833.10,0.6462,0.5935,2076,1.6730,3.79,29.44
Vola,8.35,79.0,NETRAL,LAYAK,Mineral,44444.00,2.2380,14292.60,0.7197,0.6603,2091,1.6851,3.03,29.50
Vola,8.35,79.0,NETRAL,LAYAK,Mineral,44381.60,2.2348,12846.10,0.6469,0.5941,2069,1.6673,4.15,29.44
Vola,8.35,79.0,NETRAL,LAYAK,Mineral,44122.30,2.2218,14215.80,0.7158,0.6575,2068,1.6665,4.21,29.44
Vola,8.35,79.0,NETRAL,LAYAK,Mineral,44419.90,2.2368,14545.60,0.7324,0.6727,2073,1.6705,3.95,29.44
Vola,8.35,79.0,NETRAL,LAYAK,Mineral,44109.50,2.2211,12517.70,0.6303,0.5783,2068,1.6665,4.21,29.50
Vola,8.35,79.0,NETRAL,LAYAK,Mineral,44328.80,2.2322,15827.50,0.7970,0.7320,2068,1.6665,4.21,29.44
Vola,8.35,79.0,NETRAL,LAYAK,Mineral,44264.70,2.2289,11936.60,0.6011,0.5514,2069,1.6673,4.15,29.50
Vola,8.35,79.0,NETRAL,LAYAK,Mineral,44664.90,2.2491,14719.90,0.7412,0.6808,2068,1.6665,4.21,29.44
Vola,8.35,79.0,NETRAL,LAYAK,Mineral,44428.10,2.2372,13798.10,0.6948,0.6382,2070,1.6681,4.10,29.44
Vola,8.35,79.0,NETRAL,LAYAK,Mineral,44637.70,2.2477,12674.70,0.6382,0.5862,2071,1.6689,4.05,29.44
Vola,8.35,79.0,NETRAL,LAYAK,Mineral,44245.60,2.2280,14984.00,0.7545,0.6930,2068,1.6665,4.21,29.44
Vola,8.35,79.0,NETRAL,LAYAK,Mineral,44612.00,2.2464,12906.90,0.6499,0.5969,2068,1.6665,4.21,29.44
Vola,8.35,79.0,NETRAL,LAYAK,Mineral,44511.30,2.2414,14883.20,0.7494,0.6883,2068,1.6665,4.21,29.44
Vola,8.35,79.0,NETRAL,LAYAK,Mineral,44488.90,2.2402,14291.00,0.7196,0.6610,2066,1.6649,4.31,29.44
Vola,8.35,79.0,NETRAL,LAYAK,Mineral,44250.30,2.2282,13060.40,0.6577,0.6040,2067,1.6657,4.26,29.44
Vola,8.35,79.0,NETRAL,LAYAK,Mineral,44530.40,2.2423,15179.20,0.7643,0.7012,2067,1.6657,4.26,29.50
Vola,8.35,79.0,NETRAL,LAYAK,Mineral,44508.10,2.2412,12890.50,0.6491,0.5962,2068,1.6665,4.21,29.44
Vola,8.35,79.0,NETRAL,LAYAK,Mineral,44661.70,2.2489,14507.20,0.7305,0.6702,2065,1.6641,4.36,29.50
Vola,8.35,79.0,NETRAL,LAYAK,Mineral,44404.10,2.2360,13471.50,0.6784,0.6223,2068,1.6665,4.21,29.50
Vola,8.35,79.0,NETRAL,LAYAK,Mineral,44608.90,2.2463,13210.90,0.6652,0.6110,2073,1.6705,3.95,29.44
Vola,8.35,79.0,NETRAL,LAYAK,Mineral,44408.80,2.2362,13903.60,0.7001,0.6430,2066,1.6649,4.31,29.44
Vola,8.35,79.0,NETRAL,LAYAK,Mineral,44522.40,2.2419,14601.40,0.7353,0.6753,2066,1.6649,4.31,29.44
Vola,8.35,79.0,NETRAL,LAYAK,Mineral,44282.40,2.2298,12594.50,0.6342,0.5825,2067,1.6657,4.26,29.44
Vola,8.35,79.0,NETRAL,LAYAK,Mineral,44456.90,2.2386,15822.70,0.7967,0.7318,2065,1.6641,4.36,29.44
Vola,8.35,79.0,NETRAL,LAYAK,Mineral,44064.60,2.2189,11850.20,0.5967,0.5474,2068,1.6665,4.21,29.50
Vola,8.35,79.0,NETRAL,LAYAK,Mineral,43917.50,2.2115,14675.20,0.7390,0.6787,2054,1.6552,4.92,29.44
Vola,8.35,79.0,NETRAL,LAYAK,Mineral,44399.20,2.2357,14356.70,0.7229,0.6640,2069,1.6673,4.15,29.44
Vola,8.35,79.0,NETRAL,LAYAK,Mineral,44269.60,2.2292,12322.50,0.6205,0.5699,2067,1.6657,4.26,29.44
Vola,8.35,79.0,NETRAL,LAYAK,Mineral,44261.60,2.2288,15565.10,0.7838,0.7199,2065,1.6641,4.36,29.44
Vola,8.35,79.0,NETRAL,LAYAK,Mineral,44423.20,2.2369,12532.10,0.6311,0.5796,2065,1.6641,4.36,29.44
Vola,8.35,79.0,NETRAL,LAYAK,Mineral,44138.30,2.2226,13590.00,0.6843,0.6285,2067,1.6657,4.26,29.44
Vola,8.35,79.0,NETRAL,LAYAK,Mineral,44615.20,2.2466,14463.80,0.7283,0.6690,2065,1.6641,4.36,29.44
Vola,8.35,79.0,NETRAL,LAYAK,Mineral,44520.80,2.2418,11947.90,0.6016,0.5526,2065,1.6641,4.36,29.44
Vola,8.35,79.0,NETRAL,LAYAK,Mineral,44274.40,2.2294,15752.00,0.7932,0.7285,2065,1.6641,4.36,29.44
Vola,8.35,79.0,NETRAL,LAYAK,Mineral,44264.80,2.2289,12015.20,0.6050,0.5557,2068,1.6665,4.21,29.44
Vola,8.35,79.0,NETRAL,LAYAK,Mineral,44359.20,2.2337,14791.90,0.7448,0.6841,2065,1.6641,4.36,29.44
Vola,8.35,79.0,NETRAL,LAYAK,Mineral,44272.80,2.2293,13534.00,0.6815,0.6259,2069,1.6673,4.15,29.44
Vola,8.35,79.0,NETRAL,LAYAK,Mineral,44263.20,2.2289,12871.50,0.6481,0.5953,2072,1.6697,4.00,29.44
Vola,8.35,79.0,NETRAL,LAYAK,Mineral,44292.00,2.2303,15585.80,0.7848,0.7208,2073,1.6705,3.95,29.44
Vola,8.35,79.0,NETRAL,LAYAK,Mineral,44460.10,2.2388,13641.30,0.6869,0.6309,2063,1.6625,4.46,29.44
Vola,8.35,79.0,NETRAL,LAYAK,Mineral,44644.00,2.2480,13650.80,0.6874,0.6314,2067,1.6657,4.26,29.44
Vola,8.35,79.0,NETRAL,LAYAK,Mineral,44261.60,2.2288,13913.30,0.7006,0.6435,2066,1.6649,4.31,29.44
Vola,8.35,79.0,NETRAL,LAYAK,Mineral,44378.50,2.2347,12559.30,0.6324,0.5809,2067,1.6657,4.26,29.44
Vola,8.35,79.0,NETRAL,LAYAK,Mineral,44477.70,2.2397,14924.70,0.7515,0.6903,2064,1.6633,4.41,29.44
Vola,8.35,79.0,NETRAL,LAYAK,Mineral,44612.20,2.2464,12969.00,0.6531,0.5998,2067,1.6657,4.26,29.44
Vola,8.35,79.0,NETRAL,LAYAK,Mineral,44488.80,2.2402,12884.20,0.6488,0.5959,2085,1.6802,3.33,29.44
Vola,8.35,79.0,NETRAL,LAYAK,Mineral,44250.40,2.2282,14880.10,0.7493,0.6874,2066,1.6649,4.31,29.50
Vola,8.35,79.0,NETRAL,LAYAK,Mineral,44317.60,2.2316,12540.10,0.6315,0.5800,2066,1.6649,4.31,29.44
Vola,8.35,79.0,NETRAL,LAYAK,Mineral,44301.60,2.2308,14393.50,0.7248,0.6657,2067,1.6657,4.26,29.44
Vola,8.35,79.0,NETRAL,LAYAK,Mineral,44717.70,2.2517,13634.70,0.6866,0.6306,2065,1.6641,4.36,29.44
Vola,8.35,79.0,NETRAL,LAYAK,Mineral,44536.90,2.2426,13047.60,0.6570,0.6035,2082,1.6778,3.49,29.44
Vola,8.35,79.0,NETRAL,LAYAK,Mineral,44165.50,2.2239,14843.10,0.7474,0.6865,2068,1.6665,4.21,29.44
Vola,8.35,79.0,NETRAL,LAYAK,Mineral,44556.10,2.2436,12773.90,0.6432,0.5908,2069,1.6673,4.15,29.44
Vola,8.35,79.0,NETRAL,LAYAK,Mineral,44477.70,2.2397,14628.80,0.7366,0.6766,2066,1.6649,4.31,29.44
Vola,8.35,79.0,NETRAL,LAYAK,Mineral,44360.90,2.2338,13501.90,0.6799,0.6245,2067,1.6657,4.26,29.44
Vola,8.35,79.0,NETRAL,LAYAK,Mineral,44336.80,2.2326,13129.20,0.6611,0.6072,2067,1.6657,4.26,29.44
Vola,8.35,79.0,NETRAL,LAYAK,Mineral,44362.40,2.2339,13922.90,0.7011,0.6439,2065,1.6641,4.36,29.44
Vola,8.35,79.0,NETRAL,LAYAK,Mineral,44482.50,2.2399,14465.60,0.7284,0.6690,2068,1.6665,4.21,29.44
Vola,8.35,79.0,NETRAL,LAYAK,Mineral,44064.70,2.2189,12554.50,0.6322,0.5806,2068,1.6665,4.21,29.44
Vola,8.35,79.0,NETRAL,LAYAK,Mineral,44202.40,2.2258,15652.80,0.7882,0.7239,2067,1.6657,4.26,29.44
Vola,8.35,79.0,NETRAL,LAYAK,Mineral,44160.70,2.2237,12215.30,0.6151,0.5650,2067,1.6657,4.26,29.44
Vola,8.35,79.0,NETRAL,LAYAK,Mineral,44517.70,2.2417,14598.50,0.7351,0.6752,2068,1.6665,4.21,29.44
Vola,8.35,79.0,NETRAL,LAYAK,Mineral,44495.30,2.2406,15195.30,0.7652,0.7028,2068,1.6665,4.21,29.44
Vola,8.35,79.0,NETRAL,LAYAK,Mineral,44460.00,2.2388,12898.90,0.6495,0.5966,2067,1.6657,4.26,29.44
Vola,8.35,79.0,NETRAL,LAYAK,Mineral,44117.50,2.2215,14444.60,0.7274,0.6681,2070,1.6681,4.10,29.44
Vola,8.35,79.0,NETRAL,LAYAK,Mineral,44338.50,2.2327,14369.40,0.7236,0.6646,2069,1.6673,4.15,29.44
Vola,8.35,79.0,NETRAL,LAYAK,Mineral,44292.10,2.2303,12099.90,0.6093,0.5596,2067,1.6657,4.26,29.44
Vola,8.35,79.0,NETRAL,LAYAK,Mineral,44423.20,2.2369,15763.60,0.7938,0.7291,2067,1.6657,4.26,29.44
Vola,8.35,79.0,NETRAL,LAYAK,Mineral,44340.00,2.2327,11920.60,0.6003,0.5513,2073,1.6705,3.95,29.44
Vola,8.35,79.0,NETRAL,LAYAK,Mineral,44717.80,2.2518,14039.60,0.7070,0.6493,2072,1.6697,4.00,29.44
Vola,8.35,79.0,NETRAL,LAYAK,Mineral,44647.30,2.2482,15329.80,0.7719,0.7090,2068,1.6665,4.21,29.44
Vola,8.35,79.0,NETRAL,LAYAK,Mineral,44546.40,2.2431,12231.30,0.6159,0.5657,2068,1.6665,4.21,29.44
Vola,8.35,79.0,NETRAL,LAYAK,Mineral,44597.70,2.2457,14585.60,0.7345,0.6746,2083,1.6786,3.44,29.44
Vola,8.35,79.0,NETRAL,LAYAK,Mineral,44810.50,2.2564,13156.40,0.6625,0.6085,2070,1.6681,4.10,29.44
Vola,8.35,79.0,NETRAL,LAYAK,Mineral,44570.50,2.2443,14676.90,0.7391,0.6788,2075,1.6722,3.85,29.44
Vola,8.35,79.0,NETRAL,LAYAK,Mineral,44380.00,2.2347,13617.10,0.6857,0.6298,2069,1.6673,4.15,29.44
Vola,8.35,79.0,NETRAL,LAYAK,Mineral,44479.20,2.2397,13263.50,0.6679,0.6134,2067,1.6657,4.26,29.44
Vola,8.35,79.0,NETRAL,LAYAK,Mineral,44077.60,2.2195,13985.20,0.7042,0.6468,2068,1.6665,4.21,29.44
Vola,8.35,79.0,NETRAL,LAYAK,Mineral,44629.70,2.2473,14043.00,0.7071,0.6495,2074,1.6714,3.90,29.44
Vola,8.35,79.0,NETRAL,LAYAK,Mineral,44528.90,2.2422,12809.00,0.6450,0.5924,2054,1.6552,4.92,29.44
Vola,8.35,79.0,NETRAL,LAYAK,Mineral,44498.50,2.2407,15080.10,0.7594,0.6975,2079,1.6754,3.64,29.44
Vola,8.35,79.0,NETRAL,LAYAK,Mineral,44516.10,2.2416,11893.40,0.5989,0.5501,2069,1.6673,4.15,29.44
Vola,8.35,79.0,NETRAL,LAYAK,Mineral,44677.70,2.2497,14318.20,0.7210,0.6622,2066,1.6649,4.31,29.44
Vola,8.35,79.0,NETRAL,LAYAK,Mineral,44536.80,2.2426,14516.80,0.7310,0.6714,2067,1.6657,4.26,29.44
Vola,8.35,79.0,NETRAL,LAYAK,Mineral,44101.50,2.2207,12200.70,0.6144,0.5643,2067,1.6657,4.26,29.44
Vola,8.35,79.0,NETRAL,LAYAK,Mineral,44370.40,2.2343,15449.90,0.7780,0.7146,2067,1.6657,4.26,29.44
Vola,8.35,79.0,NETRAL,LAYAK,Mineral,44424.90,2.2370,12335.20,0.6211,0.5705,2067,1.6657,4.26,29.44
Vola,8.35,79.0,NETRAL,LAYAK,Mineral,44138.40,2.2226,14507.20,0.7305,0.6710,2067,1.6657,4.26,29.44
Vola,8.35,79.0,NETRAL,LAYAK,Mineral,44354.40,2.2335,14460.50,0.7282,0.6688,2068,1.6665,4.21,29.44
Vola,8.35,79.0,NETRAL,LAYAK,Mineral,44431.20,2.2373,12212.10,0.6149,0.5648,2070,1.6681,4.10,29.44
Vola,8.35,79.0,NETRAL,LAYAK,Mineral,44423.20,2.2369,15211.20,0.7660,0.7035,2069,1.6673,4.15,29.44
Vola,8.35,79.0,NETRAL,LAYAK,Mineral,44282.40,2.2298,14044.60,0.7072,0.6496,2069,1.6673,4.15,29.44
Vola,8.35,79.0,NETRAL,LAYAK,Mineral,44144.80,2.2229,12035.90,0.6061,0.5567,2069,1.6673,4.15,29.44
Vola,8.35,79.0,NETRAL,LAYAK,Mineral,44319.20,2.2317,15846.50,0.7979,0.7329,2070,1.6681,4.10,29.44
Vola,8.35,79.0,NETRAL,LAYAK,Mineral,44557.70,2.2437,13077.90,0.6585,0.6049,2069,1.6673,4.15,29.44
Vola,8.35,79.0,NETRAL,LAYAK,Mineral,44253.50,2.2284,14974.40,0.7540,0.6926,2068,1.6665,4.21,29.44
Vola,8.35,79.0,NETRAL,LAYAK,Mineral,44663.40,2.2490,13074.70,0.6584,0.6047,2072,1.6697,4.00,29.44
Vola,8.35,79.0,NETRAL,LAYAK,Mineral,44618.50,2.2468,14260.50,0.7181,0.6603,2095,1.6883,2.82,29.38
Vola,8.35,79.0,NETRAL,LAYAK,Mineral,44588.10,2.2452,13690.70,0.6894,0.6332,2068,1.6665,4.21,29.44
Vola,8.35,79.0,NETRAL,LAYAK,Mineral,44570.50,2.2443,13270.00,0.6682,0.6137,2068,1.6665,4.21,29.44
Vola,8.35,79.0,NETRAL,LAYAK,Mineral,44663.20,2.2490,14107.00,0.7104,0.6532,2069,1.6673,4.15,29.38
Vola,8.35,79.0,NETRAL,LAYAK,Mineral,44375.10,2.2345,14305.40,0.7203,0.6616,2070,1.6681,4.10,29.44
Vola,8.35,79.0,NETRAL,LAYAK,Mineral,44242.40,2.2278,12644.10,0.6367,0.5848,2069,1.6673,4.15,29.44
Vola,8.35,79.0,NETRAL,LAYAK,Mineral,44440.80,2.2378,15534.40,0.7822,0.7185,2070,1.6681,4.10,29.44
Vola,8.35,79.0,NETRAL,LAYAK,Mineral,44530.50,2.2423,12988.20,0.6540,0.6007,2070,1.6681,4.10,29.44
Vola,8.35,79.0,NETRAL,LAYAK,Mineral,44852.20,2.2585,12951.50,0.6522,0.5990,2070,1.6681,4.10,29.44
Vola,8.35,79.0,NETRAL,LAYAK,Mineral,44664.90,2.2491,13042.80,0.6568,0.6039,2074,1.6714,3.90,29.38
Vola,8.35,79.0,NETRAL,LAYAK,Mineral,44525.60,2.2421,12335.30,0.6211,0.5705,2071,1.6689,4.05,29.44
Vola,8.35,79.0,NETRAL,LAYAK,Mineral,44669.60,2.2493,12601.10,0.6345,0.5828,2073,1.6705,3.95,29.44
Vola,8.35,79.0,NETRAL,LAYAK,Mineral,44936.90,2.2628,12895.20,0.6493,0.5971,2071,1.6689,4.05,29.38
Vola,8.35,79.0,NETRAL,LAYAK,Mineral,44745.00,2.2531,11716.10,0.5900,0.5419,2073,1.6705,3.95,29.44
Vola,8.35,79.0,NETRAL,LAYAK,Mineral,44560.90,2.2439,13420.50,0.6758,0.6207,2071,1.6689,4.05,29.44
Vola,8.35,79.0,NETRAL,LAYAK,Mineral,44503.20,2.2409,11205.50,0.5643,0.5183,2069,1.6673,4.15,29.44
Vola,8.35,79.0,NETRAL,LAYAK,Mineral,44724.10,2.2521,13285.90,0.6690,0.6145,2073,1.6705,3.95,29.44
Vola,8.35,79.0,NETRAL,LAYAK,Mineral,44631.30,2.2474,12285.80,0.6186,0.5682,2072,1.6697,4.00,29.44
Vola,8.35,79.0,NETRAL,LAYAK,Mineral,44586.40,2.2451,12913.10,0.6502,0.5979,2076,1.6730,3.79,29.38
Vola,8.35,79.0,NETRAL,LAYAK,Mineral,44522.50,2.2419,12772.30,0.6431,0.5914,2070,1.6681,4.10,29.38
Vola,8.35,79.0,NETRAL,LAYAK,Mineral,44914.60,2.2617,12263.30,0.6175,0.5678,2071,1.6689,4.05,29.38
Vola,8.35,79.0,NETRAL,LAYAK,Mineral,44618.50,2.2468,12607.50,0.6348,0.5831,2075,1.6722,3.85,29.44
Vola,8.35,79.0,NETRAL,LAYAK,Mineral,44927.30,2.2623,12927.40,0.6510,0.5979,2070,1.6681,4.10,29.44
Vola,8.35,79.0,NETRAL,LAYAK,Mineral,44527.20,2.2422,11591.20,0.5837,0.5367,2069,1.6673,4.15,29.38
Vola,8.35,79.0,NETRAL,LAYAK,Mineral,44452.00,2.2384,13724.40,0.6911,0.6348,2078,1.6746,3.69,29.44
Vola,8.35,79.0,NETRAL,LAYAK,Mineral,44407.20,2.2361,11648.90,0.5866,0.5388,2072,1.6697,4.00,29.44
Vola,8.35,79.0,NETRAL,LAYAK,Mineral,44464.80,2.2390,13287.40,0.6691,0.6152,2078,1.6746,3.69,29.38
Quavit,8.13,78.0,NETRAL,LAYAK,Mineral,44487.30,2.2401,13831.60,0.6965,0.6464,2118,1.7068,1.64,28.88
Quavit,8.13,78.0,NETRAL,LAYAK,Mineral,44359.30,2.2337,11877.50,0.5981,0.5544,2103,1.6947,2.41,28.94
Quavit,8.13,78.0,NETRAL,LAYAK,Mineral,44204.10,2.2259,12605.90,0.6348,0.5884,2093,1.6867,2.92,28.94
Quavit,8.13,78.0,NETRAL,LAYAK,Mineral,44354.50,2.2335,12823.50,0.6457,0.5986,2103,1.6947,2.41,28.94
Quavit,8.13,78.0,NETRAL,LAYAK,Mineral,44271.20,2.2293,11309.50,0.5695,0.5279,2093,1.6867,2.92,28.94
Quavit,8.13,78.0,NETRAL,LAYAK,Mineral,44460.20,2.2388,13710.10,0.6904,0.6407,2093,1.6867,2.92,28.88
Quavit,8.13,78.0,NETRAL,LAYAK,Mineral,44168.80,2.2241,12337.00,0.6212,0.5759,2092,1.6859,2.97,28.94
Quavit,8.13,78.0,NETRAL,LAYAK,Mineral,44138.40,2.2226,11924.20,0.6004,0.5566,2094,1.6875,2.87,28.94
Quavit,8.13,78.0,NETRAL,LAYAK,Mineral,44127.20,2.2220,13769.10,0.6933,0.6427,2096,1.6891,2.77,28.94
Quavit,8.13,78.0,NETRAL,LAYAK,Mineral,44527.40,2.2422,11245.50,0.5663,0.5249,2094,1.6875,2.87,28.94
Quavit,8.13,78.0,NETRAL,LAYAK,Mineral,44413.70,2.2364,13262.00,0.6678,0.6191,2098,1.6907,2.67,28.94
Quavit,8.13,78.0,NETRAL,LAYAK,Mineral,44453.60,2.2385,13052.30,0.6572,0.6093,2091,1.6851,3.03,28.94
Quavit,8.13,78.0,NETRAL,LAYAK,Mineral,44388.00,2.2351,12039.30,0.6062,0.5626,2093,1.6867,2.92,28.88
Quavit,8.13,78.0,NETRAL,LAYAK,Mineral,44437.70,2.2377,12613.90,0.6352,0.5888,2094,1.6875,2.87,28.94
Quavit,8.13,78.0,NETRAL,LAYAK,Mineral,44552.90,2.2435,12858.60,0.6475,0.6002,2091,1.6851,3.03,28.94
Quavit,8.13,78.0,NETRAL,LAYAK,Mineral,44664.80,2.2491,12008.90,0.6047,0.5606,2093,1.6867,2.92,28.94
Quavit,8.13,78.0,NETRAL,LAYAK,Mineral,44322.40,2.2318,12719.50,0.6405,0.5937,2093,1.6867,2.92,28.94
Quavit,8.13,78.0,NETRAL,LAYAK,Mineral,44560.80,2.2438,12933.90,0.6513,0.6037,2097,1.6899,2.72,28.94
Quavit,8.13,78.0,NETRAL,LAYAK,Mineral,44620.00,2.2468,11527.30,0.5805,0.5381,2091,1.6851,3.03,28.94
Quavit,8.13,78.0,NETRAL,LAYAK,Mineral,44740.20,2.2529,14347.20,0.7225,0.6697,2095,1.6883,2.82,28.94
Quavit,8.13,78.0,NETRAL,LAYAK,Mineral,44440.80,2.2378,12447.40,0.6268,0.5810,2094,1.6875,2.87,28.94
Quavit,8.13,78.0,NETRAL,LAYAK,Mineral,44471.20,2.2393,11997.70,0.6041,0.5600,2094,1.6875,2.87,28.94
Quavit,8.13,78.0,NETRAL,LAYAK,Mineral,44684.10,2.2501,13249.30,0.6672,0.6192,2096,1.6891,2.77,28.88
Quavit,8.13,78.0,NETRAL,LAYAK,Mineral,44719.30,2.2518,13213.90,0.6654,0.6168,2093,1.6867,2.92,28.94
Quavit,8.13,78.0,NETRAL,LAYAK,Mineral,44608.80,2.2463,11760.70,0.5922,0.5490,2093,1.6867,2.92,28.94
Quavit,8.13,78.0,NETRAL,LAYAK,Mineral,44381.60,2.2348,12981.90,0.6537,0.6060,2095,1.6883,2.82,28.94
Quavit,8.13,78.0,NETRAL,LAYAK,Mineral,44941.70,2.2630,12921.10,0.6506,0.6031,2095,1.6883,2.82,28.94
Quavit,8.13,78.0,NETRAL,LAYAK,Mineral,44501.60,2.2409,11938.30,0.6012,0.5579,2094,1.6875,2.87,28.88
Quavit,8.13,78.0,NETRAL,LAYAK,Mineral,44836.10,2.2577,13268.60,0.6681,0.6194,2106,1.6971,2.26,28.94
Quavit,8.13,78.0,NETRAL,LAYAK,Mineral,44608.80,2.2463,12570.50,0.6330,0.5868,2108,1.6988,2.15,28.94
Quavit,8.13,78.0,NETRAL,LAYAK,Mineral,44762.50,2.2540,11618.30,0.5850,0.5423,2095,1.6883,2.82,28.94
Quavit,8.13,78.0,NETRAL,LAYAK,Mineral,44879.40,2.2599,12646.10,0.6368,0.5903,2095,1.6883,2.82,28.94
Quavit,8.13,78.0,NETRAL,LAYAK,Mineral,44725.70,2.2522,12087.30,0.6087,0.5642,2094,1.6875,2.87,28.94
Quavit,8.13,78.0,NETRAL,LAYAK,Mineral,44895.30,2.2607,12826.80,0.6459,0.5987,2095,1.6883,2.82,28.94
Quavit,8.13,78.0,NETRAL,LAYAK,Mineral,44493.60,2.2405,12900.10,0.6496,0.6022,2095,1.6883,2.82,28.94
Quavit,8.13,78.0,NETRAL,LAYAK,Mineral,44714.40,2.2516,11992.70,0.6039,0.5598,2095,1.6883,2.82,28.94
Quavit,8.13,78.0,NETRAL,LAYAK,Mineral,44564.00,2.2440,12652.30,0.6371,0.5906,2095,1.6883,2.82,28.94
Quavit,8.13,78.0,NETRAL,LAYAK,Mineral,45092.20,2.2706,14291.20,0.7196,0.6671,2093,1.6867,2.92,28.94
Quavit,8.13,78.0,NETRAL,LAYAK,Mineral,44716.00,2.2517,11552.80,0.5817,0.5393,2095,1.6883,2.82,28.94
Quavit,8.13,78.0,NETRAL,LAYAK,Mineral,45095.40,2.2708,14006.20,0.7053,0.6538,2096,1.6891,2.77,28.94
Quavit,8.13,78.0,NETRAL,LAYAK,Mineral,44773.70,2.2546,11744.90,0.5914,0.5482,2096,1.6891,2.77,28.94
Quavit,8.13,78.0,NETRAL,LAYAK,Mineral,45397.80,2.2860,13919.60,0.7009,0.6505,2111,1.7012,2.00,28.88
Quavit,8.13,78.0,NETRAL,LAYAK,Mineral,45132.20,2.2726,13471.80,0.6784,0.6288,2094,1.6875,2.87,28.94
Quavit,8.13,78.0,NETRAL,LAYAK,Mineral,44893.70,2.2606,13020.30,0.6556,0.6078,2088,1.6826,3.18,28.94
Quavit,8.13,78.0,NETRAL,LAYAK,Mineral,44760.80,2.2539,13527.60,0.6812,0.6315,2098,1.6907,2.67,28.94
Quavit,8.13,78.0,NETRAL,LAYAK,Mineral,44991.30,2.2655,12893.90,0.6493,0.6019,2092,1.6859,2.97,28.94
Quavit,8.13,78.0,NETRAL,LAYAK,Mineral,44879.30,2.2599,12524.10,0.6306,0.5846,2117,1.7060,1.69,28.94
Quavit,8.13,78.0,NETRAL,LAYAK,Mineral,44850.40,2.2584,13033.10,0.6563,0.6084,2093,1.6867,2.92,28.94
Quavit,8.13,78.0,NETRAL,LAYAK,Mineral,45088.90,2.2704,13580.50,0.6838,0.6339,2090,1.6842,3.08,28.94
Quavit,8.13,78.0,NETRAL,LAYAK,Mineral,44682.40,2.2500,12055.10,0.6070,0.5627,2086,1.6810,3.28,28.94
Quavit,8.13,78.0,NETRAL,LAYAK,Mineral,45097.00,2.2708,15885.10,0.7999,0.7415,2085,1.6802,3.33,28.94
Quavit,8.13,78.0,NETRAL,LAYAK,Mineral,45028.10,2.2674,11722.20,0.5903,0.5472,2087,1.6818,3.23,28.94
Quavit,8.13,78.0,NETRAL,LAYAK,Mineral,44962.50,2.2641,14026.80,0.7063,0.6548,2085,1.6802,3.33,28.94
Quavit,8.13,78.0,NETRAL,LAYAK,Mineral,44706.40,2.2512,13490.70,0.6793,0.6297,2088,1.6826,3.18,28.94
Quavit,8.13,78.0,NETRAL,LAYAK,Mineral,45325.80,2.2824,12202.50,0.6145,0.5703,2091,1.6851,3.03,28.88
Quavit,8.13,78.0,NETRAL,LAYAK,Mineral,44996.10,2.2658,12868.10,0.6480,0.6007,2093,1.6867,2.92,28.94
Quavit,8.13,78.0,NETRAL,LAYAK,Mineral,44965.60,2.2642,12863.60,0.6477,0.6005,2105,1.6963,2.31,28.94
Quavit,8.13,78.0,NETRAL,LAYAK,Mineral,44924.00,2.2621,12308.10,0.6198,0.5745,2098,1.6907,2.67,28.94
Quavit,8.13,78.0,NETRAL,LAYAK,Mineral,45284.10,2.2803,13751.70,0.6925,0.6419,2094,1.6875,2.87,28.94
Quavit,8.13,78.0,NETRAL,LAYAK,Mineral,45082.50,2.2701,13785.30,0.6942,0.6435,2098,1.6907,2.67,28.94
Quavit,8.13,78.0,NETRAL,LAYAK,Mineral,45034.40,2.2677,12668.10,0.6379,0.5913,2094,1.6875,2.87,28.94
Quavit,8.13,78.0,NETRAL,LAYAK,Mineral,44852.00,2.2585,13253.90,0.6674,0.6187,2096,1.6891,2.77,28.94
Quavit,8.13,78.0,NETRAL,LAYAK,Mineral,45216.90,2.2769,12695.20,0.6393,0.5926,2095,1.6883,2.82,28.94
Quavit,8.13,78.0,NETRAL,LAYAK,Mineral,44903.20,2.2611,12272.90,0.6180,0.5729,2093,1.6867,2.92,28.94
Quavit,8.13,78.0,NETRAL,LAYAK,Mineral,45101.80,2.2711,14574.40,0.7339,0.6803,2096,1.6891,2.77,28.94
Quavit,8.13,78.0,NETRAL,LAYAK,Mineral,45186.60,2.2754,13129.10,0.6611,0.6129,2095,1.6883,2.82,28.94
Quavit,8.13,78.0,NETRAL,LAYAK,Mineral,45269.80,2.2796,12308.10,0.6198,0.5745,2105,1.6963,2.31,28.94
Quavit,8.13,78.0,NETRAL,LAYAK,Mineral,45090.50,2.2705,13346.70,0.6721,0.6230,2096,1.6891,2.77,28.94
Quavit,8.13,78.0,NETRAL,LAYAK,Mineral,45056.90,2.2688,12383.40,0.6236,0.5780,2099,1.6915,2.62,28.94
Quavit,8.13,78.0,NETRAL,LAYAK,Mineral,45335.40,2.2829,12191.30,0.6139,0.5691,2099,1.6915,2.62,28.94
Quavit,8.13,78.0,NETRAL,LAYAK,Mineral,44714.40,2.2516,13070.00,0.6581,0.6101,2096,1.6891,2.77,28.94
Quavit,8.13,78.0,NETRAL,LAYAK,Mineral,44960.80,2.2640,12754.60,0.6423,0.5954,2094,1.6875,2.87,28.94
Quavit,8.13,78.0,NETRAL,LAYAK,Mineral,45381.80,2.2852,11572.00,0.5827,0.5402,2095,1.6883,2.82,28.94
Quavit,8.13,78.0,NETRAL,LAYAK,Mineral,45489.00,2.2906,13836.60,0.6967,0.6459,2096,1.6891,2.77,28.94
Quavit,8.13,78.0,NETRAL,LAYAK,Mineral,45263.30,2.2792,11632.90,0.5858,0.5430,2092,1.6859,2.97,28.94
Quavit,8.13,78.0,NETRAL,LAYAK,Mineral,45234.40,2.2778,11816.80,0.5950,0.5516,2093,1.6867,2.92,28.94
Quavit,8.13,78.0,NETRAL,LAYAK,Mineral,45125.60,2.2723,13785.10,0.6941,0.6435,2097,1.6899,2.72,28.94
Quavit,8.13,78.0,NETRAL,LAYAK,Mineral,45312.90,2.2817,12306.60,0.6197,0.5751,2098,1.6907,2.67,28.88
Quavit,8.13,78.0,NETRAL,LAYAK,Mineral,45314.60,2.2818,11639.20,0.5861,0.5433,2095,1.6883,2.82,28.94
Quavit,8.13,78.0,NETRAL,LAYAK,Mineral,45148.00,2.2734,13826.70,0.6962,0.6454,2093,1.6867,2.92,28.94
Quavit,8.13,78.0,NETRAL,LAYAK,Mineral,45263.30,2.2792,11383.40,0.5732,0.5314,2093,1.6867,2.92,28.94
Quavit,8.13,78.0,NETRAL,LAYAK,Mineral,44970.40,2.2645,12849.10,0.6470,0.5998,2100,1.6923,2.56,28.94
Quavit,8.13,78.0,NETRAL,LAYAK,Mineral,45032.80,2.2676,13541.90,0.6819,0.6321,2096,1.6891,2.77,28.94
Quavit,8.13,78.0,NETRAL,LAYAK,Mineral,45346.50,2.2834,12242.30,0.6165,0.5715,2095,1.6883,2.82,28.94
Quavit,8.13,78.0,NETRAL,LAYAK,Mineral,45080.80,2.2700,12881.20,0.6486,0.6013,2094,1.6875,2.87,28.94
Quavit,8.13,78.0,NETRAL,LAYAK,Mineral,45260.10,2.2791,12949.80,0.6521,0.6045,2096,1.6891,2.77,28.94
Quavit,8.13,78.0,NETRAL,LAYAK,Mineral,45545.00,2.2934,12159.20,0.6123,0.5676,2097,1.6899,2.72,28.94
Quavit,8.13,78.0,NETRAL,LAYAK,Mineral,45234.50,2.2778,12514.60,0.6302,0.5842,2094,1.6875,2.87,28.94
Quavit,8.13,78.0,NETRAL,LAYAK,Mineral,45503.30,2.2913,12908.30,0.6500,0.6025,2094,1.6875,2.87,28.94
Quavit,8.13,78.0,NETRAL,LAYAK,Mineral,45095.20,2.2708,11580.10,0.5831,0.5405,2093,1.6867,2.92,28.94
Quavit,8.13,78.0,NETRAL,LAYAK,Mineral,45548.20,2.2936,13831.70,0.6965,0.6456,2095,1.6883,2.82,28.94
Quavit,8.13,78.0,NETRAL,LAYAK,Mineral,45485.70,2.2904,12021.70,0.6053,0.5612,2091,1.6851,3.03,28.94
Quavit,8.13,78.0,NETRAL,LAYAK,Mineral,45577.00,2.2950,11402.40,0.5742,0.5323,2094,1.6875,2.87,28.94
Quavit,8.13,78.0,NETRAL,LAYAK,Mineral,45359.40,2.2841,12417.00,0.6253,0.5796,2094,1.6875,2.87,28.94
Quavit,8.13,78.0,NETRAL,LAYAK,Mineral,45349.80,2.2836,12453.70,0.6271,0.5813,2096,1.6891,2.77,28.94
Quavit,8.13,78.0,NETRAL,LAYAK,Mineral,45529.00,2.2926,13757.90,0.6928,0.6422,2094,1.6875,2.87,28.94
Quavit,8.13,78.0,NETRAL,LAYAK,Mineral,45292.10,2.2807,12882.80,0.6487,0.6014,2095,1.6883,2.82,28.94
Quavit,8.13,78.0,NETRAL,LAYAK,Mineral,45338.50,2.2830,12279.30,0.6183,0.5732,2095,1.6883,2.82,28.94
Quavit,8.13,78.0,NETRAL,LAYAK,Mineral,45215.30,2.2768,13159.70,0.6627,0.6143,2095,1.6883,2.82,28.94
Quavit,8.13,78.0,NETRAL,LAYAK,Mineral,45215.30,2.2768,12983.40,0.6538,0.6060,2094,1.6875,2.87,28.94
Quavit,8.13,78.0,NETRAL,LAYAK,Mineral,45349.70,2.2836,11946.60,0.6016,0.5577,2101,1.6931,2.51,28.94
Quavit,8.13,78.0,NETRAL,LAYAK,Mineral,45514.60,2.2919,13927.80,0.7013,0.6501,2119,1.7076,1.59,28.94
Quavit,8.13,78.0,NETRAL,LAYAK,Mineral,45050.40,2.2685,11383.20,0.5732,0.5314,2096,1.6891,2.77,28.94
Quavit,8.13,78.0,NETRAL,LAYAK,Mineral,45239.20,2.2780,11514.40,0.5798,0.5375,2097,1.6899,2.72,28.94
Quavit,8.13,78.0,NETRAL,LAYAK,Mineral,45157.60,2.2739,14198.00,0.7149,0.6627,2092,1.6859,2.97,28.94
Quavit,8.13,78.0,NETRAL,LAYAK,Mineral,45439.30,2.2881,11349.50,0.5715,0.5298,2097,1.6899,2.72,28.94
Quavit,8.13,78.0,NETRAL,LAYAK,Mineral,45485.80,2.2904,13609.20,0.6853,0.6353,2099,1.6915,2.62,28.94
Quavit,8.13,78.0,NETRAL,LAYAK,Mineral,45255.30,2.2788,12458.60,0.6273,0.5816,2097,1.6899,2.72,28.94
Quavit,8.13,78.0,NETRAL,LAYAK,Mineral,45559.30,2.2941,12381.70,0.6235,0.5780,2096,1.6891,2.77,28.94
Quavit,8.13,78.0,NETRAL,LAYAK,Mineral,45605.80,2.2965,12820.20,0.6456,0.5984,2095,1.6883,2.82,28.94
Quavit,8.13,78.0,NETRAL,LAYAK,Mineral,45719.40,2.3022,13178.80,0.6636,0.6152,2112,1.7020,1.95,28.94
Quavit,8.13,78.0,NETRAL,LAYAK,Mineral,45498.50,2.2911,12325.70,0.6207,0.5753,2119,1.7076,1.59,28.94
Quavit,8.13,78.0,NETRAL,LAYAK,Mineral,45804.20,2.3065,12922.50,0.6507,0.6032,2092,1.6859,2.97,28.94
Quavit,8.13,78.0,NETRAL,LAYAK,Mineral,45386.40,2.2854,11479.20,0.5780,0.5358,2095,1.6883,2.82,28.94
Quavit,8.13,78.0,NETRAL,LAYAK,Mineral,45770.70,2.3048,13534.00,0.6815,0.6318,2095,1.6883,2.82,28.94
Quavit,8.13,78.0,NETRAL,LAYAK,Mineral,45621.70,2.2973,12463.30,0.6276,0.5818,2092,1.6859,2.97,28.94
Quavit,8.13,78.0,NETRAL,LAYAK,Mineral,45615.40,2.2970,12461.70,0.6275,0.5817,2094,1.6875,2.87,28.94
Quavit,8.13,78.0,NETRAL,LAYAK,Mineral,45589.80,2.2957,12738.70,0.6415,0.5953,2092,1.6859,2.97,28.88
Quavit,8.13,78.0,NETRAL,LAYAK,Mineral,45469.70,2.2896,13260.30,0.6677,0.6190,2117,1.7060,1.69,28.94
Quavit,8.13,78.0,NETRAL,LAYAK,Mineral,45322.50,2.2822,11498.30,0.5790,0.5373,2095,1.6883,2.82,28.88
Quavit,8.13,78.0,NETRAL,LAYAK,Mineral,45757.80,2.3041,14054.20,0.7077,0.6560,2092,1.6859,2.97,28.94
Quavit,8.13,78.0,NETRAL,LAYAK,Mineral,45450.50,2.2886,12351.20,0.6219,0.5765,2100,1.6923,2.56,28.94
Quavit,8.13,78.0,NETRAL,LAYAK,Mineral,45725.80,2.3025,12361.10,0.6224,0.5770,2092,1.6859,2.97,28.94
Quavit,8.13,78.0,NETRAL,LAYAK,Mineral,45743.40,2.3034,12732.40,0.6411,0.5943,2093,1.6867,2.92,28.94
Quavit,8.13,78.0,NETRAL,LAYAK,Mineral,45770.60,2.3048,12228.10,0.6157,0.5715,2093,1.6867,2.92,28.88
Quavit,8.13,78.0,NETRAL,LAYAK,Mineral,45724.20,2.3024,13126.10,0.6610,0.6127,2104,1.6955,2.36,28.94
Quavit,8.13,78.0,NETRAL,LAYAK,Mineral,45220.00,2.2770,13020.20,0.6556,0.6085,2119,1.7076,1.59,28.88
Quavit,8.13,78.0,NETRAL,LAYAK,Mineral,45799.40,2.3062,11467.90,0.5775,0.5353,2092,1.6859,2.97,28.94
Quavit,8.13,78.0,NETRAL,LAYAK,Mineral,45444.10,2.2883,14351.80,0.7227,0.6707,2093,1.6867,2.92,28.88
Quavit,8.13,78.0,NETRAL,LAYAK,Mineral,45343.20,2.2832,11794.60,0.5939,0.5506,2094,1.6875,2.87,28.94
Quavit,8.13,78.0,NETRAL,LAYAK,Mineral,46068.30,2.3198,11709.60,0.5896,0.5466,2095,1.6883,2.82,28.94
Quavit,8.13,78.0,NETRAL,LAYAK,Mineral,45348.00,2.2835,14215.80,0.7158,0.6643,2104,1.6955,2.36,28.88
Quavit,8.13,78.0,NETRAL,LAYAK,Mineral,45629.70,2.2977,11536.80,0.5809,0.5385,2097,1.6899,2.72,28.94
Quavit,8.13,78.0,NETRAL,LAYAK,Mineral,45677.80,2.3001,12748.40,0.6419,0.5958,2106,1.6971,2.26,28.88
Quavit,8.13,78.0,NETRAL,LAYAK,Mineral,45520.90,2.2922,12394.60,0.6241,0.5786,2094,1.6875,2.87,28.94
Quavit,8.13,78.0,NETRAL,LAYAK,Mineral,45607.30,2.2965,12402.50,0.6245,0.5789,2119,1.7076,1.59,28.94
Quavit,8.13,78.0,NETRAL,LAYAK,Mineral,45817.00,2.3071,12911.50,0.6502,0.6034,2094,1.6875,2.87,28.88
Quavit,8.13,78.0,NETRAL,LAYAK,Mineral,45744.90,2.3035,13164.50,0.6629,0.6145,2095,1.6883,2.82,28.94
Quavit,8.13,78.0,NETRAL,LAYAK,Mineral,45272.80,2.2797,12370.50,0.6229,0.5774,2095,1.6883,2.82,28.94
Quavit,8.13,78.0,NETRAL,LAYAK,Mineral,45303.20,2.2812,12962.90,0.6527,0.6058,2093,1.6867,2.92,28.88
Quavit,8.13,78.0,NETRAL,LAYAK,Mineral,45551.30,2.2937,12348.20,0.6218,0.5764,2096,1.6891,2.77,28.94
Quavit,8.13,78.0,NETRAL,LAYAK,Mineral,45642.50,2.2983,11818.50,0.5951,0.5517,2093,1.6867,2.92,28.94
Quavit,8.13,78.0,NETRAL,LAYAK,Mineral,45642.60,2.2983,13178.80,0.6636,0.6159,2096,1.6891,2.77,28.88
Quavit,8.13,78.0,NETRAL,LAYAK,Mineral,45871.40,2.3098,13343.60,0.6719,0.6229,2097,1.6899,2.72,28.94
Quavit,8.13,78.0,NETRAL,LAYAK,Mineral,45426.40,2.2874,12873.00,0.6482,0.6009,2100,1.6923,2.56,28.94
Quavit,8.13,78.0,NETRAL,LAYAK,Mineral,45793.00,2.3059,11469.50,0.5775,0.5360,2094,1.6875,2.87,28.88
Quavit,8.13,78.0,NETRAL,LAYAK,Mineral,45693.80,2.3009,14140.60,0.7120,0.6601,2093,1.6867,2.92,28.94
Quavit,8.13,78.0,NETRAL,LAYAK,Mineral,45988.20,2.3157,12922.40,0.6507,0.6032,2094,1.6875,2.87,28.94
Quavit,8.13,78.0,NETRAL,LAYAK,Mineral,45442.50,2.2882,11455.10,0.5768,0.5347,2095,1.6883,2.82,28.94
Quavit,8.13,78.0,NETRAL,LAYAK,Mineral,45589.70,2.2957,13275.00,0.6685,0.6197,2118,1.7068,1.64,28.94
Quavit,8.13,78.0,NETRAL,LAYAK,Mineral,45688.90,2.3007,13156.30,0.6625,0.6141,2099,1.6915,2.62,28.94
Quavit,8.13,78.0,NETRAL,LAYAK,Mineral,45796.20,2.3061,11746.40,0.5915,0.5483,2097,1.6899,2.72,28.94
Quavit,8.13,78.0,NETRAL,LAYAK,Mineral,45434.50,2.2878,13411.00,0.6753,0.6260,2094,1.6875,2.87,28.94
Quavit,8.13,78.0,NETRAL,LAYAK,Mineral,45865.00,2.3095,12804.00,0.6447,0.5977,2094,1.6875,2.87,28.94
Quavit,8.13,78.0,NETRAL,LAYAK,Mineral,45753.00,2.3039,13390.00,0.6743,0.6250,2095,1.6883,2.82,28.94
Quavit,8.13,78.0,NETRAL,LAYAK,Mineral,45807.40,2.3066,12599.30,0.6344,0.5888,2095,1.6883,2.82,28.88
Quavit,8.13,78.0,NETRAL,LAYAK,Mineral,45621.70,2.2973,12157.70,0.6122,0.5682,2095,1.6883,2.82,28.88
Quavit,8.13,78.0,NETRAL,LAYAK,Mineral,45865.00,2.3095,13372.50,0.6734,0.6242,2093,1.6867,2.92,28.94
Quavit,8.13,78.0,NETRAL,LAYAK,Mineral,45429.70,2.2876,12437.80,0.6263,0.5806,2096,1.6891,2.77,28.94
Quavit,8.13,78.0,NETRAL,LAYAK,Mineral,45857.00,2.3091,12172.10,0.6129,0.5682,2093,1.6867,2.92,28.94
Quavit,8.13,78.0,NETRAL,LAYAK,Mineral,45623.30,2.2974,13490.60,0.6793,0.6297,2097,1.6899,2.72,28.94
Quavit,8.13,78.0,NETRAL,LAYAK,Mineral,45714.50,2.3019,13434.70,0.6765,0.6271,2094,1.6875,2.87,28.94
Quavit,8.13,78.0,NETRAL,LAYAK,Mineral,45450.50,2.2886,11330.30,0.5705,0.5289,2091,1.6851,3.03,28.94
Quavit,8.13,78.0,NETRAL,LAYAK,Mineral,45993.00,2.3160,13069.90,0.6581,0.6101,2092,1.6859,2.97,28.94
Quavit,8.13,78.0,NETRAL,LAYAK,Mineral,45591.30,2.2957,12586.80,0.6338,0.5875,2092,1.6859,2.97,28.94
Quavit,8.13,78.0,NETRAL,LAYAK,Mineral,45684.10,2.3004,12482.50,0.6286,0.5827,2096,1.6891,2.77,28.94
Quavit,8.13,78.0,NETRAL,LAYAK,Mineral,45818.60,2.3072,12967.50,0.6530,0.6053,2093,1.6867,2.92,28.94
Quavit,8.13,78.0,NETRAL,LAYAK,Mineral,45704.90,2.3015,13270.10,0.6682,0.6194,2097,1.6899,2.72,28.94
Quavit,8.13,78.0,NETRAL,LAYAK,Mineral,45908.10,2.3117,12196.10,0.6141,0.5700,2095,1.6883,2.82,28.88
Quavit,8.13,78.0,NETRAL,LAYAK,Mineral,45632.90,2.2978,12844.30,0.6468,0.5996,2094,1.6875,2.87,28.94
Quavit,8.13,78.0,NETRAL,LAYAK,Mineral,45885.80,2.3106,13117.90,0.6605,0.6123,2093,1.6867,2.92,28.94
Quavit,8.13,78.0,NETRAL,LAYAK,Mineral,46148.30,2.3238,11850.30,0.5967,0.5532,2094,1.6875,2.87,28.94
Quavit,8.13,78.0,NETRAL,LAYAK,Mineral,45882.60,2.3104,12879.60,0.6485,0.6012,2095,1.6883,2.82,28.94
Quavit,8.13,78.0,NETRAL,LAYAK,Mineral,45965.90,2.3146,13140.20,0.6617,0.6141,2092,1.6859,2.97,28.88
Quavit,8.13,78.0,NETRAL,LAYAK,Mineral,46058.60,2.3193,12338.50,0.6213,0.5766,2094,1.6875,2.87,28.88
Quavit,8.13,78.0,NETRAL,LAYAK,Mineral,45618.50,2.2971,13969.40,0.7034,0.6528,2095,1.6883,2.82,28.88
Quavit,8.13,78.0,NETRAL,LAYAK,Mineral,45474.40,2.2899,11872.80,0.5979,0.5542,2093,1.6867,2.92,28.94
Quavit,8.13,78.0,NETRAL,LAYAK,Mineral,46306.80,2.3318,12421.90,0.6255,0.5798,2093,1.6867,2.92,28.94
Quavit,8.13,78.0,NETRAL,LAYAK,Mineral,45927.40,2.3127,14014.20,0.7057,0.6542,2095,1.6883,2.82,28.94
Quavit,8.13,78.0,NETRAL,LAYAK,Mineral,45863.40,2.3094,12498.60,0.6294,0.5834,2092,1.6859,2.97,28.94
Quavit,8.13,78.0,NETRAL,LAYAK,Mineral,45993.00,2.3160,11592.70,0.5837,0.5418,2092,1.6859,2.97,28.88
Quavit,8.13,78.0,NETRAL,LAYAK,Mineral,46004.20,2.3165,13953.40,0.7026,0.6513,2093,1.6867,2.92,28.94
Quavit,8.13,78.0,NETRAL,LAYAK,Mineral,45500.10,2.2911,11856.90,0.5971,0.5535,2095,1.6883,2.82,28.94
Quavit,8.13,78.0,NETRAL,LAYAK,Mineral,45765.70,2.3045,11719.30,0.5901,0.5470,2093,1.6867,2.92,28.94
Quavit,8.13,78.0,NETRAL,LAYAK,Mineral,45672.90,2.2998,13951.80,0.7025,0.6513,2097,1.6899,2.72,28.94
Quavit,8.13,78.0,NETRAL,LAYAK,Mineral,45733.70,2.3029,12505.00,0.6297,0.5837,2098,1.6907,2.67,28.94
Quavit,8.13,78.0,NETRAL,LAYAK,Mineral,45666.50,2.2995,11628.00,0.5855,0.5428,2091,1.6851,3.03,28.94
Quavit,8.13,78.0,NETRAL,LAYAK,Mineral,45932.20,2.3129,13891.00,0.6995,0.6484,2092,1.6859,2.97,28.94
Quavit,8.13,78.0,NETRAL,LAYAK,Mineral,45761.00,2.3043,11616.90,0.5850,0.5423,2095,1.6883,2.82,28.94
Quavit,8.13,78.0,NETRAL,LAYAK,Mineral,45994.70,2.3161,12559.40,0.6324,0.5863,2094,1.6875,2.87,28.94
Quavit,8.13,78.0,NETRAL,LAYAK,Mineral,45567.20,2.2945,13582.10,0.6839,0.6347,2093,1.6867,2.92,28.88
Quavit,8.13,78.0,NETRAL,LAYAK,Mineral,45607.30,2.2965,11187.90,0.5634,0.5222,2094,1.6875,2.87,28.94
Quavit,8.13,78.0,NETRAL,LAYAK,Mineral,45588.00,2.2956,13214.00,0.6654,0.6168,2092,1.6859,2.97,28.94
Quavit,8.13,78.0,NETRAL,LAYAK,Mineral,45503.20,2.2913,13390.10,0.6743,0.6258,2093,1.6867,2.92,28.88
Quavit,8.13,78.0,NETRAL,LAYAK,Mineral,45677.80,2.3001,11307.90,0.5694,0.5278,2094,1.6875,2.87,28.94
Quavit,8.13,78.0,NETRAL,LAYAK,Mineral,45802.50,2.3064,12663.40,0.6377,0.5911,2110,1.7004,2.05,28.94
Quavit,8.13,78.0,NETRAL,LAYAK,Mineral,45636.00,2.2980,13060.30,0.6576,0.6096,2095,1.6883,2.82,28.94
Quavit,8.13,78.0,NETRAL,LAYAK,Mineral,45825.00,2.3075,11504.80,0.5793,0.5370,2100,1.6923,2.56,28.94
Quavit,8.13,78.0,NETRAL,LAYAK,Mineral,45680.90,2.3003,13809.20,0.6954,0.6446,2096,1.6891,2.77,28.94
Quavit,8.13,78.0,NETRAL,LAYAK,Mineral,46316.30,2.3322,12194.30,0.6140,0.5692,2094,1.6875,2.87,28.94
Ron 88,8.07,86.0,NETRAL,LAYAK,Mineral,44290.40,2.2302,12300.20,0.6194,0.5715,2100,1.6923,2.56,29.19
Ron 88,8.07,86.0,NETRAL,LAYAK,Mineral,44279.20,2.2297,11709.50,0.5896,0.5441,2093,1.6867,2.92,29.19
Ron 88,8.07,86.0,NETRAL,LAYAK,Mineral,44287.20,2.2301,12709.70,0.6400,0.5905,2068,1.6665,4.21,29.19
Ron 88,8.07,86.0,NETRAL,LAYAK,Mineral,44861.80,2.2590,13681.10,0.6889,0.6357,2094,1.6875,2.87,29.19
Ron 88,8.07,86.0,NETRAL,LAYAK,Mineral,44716.10,2.2517,12724.00,0.6407,0.5912,2106,1.6971,2.26,29.19
Ron 88,8.07,86.0,NETRAL,LAYAK,Mineral,44333.70,2.2324,12708.20,0.6399,0.5905,2094,1.6875,2.87,29.19
Ron 88,8.07,86.0,NETRAL,LAYAK,Mineral,44693.60,2.2505,13665.10,0.6881,0.6349,2100,1.6923,2.56,29.19
Ron 88,8.07,86.0,NETRAL,LAYAK,Mineral,44812.10,2.2565,11751.40,0.5917,0.5460,2092,1.6859,2.97,29.19
Ron 88,8.07,86.0,NETRAL,LAYAK,Mineral,44727.20,2.2522,11392.80,0.5737,0.5293,2093,1.6867,2.92,29.19
Ron 88,8.07,86.0,NETRAL,LAYAK,Mineral,44858.60,2.2588,13567.50,0.6832,0.6304,2102,1.6939,2.46,29.19
Ron 88,8.07,86.0,NETRAL,LAYAK,Mineral,44837.70,2.2578,12919.30,0.6505,0.6003,2091,1.6851,3.03,29.19
Ron 88,8.07,86.0,NETRAL,LAYAK,Mineral,44480.80,2.2398,11863.10,0.5974,0.5512,2104,1.6955,2.36,29.19
Ron 88,8.07,86.0,NETRAL,LAYAK,Mineral,44557.60,2.2437,12549.90,0.6319,0.5831,2092,1.6859,2.97,29.19
Ron 88,8.07,86.0,NETRAL,LAYAK,Mineral,44832.90,2.2576,12255.40,0.6171,0.5694,2094,1.6875,2.87,29.19
Ron 88,8.07,86.0,NETRAL,LAYAK,Mineral,44821.70,2.2570,11171.90,0.5626,0.5191,2094,1.6875,2.87,29.19
Ron 88,8.07,86.0,NETRAL,LAYAK,Mineral,45017.00,2.2668,12167.30,0.6127,0.5653,2094,1.6875,2.87,29.19
Ron 88,8.07,86.0,NETRAL,LAYAK,Mineral,44783.30,2.2551,12328.90,0.6208,0.5728,2095,1.6883,2.82,29.19
Ron 88,8.07,86.0,NETRAL,LAYAK,Mineral,44770.40,2.2544,11386.40,0.5734,0.5291,2092,1.6859,2.97,29.19
Ron 88,8.07,86.0,NETRAL,LAYAK,Mineral,45098.50,2.2709,12908.40,0.6500,0.5998,2093,1.6867,2.92,29.19
Ron 88,8.07,86.0,NETRAL,LAYAK,Mineral,45245.80,2.2783,13705.10,0.6901,0.6368,2092,1.6859,2.97,29.19
Ron 88,8.07,86.0,NETRAL,LAYAK,Mineral,45060.00,2.2690,11997.80,0.6041,0.5575,2095,1.6883,2.82,29.19
Ron 88,8.07,86.0,NETRAL,LAYAK,Mineral,44759.30,2.2538,11303.20,0.5692,0.5252,2096,1.6891,2.77,29.19
Ron 88,8.07,86.0,NETRAL,LAYAK,Mineral,45020.20,2.2670,12500.20,0.6294,0.5808,2094,1.6875,2.87,29.19
Ron 88,8.07,86.0,NETRAL,LAYAK,Mineral,45245.70,2.2783,12175.30,0.6131,0.5657,2088,1.6826,3.18,29.19
Ron 88,8.07,86.0,NETRAL,LAYAK,Mineral,44882.40,2.2600,11136.70,0.5608,0.5174,2092,1.6859,2.97,29.19
Ron 88,8.07,86.0,NETRAL,LAYAK,Mineral,45032.90,2.2676,11407.10,0.5744,0.5300,2092,1.6859,2.97,29.19
Ron 88,8.07,86.0,NETRAL,LAYAK,Mineral,44996.10,2.2658,12433.00,0.6261,0.5770,2093,1.6867,2.92,29.25
Ron 88,8.07,86.0,NETRAL,LAYAK,Mineral,45114.60,2.2717,12882.50,0.6487,0.5986,2092,1.6859,2.97,29.19
Ron 88,8.07,86.0,NETRAL,LAYAK,Mineral,44868.00,2.2593,12146.30,0.6116,0.5644,2093,1.6867,2.92,29.19
Ron 88,8.07,86.0,NETRAL,LAYAK,Mineral,45213.70,2.2767,12983.50,0.6538,0.6026,2090,1.6842,3.08,29.25
Ron 88,8.07,86.0,NETRAL,LAYAK,Mineral,45172.10,2.2746,12256.90,0.6172,0.5695,2092,1.6859,2.97,29.19
Ron 88,8.07,86.0,NETRAL,LAYAK,Mineral,45188.00,2.2754,11451.90,0.5767,0.5315,2093,1.6867,2.92,29.25
Ron 88,8.07,86.0,NETRAL,LAYAK,Mineral,45055.30,2.2687,13058.80,0.6576,0.6061,2093,1.6867,2.92,29.25
Ron 88,8.07,86.0,NETRAL,LAYAK,Mineral,45201.00,2.2761,13359.50,0.6727,0.6207,2097,1.6899,2.72,29.19
Ron 88,8.07,86.0,NETRAL,LAYAK,Mineral,45367.40,2.2845,11498.60,0.5790,0.5336,2092,1.6859,2.97,29.25
Ron 88,8.07,86.0,NETRAL,LAYAK,Mineral,45215.40,2.2768,11474.20,0.5778,0.5331,2093,1.6867,2.92,29.19
Ron 88,8.07,86.0,NETRAL,LAYAK,Mineral,45204.20,2.2762,12650.80,0.6370,0.5878,2093,1.6867,2.92,29.19
Ron 88,8.07,86.0,NETRAL,LAYAK,Mineral,45324.20,2.2823,11240.60,0.5660,0.5223,2093,1.6867,2.92,29.19
Ron 88,8.07,86.0,NETRAL,LAYAK,Mineral,45165.70,2.2743,12802.80,0.6447,0.5942,2092,1.6859,2.97,29.25
Ron 88,8.07,86.0,NETRAL,LAYAK,Mineral,45263.30,2.2792,13575.50,0.6836,0.6300,2092,1.6859,2.97,29.25
Ron 88,8.07,86.0,NETRAL,LAYAK,Mineral,44677.60,2.2497,11706.60,0.5895,0.5439,2092,1.6859,2.97,29.19
Ron 88,8.07,86.0,NETRAL,LAYAK,Mineral,45130.50,2.2725,11389.50,0.5735,0.5292,2086,1.6810,3.28,29.19
Ron 88,8.07,86.0,NETRAL,LAYAK,Mineral,45029.60,2.2675,13644.30,0.6871,0.6332,2091,1.6851,3.03,29.25
Ron 88,8.07,86.0,NETRAL,LAYAK,Mineral,45074.40,2.2697,12740.00,0.6415,0.5919,2091,1.6851,3.03,29.19
Ron 88,8.07,86.0,NETRAL,LAYAK,Mineral,45088.90,2.2704,12069.50,0.6078,0.5608,2093,1.6867,2.92,29.19
Ron 88,8.07,86.0,NETRAL,LAYAK,Mineral,45132.10,2.2726,13146.60,0.6620,0.6101,2088,1.6826,3.18,29.25
Ron 88,8.07,86.0,NETRAL,LAYAK,Mineral,45287.30,2.2804,12821.90,0.6456,0.5951,2092,1.6859,2.97,29.25
Ron 88,8.07,86.0,NETRAL,LAYAK,Mineral,45060.20,2.2690,12037.50,0.6061,0.5587,2090,1.6842,3.08,29.25
Ron 88,8.07,86.0,NETRAL,LAYAK,Mineral,44980.10,2.2650,12764.50,0.6428,0.5924,2093,1.6867,2.92,29.25
Ron 88,8.07,86.0,NETRAL,LAYAK,Mineral,45357.80,2.2840,12120.80,0.6103,0.5625,2088,1.6826,3.18,29.25
Ron 88,8.07,86.0,NETRAL,LAYAK,Mineral,45168.90,2.2745,11997.70,0.6041,0.5568,2093,1.6867,2.92,29.25
Ron 88,8.07,86.0,NETRAL,LAYAK,Mineral,45125.70,2.2723,13117.80,0.6605,0.6088,2094,1.6875,2.87,29.25
Ron 88,8.07,86.0,NETRAL,LAYAK,Mineral,45322.60,2.2822,12853.90,0.6473,0.5965,2105,1.6963,2.31,29.25
Ron 88,8.07,86.0,NETRAL,LAYAK,Mineral,45208.90,2.2765,11235.90,0.5658,0.5215,2091,1.6851,3.03,29.25
Ron 88,8.07,86.0,NETRAL,LAYAK,Mineral,45152.80,2.2737,12152.90,0.6120,0.5640,2094,1.6875,2.87,29.25
Ron 88,8.07,86.0,NETRAL,LAYAK,Mineral,45348.10,2.2835,13814.20,0.6956,0.6419,2093,1.6867,2.92,29.19
Ron 88,8.07,86.0,NETRAL,LAYAK,Mineral,45335.30,2.2828,11347.90,0.5714,0.5273,2089,1.6834,3.13,29.19
Ron 88,8.07,86.0,NETRAL,LAYAK,Mineral,45306.50,2.2814,11597.60,0.5840,0.5382,2089,1.6834,3.13,29.25
Ron 88,8.07,86.0,NETRAL,LAYAK,Mineral,45148.00,2.2734,12988.30,0.6540,0.6035,2091,1.6851,3.03,29.19
Ron 88,8.07,86.0,NETRAL,LAYAK,Mineral,45170.50,2.2746,12775.30,0.6433,0.5929,2094,1.6875,2.87,29.25
Ron 88,8.07,86.0,NETRAL,LAYAK,Mineral,45077.70,2.2699,12127.30,0.6107,0.5628,2092,1.6859,2.97,29.25
Ron 88,8.07,86.0,NETRAL,LAYAK,Mineral,45255.20,2.2788,12997.80,0.6545,0.6032,2092,1.6859,2.97,29.25
Ron 88,8.07,86.0,NETRAL,LAYAK,Mineral,45527.40,2.2925,12458.80,0.6274,0.5782,2092,1.6859,2.97,29.25
Ron 88,8.07,86.0,NETRAL,LAYAK,Mineral,45554.60,2.2939,11168.50,0.5624,0.5183,2092,1.6859,2.97,29.25
Ron 88,8.07,86.0,NETRAL,LAYAK,Mineral,45087.30,2.2704,12725.70,0.6408,0.5913,2098,1.6907,2.67,29.19
Ron 88,8.07,86.0,NETRAL,LAYAK,Mineral,45154.40,2.2737,13697.20,0.6897,0.6357,2093,1.6867,2.92,29.25
Ron 88,8.07,86.0,NETRAL,LAYAK,Mineral,45583.40,2.2953,12932.30,0.6512,0.6009,2092,1.6859,2.97,29.19
Ron 88,8.07,86.0,NETRAL,LAYAK,Mineral,45183.20,2.2752,11879.20,0.5982,0.5519,2094,1.6875,2.87,29.19
Ron 88,8.07,86.0,NETRAL,LAYAK,Mineral,45705.00,2.3015,13199.40,0.6647,0.6126,2106,1.6971,2.26,29.25
Ron 88,8.07,86.0,NETRAL,LAYAK,Mineral,45301.80,2.2812,13181.90,0.6638,0.6118,2092,1.6859,2.97,29.25
Ron 88,8.07,86.0,NETRAL,LAYAK,Mineral,44980.00,2.2650,11514.30,0.5798,0.5344,2094,1.6875,2.87,29.25
Ron 88,8.07,86.0,NETRAL,LAYAK,Mineral,45023.20,2.2671,12341.90,0.6215,0.5728,2092,1.6859,2.97,29.25
Ron 88,8.07,86.0,NETRAL,LAYAK,Mineral,45356.20,2.2839,13943.80,0.7021,0.6471,2091,1.6851,3.03,29.25
Ron 88,8.07,86.0,NETRAL,LAYAK,Mineral,45018.40,2.2669,12983.50,0.6538,0.6026,2114,1.7036,1.85,29.25
Ron 88,8.07,86.0,NETRAL,LAYAK,Mineral,45226.50,2.2774,11989.70,0.6037,0.5564,2093,1.6867,2.92,29.25
Ron 88,8.07,86.0,NETRAL,LAYAK,Mineral,45313.00,2.2817,12702.10,0.6396,0.5902,2092,1.6859,2.97,29.19
Ron 88,8.07,86.0,NETRAL,LAYAK,Mineral,45389.80,2.2856,12269.70,0.6178,0.5694,2090,1.6842,3.08,29.25
Ron 88,8.07,86.0,NETRAL,LAYAK,Mineral,45237.70,2.2779,12106.50,0.6096,0.5625,2093,1.6867,2.92,29.19
Ron 88,8.07,86.0,NETRAL,LAYAK,Mineral,45513.00,2.2918,12589.90,0.6340,0.5850,2090,1.6842,3.08,29.19
Ron 88,8.07,86.0,NETRAL,LAYAK,Mineral,45164.00,2.2742,12309.70,0.6199,0.5713,2092,1.6859,2.97,29.25
Ron 88,8.07,86.0,NETRAL,LAYAK,Mineral,45287.30,2.2804,12037.70,0.6062,0.5593,2095,1.6883,2.82,29.19
Ron 88,8.07,86.0,NETRAL,LAYAK,Mineral,45069.60,2.2695,13007.60,0.6550,0.6037,2091,1.6851,3.03,29.25
Ron 88,8.07,86.0,NETRAL,LAYAK,Mineral,45327.30,2.2824,13891.00,0.6995,0.6447,2092,1.6859,2.97,29.25
Ron 88,8.07,86.0,NETRAL,LAYAK,Mineral,45152.80,2.2737,12884.30,0.6488,0.5980,2091,1.6851,3.03,29.25
Ron 88,8.07,86.0,NETRAL,LAYAK,Mineral,45434.60,2.2878,12028.10,0.6057,0.5589,2091,1.6851,3.03,29.19
Ron 88,8.07,86.0,NETRAL,LAYAK,Mineral,44984.80,2.2652,12879.50,0.6485,0.5977,2091,1.6851,3.03,29.25
Ron 88,8.07,86.0,NETRAL,LAYAK,Mineral,45317.70,2.2820,12287.30,0.6187,0.5709,2091,1.6851,3.03,29.19
Ron 88,8.07,86.0,NETRAL,LAYAK,Mineral,45296.90,2.2809,12248.80,0.6168,0.5691,2092,1.6859,2.97,29.19
Ron 88,8.07,86.0,NETRAL,LAYAK,Mineral,45068.10,2.2694,13015.60,0.6554,0.6041,2092,1.6859,2.97,29.25
Ron 88,8.07,86.0,NETRAL,LAYAK,Mineral,45204.10,2.2762,12151.40,0.6119,0.5639,2094,1.6875,2.87,29.25
Ron 88,8.07,86.0,NETRAL,LAYAK,Mineral,45324.10,2.2823,11747.90,0.5916,0.5458,2091,1.6851,3.03,29.19
Ron 88,8.07,86.0,NETRAL,LAYAK,Mineral,45002.40,2.2661,13182.00,0.6638,0.6125,2090,1.6842,3.08,29.19
Ron 88,8.07,86.0,NETRAL,LAYAK,Mineral,45378.60,2.2850,13887.80,0.6993,0.6445,2093,1.6867,2.92,29.25
Ron 88,8.07,86.0,NETRAL,LAYAK,Mineral,45037.60,2.2679,12244.20,0.6166,0.5689,2111,1.7012,2.00,29.19
Ron 88,8.07,86.0,NETRAL,LAYAK,Mineral,45324.20,2.2823,11976.90,0.6031,0.5558,2092,1.6859,2.97,29.25
Ron 88,8.07,86.0,NETRAL,LAYAK,Mineral,44965.60,2.2642,12836.40,0.6464,0.5964,2093,1.6867,2.92,29.19
Ron 88,8.07,86.0,NETRAL,LAYAK,Mineral,44999.20,2.2659,12221.80,0.6154,0.5672,2091,1.6851,3.03,29.25
Ron 88,8.07,86.0,NETRAL,LAYAK,Mineral,45229.70,2.2775,11797.60,0.5941,0.5482,2094,1.6875,2.87,29.19
Ron 88,8.07,86.0,NETRAL,LAYAK,Mineral,44855.20,2.2587,12546.70,0.6318,0.5823,2093,1.6867,2.92,29.25
Ron 88,8.07,86.0,NETRAL,LAYAK,Mineral,45048.80,2.2684,12807.30,0.6449,0.5944,2091,1.6851,3.03,29.25
Ron 88,8.07,86.0,NETRAL,LAYAK,Mineral,45341.80,2.2832,12160.70,0.6123,0.5644,2082,1.6778,3.49,29.25
Ron 88,8.07,86.0,NETRAL,LAYAK,Mineral,45305.00,2.2813,12823.60,0.6457,0.5951,2097,1.6899,2.72,29.25
Ron 88,8.07,86.0,NETRAL,LAYAK,Mineral,44956.00,2.2637,12144.90,0.6116,0.5636,2090,1.6842,3.08,29.25
Ron 88,8.07,86.0,NETRAL,LAYAK,Mineral,45157.60,2.2739,11976.70,0.6031,0.5565,2093,1.6867,2.92,29.19
Ron 88,8.07,86.0,NETRAL,LAYAK,Mineral,45138.50,2.2729,13281.00,0.6688,0.6171,2092,1.6859,2.97,29.19
Ron 88,8.07,86.0,NETRAL,LAYAK,Mineral,45306.60,2.2814,13681.10,0.6889,0.6349,2090,1.6842,3.08,29.25
Ron 88,8.07,86.0,NETRAL,LAYAK,Mineral,45290.50,2.2806,11740.10,0.5912,0.5455,2092,1.6859,2.97,29.19
Ron 88,8.07,86.0,NETRAL,LAYAK,Mineral,45293.70,2.2808,11751.30,0.5917,0.5454,2091,1.6851,3.03,29.25
Ron 88,8.07,86.0,NETRAL,LAYAK,Mineral,45000.80,2.2660,12727.40,0.6409,0.5907,2090,1.6842,3.08,29.25
Ron 88,8.07,86.0,NETRAL,LAYAK,Mineral,45138.40,2.2729,12873.10,0.6482,0.5974,2091,1.6851,3.03,29.25
Ron 88,8.07,86.0,NETRAL,LAYAK,Mineral,45410.60,2.2866,11992.70,0.6039,0.5572,2091,1.6851,3.03,29.19
Ron 88,8.07,86.0,NETRAL,LAYAK,Mineral,45101.70,2.2711,12702.10,0.6396,0.5902,2080,1.6762,3.59,29.19
Ron 88,8.07,86.0,NETRAL,LAYAK,Mineral,45119.20,2.2720,12361.00,0.6224,0.5737,2091,1.6851,3.03,29.25
Ron 88,8.07,86.0,NETRAL,LAYAK,Mineral,45469.80,2.2896,12096.90,0.6091,0.5614,2092,1.6859,2.97,29.25
Ron 88,8.07,86.0,NETRAL,LAYAK,Mineral,45127.30,2.2724,13087.40,0.6590,0.6074,2092,1.6859,2.97,29.25
Ron 88,8.07,86.0,NETRAL,LAYAK,Mineral,44964.10,2.2642,12404.20,0.6246,0.5757,2092,1.6859,2.97,29.25
Ron 88,8.07,86.0,NETRAL,LAYAK,Mineral,45317.80,2.2820,11421.60,0.5751,0.5301,2091,1.6851,3.03,29.25
Ron 88,8.07,86.0,NETRAL,LAYAK,Mineral,45106.40,2.2713,13129.20,0.6611,0.6093,2092,1.6859,2.97,29.25
Ron 88,8.07,86.0,NETRAL,LAYAK,Mineral,45244.20,2.2783,12744.90,0.6418,0.5922,2090,1.6842,3.08,29.19
Ron 88,8.07,86.0,NETRAL,LAYAK,Mineral,45188.10,2.2754,12106.30,0.6096,0.5619,2092,1.6859,2.97,29.25
Ron 88,8.07,86.0,NETRAL,LAYAK,Mineral,45370.60,2.2846,12703.60,0.6397,0.5896,2092,1.6859,2.97,29.25
Ron 88,8.07,86.0,NETRAL,LAYAK,Mineral,45357.80,2.2840,12115.90,0.6101,0.5629,2093,1.6867,2.92,29.19
Ron 88,8.07,86.0,NETRAL,LAYAK,Mineral,45031.20,2.2675,11980.10,0.6033,0.5566,2089,1.6834,3.13,29.19
Ron 88,8.07,86.0,NETRAL,LAYAK,Mineral,45391.40,2.2857,13065.00,0.6579,0.6063,2099,1.6915,2.62,29.25
Ron 88,8.07,86.0,NETRAL,LAYAK,Mineral,45149.70,2.2735,13297.10,0.6696,0.6178,2092,1.6859,2.97,29.19
Ron 88,8.07,86.0,NETRAL,LAYAK,Mineral,45063.30,2.2692,11465.00,0.5773,0.5321,2094,1.6875,2.87,29.25
Ron 88,8.07,86.0,NETRAL,LAYAK,Mineral,45016.80,2.2668,11880.90,0.5983,0.5514,2090,1.6842,3.08,29.25
Ron 88,8.07,86.0,NETRAL,LAYAK,Mineral,45418.60,2.2870,13734.20,0.6916,0.6374,2091,1.6851,3.03,29.25
Ron 88,8.07,86.0,NETRAL,LAYAK,Mineral,45178.50,2.2750,11133.50,0.5606,0.5167,2094,1.6875,2.87,29.25
Ron 88,8.07,86.0,NETRAL,LAYAK,Mineral,45421.80,2.2872,12780.40,0.6436,0.5938,2094,1.6875,2.87,29.19
Ron 88,8.07,86.0,NETRAL,LAYAK,Mineral,44975.20,2.2647,13199.50,0.6647,0.6126,2094,1.6875,2.87,29.25
Ron 88,8.07,86.0,NETRAL,LAYAK,Mineral,45184.80,2.2753,11226.30,0.5653,0.5210,2090,1.6842,3.08,29.25
Ron 88,8.07,86.0,NETRAL,LAYAK,Mineral,45296.90,2.2809,12399.30,0.6244,0.5755,2091,1.6851,3.03,29.25
Ron 88,8.07,86.0,NETRAL,LAYAK,Mineral,44914.50,2.2617,13594.80,0.6846,0.6309,2093,1.6867,2.92,29.25
Ron 88,8.07,86.0,NETRAL,LAYAK,Mineral,45253.70,2.2787,12488.80,0.6289,0.5803,2090,1.6842,3.08,29.19
Ron 88,8.07,86.0,NETRAL,LAYAK,Mineral,45522.60,2.2923,11650.40,0.5867,0.5407,2092,1.6859,2.97,29.25
Ron 88,8.07,86.0,NETRAL,LAYAK,Mineral,45239.30,2.2780,12365.70,0.6227,0.5739,2092,1.6859,2.97,29.25
Ron 88,8.07,86.0,NETRAL,LAYAK,Mineral,45577.00,2.2950,12759.30,0.6425,0.5922,2091,1.6851,3.03,29.25
Ron 88,8.07,86.0,NETRAL,LAYAK,Mineral,45026.40,2.2673,11520.70,0.5801,0.5347,2101,1.6931,2.51,29.25
Ron 88,8.07,86.0,NETRAL,LAYAK,Mineral,45037.70,2.2679,13694.20,0.6896,0.6355,2092,1.6859,2.97,29.25
Ron 88,8.07,86.0,NETRAL,LAYAK,Mineral,45004.00,2.2662,12752.80,0.6422,0.5919,2091,1.6851,3.03,29.25
Ron 88,8.07,86.0,NETRAL,LAYAK,Mineral,45554.70,2.2939,12027.90,0.6057,0.5589,2092,1.6859,2.97,29.19
Ron 88,8.07,86.0,NETRAL,LAYAK,Mineral,45244.10,2.2783,12550.00,0.6320,0.5824,2091,1.6851,3.03,29.25
Ron 88,8.07,86.0,NETRAL,LAYAK,Mineral,45175.30,2.2748,12381.70,0.6235,0.5746,2093,1.6867,2.92,29.25
Ron 88,8.07,86.0,NETRAL,LAYAK,Mineral,45452.10,2.2887,11883.90,0.5984,0.5515,2090,1.6842,3.08,29.25
Ron 88,8.07,86.0,NETRAL,LAYAK,Mineral,45253.70,2.2787,12714.60,0.6402,0.5908,2093,1.6867,2.92,29.19
Ron 88,8.07,86.0,NETRAL,LAYAK,Mineral,45053.60,2.2687,13231.50,0.6663,0.6141,2092,1.6859,2.97,29.25
Ron 88,8.07,86.0,NETRAL,LAYAK,Mineral,45314.60,2.2818,11239.30,0.5660,0.5216,2107,1.6979,2.21,29.25
Ron 88,8.07,86.0,NETRAL,LAYAK,Mineral,45309.80,2.2816,11893.70,0.5989,0.5520,2092,1.6859,2.97,29.25
Ron 88,8.07,86.0,NETRAL,LAYAK,Mineral,45304.90,2.2813,12429.80,0.6259,0.5775,2096,1.6891,2.77,29.19
Ron 88,8.07,86.0,NETRAL,LAYAK,Mineral,45344.90,2.2833,12503.30,0.6296,0.5803,2093,1.6867,2.92,29.25
Ron 88,8.07,86.0,NETRAL,LAYAK,Mineral,45564.10,2.2944,12149.50,0.6118,0.5639,2091,1.6851,3.03,29.25
Ron 88,8.07,86.0,NETRAL,LAYAK,Mineral,45188.10,2.2754,13061.80,0.6577,0.6069,2092,1.6859,2.97,29.19
Ron 88,8.07,86.0,NETRAL,LAYAK,Mineral,45122.40,2.2721,13041.00,0.6567,0.6052,2093,1.6867,2.92,29.25
Ron 88,8.07,86.0,NETRAL,LAYAK,Mineral,45285.60,2.2803,11138.30,0.5609,0.5169,2093,1.6867,2.92,29.25
Ron 88,8.07,86.0,NETRAL,LAYAK,Mineral,45202.50,2.2762,12167.40,0.6127,0.5647,2091,1.6851,3.03,29.25
Ron 88,8.07,86.0,NETRAL,LAYAK,Mineral,45521.00,2.2922,13668.30,0.6883,0.6343,2089,1.6834,3.13,29.25
Ron 88,8.07,86.0,NETRAL,LAYAK,Mineral,45717.80,2.3021,11572.10,0.5827,0.5371,2093,1.6867,2.92,29.25
Ron 88,8.07,86.0,NETRAL,LAYAK,Mineral,45319.30,2.2820,11996.10,0.6041,0.5574,2097,1.6899,2.72,29.19
Ron 88,8.07,86.0,NETRAL,LAYAK,Mineral,45351.30,2.2837,12236.10,0.6161,0.5679,2092,1.6859,2.97,29.25
Ron 88,8.07,86.0,NETRAL,LAYAK,Mineral,45751.40,2.3038,12159.30,0.6123,0.5650,2091,1.6851,3.03,29.19
Ron 88,8.07,86.0,NETRAL,LAYAK,Mineral,45671.40,2.2998,13186.60,0.6640,0.6120,2094,1.6875,2.87,29.25
Ron 88,8.07,86.0,NETRAL,LAYAK,Mineral,45857.10,2.3091,13268.20,0.6681,0.6165,2091,1.6851,3.03,29.19
Ron 88,8.07,86.0,NETRAL,LAYAK,Mineral,45292.00,2.2807,11253.50,0.5667,0.5229,2103,1.6947,2.41,29.19
Ron 88,8.07,86.0,NETRAL,LAYAK,Mineral,45913.00,2.3119,12365.80,0.6227,0.5746,2093,1.6867,2.92,29.19
Ron 88,8.07,86.0,NETRAL,LAYAK,Mineral,45426.40,2.2874,13753.10,0.6925,0.6383,2092,1.6859,2.97,29.25
Ron 88,8.07,86.0,NETRAL,LAYAK,Mineral,45237.60,2.2779,11583.40,0.5833,0.5382,2091,1.6851,3.03,29.19
Ron 88,8.07,86.0,NETRAL,LAYAK,Mineral,45615.40,2.2970,12285.70,0.6186,0.5702,2093,1.6867,2.92,29.25
Ron 88,8.07,86.0,NETRAL,LAYAK,Mineral,45545.00,2.2934,13593.10,0.6845,0.6316,2091,1.6851,3.03,29.19
Ron 88,8.07,86.0,NETRAL,LAYAK,Mineral,45855.40,2.3090,12052.10,0.6069,0.5593,2092,1.6859,2.97,29.25
Ron 88,8.07,86.0,NETRAL,LAYAK,Mineral,45328.80,2.2825,13108.20,0.6601,0.6091,2090,1.6842,3.08,29.19
Ron 88,8.07,86.0,NETRAL,LAYAK,Mineral,45615.40,2.2970,12881.10,0.6486,0.5978,2093,1.6867,2.92,29.25
Ron 88,8.07,86.0,NETRAL,LAYAK,Mineral,45556.20,2.2940,11364.00,0.5722,0.5280,2093,1.6867,2.92,29.19
Ron 88,8.07,86.0,NETRAL,LAYAK,Mineral,45519.30,2.2921,12789.70,0.6440,0.5943,2093,1.6867,2.92,29.19
Ron 88,8.07,86.0,NETRAL,LAYAK,Mineral,45304.80,2.2813,13183.30,0.6638,0.6118,2093,1.6867,2.92,29.25
Ron 88,8.07,86.0,NETRAL,LAYAK,Mineral,45508.10,2.2916,11149.50,0.5614,0.5180,2093,1.6867,2.92,29.19
Ron 88,8.07,86.0,NETRAL,LAYAK,Mineral,45306.40,2.2814,13060.40,0.6577,0.6061,2103,1.6947,2.41,29.25
Ron 88,8.07,86.0,NETRAL,LAYAK,Mineral,45476.20,2.2899,12541.90,0.6315,0.5821,2092,1.6859,2.97,29.25
Ron 88,8.07,86.0,NETRAL,LAYAK,Mineral,45594.50,2.2959,11751.10,0.5917,0.5454,2092,1.6859,2.97,29.25
Ron 88,8.07,86.0,NETRAL,LAYAK,Mineral,45247.30,2.2784,12831.50,0.6461,0.5955,2092,1.6859,2.97,29.25
Ron 88,8.07,86.0,NETRAL,LAYAK,Mineral,45477.70,2.2900,12850.70,0.6471,0.5964,2092,1.6859,2.97,29.25
Ron 88,8.07,86.0,NETRAL,LAYAK,Mineral,45367.20,2.2845,11775.30,0.5929,0.5465,2090,1.6842,3.08,29.25
Ron 88,8.07,86.0,NETRAL,LAYAK,Mineral,45425.00,2.2874,12521.00,0.6305,0.5811,2091,1.6851,3.03,29.25
Ron 88,8.07,86.0,NETRAL,LAYAK,Mineral,45480.90,2.2902,12821.80,0.6456,0.5951,2091,1.6851,3.03,29.25
Ron 88,8.07,86.0,NETRAL,LAYAK,Mineral,45429.70,2.2876,11336.90,0.5709,0.5268,2102,1.6939,2.46,29.19
Ron 88,8.07,86.0,NETRAL,LAYAK,Mineral,45575.40,2.2949,13535.60,0.6816,0.6282,2091,1.6851,3.03,29.25
Ron 88,8.07,86.0,NETRAL,LAYAK,Mineral,45650.50,2.2987,11901.60,0.5993,0.5530,2093,1.6867,2.92,29.19
Ron 88,8.07,86.0,NETRAL,LAYAK,Mineral,45277.60,2.2799,12050.50,0.6068,0.5599,2095,1.6883,2.82,29.19
Ron 88,8.07,86.0,NETRAL,LAYAK,Mineral,45525.70,2.2924,13683.00,0.6890,0.6358,2091,1.6851,3.03,29.19
Ron 88,8.07,86.0,NETRAL,LAYAK,Mineral,45831.40,2.3078,11821.50,0.5953,0.5493,2092,1.6859,2.97,29.19
Ron 88,8.07,86.0,NETRAL,LAYAK,Mineral,45674.60,2.2999,13127.50,0.6610,0.6092,2091,1.6851,3.03,29.25
Ron 88,8.07,86.0,NETRAL,LAYAK,Mineral,45895.40,2.3111,12426.40,0.6257,0.5774,2091,1.6851,3.03,29.19
Ron 88,8.07,86.0,NETRAL,LAYAK,Mineral,45761.00,2.3043,11315.90,0.5698,0.5252,2086,1.6810,3.28,29.25
Ron 88,8.07,86.0,NETRAL,LAYAK,Mineral,45452.10,2.2887,13687.50,0.6892,0.6360,2094,1.6875,2.87,29.19
Ron 88,8.07,86.0,NETRAL,LAYAK,Mineral,45608.90,2.2966,11298.60,0.5689,0.5250,2091,1.6851,3.03,29.19
Ron 88,8.07,86.0,NETRAL,LAYAK,Mineral,45689.00,2.3007,11888.90,0.5987,0.5524,2091,1.6851,3.03,29.19
Ron 88,8.07,86.0,NETRAL,LAYAK,Mineral,45681.00,2.3003,13465.10,0.6780,0.6256,2090,1.6842,3.08,29.19
Ron 88,8.07,86.0,NETRAL,LAYAK,Mineral,45719.40,2.3022,11104.70,0.5592,0.5160,2083,1.6786,3.44,29.19
Ron 88,8.07,86.0,NETRAL,LAYAK,Mineral,45661.70,2.2993,12999.60,0.6546,0.6033,2092,1.6859,2.97,29.25
Ron 88,8.07,86.0,NETRAL,LAYAK,Mineral,45282.50,2.2802,12836.30,0.6464,0.5957,2090,1.6842,3.08,29.25
Oasis,9.31,86.0,BASA,LAYAK,Mineral,42326.80,2.1314,12791.40,0.6441,0.5950,2081,1.6770,3.54,29.13
Oasis,9.31,86.0,BASA,LAYAK,Mineral,42632.40,2.1467,11218.50,0.5649,0.5213,2092,1.6859,2.97,29.19
Oasis,9.31,86.0,BASA,LAYAK,Mineral,42622.80,2.1463,12940.20,0.6516,0.6019,2093,1.6867,2.92,29.13
Oasis,9.31,86.0,BASA,LAYAK,Mineral,42590.80,2.1447,12866.50,0.6479,0.5978,2091,1.6851,3.03,29.19
Oasis,9.31,86.0,BASA,LAYAK,Mineral,42712.40,2.1508,11530.50,0.5806,0.5357,2090,1.6842,3.08,29.19
Oasis,9.31,86.0,BASA,LAYAK,Mineral,42622.80,2.1463,13691.00,0.6894,0.6361,2092,1.6859,2.97,29.19
Oasis,9.31,86.0,BASA,LAYAK,Mineral,42741.20,2.1522,11276.10,0.5678,0.5239,2092,1.6859,2.97,29.19
Oasis,9.31,86.0,BASA,LAYAK,Mineral,42738.00,2.1521,13020.40,0.6556,0.6050,2092,1.6859,2.97,29.19
Oasis,9.31,86.0,BASA,LAYAK,Mineral,42555.60,2.1429,12173.80,0.6130,0.5656,2092,1.6859,2.97,29.19
Oasis,9.31,86.0,BASA,LAYAK,Mineral,42915.60,2.1610,12109.50,0.6098,0.5626,2102,1.6939,2.46,29.19
Oasis,9.31,86.0,BASA,LAYAK,Mineral,42680.40,2.1492,13562.70,0.6829,0.6302,2093,1.6867,2.92,29.19
Oasis,9.31,86.0,BASA,LAYAK,Mineral,42776.40,2.1540,11655.30,0.5869,0.5415,2103,1.6947,2.41,29.19
Oasis,9.31,86.0,BASA,LAYAK,Mineral,42778.00,2.1541,12642.60,0.6366,0.5874,2093,1.6867,2.92,29.19
Oasis,9.31,86.0,BASA,LAYAK,Mineral,42992.40,2.1649,12543.60,0.6316,0.5828,2093,1.6867,2.92,29.19
Oasis,9.31,86.0,BASA,LAYAK,Mineral,42957.20,2.1631,11999.30,0.6042,0.5575,2094,1.6875,2.87,29.19
Oasis,9.31,86.0,BASA,LAYAK,Mineral,42755.60,2.1529,12450.70,0.6270,0.5785,2089,1.6834,3.13,29.19
Oasis,9.31,86.0,BASA,LAYAK,Mineral,43190.80,2.1749,12602.40,0.6346,0.5856,2091,1.6851,3.03,29.19
Oasis,9.31,86.0,BASA,LAYAK,Mineral,43072.40,2.1689,11725.70,0.5904,0.5448,2086,1.6810,3.28,29.19
Oasis,9.31,86.0,BASA,LAYAK,Mineral,43067.60,2.1687,13766.00,0.6932,0.6396,2084,1.6794,3.38,29.19
Oasis,9.31,86.0,BASA,LAYAK,Mineral,43102.80,2.1704,11807.10,0.5945,0.5486,2080,1.6762,3.59,29.19
Oasis,9.31,86.0,BASA,LAYAK,Mineral,42877.20,2.1591,12869.80,0.6481,0.5980,2067,1.6657,4.26,29.19
Oasis,9.31,86.0,BASA,LAYAK,Mineral,43000.40,2.1653,13198.00,0.6646,0.6132,2072,1.6697,4.00,29.19
Oasis,9.31,86.0,BASA,LAYAK,Mineral,42990.80,2.1648,11589.50,0.5836,0.5385,2070,1.6681,4.10,29.19
Oasis,9.31,86.0,BASA,LAYAK,Mineral,43045.20,2.1675,13452.30,0.6774,0.6250,2079,1.6754,3.64,29.19
Oasis,9.31,86.0,BASA,LAYAK,Mineral,43069.20,2.1687,11672.90,0.5878,0.5424,2080,1.6762,3.59,29.19
Oasis,9.31,86.0,BASA,LAYAK,Mineral,42946.00,2.1625,12953.20,0.6523,0.6019,2089,1.6834,3.13,29.19
Oasis,9.31,86.0,BASA,LAYAK,Mineral,42824.40,2.1564,12863.50,0.6477,0.5977,2089,1.6834,3.13,29.19
Oasis,9.31,86.0,BASA,LAYAK,Mineral,42918.80,2.1612,11859.90,0.5972,0.5511,2086,1.6810,3.28,29.19
Oasis,9.31,86.0,BASA,LAYAK,Mineral,42848.40,2.1576,12817.10,0.6454,0.5955,2093,1.6867,2.92,29.19
Oasis,9.31,86.0,BASA,LAYAK,Mineral,43082.00,2.1694,11570.50,0.5826,0.5376,2093,1.6867,2.92,29.19
Oasis,9.31,86.0,BASA,LAYAK,Mineral,43122.00,2.1714,13667.00,0.6882,0.6350,2092,1.6859,2.97,29.19
Oasis,9.31,86.0,BASA,LAYAK,Mineral,43075.60,2.1691,11658.30,0.5871,0.5417,2094,1.6875,2.87,29.19
Oasis,9.31,86.0,BASA,LAYAK,Mineral,42978.00,2.1641,13558.10,0.6827,0.6300,2110,1.7004,2.05,29.19
Oasis,9.31,86.0,BASA,LAYAK,Mineral,43024.40,2.1665,11273.00,0.5676,0.5238,2093,1.6867,2.92,29.19
Oasis,9.31,86.0,BASA,LAYAK,Mineral,43211.60,2.1759,12548.10,0.6319,0.5830,2092,1.6859,2.97,29.19
Oasis,9.31,86.0,BASA,LAYAK,Mineral,42928.40,2.1616,12599.60,0.6344,0.5854,2092,1.6859,2.97,29.19
Oasis,9.31,86.0,BASA,LAYAK,Mineral,42931.60,2.1618,12146.50,0.6116,0.5644,2094,1.6875,2.87,29.19
Oasis,9.31,86.0,BASA,LAYAK,Mineral,42819.60,2.1562,12525.90,0.6307,0.5820,2093,1.6867,2.92,29.19
Oasis,9.31,86.0,BASA,LAYAK,Mineral,43371.60,2.1840,12687.30,0.6389,0.5895,2091,1.6851,3.03,29.19
Oasis,9.31,86.0,BASA,LAYAK,Mineral,43176.40,2.1741,11299.90,0.5690,0.5250,2092,1.6859,2.97,29.19
Oasis,9.31,86.0,BASA,LAYAK,Mineral,43016.40,2.1661,13828.30,0.6963,0.6425,2089,1.6834,3.13,29.19
Oasis,9.31,86.0,BASA,LAYAK,Mineral,43062.80,2.1684,11263.10,0.5672,0.5233,2093,1.6867,2.92,29.19
Oasis,9.31,86.0,BASA,LAYAK,Mineral,43174.80,2.1741,12519.50,0.6304,0.5817,2092,1.6859,2.97,29.19
Oasis,9.31,86.0,BASA,LAYAK,Mineral,43077.20,2.1691,12682.40,0.6386,0.5893,2092,1.6859,2.97,29.19
Oasis,9.31,86.0,BASA,LAYAK,Mineral,43382.80,2.1845,11285.60,0.5683,0.5244,2092,1.6859,2.97,29.19
Oasis,9.31,86.0,BASA,LAYAK,Mineral,43149.20,2.1728,13689.30,0.6893,0.6361,2090,1.6842,3.08,29.19
Oasis,9.31,86.0,BASA,LAYAK,Mineral,43195.60,2.1751,11266.30,0.5673,0.5235,2098,1.6907,2.67,29.19
Oasis,9.31,86.0,BASA,LAYAK,Mineral,43411.60,2.1860,13217.10,0.6655,0.6141,2092,1.6859,2.97,29.19
Oasis,9.31,86.0,BASA,LAYAK,Mineral,43013.20,2.1659,12439.40,0.6264,0.5780,2092,1.6859,2.97,29.19
Oasis,9.31,86.0,BASA,LAYAK,Mineral,43174.80,2.1741,12203.90,0.6145,0.5670,2080,1.6762,3.59,29.19
Oasis,9.31,86.0,BASA,LAYAK,Mineral,43253.20,2.1780,12669.80,0.6380,0.5887,2091,1.6851,3.03,29.19
Oasis,9.31,86.0,BASA,LAYAK,Mineral,43494.80,2.1902,12760.80,0.6426,0.5929,2101,1.6931,2.51,29.19
Oasis,9.31,86.0,BASA,LAYAK,Mineral,43339.60,2.1824,13114.80,0.6604,0.6094,2092,1.6859,2.97,29.19
Oasis,9.31,86.0,BASA,LAYAK,Mineral,43114.00,2.1710,12898.50,0.6495,0.5993,2092,1.6859,2.97,29.19
Oasis,9.31,86.0,BASA,LAYAK,Mineral,43275.60,2.1791,11436.10,0.5759,0.5314,2092,1.6859,2.97,29.19
Oasis,9.31,86.0,BASA,LAYAK,Mineral,43157.20,2.1732,13825.40,0.6962,0.6424,2092,1.6859,2.97,29.19
Oasis,9.31,86.0,BASA,LAYAK,Mineral,43464.40,2.1886,11181.50,0.5630,0.5195,2090,1.6842,3.08,29.19
Oasis,9.31,86.0,BASA,LAYAK,Mineral,43640.40,2.1975,12759.40,0.6425,0.5928,2093,1.6867,2.92,29.19
Oasis,9.31,86.0,BASA,LAYAK,Mineral,43104.40,2.1705,12634.80,0.6362,0.5871,2093,1.6867,2.92,29.19
Oasis,9.31,86.0,BASA,LAYAK,Mineral,43248.40,2.1778,12114.50,0.6100,0.5629,2094,1.6875,2.87,29.19
Oasis,9.31,86.0,BASA,LAYAK,Mineral,43368.40,2.1838,12974.00,0.6533,0.6028,2091,1.6851,3.03,29.19
Oasis,9.31,86.0,BASA,LAYAK,Mineral,43400.40,2.1854,13020.30,0.6556,0.6050,2092,1.6859,2.97,29.19
Oasis,9.31,86.0,BASA,LAYAK,Mineral,42958.80,2.1632,11349.60,0.5715,0.5273,2091,1.6851,3.03,29.19
Oasis,9.31,86.0,BASA,LAYAK,Mineral,43491.60,2.1900,12257.00,0.6172,0.5695,2092,1.6859,2.97,29.19
Oasis,9.31,86.0,BASA,LAYAK,Mineral,43317.20,2.1812,12200.90,0.6144,0.5669,2091,1.6851,3.03,29.19
Oasis,9.31,86.0,BASA,LAYAK,Mineral,43178.00,2.1742,12653.90,0.6372,0.5879,2105,1.6963,2.31,29.19
Oasis,9.31,86.0,BASA,LAYAK,Mineral,43398.80,2.1853,12882.50,0.6487,0.5986,2091,1.6851,3.03,29.19
Oasis,9.31,86.0,BASA,LAYAK,Mineral,43307.60,2.1807,12061.60,0.6074,0.5604,2091,1.6851,3.03,29.19
Oasis,9.31,86.0,BASA,LAYAK,Mineral,43442.00,2.1875,12998.10,0.6545,0.6039,2091,1.6851,3.03,29.19
Oasis,9.31,86.0,BASA,LAYAK,Mineral,43563.60,2.1936,12833.10,0.6462,0.5963,2091,1.6851,3.03,29.19
Oasis,9.31,86.0,BASA,LAYAK,Mineral,43454.80,2.1882,11394.30,0.5738,0.5294,2093,1.6867,2.92,29.19
Oasis,9.31,86.0,BASA,LAYAK,Mineral,43261.20,2.1784,13828.30,0.6963,0.6425,2094,1.6875,2.87,29.19
Oasis,9.31,86.0,BASA,LAYAK,Mineral,43534.80,2.1922,11258.30,0.5669,0.5231,2093,1.6867,2.92,29.19
Oasis,9.31,86.0,BASA,LAYAK,Mineral,43427.60,2.1868,13811.00,0.6954,0.6417,2092,1.6859,2.97,29.19
Oasis,9.31,86.0,BASA,LAYAK,Mineral,43141.20,2.1724,11243.90,0.5662,0.5224,2090,1.6842,3.08,29.19
Oasis,9.31,86.0,BASA,LAYAK,Mineral,43264.40,2.1786,12783.40,0.6437,0.5940,2091,1.6851,3.03,29.19
Oasis,9.31,86.0,BASA,LAYAK,Mineral,43179.60,2.1743,12769.10,0.6430,0.5933,2092,1.6859,2.97,29.19
Oasis,9.31,86.0,BASA,LAYAK,Mineral,43400.40,2.1854,12068.10,0.6077,0.5607,2093,1.6867,2.92,29.19
Oasis,9.31,86.0,BASA,LAYAK,Mineral,43275.60,2.1791,12738.80,0.6415,0.5919,2092,1.6859,2.97,29.19
Oasis,9.31,86.0,BASA,LAYAK,Mineral,43499.60,2.1904,12927.50,0.6510,0.6007,2093,1.6867,2.92,29.19
Oasis,9.31,86.0,BASA,LAYAK,Mineral,43406.80,2.1857,11431.20,0.5756,0.5311,2080,1.6762,3.59,29.19
Oasis,9.31,86.0,BASA,LAYAK,Mineral,43037.20,2.1671,13809.40,0.6954,0.6416,2090,1.6842,3.08,29.19
Oasis,9.31,86.0,BASA,LAYAK,Mineral,43427.60,2.1868,12050.40,0.6068,0.5599,2091,1.6851,3.03,29.19
Oasis,9.31,86.0,BASA,LAYAK,Mineral,43051.60,2.1679,12455.30,0.6272,0.5787,2092,1.6859,2.97,29.19
Oasis,9.31,86.0,BASA,LAYAK,Mineral,43238.80,2.1773,12860.10,0.6476,0.5975,2093,1.6867,2.92,29.19
Oasis,9.31,86.0,BASA,LAYAK,Mineral,43394.00,2.1851,11562.50,0.5822,0.5372,2094,1.6875,2.87,29.19
Oasis,9.31,86.0,BASA,LAYAK,Mineral,43243.60,2.1775,13698.90,0.6898,0.6365,2092,1.6859,2.97,29.19
Oasis,9.31,86.0,BASA,LAYAK,Mineral,43312.40,2.1810,11532.20,0.5807,0.5358,2093,1.6867,2.92,29.19
Oasis,9.31,86.0,BASA,LAYAK,Mineral,43224.40,2.1766,12964.40,0.6528,0.6024,2091,1.6851,3.03,29.19
Oasis,9.31,86.0,BASA,LAYAK,Mineral,43464.40,2.1886,12449.00,0.6269,0.5784,2093,1.6867,2.92,29.19
Oasis,9.31,86.0,BASA,LAYAK,Mineral,43346.00,2.1827,12020.10,0.6053,0.5585,2106,1.6971,2.26,29.19
Oasis,9.31,86.0,BASA,LAYAK,Mineral,43166.80,2.1737,12524.30,0.6307,0.5819,2092,1.6859,2.97,29.19
Oasis,9.31,86.0,BASA,LAYAK,Mineral,43422.80,2.1865,12877.70,0.6485,0.5983,2093,1.6867,2.92,29.19
Oasis,9.31,86.0,BASA,LAYAK,Mineral,43118.80,2.1712,12067.90,0.6077,0.5607,2092,1.6859,2.97,29.19
Oasis,9.31,86.0,BASA,LAYAK,Mineral,43099.60,2.1703,13535.50,0.6816,0.6289,2095,1.6883,2.82,29.19
Oasis,9.31,86.0,BASA,LAYAK,Mineral,43062.80,2.1684,11522.40,0.5802,0.5354,2091,1.6851,3.03,29.19
Oasis,9.31,86.0,BASA,LAYAK,Mineral,43266.00,2.1786,13023.40,0.6558,0.6051,2111,1.7012,2.00,29.19
Oasis,9.31,86.0,BASA,LAYAK,Mineral,43253.20,2.1780,12735.30,0.6413,0.5917,2093,1.6867,2.92,29.19
Oasis,9.31,86.0,BASA,LAYAK,Mineral,43382.80,2.1845,11788.00,0.5936,0.5471,2089,1.6834,3.13,29.25
Oasis,9.31,86.0,BASA,LAYAK,Mineral,43160.40,2.1733,13596.30,0.6846,0.6317,2091,1.6851,3.03,29.19
Oasis,9.31,86.0,BASA,LAYAK,Mineral,43184.40,2.1745,11717.80,0.5900,0.5444,2088,1.6826,3.18,29.19
Oasis,9.31,86.0,BASA,LAYAK,Mineral,43363.60,2.1836,12783.50,0.6437,0.5940,2092,1.6859,2.97,29.19
Oasis,9.31,86.0,BASA,LAYAK,Mineral,43346.00,2.1827,12700.40,0.6395,0.5901,2091,1.6851,3.03,29.19
Oasis,9.31,86.0,BASA,LAYAK,Mineral,43394.00,2.1851,11296.90,0.5689,0.5249,2091,1.6851,3.03,29.19
Oasis,9.31,86.0,BASA,LAYAK,Mineral,43067.60,2.1687,12993.10,0.6543,0.6037,2091,1.6851,3.03,29.19
Oasis,9.31,86.0,BASA,LAYAK,Mineral,43061.20,2.1683,12018.20,0.6052,0.5584,2091,1.6851,3.03,29.19
Oasis,9.31,86.0,BASA,LAYAK,Mineral,43282.00,2.1795,12568.90,0.6329,0.5840,2090,1.6842,3.08,29.19
Oasis,9.31,86.0,BASA,LAYAK,Mineral,43432.40,2.1870,12826.70,0.6459,0.5960,2091,1.6851,3.03,29.19
Oasis,9.31,86.0,BASA,LAYAK,Mineral,43592.40,2.1951,11892.10,0.5988,0.5525,2090,1.6842,3.08,29.19
Oasis,9.31,86.0,BASA,LAYAK,Mineral,43285.20,2.1796,12607.70,0.6349,0.5858,2093,1.6867,2.92,29.19
Oasis,9.31,86.0,BASA,LAYAK,Mineral,43198.80,2.1753,12810.70,0.6451,0.5952,2088,1.6826,3.18,29.19
Oasis,9.31,86.0,BASA,LAYAK,Mineral,43512.40,2.1911,11336.80,0.5709,0.5267,2092,1.6859,2.97,29.19
Oasis,9.31,86.0,BASA,LAYAK,Mineral,43158.80,2.1733,13690.90,0.6894,0.6361,2106,1.6971,2.26,29.19
Oasis,9.31,86.0,BASA,LAYAK,Mineral,43485.20,2.1897,12096.70,0.6091,0.5621,2090,1.6842,3.08,29.19
Oasis,9.31,86.0,BASA,LAYAK,Mineral,43230.80,2.1769,12524.10,0.6306,0.5819,2112,1.7020,1.95,29.19
Oasis,9.31,86.0,BASA,LAYAK,Mineral,43456.40,2.1882,12877.90,0.6485,0.5977,2090,1.6842,3.08,29.25
Oasis,9.31,86.0,BASA,LAYAK,Mineral,43264.40,2.1786,11317.60,0.5699,0.5259,2091,1.6851,3.03,29.19
Oasis,9.31,86.0,BASA,LAYAK,Mineral,43259.60,2.1783,13618.70,0.6858,0.6328,2091,1.6851,3.03,29.19
Oasis,9.31,86.0,BASA,LAYAK,Mineral,43299.60,2.1803,11313.00,0.5697,0.5256,2092,1.6859,2.97,29.19
Oasis,9.31,86.0,BASA,LAYAK,Mineral,43386.00,2.1847,12447.30,0.6268,0.5783,2091,1.6851,3.03,29.19
Oasis,9.31,86.0,BASA,LAYAK,Mineral,43394.00,2.1851,12903.40,0.6497,0.5995,2090,1.6842,3.08,29.19
Oasis,9.31,86.0,BASA,LAYAK,Mineral,43203.60,2.1755,11608.80,0.5846,0.5394,2092,1.6859,2.97,29.19
Oasis,9.31,86.0,BASA,LAYAK,Mineral,43416.40,2.1862,13098.60,0.6596,0.6086,2088,1.6826,3.18,29.19
Oasis,9.31,86.0,BASA,LAYAK,Mineral,43222.80,2.1765,12650.50,0.6370,0.5878,2091,1.6851,3.03,29.19
Oasis,9.31,86.0,BASA,LAYAK,Mineral,43579.60,2.1944,11644.00,0.5863,0.5410,2092,1.6859,2.97,29.19
Oasis,9.31,86.0,BASA,LAYAK,Mineral,43397.20,2.1853,13687.70,0.6892,0.6360,2093,1.6867,2.92,29.19
Oasis,9.31,86.0,BASA,LAYAK,Mineral,43302.80,2.1805,12120.90,0.6103,0.5632,2092,1.6859,2.97,29.19
Oasis,9.31,86.0,BASA,LAYAK,Mineral,43232.40,2.1770,12686.00,0.6388,0.5894,2086,1.6810,3.28,29.19
Oasis,9.31,86.0,BASA,LAYAK,Mineral,43418.00,2.1863,12837.90,0.6464,0.5965,2093,1.6867,2.92,29.19
Oasis,9.31,86.0,BASA,LAYAK,Mineral,43203.60,2.1755,11288.70,0.5684,0.5245,2092,1.6859,2.97,29.19
Oasis,9.31,86.0,BASA,LAYAK,Mineral,43256.40,2.1782,13700.50,0.6899,0.6366,2086,1.6810,3.28,29.19
Oasis,9.31,86.0,BASA,LAYAK,Mineral,43502.80,2.1906,11316.00,0.5698,0.5258,2089,1.6834,3.13,29.19
Oasis,9.31,86.0,BASA,LAYAK,Mineral,43286.80,2.1797,13097.20,0.6595,0.6085,2112,1.7020,1.95,29.19
Oasis,9.31,86.0,BASA,LAYAK,Mineral,43238.80,2.1773,12215.40,0.6151,0.5676,2098,1.6907,2.67,29.19
Oasis,9.31,86.0,BASA,LAYAK,Mineral,43190.80,2.1749,12139.90,0.6113,0.5641,2091,1.6851,3.03,29.19
Oasis,9.31,86.0,BASA,LAYAK,Mineral,43189.20,2.1748,12775.50,0.6433,0.5936,2093,1.6867,2.92,29.19
Oasis,9.31,86.0,BASA,LAYAK,Mineral,43418.00,2.1863,11543.30,0.5813,0.5357,2091,1.6851,3.03,29.25
Oasis,9.31,86.0,BASA,LAYAK,Mineral,43464.40,2.1886,13417.10,0.6756,0.6234,2093,1.6867,2.92,29.19
Oasis,9.31,86.0,BASA,LAYAK,Mineral,43621.20,2.1965,13387.00,0.6741,0.6220,2092,1.6859,2.97,29.19
Oasis,9.31,86.0,BASA,LAYAK,Mineral,43368.40,2.1838,12143.20,0.6115,0.5642,2091,1.6851,3.03,29.19
Oasis,9.31,86.0,BASA,LAYAK,Mineral,43278.80,2.1793,13724.60,0.6911,0.6377,2092,1.6859,2.97,29.19
Oasis,9.31,86.0,BASA,LAYAK,Mineral,43171.60,2.1739,12306.30,0.6197,0.5718,2091,1.6851,3.03,29.19
Oasis,9.31,86.0,BASA,LAYAK,Mineral,43346.00,2.1827,13162.90,0.6628,0.6116,2093,1.6867,2.92,29.19
Oasis,9.31,86.0,BASA,LAYAK,Mineral,43134.80,2.1720,13186.70,0.6640,0.6127,2091,1.6851,3.03,29.19
Oasis,9.31,86.0,BASA,LAYAK,Mineral,43522.00,2.1915,12424.90,0.6257,0.5773,2093,1.6867,2.92,29.19
Oasis,9.31,86.0,BASA,LAYAK,Mineral,43280.40,2.1794,13001.00,0.6547,0.6041,2093,1.6867,2.92,29.19
Oasis,9.31,86.0,BASA,LAYAK,Mineral,43398.80,2.1853,13282.80,0.6689,0.6172,2097,1.6899,2.72,29.19
Oasis,9.31,86.0,BASA,LAYAK,Mineral,43725.20,2.2018,13657.30,0.6877,0.6338,2092,1.6859,2.97,29.25
Oasis,9.31,86.0,BASA,LAYAK,Mineral,43250.00,2.1778,12882.80,0.6487,0.5986,2094,1.6875,2.87,29.19
Oasis,9.31,86.0,BASA,LAYAK,Mineral,43536.40,2.1923,11989.50,0.6037,0.5571,2091,1.6851,3.03,29.19
Oasis,9.31,86.0,BASA,LAYAK,Mineral,43530.00,2.1919,13897.30,0.6998,0.6457,2092,1.6859,2.97,29.19
Oasis,9.31,86.0,BASA,LAYAK,Mineral,43350.80,2.1829,12863.50,0.6477,0.5977,2094,1.6875,2.87,29.19
Oasis,9.31,86.0,BASA,LAYAK,Mineral,43251.60,2.1779,11669.50,0.5876,0.5422,2093,1.6867,2.92,29.19
Oasis,9.31,86.0,BASA,LAYAK,Mineral,43110.80,2.1708,14444.60,0.7274,0.6711,2092,1.6859,2.97,29.19
Oasis,9.31,86.0,BASA,LAYAK,Mineral,43432.40,2.1870,11469.50,0.5775,0.5329,2093,1.6867,2.92,29.19
Oasis,9.31,86.0,BASA,LAYAK,Mineral,43333.20,2.1820,13846.10,0.6972,0.6433,2090,1.6842,3.08,29.19
Oasis,9.31,86.0,BASA,LAYAK,Mineral,43267.60,2.1787,12812.40,0.6452,0.5953,2090,1.6842,3.08,29.19
Oasis,9.31,86.0,BASA,LAYAK,Mineral,43328.40,2.1818,12373.70,0.6231,0.5749,2090,1.6842,3.08,29.19
Oasis,9.31,86.0,BASA,LAYAK,Mineral,43256.40,2.1782,12684.00,0.6387,0.5893,2087,1.6818,3.23,29.19
Oasis,9.31,86.0,BASA,LAYAK,Mineral,43222.80,2.1765,12567.40,0.6328,0.5839,2090,1.6842,3.08,29.19
Oasis,9.31,86.0,BASA,LAYAK,Mineral,43363.60,2.1836,13919.70,0.7009,0.6468,2091,1.6851,3.03,29.19
Oasis,9.31,86.0,BASA,LAYAK,Mineral,43197.20,2.1752,13823.60,0.6961,0.6423,2092,1.6859,2.97,29.19
Oasis,9.31,86.0,BASA,LAYAK,Mineral,43272.40,2.1790,12757.80,0.6424,0.5928,2088,1.6826,3.18,29.19
Oasis,9.31,86.0,BASA,LAYAK,Mineral,43267.60,2.1787,15577.70,0.7844,0.7238,2089,1.6834,3.13,29.19
Oasis,9.31,86.0,BASA,LAYAK,Mineral,42926.80,2.1616,11853.40,0.5969,0.5508,2091,1.6851,3.03,29.19
Oasis,9.31,86.0,BASA,LAYAK,Mineral,43424.40,2.1866,14684.70,0.7394,0.6823,2091,1.6851,3.03,29.19
Oasis,9.31,86.0,BASA,LAYAK,Mineral,43227.60,2.1767,13377.10,0.6736,0.6215,2090,1.6842,3.08,29.19
Oasis,9.31,86.0,BASA,LAYAK,Mineral,43362.00,2.1835,13076.30,0.6585,0.6076,2091,1.6851,3.03,29.19
Oasis,9.31,86.0,BASA,LAYAK,Mineral,43374.80,2.1841,15095.80,0.7601,0.7014,2092,1.6859,2.97,29.19
Oasis,9.31,86.0,BASA,LAYAK,Mineral,43371.60,2.1840,12289.10,0.6188,0.5710,2091,1.6851,3.03,29.19
Oasis,9.31,86.0,BASA,LAYAK,Mineral,43256.40,2.1782,14318.40,0.7210,0.6653,2090,1.6842,3.08,29.19
Oasis,9.31,86.0,BASA,LAYAK,Mineral,43110.80,2.1708,14003.10,0.7051,0.6506,2090,1.6842,3.08,29.19
Oasis,9.31,86.0,BASA,LAYAK,Mineral,43338.00,2.1823,13079.50,0.6586,0.6077,2093,1.6867,2.92,29.19
Oasis,9.31,86.0,BASA,LAYAK,Mineral,43107.60,2.1707,13836.50,0.6967,0.6429,2078,1.6746,3.69,29.19
Oasis,9.31,86.0,BASA,LAYAK,Mineral,43326.80,2.1817,14238.20,0.7170,0.6616,2091,1.6851,3.03,29.19
Oasis,9.31,86.0,BASA,LAYAK,Mineral,43080.40,2.1693,12058.50,0.6072,0.5603,2092,1.6859,2.97,29.19
Oasis,9.31,86.0,BASA,LAYAK,Mineral,43184.40,2.1745,15413.10,0.7761,0.7161,2091,1.6851,3.03,29.19
Oasis,9.31,86.0,BASA,LAYAK,Mineral,43307.60,2.1807,11947.90,0.6016,0.5551,2092,1.6859,2.97,29.19
Oasis,9.31,86.0,BASA,LAYAK,Mineral,43232.40,2.1770,14337.40,0.7220,0.6662,2112,1.7020,1.95,29.19
Oasis,9.31,86.0,BASA,LAYAK,Mineral,43362.00,2.1835,14246.20,0.7174,0.6619,2090,1.6842,3.08,29.19
Oasis,9.31,86.0,BASA,LAYAK,Mineral,43384.40,2.1846,12290.50,0.6189,0.5711,2090,1.6842,3.08,29.19
Oasis,9.31,86.0,BASA,LAYAK,Mineral,43138.00,2.1722,15230.50,0.7669,0.7077,2092,1.6859,2.97,29.19
Oasis,9.31,86.0,BASA,LAYAK,Mineral,43371.60,2.1840,12370.50,0.6229,0.5748,2087,1.6818,3.23,29.19
Oasis,9.31,86.0,BASA,LAYAK,Mineral,43051.60,2.1679,12809.20,0.6450,0.5952,2092,1.6859,2.97,29.19
Oasis,9.31,86.0,BASA,LAYAK,Mineral,43269.20,2.1788,14815.90,0.7461,0.6884,2091,1.6851,3.03,29.19
Oasis,9.31,86.0,BASA,LAYAK,Mineral,43000.40,2.1653,11619.90,0.5851,0.5399,2092,1.6859,2.97,29.19
Oasis,9.31,86.0,BASA,LAYAK,Mineral,43171.60,2.1739,13991.80,0.7046,0.6501,2092,1.6859,2.97,29.19
Oasis,9.31,86.0,BASA,LAYAK,Mineral,43253.20,2.1780,14209.40,0.7155,0.6602,2090,1.6842,3.08,29.19
Oasis,9.31,86.0,BASA,LAYAK,Mineral,43352.40,2.1830,12812.30,0.6452,0.5953,2092,1.6859,2.97,29.19
Oasis,9.31,86.0,BASA,LAYAK,Mineral,43189.20,2.1748,14198.40,0.7150,0.6597,2091,1.6851,3.03,29.19
Oasis,9.31,86.0,BASA,LAYAK,Mineral,43435.60,2.1872,13255.60,0.6675,0.6159,2090,1.6842,3.08,29.19
Oasis,9.31,86.0,BASA,LAYAK,Mineral,43213.20,2.1760,11938.30,0.6012,0.5547,2111,1.7012,2.00,29.19
Oasis,9.31,86.0,BASA,LAYAK,Mineral,43374.80,2.1841,15280.10,0.7694,0.7100,2092,1.6859,2.97,29.19
Oasis,9.31,86.0,BASA,LAYAK,Mineral,43432.40,2.1870,11699.90,0.5891,0.5436,2092,1.6859,2.97,29.19
Oasis,9.31,86.0,BASA,LAYAK,Mineral,43072.40,2.1689,14484.70,0.7294,0.6738,2092,1.6859,2.97,29.13
Oasis,9.31,86.0,BASA,LAYAK,Mineral,43150.80,2.1728,13556.50,0.6826,0.6299,2092,1.6859,2.97,29.19
Oasis,9.31,86.0,BASA,LAYAK,Mineral,43453.20,2.1881,12946.70,0.6519,0.6015,2092,1.6859,2.97,29.19
Oasis,9.31,86.0,BASA,LAYAK,Mineral,43482.00,2.1895,13641.20,0.6869,0.6338,2081,1.6770,3.54,29.19
Oasis,9.31,86.0,BASA,LAYAK,Mineral,43109.20,2.1708,14246.40,0.7174,0.6619,2092,1.6859,2.97,29.19
Oasis,9.31,86.0,BASA,LAYAK,Mineral,43131.60,2.1719,11941.50,0.6013,0.5548,2091,1.6851,3.03,29.19
Aquaviva,8.29,106.0,NETRAL,LAYAK,Mineral,44423.30,2.2369,12436.20,0.6262,0.5798,2098,1.6907,2.67,29.00
Aquaviva,8.29,106.0,NETRAL,LAYAK,Mineral,44364.10,2.2339,14171.00,0.7136,0.6607,2097,1.6899,2.72,29.00
Aquaviva,8.29,106.0,NETRAL,LAYAK,Mineral,44530.50,2.2423,13126.10,0.6610,0.6120,2100,1.6923,2.56,29.00
Aquaviva,8.29,106.0,NETRAL,LAYAK,Mineral,44220.00,2.2267,14784.00,0.7444,0.6893,2096,1.6891,2.77,29.00
Aquaviva,8.29,106.0,NETRAL,LAYAK,Mineral,44437.70,2.2377,13474.70,0.6785,0.6283,2097,1.6899,2.72,29.00
Aquaviva,8.29,106.0,NETRAL,LAYAK,Mineral,44655.30,2.2486,13270.10,0.6682,0.6180,2098,1.6907,2.67,29.06
Aquaviva,8.29,106.0,NETRAL,LAYAK,Mineral,44527.30,2.2422,14607.80,0.7356,0.6803,2084,1.6794,3.38,29.06
Aquaviva,8.29,106.0,NETRAL,LAYAK,Mineral,44556.20,2.2436,13660.30,0.6879,0.6369,2098,1.6907,2.67,29.00
Aquaviva,8.29,106.0,NETRAL,LAYAK,Mineral,44450.50,2.2383,13092.30,0.6593,0.6097,2098,1.6907,2.67,29.06
Aquaviva,8.29,106.0,NETRAL,LAYAK,Mineral,44412.10,2.2364,14907.10,0.7506,0.6942,2098,1.6907,2.67,29.06
Aquaviva,8.29,106.0,NETRAL,LAYAK,Mineral,44096.80,2.2205,14598.40,0.7351,0.6799,2099,1.6915,2.62,29.06
Aquaviva,8.29,106.0,NETRAL,LAYAK,Mineral,44394.40,2.2355,12735.30,0.6413,0.5931,2100,1.6923,2.56,29.06
Aquaviva,8.29,106.0,NETRAL,LAYAK,Mineral,44279.30,2.2297,14851.20,0.7478,0.6916,2097,1.6899,2.72,29.06
Aquaviva,8.29,106.0,NETRAL,LAYAK,Mineral,44698.50,2.2508,14196.50,0.7149,0.6611,2100,1.6923,2.56,29.06
Aquaviva,8.29,106.0,NETRAL,LAYAK,Mineral,44444.00,2.2380,12266.30,0.6177,0.5713,2098,1.6907,2.67,29.06
Aquaviva,8.29,106.0,NETRAL,LAYAK,Mineral,44576.90,2.2447,15720.10,0.7916,0.7321,2098,1.6907,2.67,29.06
Aquaviva,8.29,106.0,NETRAL,LAYAK,Mineral,44706.50,2.2512,13527.60,0.6812,0.6300,2100,1.6923,2.56,29.06
Aquaviva,8.29,106.0,NETRAL,LAYAK,Mineral,44525.60,2.2421,12370.50,0.6229,0.5761,2098,1.6907,2.67,29.06
Aquaviva,8.29,106.0,NETRAL,LAYAK,Mineral,44650.50,2.2484,15619.60,0.7865,0.7274,2100,1.6923,2.56,29.06
Aquaviva,8.29,106.0,NETRAL,LAYAK,Mineral,44415.20,2.2365,12450.70,0.6270,0.5798,2116,1.7052,1.74,29.06
Aquaviva,8.29,106.0,NETRAL,LAYAK,Mineral,44759.40,2.2538,15020.90,0.7564,0.6995,2098,1.6907,2.67,29.06
Aquaviva,8.29,106.0,NETRAL,LAYAK,Mineral,44732.10,2.2525,13716.30,0.6907,0.6388,2107,1.6979,2.21,29.06
Aquaviva,8.29,106.0,NETRAL,LAYAK,Mineral,44764.10,2.2541,13143.50,0.6618,0.6121,2096,1.6891,2.77,29.06
Aquaviva,8.29,106.0,NETRAL,LAYAK,Mineral,44325.60,2.2320,14740.80,0.7423,0.6873,2097,1.6899,2.72,29.00
Aquaviva,8.29,106.0,NETRAL,LAYAK,Mineral,44453.60,2.2385,13630.10,0.6863,0.6348,2097,1.6899,2.72,29.06
Aquaviva,8.29,106.0,NETRAL,LAYAK,Mineral,44663.20,2.2490,13303.70,0.6699,0.6196,2097,1.6899,2.72,29.06
Aquaviva,8.29,106.0,NETRAL,LAYAK,Mineral,44701.70,2.2509,14886.40,0.7496,0.6941,2100,1.6923,2.56,29.00
Aquaviva,8.29,106.0,NETRAL,LAYAK,Mineral,44984.90,2.2652,14639.80,0.7372,0.6818,2098,1.6907,2.67,29.06
Aquaviva,8.29,106.0,NETRAL,LAYAK,Mineral,44556.00,2.2436,12067.80,0.6077,0.5620,2099,1.6915,2.62,29.06
Aquaviva,8.29,106.0,NETRAL,LAYAK,Mineral,44573.60,2.2445,14255.80,0.7178,0.6639,2095,1.6883,2.82,29.06
Aquaviva,8.29,106.0,NETRAL,LAYAK,Mineral,44618.40,2.2467,14436.80,0.7270,0.6723,2099,1.6915,2.62,29.06
Aquaviva,8.29,106.0,NETRAL,LAYAK,Mineral,44788.10,2.2553,13028.30,0.6560,0.6067,2099,1.6915,2.62,29.06
Aquaviva,8.29,106.0,NETRAL,LAYAK,Mineral,44634.50,2.2476,14036.40,0.7068,0.6537,2098,1.6907,2.67,29.06
Aquaviva,8.29,106.0,NETRAL,LAYAK,Mineral,44961.00,2.2640,14531.20,0.7317,0.6767,2099,1.6915,2.62,29.06
Aquaviva,8.29,106.0,NETRAL,LAYAK,Mineral,45073.00,2.2696,12820.10,0.6456,0.5970,2099,1.6915,2.62,29.06
Aquaviva,8.29,106.0,NETRAL,LAYAK,Mineral,44549.60,2.2433,14947.20,0.7527,0.6961,2099,1.6915,2.62,29.06
Aquaviva,8.29,106.0,NETRAL,LAYAK,Mineral,44783.20,2.2550,14374.10,0.7238,0.6694,2098,1.6907,2.67,29.06
Aquaviva,8.29,106.0,NETRAL,LAYAK,Mineral,44549.60,2.2433,12255.10,0.6171,0.5707,2100,1.6923,2.56,29.06
Aquaviva,8.29,106.0,NETRAL,LAYAK,Mineral,44770.40,2.2544,15683.30,0.7897,0.7304,2099,1.6915,2.62,29.06
Aquaviva,8.29,106.0,NETRAL,LAYAK,Mineral,44692.00,2.2505,13194.90,0.6644,0.6152,2086,1.6810,3.28,29.00
Aquaviva,8.29,106.0,NETRAL,LAYAK,Mineral,44757.70,2.2538,14767.80,0.7436,0.6877,2096,1.6891,2.77,29.06
Aquaviva,8.29,106.0,NETRAL,LAYAK,Mineral,44616.80,2.2467,13413.90,0.6755,0.6247,2096,1.6891,2.77,29.06
Aquaviva,8.29,106.0,NETRAL,LAYAK,Mineral,44967.30,2.2643,12967.50,0.6530,0.6039,2097,1.6899,2.72,29.06
Aquaviva,8.29,106.0,NETRAL,LAYAK,Mineral,44746.40,2.2532,13844.50,0.6971,0.6448,2100,1.6923,2.56,29.06
Aquaviva,8.29,106.0,NETRAL,LAYAK,Mineral,44756.00,2.2537,13497.30,0.6797,0.6286,2098,1.6907,2.67,29.06
Aquaviva,8.29,106.0,NETRAL,LAYAK,Mineral,45016.90,2.2668,12913.10,0.6502,0.6014,2097,1.6899,2.72,29.06
Aquaviva,8.29,106.0,NETRAL,LAYAK,Mineral,45249.00,2.2785,13543.70,0.6820,0.6307,2097,1.6899,2.72,29.06
Aquaviva,8.29,106.0,NETRAL,LAYAK,Mineral,44957.60,2.2638,13913.20,0.7006,0.6480,2097,1.6899,2.72,29.06
Aquaviva,8.29,106.0,NETRAL,LAYAK,Mineral,44964.10,2.2642,12295.30,0.6191,0.5726,2100,1.6923,2.56,29.06
Aquaviva,8.29,106.0,NETRAL,LAYAK,Mineral,44981.70,2.2650,13777.20,0.6937,0.6416,2099,1.6915,2.62,29.06
Aquaviva,8.29,106.0,NETRAL,LAYAK,Mineral,45223.40,2.2772,12837.80,0.6464,0.5979,2100,1.6923,2.56,29.06
Aquaviva,8.29,106.0,NETRAL,LAYAK,Mineral,44852.10,2.2585,13836.60,0.6967,0.6444,2099,1.6915,2.62,29.06
Aquaviva,8.29,106.0,NETRAL,LAYAK,Mineral,45024.80,2.2672,13849.40,0.6974,0.6450,2097,1.6899,2.72,29.06
Aquaviva,8.29,106.0,NETRAL,LAYAK,Mineral,45015.20,2.2667,12339.90,0.6214,0.5747,2099,1.6915,2.62,29.06
Aquaviva,8.29,106.0,NETRAL,LAYAK,Mineral,45184.90,2.2753,14694.40,0.7399,0.6843,2100,1.6923,2.56,29.06
Aquaviva,8.29,106.0,NETRAL,LAYAK,Mineral,45271.40,2.2796,13666.90,0.6882,0.6365,2100,1.6923,2.56,29.06
Aquaviva,8.29,106.0,NETRAL,LAYAK,Mineral,44845.60,2.2582,12328.80,0.6208,0.5742,2098,1.6907,2.67,29.06
Aquaviva,8.29,106.0,NETRAL,LAYAK,Mineral,44999.20,2.2659,14609.60,0.7357,0.6804,2097,1.6899,2.72,29.06
Aquaviva,8.29,106.0,NETRAL,LAYAK,Mineral,45151.30,2.2736,13353.00,0.6724,0.6219,2098,1.6907,2.67,29.06
Aquaviva,8.29,106.0,NETRAL,LAYAK,Mineral,45305.00,2.2813,14050.80,0.7075,0.6544,2096,1.6891,2.77,29.06
Aquaviva,8.29,106.0,NETRAL,LAYAK,Mineral,44701.60,2.2509,13132.10,0.6613,0.6116,2098,1.6907,2.67,29.06
Aquaviva,8.29,106.0,NETRAL,LAYAK,Mineral,45237.80,2.2779,12890.70,0.6491,0.6003,2099,1.6915,2.62,29.06
Aquaviva,8.29,106.0,NETRAL,LAYAK,Mineral,45100.10,2.2710,13537.10,0.6817,0.6304,2097,1.6899,2.72,29.06
Aquaviva,8.29,106.0,NETRAL,LAYAK,Mineral,45120.90,2.2721,13604.40,0.6850,0.6336,2095,1.6883,2.82,29.06
Aquaviva,8.29,106.0,NETRAL,LAYAK,Mineral,45404.20,2.2863,12826.70,0.6459,0.5974,2098,1.6907,2.67,29.06
Aquaviva,8.29,106.0,NETRAL,LAYAK,Mineral,45282.60,2.2802,13417.10,0.6756,0.6248,2097,1.6899,2.72,29.06
Aquaviva,8.29,106.0,NETRAL,LAYAK,Mineral,45233.00,2.2777,13607.70,0.6852,0.6337,2096,1.6891,2.77,29.06
Aquaviva,8.29,106.0,NETRAL,LAYAK,Mineral,45311.40,2.2816,11959.10,0.6022,0.5569,2098,1.6907,2.67,29.06
Aquaviva,8.29,106.0,NETRAL,LAYAK,Mineral,45353.00,2.2837,14827.20,0.7466,0.6905,2097,1.6899,2.72,29.06
Aquaviva,8.29,106.0,NETRAL,LAYAK,Mineral,45109.60,2.2715,12927.30,0.6510,0.6020,2099,1.6915,2.62,29.06
Aquaviva,8.29,106.0,NETRAL,LAYAK,Mineral,45114.40,2.2717,13372.30,0.6734,0.6228,2097,1.6899,2.72,29.06
Aquaviva,8.29,106.0,NETRAL,LAYAK,Mineral,45106.40,2.2713,13806.10,0.6952,0.6430,2096,1.6891,2.77,29.06
Aquaviva,8.29,106.0,NETRAL,LAYAK,Mineral,45146.50,2.2733,11917.60,0.6001,0.5550,2098,1.6907,2.67,29.06
Aquaviva,8.29,106.0,NETRAL,LAYAK,Mineral,45088.80,2.2704,14774.50,0.7440,0.6881,2098,1.6907,2.67,29.06
Aquaviva,8.29,106.0,NETRAL,LAYAK,Mineral,45143.30,2.2732,13418.60,0.6757,0.6249,2085,1.6802,3.33,29.06
Aquaviva,8.29,106.0,NETRAL,LAYAK,Mineral,45332.10,2.2827,12069.50,0.6078,0.5621,2094,1.6875,2.87,29.06
Aquaviva,8.29,106.0,NETRAL,LAYAK,Mineral,45098.40,2.2709,14948.60,0.7527,0.6962,2099,1.6915,2.62,29.06
Aquaviva,8.29,106.0,NETRAL,LAYAK,Mineral,45561.00,2.2942,12455.40,0.6272,0.5801,2112,1.7020,1.95,29.06
Aquaviva,8.29,106.0,NETRAL,LAYAK,Mineral,45151.30,2.2736,12852.30,0.6472,0.5985,2097,1.6899,2.72,29.06
Aquaviva,8.29,106.0,NETRAL,LAYAK,Mineral,45610.60,2.2967,14143.80,0.7122,0.6587,2097,1.6899,2.72,29.06
Aquaviva,8.29,106.0,NETRAL,LAYAK,Mineral,45373.70,2.2848,12776.90,0.6434,0.5950,2109,1.6996,2.10,29.06
Aquaviva,8.29,106.0,NETRAL,LAYAK,Mineral,45087.20,2.2704,14108.40,0.7104,0.6570,2097,1.6899,2.72,29.06
Aquaviva,8.29,106.0,NETRAL,LAYAK,Mineral,45338.50,2.2830,13897.30,0.6998,0.6472,2097,1.6899,2.72,29.06
Aquaviva,8.29,106.0,NETRAL,LAYAK,Mineral,45437.70,2.2880,12229.60,0.6158,0.5695,2097,1.6899,2.72,29.06
Aquaviva,8.29,106.0,NETRAL,LAYAK,Mineral,45255.20,2.2788,14880.10,0.7493,0.6930,2097,1.6899,2.72,29.06
Aquaviva,8.29,106.0,NETRAL,LAYAK,Mineral,45300.10,2.2811,12213.80,0.6150,0.5688,2098,1.6907,2.67,29.06
Aquaviva,8.29,106.0,NETRAL,LAYAK,Mineral,45602.50,2.2963,13975.80,0.7037,0.6509,2099,1.6915,2.62,29.06
Aquaviva,8.29,106.0,NETRAL,LAYAK,Mineral,45114.40,2.2717,13304.90,0.6700,0.6196,2096,1.6891,2.77,29.06
Aquaviva,8.29,106.0,NETRAL,LAYAK,Mineral,45634.60,2.2979,12844.10,0.6468,0.5982,2097,1.6899,2.72,29.06
Aquaviva,8.29,106.0,NETRAL,LAYAK,Mineral,45164.00,2.2742,14905.60,0.7506,0.6950,2097,1.6899,2.72,29.00
Aquaviva,8.29,106.0,NETRAL,LAYAK,Mineral,45421.80,2.2872,12655.30,0.6373,0.5894,2097,1.6899,2.72,29.06
Aquaviva,8.29,106.0,NETRAL,LAYAK,Mineral,45863.40,2.3094,13692.60,0.6895,0.6377,2105,1.6963,2.31,29.06
Aquaviva,8.29,106.0,NETRAL,LAYAK,Mineral,45434.40,2.2878,13937.10,0.7018,0.6491,2100,1.6923,2.56,29.06
Aquaviva,8.29,106.0,NETRAL,LAYAK,Mineral,45423.30,2.2873,12532.30,0.6311,0.5836,2095,1.6883,2.82,29.06
Aquaviva,8.29,106.0,NETRAL,LAYAK,Mineral,45234.50,2.2778,13909.90,0.7004,0.6478,2102,1.6939,2.46,29.06
Aquaviva,8.29,106.0,NETRAL,LAYAK,Mineral,45264.80,2.2793,13686.10,0.6892,0.6381,2092,1.6859,2.97,29.00
Aquaviva,8.29,106.0,NETRAL,LAYAK,Mineral,45493.70,2.2908,12474.30,0.6281,0.5809,2097,1.6899,2.72,29.06
Aquaviva,8.29,106.0,NETRAL,LAYAK,Mineral,45692.20,2.3008,14521.50,0.7312,0.6771,2096,1.6891,2.77,29.00
Aquaviva,8.29,106.0,NETRAL,LAYAK,Mineral,45615.30,2.2969,13894.10,0.6996,0.6471,2097,1.6899,2.72,29.06
Aquaviva,8.29,106.0,NETRAL,LAYAK,Mineral,45945.00,2.3136,14279.90,0.7191,0.6658,2098,1.6907,2.67,29.00
Aquaviva,8.29,106.0,NETRAL,LAYAK,Mineral,45512.90,2.2918,13175.60,0.6635,0.6136,2110,1.7004,2.05,29.06
Aquaviva,8.29,106.0,NETRAL,LAYAK,Mineral,45801.00,2.3063,12818.50,0.6455,0.5970,2099,1.6915,2.62,29.06
Aquaviva,8.29,106.0,NETRAL,LAYAK,Mineral,45807.40,2.3066,13623.50,0.6860,0.6345,2095,1.6883,2.82,29.06
Aquaviva,8.29,106.0,NETRAL,LAYAK,Mineral,45381.60,2.2852,13878.10,0.6988,0.6463,2097,1.6899,2.72,29.06
Aquaviva,8.29,106.0,NETRAL,LAYAK,Mineral,45333.70,2.2828,12277.50,0.6182,0.5718,2097,1.6899,2.72,29.06
Aquaviva,8.29,106.0,NETRAL,LAYAK,Mineral,45801.00,2.3063,14780.90,0.7443,0.6884,2099,1.6915,2.62,29.06
Aquaviva,8.29,106.0,NETRAL,LAYAK,Mineral,45937.00,2.3131,12623.10,0.6356,0.5885,2096,1.6891,2.77,29.00
Aquaviva,8.29,106.0,NETRAL,LAYAK,Mineral,45664.90,2.2994,13157.90,0.6626,0.6128,2097,1.6899,2.72,29.06
Aquaviva,8.29,106.0,NETRAL,LAYAK,Mineral,45834.60,2.3080,14279.80,0.7191,0.6650,2097,1.6899,2.72,29.06
Aquaviva,8.29,106.0,NETRAL,LAYAK,Mineral,45362.40,2.2842,12700.10,0.6395,0.5921,2094,1.6875,2.87,29.00
Aquaviva,8.29,106.0,NETRAL,LAYAK,Mineral,45514.50,2.2919,14332.60,0.7217,0.6675,2099,1.6915,2.62,29.06
Aquaviva,8.29,106.0,NETRAL,LAYAK,Mineral,45925.90,2.3126,13990.10,0.7045,0.6515,2097,1.6899,2.72,29.06
Aquaviva,8.29,106.0,NETRAL,LAYAK,Mineral,45528.90,2.2926,12650.50,0.6370,0.5891,2096,1.6891,2.77,29.06
Aquaviva,8.29,106.0,NETRAL,LAYAK,Mineral,45672.90,2.2998,13846.20,0.6972,0.6448,2099,1.6915,2.62,29.06
Aquaviva,8.29,106.0,NETRAL,LAYAK,Mineral,45554.50,2.2939,13939.00,0.7019,0.6499,2097,1.6899,2.72,29.00
Aquaviva,8.29,106.0,NETRAL,LAYAK,Mineral,45532.10,2.2928,12346.40,0.6217,0.5750,2096,1.6891,2.77,29.06
Aquaviva,8.29,106.0,NETRAL,LAYAK,Mineral,45608.90,2.2966,14611.10,0.7357,0.6805,2100,1.6923,2.56,29.06
Aquaviva,8.29,106.0,NETRAL,LAYAK,Mineral,45434.50,2.2878,13212.20,0.6653,0.6160,2096,1.6891,2.77,29.00
Aquaviva,8.29,106.0,NETRAL,LAYAK,Mineral,45719.40,2.3022,12007.20,0.6046,0.5592,2099,1.6915,2.62,29.06
Aquaviva,8.29,106.0,NETRAL,LAYAK,Mineral,45815.40,2.3070,13819.00,0.6959,0.6436,2098,1.6907,2.67,29.06
Aquaviva,8.29,106.0,NETRAL,LAYAK,Mineral,45772.20,2.3048,12384.70,0.6236,0.5768,2098,1.6907,2.67,29.06
Aquaviva,8.29,106.0,NETRAL,LAYAK,Mineral,45596.10,2.2960,14302.20,0.7202,0.6661,2098,1.6907,2.67,29.06
Aquaviva,8.29,106.0,NETRAL,LAYAK,Mineral,45762.60,2.3044,13437.80,0.6767,0.6258,2097,1.6899,2.72,29.06
Aquaviva,8.29,106.0,NETRAL,LAYAK,Mineral,45605.70,2.2965,12047.20,0.6066,0.5610,2097,1.6899,2.72,29.06
Aquaviva,8.29,106.0,NETRAL,LAYAK,Mineral,45416.90,2.2870,15148.80,0.7628,0.7055,2105,1.6963,2.31,29.06
Aquaviva,8.29,106.0,NETRAL,LAYAK,Mineral,45708.30,2.3016,13399.40,0.6747,0.6240,2099,1.6915,2.62,29.06
Aquaviva,8.29,106.0,NETRAL,LAYAK,Mineral,45444.00,2.2883,11890.30,0.5987,0.5537,2100,1.6923,2.56,29.06
Aquaviva,8.29,106.0,NETRAL,LAYAK,Mineral,45637.80,2.2981,14976.10,0.7541,0.6975,2099,1.6915,2.62,29.06
Aquaviva,8.29,106.0,NETRAL,LAYAK,Mineral,45752.90,2.3039,13511.50,0.6804,0.6292,2098,1.6907,2.67,29.06
Aquaviva,8.29,106.0,NETRAL,LAYAK,Mineral,45861.80,2.3094,13689.40,0.6893,0.6375,2094,1.6875,2.87,29.06
Aquaviva,8.29,106.0,NETRAL,LAYAK,Mineral,45436.00,2.2879,14582.20,0.7343,0.6791,2099,1.6915,2.62,29.06
Aquaviva,8.29,106.0,NETRAL,LAYAK,Mineral,45591.30,2.2957,11813.70,0.5949,0.5502,2096,1.6891,2.77,29.06
Aquaviva,8.29,106.0,NETRAL,LAYAK,Mineral,45913.00,2.3119,13093.90,0.6593,0.6098,2097,1.6899,2.72,29.06
Aquaviva,8.29,106.0,NETRAL,LAYAK,Mineral,45352.80,2.2837,15011.30,0.7559,0.6991,2099,1.6915,2.62,29.06
Aquaviva,8.29,106.0,NETRAL,LAYAK,Mineral,45762.60,2.3044,13750.10,0.6924,0.6404,2097,1.6899,2.72,29.06
Aquaviva,8.29,106.0,NETRAL,LAYAK,Mineral,45364.00,2.2843,12387.90,0.6238,0.5769,2097,1.6899,2.72,29.06
Aquaviva,8.29,106.0,NETRAL,LAYAK,Mineral,45423.30,2.2873,13617.10,0.6857,0.6349,2100,1.6923,2.56,29.00
Aquaviva,8.29,106.0,NETRAL,LAYAK,Mineral,45425.00,2.2874,13271.40,0.6683,0.6181,2097,1.6899,2.72,29.06
Aquaviva,8.29,106.0,NETRAL,LAYAK,Mineral,45721.00,2.3023,11874.50,0.5979,0.5530,2097,1.6899,2.72,29.06
Aquaviva,8.29,106.0,NETRAL,LAYAK,Mineral,45591.40,2.2957,13583.60,0.6840,0.6333,2098,1.6907,2.67,29.00
Aquaviva,8.29,106.0,NETRAL,LAYAK,Mineral,45479.30,2.2901,13199.60,0.6647,0.6147,2098,1.6907,2.67,29.06
Aquaviva,8.29,106.0,NETRAL,LAYAK,Mineral,45442.50,2.2882,12852.10,0.6472,0.5985,2096,1.6891,2.77,29.06
Aquaviva,8.29,106.0,NETRAL,LAYAK,Mineral,45586.60,2.2955,14194.90,0.7148,0.6611,2107,1.6979,2.21,29.06
Aquaviva,8.29,106.0,NETRAL,LAYAK,Mineral,45314.50,2.2818,14524.60,0.7314,0.6764,2100,1.6923,2.56,29.06
Aquaviva,8.29,106.0,NETRAL,LAYAK,Mineral,45866.60,2.3096,13153.00,0.6623,0.6125,2096,1.6891,2.77,29.06
Aquaviva,8.29,106.0,NETRAL,LAYAK,Mineral,45594.50,2.2959,12021.70,0.6053,0.5599,2098,1.6907,2.67,29.06
Aquaviva,8.29,106.0,NETRAL,LAYAK,Mineral,45799.40,2.3062,13694.20,0.6896,0.6378,2097,1.6899,2.72,29.06
Aquaviva,8.29,106.0,NETRAL,LAYAK,Mineral,45576.90,2.2950,13310.00,0.6702,0.6206,2098,1.6907,2.67,29.00
Aquaviva,8.29,106.0,NETRAL,LAYAK,Mineral,45365.70,2.2844,11887.00,0.5986,0.5536,2095,1.6883,2.82,29.06
Aquaviva,8.29,106.0,NETRAL,LAYAK,Mineral,45765.80,2.3045,14398.20,0.7250,0.6705,2096,1.6891,2.77,29.06
Aquaviva,8.29,106.0,NETRAL,LAYAK,Mineral,45476.10,2.2899,13698.90,0.6898,0.6380,2098,1.6907,2.67,29.06
Aquaviva,8.29,106.0,NETRAL,LAYAK,Mineral,45813.80,2.3069,12346.30,0.6217,0.5750,2097,1.6899,2.72,29.06
Aquaviva,8.29,106.0,NETRAL,LAYAK,Mineral,45495.30,2.2909,13434.60,0.6765,0.6257,2097,1.6899,2.72,29.06
Aquaviva,8.29,106.0,NETRAL,LAYAK,Mineral,45818.60,2.3072,13854.20,0.6976,0.6452,2098,1.6907,2.67,29.06
Aquaviva,8.29,106.0,NETRAL,LAYAK,Mineral,45765.80,2.3045,12828.10,0.6460,0.5974,2096,1.6891,2.77,29.06
Aquaviva,8.29,106.0,NETRAL,LAYAK,Mineral,45634.50,2.2979,14126.10,0.7113,0.6586,2101,1.6931,2.51,29.00
Aquaviva,8.29,106.0,NETRAL,LAYAK,Mineral,45276.00,2.2799,13197.70,0.6646,0.6146,2106,1.6971,2.26,29.06
Aquaviva,8.29,106.0,NETRAL,LAYAK,Mineral,45388.10,2.2855,11757.50,0.5920,0.5476,2097,1.6899,2.72,29.06
Aquaviva,8.29,106.0,NETRAL,LAYAK,Mineral,45148.10,2.2734,13751.70,0.6925,0.6404,2097,1.6899,2.72,29.06
Aquaviva,8.29,106.0,NETRAL,LAYAK,Mineral,45098.40,2.2709,13122.80,0.6608,0.6111,2122,1.7100,1.44,29.06
Aquaviva,8.29,106.0,NETRAL,LAYAK,Mineral,45685.70,2.3005,12823.50,0.6457,0.5972,2098,1.6907,2.67,29.06
Aquaviva,8.29,106.0,NETRAL,LAYAK,Mineral,45208.80,2.2765,14066.80,0.7083,0.6551,2098,1.6907,2.67,29.06
Aquaviva,8.29,106.0,NETRAL,LAYAK,Mineral,45444.10,2.2883,14406.20,0.7254,0.6709,2087,1.6818,3.23,29.06
Aquaviva,8.29,106.0,NETRAL,LAYAK,Mineral,45698.60,2.3011,11872.80,0.5979,0.5529,2097,1.6899,2.72,29.06
Aquaviva,8.29,106.0,NETRAL,LAYAK,Mineral,45263.20,2.2792,12703.50,0.6397,0.5916,2096,1.6891,2.77,29.06
Aquaviva,8.29,106.0,NETRAL,LAYAK,Mineral,45519.30,2.2921,15051.00,0.7579,0.7009,2098,1.6907,2.67,29.06
Aquaviva,8.29,106.0,NETRAL,LAYAK,Mineral,45684.20,2.3004,13065.00,0.6579,0.6092,2096,1.6891,2.77,29.00
Aquaviva,8.29,106.0,NETRAL,LAYAK,Mineral,45464.90,2.2894,11847.10,0.5966,0.5517,2099,1.6915,2.62,29.06
Aquaviva,8.29,106.0,NETRAL,LAYAK,Mineral,45554.50,2.2939,14913.70,0.7510,0.6953,2098,1.6907,2.67,29.00
Aquaviva,8.29,106.0,NETRAL,LAYAK,Mineral,45778.60,2.3052,13157.80,0.6626,0.6128,2097,1.6899,2.72,29.06
Aquaviva,8.29,106.0,NETRAL,LAYAK,Mineral,45490.50,2.2907,12512.70,0.6301,0.5827,2097,1.6899,2.72,29.06
Aquaviva,8.29,106.0,NETRAL,LAYAK,Mineral,45247.20,2.2784,13777.10,0.6937,0.6416,2097,1.6899,2.72,29.06
Aquaviva,8.29,106.0,NETRAL,LAYAK,Mineral,45248.90,2.2785,13082.80,0.6588,0.6093,2098,1.6907,2.67,29.06
Aquaviva,8.29,106.0,NETRAL,LAYAK,Mineral,45450.50,2.2886,12925.90,0.6509,0.6020,2098,1.6907,2.67,29.06
Aquaviva,8.29,106.0,NETRAL,LAYAK,Mineral,45641.00,2.2982,14412.80,0.7258,0.6720,2098,1.6907,2.67,29.00
Aquaviva,8.29,106.0,NETRAL,LAYAK,Mineral,45240.80,2.2781,14846.30,0.7476,0.6914,2084,1.6794,3.38,29.06
Aquaviva,8.29,106.0,NETRAL,LAYAK,Mineral,45188.00,2.2754,12029.50,0.6057,0.5602,2097,1.6899,2.72,29.06
Aquaviva,8.29,106.0,NETRAL,LAYAK,Mineral,45509.80,2.2916,13121.20,0.6607,0.6111,2097,1.6899,2.72,29.06
Aquaviva,8.29,106.0,NETRAL,LAYAK,Mineral,45426.50,2.2874,13370.70,0.6733,0.6227,2097,1.6899,2.72,29.06
Aquaviva,8.29,106.0,NETRAL,LAYAK,Mineral,45711.30,2.3018,11903.50,0.5994,0.5544,2098,1.6907,2.67,29.06
Aquaviva,8.29,106.0,NETRAL,LAYAK,Mineral,45463.40,2.2893,13158.10,0.6626,0.6128,2099,1.6915,2.62,29.06
Aquaviva,8.29,106.0,NETRAL,LAYAK,Mineral,45738.60,2.3032,15433.70,0.7772,0.7188,2099,1.6915,2.62,29.06
Aquaviva,8.29,106.0,NETRAL,LAYAK,Mineral,45690.60,2.3007,12744.90,0.6418,0.5942,2098,1.6907,2.67,29.00
Aquaviva,8.29,106.0,NETRAL,LAYAK,Mineral,45148.00,2.2734,12223.30,0.6155,0.5693,2088,1.6826,3.18,29.06
Aquaviva,8.29,106.0,NETRAL,LAYAK,Mineral,45213.60,2.2767,15017.70,0.7562,0.6994,2096,1.6891,2.77,29.06
Aquaviva,8.29,106.0,NETRAL,LAYAK,Mineral,45488.90,2.2906,13079.40,0.6586,0.6091,2096,1.6891,2.77,29.06
Aquaviva,8.29,106.0,NETRAL,LAYAK,Mineral,45639.40,2.2982,11951.20,0.6018,0.5566,2098,1.6907,2.67,29.06
Aquaviva,8.29,106.0,NETRAL,LAYAK,Mineral,45524.10,2.2924,14830.50,0.7468,0.6907,2094,1.6875,2.87,29.06
Aquaviva,8.29,106.0,NETRAL,LAYAK,Mineral,45612.20,2.2968,11944.90,0.6015,0.5563,2099,1.6915,2.62,29.06
Aquaviva,8.29,106.0,NETRAL,LAYAK,Mineral,45367.30,2.2845,13186.80,0.6640,0.6141,2092,1.6859,2.97,29.06
Aquaviva,8.29,106.0,NETRAL,LAYAK,Mineral,45716.20,2.3020,15086.50,0.7597,0.7026,2097,1.6899,2.72,29.06
Aquaviva,8.29,106.0,NETRAL,LAYAK,Mineral,45639.30,2.2982,12949.80,0.6521,0.6038,2098,1.6907,2.67,29.00
Aquaviva,8.29,106.0,NETRAL,LAYAK,Mineral,45703.40,2.3014,12100.00,0.6093,0.5635,2096,1.6891,2.77,29.06
Aquaviva,8.29,106.0,NETRAL,LAYAK,Mineral,45200.90,2.2761,14091.00,0.7095,0.6570,2097,1.6899,2.72,29.00
Aquaviva,8.29,106.0,NETRAL,LAYAK,Mineral,45602.60,2.2963,14009.20,0.7054,0.6532,2096,1.6891,2.77,29.00
Aquaviva,8.29,106.0,NETRAL,LAYAK,Mineral,45713.00,2.3019,12624.90,0.6357,0.5886,2097,1.6899,2.72,29.00
Aquaviva,8.29,106.0,NETRAL,LAYAK,Mineral,45148.00,2.2734,13405.90,0.6751,0.6243,2097,1.6899,2.72,29.06
Aquaviva,8.29,106.0,NETRAL,LAYAK,Mineral,45178.40,2.2749,13052.20,0.6572,0.6079,2098,1.6907,2.67,29.06
Aquaviva,8.29,106.0,NETRAL,LAYAK,Mineral,45447.40,2.2885,12231.40,0.6159,0.5696,2101,1.6931,2.51,29.06
Aquaviva,8.29,106.0,NETRAL,LAYAK,Mineral,45221.60,2.2771,15171.10,0.7639,0.7073,2097,1.6899,2.72,29.00
Clairine 8+,9.74,55.0,BASA,LAYAK,Mineral,40319.70,2.0303,12338.60,0.6213,0.5760,2097,1.6899,2.72,28.94
Clairine 8+,9.74,55.0,BASA,LAYAK,Mineral,39818.90,2.0051,13077.80,0.6585,0.6105,2098,1.6907,2.67,28.94
Clairine 8+,9.74,55.0,BASA,LAYAK,Mineral,40190.10,2.0238,13395.00,0.6745,0.6253,2098,1.6907,2.67,28.94
Clairine 8+,9.74,55.0,BASA,LAYAK,Mineral,40111.80,2.0198,12421.70,0.6255,0.5798,2098,1.6907,2.67,28.94
Clairine 8+,9.74,55.0,BASA,LAYAK,Mineral,40039.70,2.0162,12991.40,0.6542,0.6064,2098,1.6907,2.67,28.94
Clairine 8+,9.74,55.0,BASA,LAYAK,Mineral,40321.40,2.0304,13098.80,0.6596,0.6114,2115,1.7044,1.79,28.94
Clairine 8+,9.74,55.0,BASA,LAYAK,Mineral,40268.70,2.0277,12069.50,0.6078,0.5634,2099,1.6915,2.62,28.94
Clairine 8+,9.74,55.0,BASA,LAYAK,Mineral,40223.90,2.0255,14534.50,0.7319,0.6785,2097,1.6899,2.72,28.94
Clairine 8+,9.74,55.0,BASA,LAYAK,Mineral,40148.50,2.0217,11696.90,0.5890,0.5460,2107,1.6979,2.21,28.94
Clairine 8+,9.74,55.0,BASA,LAYAK,Mineral,40508.70,2.0398,13959.50,0.7029,0.6516,2105,1.6963,2.31,28.94
Clairine 8+,9.74,55.0,BASA,LAYAK,Mineral,40553.40,2.0421,13266.80,0.6680,0.6193,2097,1.6899,2.72,28.94
Clairine 8+,9.74,55.0,BASA,LAYAK,Mineral,40612.70,2.0450,12002.30,0.6044,0.5603,2099,1.6915,2.62,28.94
Clairine 8+,9.74,55.0,BASA,LAYAK,Mineral,40399.90,2.0343,13159.60,0.6626,0.6143,2099,1.6915,2.62,28.94
Clairine 8+,9.74,55.0,BASA,LAYAK,Mineral,40230.30,2.0258,13338.70,0.6717,0.6226,2096,1.6891,2.77,28.94
Clairine 8+,9.74,55.0,BASA,LAYAK,Mineral,40281.30,2.0284,12048.70,0.6067,0.5624,2097,1.6899,2.72,28.94
Clairine 8+,9.74,55.0,BASA,LAYAK,Mineral,40252.60,2.0269,14046.20,0.7073,0.6557,2085,1.6802,3.33,28.94
Clairine 8+,9.74,55.0,BASA,LAYAK,Mineral,40238.30,2.0262,12930.50,0.6511,0.6029,2099,1.6915,2.62,29.00
Clairine 8+,9.74,55.0,BASA,LAYAK,Mineral,40299.00,2.0292,11611.90,0.5847,0.5414,2110,1.7004,2.05,29.00
Clairine 8+,9.74,55.0,BASA,LAYAK,Mineral,40471.90,2.0380,12866.70,0.6479,0.5999,2097,1.6899,2.72,29.00
Clairine 8+,9.74,55.0,BASA,LAYAK,Mineral,40811.20,2.0550,12424.90,0.6257,0.5800,2097,1.6899,2.72,28.94
Clairine 8+,9.74,55.0,BASA,LAYAK,Mineral,40172.60,2.0229,12908.10,0.6500,0.6025,2098,1.6907,2.67,28.94
Clairine 8+,9.74,55.0,BASA,LAYAK,Mineral,40225.40,2.0255,13308.30,0.6701,0.6212,2097,1.6899,2.72,28.94
Clairine 8+,9.74,55.0,BASA,LAYAK,Mineral,40268.60,2.0277,12069.70,0.6078,0.5634,2097,1.6899,2.72,28.94
Clairine 8+,9.74,55.0,BASA,LAYAK,Mineral,40487.90,2.0388,13571.00,0.6834,0.6335,2098,1.6907,2.67,28.94
Clairine 8+,9.74,55.0,BASA,LAYAK,Mineral,40527.80,2.0408,12439.40,0.6264,0.5807,2096,1.6891,2.77,28.94
Clairine 8+,9.74,55.0,BASA,LAYAK,Mineral,40716.80,2.0503,12517.90,0.6303,0.5843,2099,1.6915,2.62,28.94
Clairine 8+,9.74,55.0,BASA,LAYAK,Mineral,40540.80,2.0414,13826.90,0.6963,0.6447,2099,1.6915,2.62,29.00
Clairine 8+,9.74,55.0,BASA,LAYAK,Mineral,40428.60,2.0358,11852.10,0.5968,0.5532,2098,1.6907,2.67,28.94
Clairine 8+,9.74,55.0,BASA,LAYAK,Mineral,40199.70,2.0242,13234.60,0.6664,0.6178,2097,1.6899,2.72,28.94
Clairine 8+,9.74,55.0,BASA,LAYAK,Mineral,40494.20,2.0391,13170.70,0.6632,0.6148,2098,1.6907,2.67,28.94
Clairine 8+,9.74,55.0,BASA,LAYAK,Mineral,40681.50,2.0485,11731.90,0.5908,0.5470,2100,1.6923,2.56,29.00
Clairine 8+,9.74,55.0,BASA,LAYAK,Mineral,40542.20,2.0415,14153.40,0.7127,0.6607,2097,1.6899,2.72,28.94
Clairine 8+,9.74,55.0,BASA,LAYAK,Mineral,40763.20,2.0526,11261.50,0.5671,0.5257,2106,1.6971,2.26,28.94
Clairine 8+,9.74,55.0,BASA,LAYAK,Mineral,40302.20,2.0294,13386.80,0.6741,0.6249,2099,1.6915,2.62,28.94
Clairine 8+,9.74,55.0,BASA,LAYAK,Mineral,40550.40,2.0419,12906.80,0.6499,0.6025,2098,1.6907,2.67,28.94
Clairine 8+,9.74,55.0,BASA,LAYAK,Mineral,40524.70,2.0406,11736.90,0.5910,0.5472,2099,1.6915,2.62,29.00
Clairine 8+,9.74,55.0,BASA,LAYAK,Mineral,40191.70,2.0238,13316.50,0.6705,0.6216,2099,1.6915,2.62,28.94
Clairine 8+,9.74,55.0,BASA,LAYAK,Mineral,40359.80,2.0323,12511.20,0.6300,0.5840,2099,1.6915,2.62,28.94
Clairine 8+,9.74,55.0,BASA,LAYAK,Mineral,40377.50,2.0332,12780.30,0.6435,0.5966,2099,1.6915,2.62,28.94
Clairine 8+,9.74,55.0,BASA,LAYAK,Mineral,40788.80,2.0539,14252.70,0.7177,0.6653,2100,1.6923,2.56,28.94
Clairine 8+,9.74,55.0,BASA,LAYAK,Mineral,40592.00,2.0440,11727.00,0.5905,0.5468,2098,1.6907,2.67,29.00
Clairine 8+,9.74,55.0,BASA,LAYAK,Mineral,40348.60,2.0317,13153.40,0.6623,0.6140,2113,1.7028,1.90,28.94
Clairine 8+,9.74,55.0,BASA,LAYAK,Mineral,40539.00,2.0413,13633.10,0.6865,0.6364,2096,1.6891,2.77,28.94
Clairine 8+,9.74,55.0,BASA,LAYAK,Mineral,40804.70,2.0547,12167.40,0.6127,0.5673,2098,1.6907,2.67,29.00
Clairine 8+,9.74,55.0,BASA,LAYAK,Mineral,40585.50,2.0437,13681.10,0.6889,0.6386,2092,1.6859,2.97,28.94
Clairine 8+,9.74,55.0,BASA,LAYAK,Mineral,40409.40,2.0348,13022.00,0.6557,0.6079,2098,1.6907,2.67,28.94
Clairine 8+,9.74,55.0,BASA,LAYAK,Mineral,40583.90,2.0436,12101.70,0.6094,0.5649,2100,1.6923,2.56,28.94
Clairine 8+,9.74,55.0,BASA,LAYAK,Mineral,40707.10,2.0498,12807.30,0.6449,0.5978,2097,1.6899,2.72,28.94
Clairine 8+,9.74,55.0,BASA,LAYAK,Mineral,40620.70,2.0454,11354.20,0.5717,0.5294,2117,1.7060,1.69,29.00
Clairine 8+,9.74,55.0,BASA,LAYAK,Mineral,40425.50,2.0356,12925.90,0.6509,0.6034,2096,1.6891,2.77,28.94
Clairine 8+,9.74,55.0,BASA,LAYAK,Mineral,40593.50,2.0441,13975.80,0.7037,0.6516,2098,1.6907,2.67,29.00
Clairine 8+,9.74,55.0,BASA,LAYAK,Mineral,40628.70,2.0458,11338.30,0.5709,0.5293,2097,1.6899,2.72,28.94
Clairine 8+,9.74,55.0,BASA,LAYAK,Mineral,40679.90,2.0484,13330.80,0.6713,0.6223,2101,1.6931,2.51,28.94
Clairine 8+,9.74,55.0,BASA,LAYAK,Mineral,40688.00,2.0488,13177.10,0.6635,0.6144,2097,1.6899,2.72,29.00
Clairine 8+,9.74,55.0,BASA,LAYAK,Mineral,40481.40,2.0384,11640.90,0.5862,0.5434,2099,1.6915,2.62,28.94
Clairine 8+,9.74,55.0,BASA,LAYAK,Mineral,40759.90,2.0525,13831.70,0.6965,0.6456,2099,1.6915,2.62,28.94
Clairine 8+,9.74,55.0,BASA,LAYAK,Mineral,40596.60,2.0442,13300.30,0.6697,0.6208,2098,1.6907,2.67,28.94
Clairine 8+,9.74,55.0,BASA,LAYAK,Mineral,40511.80,2.0400,12077.70,0.6082,0.5638,2099,1.6915,2.62,28.94
Clairine 8+,9.74,55.0,BASA,LAYAK,Mineral,40443.00,2.0365,12807.40,0.6449,0.5978,2097,1.6899,2.72,28.94
Clairine 8+,9.74,55.0,BASA,LAYAK,Mineral,40759.90,2.0525,13106.70,0.6600,0.6111,2098,1.6907,2.67,29.00
Clairine 8+,9.74,55.0,BASA,LAYAK,Mineral,40588.70,2.0438,11979.90,0.6032,0.5592,2097,1.6899,2.72,28.94
Clairine 8+,9.74,55.0,BASA,LAYAK,Mineral,40555.10,2.0421,12842.60,0.6467,0.5995,2095,1.6883,2.82,28.94
Clairine 8+,9.74,55.0,BASA,LAYAK,Mineral,40710.20,2.0500,13175.60,0.6635,0.6150,2099,1.6915,2.62,28.94
Clairine 8+,9.74,55.0,BASA,LAYAK,Mineral,40601.40,2.0445,12439.40,0.6264,0.5807,2098,1.6907,2.67,28.94
Clairine 8+,9.74,55.0,BASA,LAYAK,Mineral,40915.20,2.0603,12874.50,0.6483,0.6010,2097,1.6899,2.72,28.94
Clairine 8+,9.74,55.0,BASA,LAYAK,Mineral,40612.60,2.0450,13301.90,0.6698,0.6209,2098,1.6907,2.67,28.94
Clairine 8+,9.74,55.0,BASA,LAYAK,Mineral,40712.00,2.0500,12021.50,0.6053,0.5611,2118,1.7068,1.64,28.94
Clairine 8+,9.74,55.0,BASA,LAYAK,Mineral,40737.40,2.0513,13939.00,0.7019,0.6507,2098,1.6907,2.67,28.94
Clairine 8+,9.74,55.0,BASA,LAYAK,Mineral,41107.20,2.0699,11711.30,0.5897,0.5467,2096,1.6891,2.77,28.94
Clairine 8+,9.74,55.0,BASA,LAYAK,Mineral,40598.20,2.0443,13703.70,0.6900,0.6389,2097,1.6899,2.72,29.00
Clairine 8+,9.74,55.0,BASA,LAYAK,Mineral,40883.10,2.0587,12930.40,0.6511,0.6029,2097,1.6899,2.72,29.00
Clairine 8+,9.74,55.0,BASA,LAYAK,Mineral,40847.90,2.0569,11460.10,0.5771,0.5349,2098,1.6907,2.67,28.94
Clairine 8+,9.74,55.0,BASA,LAYAK,Mineral,40623.80,2.0456,13518.00,0.6807,0.6310,2096,1.6891,2.77,28.94
Clairine 8+,9.74,55.0,BASA,LAYAK,Mineral,40760.00,2.0525,13385.10,0.6740,0.6248,2096,1.6891,2.77,28.94
Clairine 8+,9.74,55.0,BASA,LAYAK,Mineral,40707.00,2.0498,12032.90,0.6059,0.5617,2096,1.6891,2.77,28.94
Clairine 8+,9.74,55.0,BASA,LAYAK,Mineral,40820.70,2.0555,13743.70,0.6921,0.6415,2097,1.6899,2.72,28.94
Clairine 8+,9.74,55.0,BASA,LAYAK,Mineral,41038.40,2.0665,12653.90,0.6372,0.5907,2098,1.6907,2.67,28.94
Clairine 8+,9.74,55.0,BASA,LAYAK,Mineral,40695.80,2.0492,12389.70,0.6239,0.5777,2118,1.7068,1.64,29.00
Clairine 8+,9.74,55.0,BASA,LAYAK,Mineral,40761.40,2.0525,13156.30,0.6625,0.6148,2098,1.6907,2.67,28.88
Clairine 8+,9.74,55.0,BASA,LAYAK,Mineral,40812.70,2.0551,12253.70,0.6170,0.5720,2096,1.6891,2.77,28.94
Clairine 8+,9.74,55.0,BASA,LAYAK,Mineral,40705.50,2.0497,13577.10,0.6837,0.6338,2098,1.6907,2.67,28.94
Clairine 8+,9.74,55.0,BASA,LAYAK,Mineral,41048.00,2.0670,13095.60,0.6594,0.6113,2097,1.6899,2.72,28.94
Clairine 8+,9.74,55.0,BASA,LAYAK,Mineral,40660.70,2.0475,12402.50,0.6245,0.5789,2097,1.6899,2.72,28.94
Clairine 8+,9.74,55.0,BASA,LAYAK,Mineral,40491.00,2.0389,13220.50,0.6657,0.6164,2098,1.6907,2.67,29.00
Clairine 8+,9.74,55.0,BASA,LAYAK,Mineral,41023.90,2.0657,13277.90,0.6686,0.6198,2098,1.6907,2.67,28.94
Clairine 8+,9.74,55.0,BASA,LAYAK,Mineral,40473.40,2.0380,11507.90,0.5795,0.5372,2097,1.6899,2.72,28.94
Clairine 8+,9.74,55.0,BASA,LAYAK,Mineral,40580.60,2.0434,13996.60,0.7048,0.6533,2101,1.6931,2.51,28.94
Clairine 8+,9.74,55.0,BASA,LAYAK,Mineral,40719.80,2.0504,11804.10,0.5944,0.5510,2093,1.6867,2.92,28.94
Clairine 8+,9.74,55.0,BASA,LAYAK,Mineral,40887.90,2.0589,13644.50,0.6871,0.6369,2098,1.6907,2.67,28.94
Clairine 8+,9.74,55.0,BASA,LAYAK,Mineral,40438.20,2.0363,12665.10,0.6377,0.5912,2099,1.6915,2.62,28.94
Clairine 8+,9.74,55.0,BASA,LAYAK,Mineral,40838.40,2.0564,12650.70,0.6370,0.5898,2098,1.6907,2.67,29.00
Clairine 8+,9.74,55.0,BASA,LAYAK,Mineral,40644.60,2.0466,12869.80,0.6481,0.6007,2100,1.6923,2.56,28.94
Clairine 8+,9.74,55.0,BASA,LAYAK,Mineral,40550.20,2.0419,13322.70,0.6709,0.6219,2099,1.6915,2.62,28.94
Clairine 8+,9.74,55.0,BASA,LAYAK,Mineral,40910.40,2.0600,11978.30,0.6032,0.5591,2098,1.6907,2.67,28.94
Clairine 8+,9.74,55.0,BASA,LAYAK,Mineral,40945.50,2.0618,13931.00,0.7015,0.6495,2094,1.6875,2.87,29.00
Clairine 8+,9.74,55.0,BASA,LAYAK,Mineral,41116.70,2.0704,12738.60,0.6414,0.5946,2099,1.6915,2.62,28.94
Clairine 8+,9.74,55.0,BASA,LAYAK,Mineral,41008.00,2.0649,11711.20,0.5897,0.5467,2099,1.6915,2.62,28.94
Clairine 8+,9.74,55.0,BASA,LAYAK,Mineral,41113.60,2.0703,12509.70,0.6299,0.5833,2097,1.6899,2.72,29.00
Clairine 8+,9.74,55.0,BASA,LAYAK,Mineral,40960.00,2.0625,12498.50,0.6294,0.5834,2098,1.6907,2.67,28.94
Clairine 8+,9.74,55.0,BASA,LAYAK,Mineral,40921.50,2.0606,13161.10,0.6627,0.6143,2097,1.6899,2.72,28.94
Clairine 8+,9.74,55.0,BASA,LAYAK,Mineral,41028.70,2.0660,13311.50,0.6703,0.6214,2112,1.7020,1.95,28.94
Clairine 8+,9.74,55.0,BASA,LAYAK,Mineral,41249.60,2.0771,11986.30,0.6036,0.5595,2098,1.6907,2.67,28.94
Clairine 8+,9.74,55.0,BASA,LAYAK,Mineral,40795.00,2.0542,13691.00,0.6894,0.6391,2099,1.6915,2.62,28.94
Clairine 8+,9.74,55.0,BASA,LAYAK,Mineral,40793.40,2.0541,13364.30,0.6730,0.6238,2119,1.7076,1.59,28.94
Clairine 8+,9.74,55.0,BASA,LAYAK,Mineral,40932.70,2.0612,12032.70,0.6059,0.5617,2098,1.6907,2.67,28.94
Clairine 8+,9.74,55.0,BASA,LAYAK,Mineral,41067.10,2.0679,13795.00,0.6946,0.6439,2098,1.6907,2.67,28.94
Clairine 8+,9.74,55.0,BASA,LAYAK,Mineral,40737.40,2.0513,12863.40,0.6477,0.6004,2099,1.6915,2.62,28.94
Clairine 8+,9.74,55.0,BASA,LAYAK,Mineral,41136.00,2.0714,13735.70,0.6917,0.6404,2106,1.6971,2.26,29.00
Clairine 8+,9.74,55.0,BASA,LAYAK,Mineral,41035.20,2.0663,13439.50,0.6767,0.6273,2098,1.6907,2.67,28.94
Clairine 8+,9.74,55.0,BASA,LAYAK,Mineral,41092.80,2.0692,11338.30,0.5709,0.5293,2098,1.6907,2.67,28.94
Clairine 8+,9.74,55.0,BASA,LAYAK,Mineral,40999.90,2.0645,13665.20,0.6881,0.6379,2096,1.6891,2.77,28.94
Clairine 8+,9.74,55.0,BASA,LAYAK,Mineral,40892.70,2.0591,15220.80,0.7664,0.7097,2098,1.6907,2.67,29.00
Clairine 8+,9.74,55.0,BASA,LAYAK,Mineral,40833.50,2.0562,11871.00,0.5978,0.5535,2120,1.7084,1.54,29.00
Clairine 8+,9.74,55.0,BASA,LAYAK,Mineral,40942.40,2.0616,12748.20,0.6419,0.5951,2096,1.6891,2.77,28.94
Clairine 8+,9.74,55.0,BASA,LAYAK,Mineral,41126.40,2.0709,15704.10,0.7908,0.7330,2098,1.6907,2.67,28.94
Clairine 8+,9.74,55.0,BASA,LAYAK,Mineral,40838.30,2.0564,12191.10,0.6139,0.5691,2098,1.6907,2.67,28.94
Clairine 8+,9.74,55.0,BASA,LAYAK,Mineral,40905.50,2.0598,14028.80,0.7064,0.6541,2111,1.7012,2.00,29.00
Clairine 8+,9.74,55.0,BASA,LAYAK,Mineral,40878.20,2.0584,14399.70,0.7251,0.6722,2096,1.6891,2.77,28.94
Clairine 8+,9.74,55.0,BASA,LAYAK,Mineral,40630.20,2.0459,11834.30,0.5959,0.5524,2108,1.6988,2.15,28.94
Clairine 8+,9.74,55.0,BASA,LAYAK,Mineral,40659.00,2.0474,14647.80,0.7376,0.6837,2097,1.6899,2.72,28.94
Clairine 8+,9.74,55.0,BASA,LAYAK,Mineral,41107.20,2.0699,12602.30,0.6346,0.5883,2097,1.6899,2.72,28.94
Clairine 8+,9.74,55.0,BASA,LAYAK,Mineral,41110.40,2.0701,12348.30,0.6218,0.5764,2097,1.6899,2.72,28.94
Clairine 8+,9.74,55.0,BASA,LAYAK,Mineral,40750.20,2.0520,14611.00,0.7357,0.6812,2098,1.6907,2.67,29.00
Clairine 8+,9.74,55.0,BASA,LAYAK,Mineral,40591.80,2.0440,12480.70,0.6285,0.5819,2098,1.6907,2.67,29.00
Clairine 8+,9.74,55.0,BASA,LAYAK,Mineral,41145.60,2.0719,11643.90,0.5863,0.5435,2097,1.6899,2.72,28.94
Clairine 8+,9.74,55.0,BASA,LAYAK,Mineral,40830.30,2.0560,13452.60,0.6774,0.6272,2098,1.6907,2.67,29.00
Clairine 8+,9.74,55.0,BASA,LAYAK,Mineral,40723.00,2.0506,12994.60,0.6543,0.6066,2099,1.6915,2.62,28.94
Clairine 8+,9.74,55.0,BASA,LAYAK,Mineral,40803.20,2.0546,13875.10,0.6987,0.6477,2097,1.6899,2.72,28.94
Clairine 8+,9.74,55.0,BASA,LAYAK,Mineral,40903.90,2.0597,12868.00,0.6480,0.6007,2092,1.6859,2.97,28.94
Clairine 8+,9.74,55.0,BASA,LAYAK,Mineral,40939.00,2.0615,12600.90,0.6345,0.5882,2098,1.6907,2.67,28.94
Clairine 8+,9.74,55.0,BASA,LAYAK,Mineral,40681.40,2.0485,13689.10,0.6893,0.6383,2097,1.6899,2.72,29.00
Clairine 8+,9.74,55.0,BASA,LAYAK,Mineral,40838.30,2.0564,13414.10,0.6755,0.6262,2106,1.6971,2.26,28.94
Clairine 8+,9.74,55.0,BASA,LAYAK,Mineral,40734.20,2.0512,12424.90,0.6257,0.5800,2100,1.6923,2.56,28.94
Clairine 8+,9.74,55.0,BASA,LAYAK,Mineral,40751.90,2.0521,13703.70,0.6900,0.6397,2109,1.6996,2.10,28.94
Clairine 8+,9.74,55.0,BASA,LAYAK,Mineral,41064.00,2.0678,13476.50,0.6786,0.6291,2098,1.6907,2.67,28.94
Clairine 8+,9.74,55.0,BASA,LAYAK,Mineral,40867.10,2.0579,11650.20,0.5866,0.5438,2102,1.6939,2.46,28.94
Clairine 8+,9.74,55.0,BASA,LAYAK,Mineral,40579.00,2.0433,14796.60,0.7451,0.6907,2098,1.6907,2.67,28.94
Clairine 8+,9.74,55.0,BASA,LAYAK,Mineral,41064.00,2.0678,12458.70,0.6274,0.5809,2098,1.6907,2.67,29.00
Clairine 8+,9.74,55.0,BASA,LAYAK,Mineral,40903.90,2.0597,13671.50,0.6884,0.6382,2097,1.6899,2.72,28.94
Clairine 8+,9.74,55.0,BASA,LAYAK,Mineral,40759.80,2.0525,13294.00,0.6694,0.6205,2098,1.6907,2.67,28.94
Clairine 8+,9.74,55.0,BASA,LAYAK,Mineral,41044.80,2.0668,12452.10,0.6270,0.5812,2097,1.6899,2.72,28.94
Clairine 8+,9.74,55.0,BASA,LAYAK,Mineral,40583.80,2.0436,13136.90,0.6615,0.6125,2099,1.6915,2.62,29.00
Clairine 8+,9.74,55.0,BASA,LAYAK,Mineral,41027.20,2.0659,13285.90,0.6690,0.6195,2098,1.6907,2.67,29.00
Clairine 8+,9.74,55.0,BASA,LAYAK,Mineral,41000.00,2.0645,12666.70,0.6378,0.5913,2114,1.7036,1.85,28.94
Clairine 8+,9.74,55.0,BASA,LAYAK,Mineral,40908.80,2.0600,13074.60,0.6584,0.6103,2099,1.6915,2.62,28.94
Clairine 8+,9.74,55.0,BASA,LAYAK,Mineral,40761.40,2.0525,13116.30,0.6605,0.6123,2098,1.6907,2.67,28.94
Clairine 8+,9.74,55.0,BASA,LAYAK,Mineral,40851.00,2.0570,12668.20,0.6379,0.5907,2097,1.6899,2.72,29.00
Clairine 8+,9.74,55.0,BASA,LAYAK,Mineral,40839.90,2.0565,14827.10,0.7466,0.6913,2098,1.6907,2.67,29.00
Clairine 8+,9.74,55.0,BASA,LAYAK,Mineral,41033.60,2.0662,11715.60,0.5899,0.5469,2098,1.6907,2.67,28.94
Clairine 8+,9.74,55.0,BASA,LAYAK,Mineral,41222.40,2.0757,13691.00,0.6894,0.6391,2098,1.6907,2.67,28.94
Clairine 8+,9.74,55.0,BASA,LAYAK,Mineral,40673.40,2.0481,13311.50,0.6703,0.6214,2098,1.6907,2.67,28.94
Clairine 8+,9.74,55.0,BASA,LAYAK,Mineral,40622.20,2.0455,12509.90,0.6299,0.5839,2112,1.7020,1.95,28.94
Clairine 8+,9.74,55.0,BASA,LAYAK,Mineral,40641.40,2.0465,13765.90,0.6932,0.6426,2096,1.6891,2.77,28.94
Clairine 8+,9.74,55.0,BASA,LAYAK,Mineral,40590.30,2.0439,13300.40,0.6697,0.6208,2097,1.6899,2.72,28.94
Clairine 8+,9.74,55.0,BASA,LAYAK,Mineral,40887.90,2.0589,12452.10,0.6270,0.5812,2096,1.6891,2.77,28.94
Clairine 8+,9.74,55.0,BASA,LAYAK,Mineral,40519.80,2.0404,13364.40,0.6730,0.6238,2098,1.6907,2.67,28.94
Clairine 8+,9.74,55.0,BASA,LAYAK,Mineral,40598.20,2.0443,13453.90,0.6775,0.6280,2099,1.6915,2.62,28.94
Clairine 8+,9.74,55.0,BASA,LAYAK,Mineral,40590.20,2.0439,13788.40,0.6943,0.6436,2098,1.6907,2.67,28.94
Clairine 8+,9.74,55.0,BASA,LAYAK,Mineral,40743.90,2.0516,12988.00,0.6540,0.6063,2096,1.6891,2.77,28.94
Clairine 8+,9.74,55.0,BASA,LAYAK,Mineral,40563.00,2.0425,12314.50,0.6201,0.5748,2097,1.6899,2.72,28.94
Clairine 8+,9.74,55.0,BASA,LAYAK,Mineral,40776.00,2.0533,13484.30,0.6790,0.6294,2099,1.6915,2.62,28.94
Clairine 8+,9.74,55.0,BASA,LAYAK,Mineral,40476.60,2.0382,12520.90,0.6305,0.5845,2100,1.6923,2.56,28.94
Clairine 8+,9.74,55.0,BASA,LAYAK,Mineral,40729.40,2.0509,12541.70,0.6315,0.5854,2098,1.6907,2.67,28.94
Clairine 8+,9.74,55.0,BASA,LAYAK,Mineral,40451.00,2.0369,13257.10,0.6676,0.6188,2097,1.6899,2.72,28.94
Clairine 8+,9.74,55.0,BASA,LAYAK,Mineral,40707.10,2.0498,12686.00,0.6388,0.5922,2097,1.6899,2.72,28.94
Clairine 8+,9.74,55.0,BASA,LAYAK,Mineral,40766.40,2.0528,12432.90,0.6261,0.5804,2098,1.6907,2.67,28.94
Clairine 8+,9.74,55.0,BASA,LAYAK,Mineral,40574.30,2.0431,13577.10,0.6837,0.6338,2098,1.6907,2.67,28.94
Clairine 8+,9.74,55.0,BASA,LAYAK,Mineral,40785.50,2.0537,12328.70,0.6208,0.5755,2094,1.6875,2.87,28.94
Clairine 8+,9.74,55.0,BASA,LAYAK,Mineral,40723.10,2.0506,13054.00,0.6573,0.6093,2099,1.6915,2.62,28.94
Clairine 8+,9.74,55.0,BASA,LAYAK,Mineral,40849.60,2.0570,13841.40,0.6970,0.6454,2099,1.6915,2.62,29.00
Clairine 8+,9.74,55.0,BASA,LAYAK,Mineral,40838.40,2.0564,11472.60,0.5777,0.5355,2096,1.6891,2.77,28.94
Clairine 8+,9.74,55.0,BASA,LAYAK,Mineral,40875.20,2.0583,12362.70,0.6225,0.5771,2100,1.6923,2.56,28.94
Clairine 8+,9.74,55.0,BASA,LAYAK,Mineral,40311.80,2.0299,14588.60,0.7346,0.6810,2098,1.6907,2.67,28.94
Clairine 8+,9.74,55.0,BASA,LAYAK,Mineral,40527.90,2.0408,11984.70,0.6035,0.5588,2099,1.6915,2.62,29.00
Clairine 8+,9.74,55.0,BASA,LAYAK,Mineral,40483.00,2.0385,12032.90,0.6059,0.5617,2109,1.6996,2.10,28.94
Clairine 8+,9.74,55.0,BASA,LAYAK,Mineral,40756.80,2.0523,14561.50,0.7332,0.6797,2098,1.6907,2.67,28.94
Clairine 8+,9.74,55.0,BASA,LAYAK,Mineral,40462.20,2.0375,11690.30,0.5887,0.5457,2110,1.7004,2.05,28.94
Clairine 8+,9.74,55.0,BASA,LAYAK,Mineral,40558.30,2.0423,13322.70,0.6709,0.6219,2098,1.6907,2.67,28.94
Clairine 8+,9.74,55.0,BASA,LAYAK,Mineral,40631.90,2.0460,13399.80,0.6747,0.6255,2099,1.6915,2.62,28.94
Clairine 8+,9.74,55.0,BASA,LAYAK,Mineral,40601.50,2.0445,12525.70,0.6307,0.5840,2098,1.6907,2.67,29.00
Clairine 8+,9.74,55.0,BASA,LAYAK,Mineral,40636.70,2.0463,12906.50,0.6499,0.6025,2104,1.6955,2.36,28.94
Clairine 8+,9.74,55.0,BASA,LAYAK,Mineral,40631.80,2.0460,13018.80,0.6556,0.6077,2097,1.6899,2.72,28.94
Clairine 8+,9.74,55.0,BASA,LAYAK,Mineral,40527.80,2.0408,12301.70,0.6194,0.5742,2085,1.6802,3.33,28.94
Clairine 8+,9.74,55.0,BASA,LAYAK,Mineral,40479.90,2.0384,13042.60,0.6568,0.6088,2098,1.6907,2.67,28.94
Clairine 8+,9.74,55.0,BASA,LAYAK,Mineral,40497.50,2.0392,13236.50,0.6665,0.6171,2098,1.6907,2.67,29.00
Clairine 8+,9.74,55.0,BASA,LAYAK,Mineral,40825.50,2.0558,12029.50,0.6057,0.5615,2098,1.6907,2.67,28.94
Clairine 8+,9.74,55.0,BASA,LAYAK,Mineral,40393.40,2.0340,13486.20,0.6791,0.6295,2100,1.6923,2.56,28.94
Clairine 8+,9.74,55.0,BASA,LAYAK,Mineral,40742.40,2.0516,11429.70,0.5755,0.5335,2099,1.6915,2.62,28.94
Clairine 8+,9.74,55.0,BASA,LAYAK,Mineral,40732.80,2.0511,13788.50,0.6943,0.6436,2098,1.6907,2.67,28.94
Clairine 8+,9.74,55.0,BASA,LAYAK,Mineral,40510.30,2.0399,13178.70,0.6636,0.6152,2098,1.6907,2.67,28.94
Clairine 8+,9.74,55.0,BASA,LAYAK,Mineral,40563.00,2.0425,12068.10,0.6077,0.5633,2097,1.6899,2.72,28.94
Clairine 8+,9.74,55.0,BASA,LAYAK,Mineral,40521.50,2.0405,13686.00,0.6892,0.6388,2097,1.6899,2.72,28.94
Clairine 8+,9.74,55.0,BASA,LAYAK,Mineral,40535.90,2.0412,12861.70,0.6476,0.6004,2106,1.6971,2.26,28.94
Clairine 8+,9.74,55.0,BASA,LAYAK,Mineral,40713.50,2.0501,11504.90,0.5793,0.5370,2099,1.6915,2.62,28.94
Clairine 8+,9.74,55.0,BASA,LAYAK,Mineral,40566.30,2.0427,13473.20,0.6784,0.6289,2098,1.6907,2.67,28.94
Clairine 8+,9.74,55.0,BASA,LAYAK,Mineral,40444.70,2.0366,13399.50,0.6747,0.6255,2096,1.6891,2.77,28.94
Clairine 8+,9.74,55.0,BASA,LAYAK,Mineral,40567.90,2.0428,11800.90,0.5942,0.5509,2097,1.6899,2.72,28.94
Clairine 8+,9.74,55.0,BASA,LAYAK,Mineral,40692.70,2.0491,14505.40,0.7304,0.6771,2097,1.6899,2.72,28.94
Clairine 8+,9.74,55.0,BASA,LAYAK,Mineral,40375.80,2.0331,11546.20,0.5814,0.5383,2099,1.6915,2.62,29.00
Clairine 8+,9.74,55.0,BASA,LAYAK,Mineral,40467.10,2.0377,11941.80,0.6013,0.5574,2097,1.6899,2.72,28.94
Refresh & Alkaline E+,9.6,17.0,BASA,LAYAK,Mineral,39823.40,2.0053,12005.50,0.6045,0.5617,2101,1.6931,2.51,28.81
Refresh & Alkaline E+,9.6,17.0,BASA,LAYAK,Mineral,39517.80,1.9899,13854.00,0.6976,0.6482,2122,1.7100,1.44,28.81
Refresh & Alkaline E+,9.6,17.0,BASA,LAYAK,Mineral,40047.50,2.0166,14191.70,0.7146,0.6632,2099,1.6915,2.62,28.88
Refresh & Alkaline E+,9.6,17.0,BASA,LAYAK,Mineral,39847.50,2.0065,12056.70,0.6071,0.5641,2099,1.6915,2.62,28.81
Refresh & Alkaline E+,9.6,17.0,BASA,LAYAK,Mineral,40050.70,2.0167,15294.40,0.7701,0.7148,2099,1.6915,2.62,28.88
Refresh & Alkaline E+,9.6,17.0,BASA,LAYAK,Mineral,40137.20,2.0211,12044.20,0.6065,0.5629,2099,1.6915,2.62,28.88
Refresh & Alkaline E+,9.6,17.0,BASA,LAYAK,Mineral,40076.30,2.0180,15029.00,0.7568,0.7023,2099,1.6915,2.62,28.88
Refresh & Alkaline E+,9.6,17.0,BASA,LAYAK,Mineral,40298.80,2.0292,12488.90,0.6289,0.5836,2098,1.6907,2.67,28.88
Refresh & Alkaline E+,9.6,17.0,BASA,LAYAK,Mineral,40258.80,2.0272,14356.80,0.7229,0.6709,2098,1.6907,2.67,28.88
Refresh & Alkaline E+,9.6,17.0,BASA,LAYAK,Mineral,40369.20,2.0328,14250.90,0.7176,0.6660,2100,1.6923,2.56,28.88
Refresh & Alkaline E+,9.6,17.0,BASA,LAYAK,Mineral,40220.30,2.0253,12649.00,0.6369,0.5911,2099,1.6915,2.62,28.88
Refresh & Alkaline E+,9.6,17.0,BASA,LAYAK,Mineral,40218.80,2.0252,14520.00,0.7312,0.6786,2102,1.6939,2.46,28.88
Refresh & Alkaline E+,9.6,17.0,BASA,LAYAK,Mineral,40319.60,2.0303,14012.80,0.7056,0.6549,2099,1.6915,2.62,28.88
Refresh & Alkaline E+,9.6,17.0,BASA,LAYAK,Mineral,40270.00,2.0278,12485.70,0.6287,0.5835,2099,1.6915,2.62,28.88
Refresh & Alkaline E+,9.6,17.0,BASA,LAYAK,Mineral,40502.20,2.0395,15443.40,0.7776,0.7217,2097,1.6899,2.72,28.88
Refresh & Alkaline E+,9.6,17.0,BASA,LAYAK,Mineral,40631.80,2.0460,13111.60,0.6602,0.6127,2100,1.6923,2.56,28.88
Refresh & Alkaline E+,9.6,17.0,BASA,LAYAK,Mineral,40279.60,2.0283,13738.80,0.6918,0.6421,2100,1.6923,2.56,28.88
Refresh & Alkaline E+,9.6,17.0,BASA,LAYAK,Mineral,40558.30,2.0423,13670.20,0.6884,0.6388,2110,1.7004,2.05,28.88
Refresh & Alkaline E+,9.6,17.0,BASA,LAYAK,Mineral,40526.20,2.0407,11922.30,0.6003,0.5572,2099,1.6915,2.62,28.88
Refresh & Alkaline E+,9.6,17.0,BASA,LAYAK,Mineral,40623.90,2.0456,15542.50,0.7826,0.7263,2099,1.6915,2.62,28.88
Refresh & Alkaline E+,9.6,17.0,BASA,LAYAK,Mineral,40604.50,2.0446,12058.30,0.6072,0.5635,2099,1.6915,2.62,28.88
Refresh & Alkaline E+,9.6,17.0,BASA,LAYAK,Mineral,40950.50,2.0621,13508.50,0.6802,0.6313,2099,1.6915,2.62,28.88
Refresh & Alkaline E+,9.6,17.0,BASA,LAYAK,Mineral,40535.90,2.0412,14323.00,0.7212,0.6686,2098,1.6907,2.67,28.94
Refresh & Alkaline E+,9.6,17.0,BASA,LAYAK,Mineral,40671.80,2.0480,12537.00,0.6313,0.5859,2100,1.6923,2.56,28.88
Refresh & Alkaline E+,9.6,17.0,BASA,LAYAK,Mineral,40913.50,2.0602,15081.80,0.7594,0.7048,2101,1.6931,2.51,28.88
Refresh & Alkaline E+,9.6,17.0,BASA,LAYAK,Mineral,40593.40,2.0441,12453.70,0.6271,0.5820,2100,1.6923,2.56,28.88
Refresh & Alkaline E+,9.6,17.0,BASA,LAYAK,Mineral,40503.80,2.0396,14286.40,0.7194,0.6669,2101,1.6931,2.51,28.94
Refresh & Alkaline E+,9.6,17.0,BASA,LAYAK,Mineral,40678.20,2.0483,13557.90,0.6827,0.6336,2099,1.6915,2.62,28.88
Refresh & Alkaline E+,9.6,17.0,BASA,LAYAK,Mineral,40663.80,2.0476,13126.00,0.6610,0.6134,2101,1.6931,2.51,28.88
Refresh & Alkaline E+,9.6,17.0,BASA,LAYAK,Mineral,40407.80,2.0347,13780.40,0.6939,0.6440,2099,1.6915,2.62,28.88
Refresh & Alkaline E+,9.6,17.0,BASA,LAYAK,Mineral,40761.60,2.0525,14001.30,0.7050,0.6543,2098,1.6907,2.67,28.88
Refresh & Alkaline E+,9.6,17.0,BASA,LAYAK,Mineral,40614.20,2.0451,12468.30,0.6278,0.5820,2099,1.6915,2.62,28.94
Refresh & Alkaline E+,9.6,17.0,BASA,LAYAK,Mineral,40607.80,2.0448,15116.90,0.7612,0.7056,2097,1.6899,2.72,28.94
Refresh & Alkaline E+,9.6,17.0,BASA,LAYAK,Mineral,40819.10,2.0554,11747.80,0.5916,0.5484,2099,1.6915,2.62,28.94
Refresh & Alkaline E+,9.6,17.0,BASA,LAYAK,Mineral,40928.00,2.0609,14278.40,0.7190,0.6673,2098,1.6907,2.67,28.88
Refresh & Alkaline E+,9.6,17.0,BASA,LAYAK,Mineral,40639.80,2.0464,14777.70,0.7441,0.6906,2098,1.6907,2.67,28.88
Refresh & Alkaline E+,9.6,17.0,BASA,LAYAK,Mineral,40910.30,2.0600,11621.40,0.5852,0.5431,2099,1.6915,2.62,28.88
Refresh & Alkaline E+,9.6,17.0,BASA,LAYAK,Mineral,40689.40,2.0489,14752.10,0.7428,0.6886,2098,1.6907,2.67,28.94
Refresh & Alkaline E+,9.6,17.0,BASA,LAYAK,Mineral,40899.20,2.0595,13305.10,0.6700,0.6211,2100,1.6923,2.56,28.94
Refresh & Alkaline E+,9.6,17.0,BASA,LAYAK,Mineral,40764.70,2.0527,13071.50,0.6582,0.6102,2101,1.6931,2.51,28.94
Refresh & Alkaline E+,9.6,17.0,BASA,LAYAK,Mineral,40774.30,2.0532,13713.20,0.6905,0.6401,2097,1.6899,2.72,28.94
Refresh & Alkaline E+,9.6,17.0,BASA,LAYAK,Mineral,41030.40,2.0661,14305.60,0.7204,0.6678,2100,1.6923,2.56,28.94
Refresh & Alkaline E+,9.6,17.0,BASA,LAYAK,Mineral,40926.40,2.0608,14545.50,0.7324,0.6790,2100,1.6923,2.56,28.94
Refresh & Alkaline E+,9.6,17.0,BASA,LAYAK,Mineral,40868.70,2.0579,13225.10,0.6659,0.6173,2097,1.6899,2.72,28.94
Refresh & Alkaline E+,9.6,17.0,BASA,LAYAK,Mineral,40822.40,2.0556,12927.50,0.6510,0.6034,2096,1.6891,2.77,28.94
Refresh & Alkaline E+,9.6,17.0,BASA,LAYAK,Mineral,40687.80,2.0488,14616.00,0.7360,0.6830,2097,1.6899,2.72,28.88
Refresh & Alkaline E+,9.6,17.0,BASA,LAYAK,Mineral,40878.40,2.0584,13119.60,0.6606,0.6124,2100,1.6923,2.56,28.94
Refresh & Alkaline E+,9.6,17.0,BASA,LAYAK,Mineral,40881.50,2.0586,13644.80,0.6871,0.6369,2101,1.6931,2.51,28.94
Refresh & Alkaline E+,9.6,17.0,BASA,LAYAK,Mineral,40761.40,2.0525,15536.20,0.7823,0.7252,2099,1.6915,2.62,28.94
Refresh & Alkaline E+,9.6,17.0,BASA,LAYAK,Mineral,40803.00,2.0546,11746.40,0.5915,0.5483,2099,1.6915,2.62,28.94
Refresh & Alkaline E+,9.6,17.0,BASA,LAYAK,Mineral,40766.30,2.0528,14025.30,0.7062,0.6547,2098,1.6907,2.67,28.94
Refresh & Alkaline E+,9.6,17.0,BASA,LAYAK,Mineral,40703.80,2.0496,13402.60,0.6749,0.6256,2099,1.6915,2.62,28.94
Refresh & Alkaline E+,9.6,17.0,BASA,LAYAK,Mineral,40926.30,2.0608,13076.10,0.6584,0.6104,2100,1.6923,2.56,28.94
Refresh & Alkaline E+,9.6,17.0,BASA,LAYAK,Mineral,40815.80,2.0553,14022.20,0.7061,0.6545,2099,1.6915,2.62,28.94
Refresh & Alkaline E+,9.6,17.0,BASA,LAYAK,Mineral,41032.00,2.0662,11408.90,0.5745,0.5326,2097,1.6899,2.72,28.94
Refresh & Alkaline E+,9.6,17.0,BASA,LAYAK,Mineral,40692.60,2.0491,13642.90,0.6870,0.6368,2099,1.6915,2.62,28.94
Refresh & Alkaline E+,9.6,17.0,BASA,LAYAK,Mineral,40742.10,2.0516,13324.50,0.6710,0.6220,2099,1.6915,2.62,28.94
Refresh & Alkaline E+,9.6,17.0,BASA,LAYAK,Mineral,41065.50,2.0678,12567.40,0.6328,0.5866,2100,1.6923,2.56,28.94
Refresh & Alkaline E+,9.6,17.0,BASA,LAYAK,Mineral,40838.30,2.0564,13205.90,0.6650,0.6172,2101,1.6931,2.51,28.88
Refresh & Alkaline E+,9.6,17.0,BASA,LAYAK,Mineral,41084.70,2.0688,14078.10,0.7089,0.6571,2094,1.6875,2.87,28.94
Refresh & Alkaline E+,9.6,17.0,BASA,LAYAK,Mineral,40815.90,2.0553,11992.90,0.6039,0.5598,2108,1.6988,2.15,28.94
Refresh & Alkaline E+,9.6,17.0,BASA,LAYAK,Mineral,40983.90,2.0637,15147.30,0.7627,0.7071,2100,1.6923,2.56,28.94
Refresh & Alkaline E+,9.6,17.0,BASA,LAYAK,Mineral,41137.50,2.0715,12516.10,0.6302,0.5842,2100,1.6923,2.56,28.94
Refresh & Alkaline E+,9.6,17.0,BASA,LAYAK,Mineral,41124.80,2.0708,14592.00,0.7348,0.6811,2111,1.7012,2.00,28.94
Refresh & Alkaline E+,9.6,17.0,BASA,LAYAK,Mineral,41155.30,2.0724,13900.50,0.7000,0.6489,2099,1.6915,2.62,28.94
Refresh & Alkaline E+,9.6,17.0,BASA,LAYAK,Mineral,40975.90,2.0633,12889.10,0.6490,0.6023,2099,1.6915,2.62,28.88
Refresh & Alkaline E+,9.6,17.0,BASA,LAYAK,Mineral,40964.70,2.0628,14415.90,0.7259,0.6729,2100,1.6923,2.56,28.94
Refresh & Alkaline E+,9.6,17.0,BASA,LAYAK,Mineral,41249.60,2.0771,14513.60,0.7308,0.6775,2105,1.6963,2.31,28.94
Refresh & Alkaline E+,9.6,17.0,BASA,LAYAK,Mineral,40841.40,2.0566,12810.70,0.6451,0.5987,2099,1.6915,2.62,28.88
Refresh & Alkaline E+,9.6,17.0,BASA,LAYAK,Mineral,40931.10,2.0611,14740.70,0.7423,0.6881,2098,1.6907,2.67,28.94
Refresh & Alkaline E+,9.6,17.0,BASA,LAYAK,Mineral,41360.10,2.0827,12871.60,0.6481,0.6008,2098,1.6907,2.67,28.94
Refresh & Alkaline E+,9.6,17.0,BASA,LAYAK,Mineral,41128.10,2.0710,14414.20,0.7258,0.6728,2100,1.6923,2.56,28.94
Refresh & Alkaline E+,9.6,17.0,BASA,LAYAK,Mineral,41380.90,2.0837,14447.80,0.7275,0.6744,2099,1.6915,2.62,28.94
Refresh & Alkaline E+,9.6,17.0,BASA,LAYAK,Mineral,40807.80,2.0549,13081.10,0.6587,0.6106,2100,1.6923,2.56,28.94
Refresh & Alkaline E+,9.6,17.0,BASA,LAYAK,Mineral,41193.60,2.0743,14083.00,0.7091,0.6574,2105,1.6963,2.31,28.94
Refresh & Alkaline E+,9.6,17.0,BASA,LAYAK,Mineral,40958.30,2.0624,13527.60,0.6812,0.6315,2098,1.6907,2.67,28.94
Refresh & Alkaline E+,9.6,17.0,BASA,LAYAK,Mineral,41244.80,2.0769,12669.80,0.6380,0.5914,2099,1.6915,2.62,28.94
Refresh & Alkaline E+,9.6,17.0,BASA,LAYAK,Mineral,41083.00,2.0687,15685.10,0.7898,0.7322,2097,1.6899,2.72,28.94
Refresh & Alkaline E+,9.6,17.0,BASA,LAYAK,Mineral,41009.40,2.0650,11741.40,0.5912,0.5481,2100,1.6923,2.56,28.94
Refresh & Alkaline E+,9.6,17.0,BASA,LAYAK,Mineral,41145.60,2.0719,13932.40,0.7016,0.6511,2097,1.6899,2.72,28.88
Refresh & Alkaline E+,9.6,17.0,BASA,LAYAK,Mineral,41310.40,2.0802,14532.80,0.7318,0.6784,2100,1.6923,2.56,28.94
Refresh & Alkaline E+,9.6,17.0,BASA,LAYAK,Mineral,41195.20,2.0744,12069.50,0.6078,0.5634,2102,1.6939,2.46,28.94
Refresh & Alkaline E+,9.6,17.0,BASA,LAYAK,Mineral,41318.60,2.0806,15998.80,0.8056,0.7468,2100,1.6923,2.56,28.94
Refresh & Alkaline E+,9.6,17.0,BASA,LAYAK,Mineral,41080.00,2.0686,11877.40,0.5981,0.5544,2099,1.6915,2.62,28.94
Refresh & Alkaline E+,9.6,17.0,BASA,LAYAK,Mineral,41003.10,2.0647,14684.90,0.7395,0.6855,2098,1.6907,2.67,28.94
Refresh & Alkaline E+,9.6,17.0,BASA,LAYAK,Mineral,41060.70,2.0676,13909.90,0.7004,0.6493,2099,1.6915,2.62,28.94
Refresh & Alkaline E+,9.6,17.0,BASA,LAYAK,Mineral,41095.90,2.0694,12223.20,0.6155,0.5706,2097,1.6899,2.72,28.94
Refresh & Alkaline E+,9.6,17.0,BASA,LAYAK,Mineral,41104.10,2.0698,14972.80,0.7540,0.6989,2097,1.6899,2.72,28.94
Refresh & Alkaline E+,9.6,17.0,BASA,LAYAK,Mineral,41128.10,2.0710,13995.10,0.7047,0.6533,2096,1.6891,2.77,28.94
Refresh & Alkaline E+,9.6,17.0,BASA,LAYAK,Mineral,40983.90,2.0637,12308.00,0.6198,0.5745,2122,1.7100,1.44,28.94
Refresh & Alkaline E+,9.6,17.0,BASA,LAYAK,Mineral,41201.60,2.0747,16136.30,0.8125,0.7532,2096,1.6891,2.77,28.94
Refresh & Alkaline E+,9.6,17.0,BASA,LAYAK,Mineral,41294.40,2.0794,13969.40,0.7034,0.6521,2112,1.7020,1.95,28.94
Refresh & Alkaline E+,9.6,17.0,BASA,LAYAK,Mineral,41249.70,2.0771,12364.00,0.6226,0.5771,2098,1.6907,2.67,28.94
Refresh & Alkaline E+,9.6,17.0,BASA,LAYAK,Mineral,41110.30,2.0701,15747.30,0.7930,0.7351,2102,1.6939,2.46,28.94
Refresh & Alkaline E+,9.6,17.0,BASA,LAYAK,Mineral,41318.50,2.0806,11723.80,0.5903,0.5473,2108,1.6988,2.15,28.94
Refresh & Alkaline E+,9.6,17.0,BASA,LAYAK,Mineral,41240.00,2.0766,13931.00,0.7015,0.6503,2099,1.6915,2.62,28.94
Refresh & Alkaline E+,9.6,17.0,BASA,LAYAK,Mineral,41014.40,2.0653,13402.70,0.6749,0.6263,2103,1.6947,2.41,28.88
Refresh & Alkaline E+,9.6,17.0,BASA,LAYAK,Mineral,41203.20,2.0748,11970.30,0.6028,0.5588,2107,1.6979,2.21,28.94
Refresh & Alkaline E+,9.6,17.0,BASA,LAYAK,Mineral,41103.90,2.0698,14706.90,0.7406,0.6865,2100,1.6923,2.56,28.94
Refresh & Alkaline E+,9.6,17.0,BASA,LAYAK,Mineral,41484.90,2.0890,13007.60,0.6550,0.6072,2115,1.7044,1.79,28.94
Refresh & Alkaline E+,9.6,17.0,BASA,LAYAK,Mineral,41561.70,2.0928,13330.80,0.6713,0.6223,2117,1.7060,1.69,28.94
Refresh & Alkaline E+,9.6,17.0,BASA,LAYAK,Mineral,41364.80,2.0829,14311.70,0.7207,0.6681,2100,1.6923,2.56,28.94
Refresh & Alkaline E+,9.6,17.0,BASA,LAYAK,Mineral,41063.90,2.0678,11514.50,0.5798,0.5375,2105,1.6963,2.31,28.94
Refresh & Alkaline E+,9.6,17.0,BASA,LAYAK,Mineral,41254.50,2.0774,14335.90,0.7219,0.6692,2123,1.7108,1.38,28.94
Refresh & Alkaline E+,9.6,17.0,BASA,LAYAK,Mineral,41179.20,2.0736,14065.40,0.7083,0.6566,2099,1.6915,2.62,28.94
Refresh & Alkaline E+,9.6,17.0,BASA,LAYAK,Mineral,41356.90,2.0825,12485.90,0.6287,0.5835,2119,1.7076,1.59,28.88
Refresh & Alkaline E+,9.6,17.0,BASA,LAYAK,Mineral,41070.30,2.0681,14667.00,0.7386,0.6846,2098,1.6907,2.67,28.94
Refresh & Alkaline E+,9.6,17.0,BASA,LAYAK,Mineral,41150.40,2.0721,11812.10,0.5948,0.5514,2098,1.6907,2.67,28.94
Refresh & Alkaline E+,9.6,17.0,BASA,LAYAK,Mineral,41038.20,2.0665,14209.30,0.7155,0.6633,2100,1.6923,2.56,28.94
Refresh & Alkaline E+,9.6,17.0,BASA,LAYAK,Mineral,41063.90,2.0678,13133.90,0.6614,0.6131,2092,1.6859,2.97,28.94
Refresh & Alkaline E+,9.6,17.0,BASA,LAYAK,Mineral,41409.60,2.0852,12881.10,0.6486,0.6013,2100,1.6923,2.56,28.94
Refresh & Alkaline E+,9.6,17.0,BASA,LAYAK,Mineral,40975.80,2.0633,14145.40,0.7123,0.6611,2099,1.6915,2.62,28.88
Refresh & Alkaline E+,9.6,17.0,BASA,LAYAK,Mineral,41137.50,2.0715,12978.70,0.6535,0.6058,2100,1.6923,2.56,28.94
Refresh & Alkaline E+,9.6,17.0,BASA,LAYAK,Mineral,41083.00,2.0687,12828.30,0.6460,0.5988,2111,1.7012,2.00,28.94
Refresh & Alkaline E+,9.6,17.0,BASA,LAYAK,Mineral,40985.40,2.0638,13580.40,0.6838,0.6339,2102,1.6939,2.46,28.94
Refresh & Alkaline E+,9.6,17.0,BASA,LAYAK,Mineral,41155.10,2.0724,11549.40,0.5816,0.5391,2098,1.6907,2.67,28.94
Refresh & Alkaline E+,9.6,17.0,BASA,LAYAK,Mineral,41035.00,2.0663,14372.70,0.7237,0.6709,2097,1.6899,2.72,28.94
Refresh & Alkaline E+,9.6,17.0,BASA,LAYAK,Mineral,41177.60,2.0735,13068.30,0.6581,0.6100,2097,1.6899,2.72,28.94
Refresh & Alkaline E+,9.6,17.0,BASA,LAYAK,Mineral,41155.20,2.0724,12865.10,0.6478,0.6005,2097,1.6899,2.72,28.94
Refresh & Alkaline E+,9.6,17.0,BASA,LAYAK,Mineral,41004.70,2.0648,13473.20,0.6784,0.6289,2100,1.6923,2.56,28.94
Refresh & Alkaline E+,9.6,17.0,BASA,LAYAK,Mineral,41216.10,2.0754,13714.90,0.6906,0.6402,2098,1.6907,2.67,28.94
Refresh & Alkaline E+,9.6,17.0,BASA,LAYAK,Mineral,41003.10,2.0647,11839.20,0.5962,0.5526,2099,1.6915,2.62,28.94
Refresh & Alkaline E+,9.6,17.0,BASA,LAYAK,Mineral,41081.50,2.0686,14942.50,0.7524,0.6975,2099,1.6915,2.62,28.94
Refresh & Alkaline E+,9.6,17.0,BASA,LAYAK,Mineral,41142.40,2.0717,12250.50,0.6169,0.5718,2115,1.7044,1.79,28.94
Refresh & Alkaline E+,9.6,17.0,BASA,LAYAK,Mineral,41136.00,2.0714,12425.00,0.6257,0.5800,2098,1.6907,2.67,28.94
Refresh & Alkaline E+,9.6,17.0,BASA,LAYAK,Mineral,41199.90,2.0746,13326.00,0.6710,0.6220,2099,1.6915,2.62,28.94
Refresh & Alkaline E+,9.6,17.0,BASA,LAYAK,Mineral,41428.90,2.0861,12437.70,0.6263,0.5806,2098,1.6907,2.67,28.94
Refresh & Alkaline E+,9.6,17.0,BASA,LAYAK,Mineral,40694.20,2.0491,14579.10,0.7341,0.6805,2098,1.6907,2.67,28.94
Refresh & Alkaline E+,9.6,17.0,BASA,LAYAK,Mineral,41073.50,2.0682,12797.90,0.6444,0.5974,2097,1.6899,2.72,28.94
Refresh & Alkaline E+,9.6,17.0,BASA,LAYAK,Mineral,41334.50,2.0814,13527.80,0.6812,0.6315,2100,1.6923,2.56,28.94
Refresh & Alkaline E+,9.6,17.0,BASA,LAYAK,Mineral,41038.30,2.0665,13927.70,0.7013,0.6509,2093,1.6867,2.92,28.88
Refresh & Alkaline E+,9.6,17.0,BASA,LAYAK,Mineral,41348.90,2.0821,12525.90,0.6307,0.5847,2099,1.6915,2.62,28.94
Refresh & Alkaline E+,9.6,17.0,BASA,LAYAK,Mineral,40931.10,2.0611,13774.20,0.6936,0.6430,2095,1.6883,2.82,28.94
Refresh & Alkaline E+,9.6,17.0,BASA,LAYAK,Mineral,41094.30,2.0693,13723.00,0.6910,0.6406,2098,1.6907,2.67,28.94
Refresh & Alkaline E+,9.6,17.0,BASA,LAYAK,Mineral,41132.70,2.0712,13138.80,0.6616,0.6133,2098,1.6907,2.67,28.94
Refresh & Alkaline E+,9.6,17.0,BASA,LAYAK,Mineral,40867.10,2.0579,14190.10,0.7145,0.6624,2098,1.6907,2.67,28.94
Refresh & Alkaline E+,9.6,17.0,BASA,LAYAK,Mineral,41438.50,2.0866,12493.90,0.6291,0.5832,2123,1.7108,1.38,28.94
Refresh & Alkaline E+,9.6,17.0,BASA,LAYAK,Mineral,40998.20,2.0645,14271.70,0.7186,0.6670,2102,1.6939,2.46,28.88
Refresh & Alkaline E+,9.6,17.0,BASA,LAYAK,Mineral,40987.10,2.0639,13140.30,0.6617,0.6134,2102,1.6939,2.46,28.94
Refresh & Alkaline E+,9.6,17.0,BASA,LAYAK,Mineral,41185.60,2.0739,12493.70,0.6291,0.5832,2100,1.6923,2.56,28.94
Refresh & Alkaline E+,9.6,17.0,BASA,LAYAK,Mineral,40806.20,2.0548,13359.50,0.6727,0.6236,2099,1.6915,2.62,28.94
Refresh & Alkaline E+,9.6,17.0,BASA,LAYAK,Mineral,41280.00,2.0786,13689.30,0.6893,0.6390,2099,1.6915,2.62,28.94
Refresh & Alkaline E+,9.6,17.0,BASA,LAYAK,Mineral,40900.60,2.0595,11765.60,0.5925,0.5492,2099,1.6915,2.62,28.94
Refresh & Alkaline E+,9.6,17.0,BASA,LAYAK,Mineral,41212.80,2.0753,13932.60,0.7016,0.6504,2098,1.6907,2.67,28.94
Refresh & Alkaline E+,9.6,17.0,BASA,LAYAK,Mineral,40913.50,2.0602,12098.40,0.6092,0.5647,2098,1.6907,2.67,28.94
Refresh & Alkaline E+,9.6,17.0,BASA,LAYAK,Mineral,41159.90,2.0726,14931.30,0.7519,0.6970,2097,1.6899,2.72,28.94
Refresh & Alkaline E+,9.6,17.0,BASA,LAYAK,Mineral,41286.40,2.0790,12384.90,0.6236,0.5781,2099,1.6915,2.62,28.94
Refresh & Alkaline E+,9.6,17.0,BASA,LAYAK,Mineral,41105.50,2.0699,13689.40,0.6893,0.6390,2099,1.6915,2.62,28.94
Refresh & Alkaline E+,9.6,17.0,BASA,LAYAK,Mineral,41182.40,2.0737,13529.40,0.6813,0.6315,2098,1.6907,2.67,28.94
Refresh & Alkaline E+,9.6,17.0,BASA,LAYAK,Mineral,41339.30,2.0816,12890.70,0.6491,0.6017,2100,1.6923,2.56,28.94
Refresh & Alkaline E+,9.6,17.0,BASA,LAYAK,Mineral,40900.60,2.0595,13743.70,0.6921,0.6415,2110,1.7004,2.05,28.94
Refresh & Alkaline E+,9.6,17.0,BASA,LAYAK,Mineral,41169.60,2.0731,13878.20,0.6988,0.6486,2098,1.6907,2.67,28.88
Refresh & Alkaline E+,9.6,17.0,BASA,LAYAK,Mineral,41198.30,2.0745,14009.50,0.7054,0.6547,2098,1.6907,2.67,28.88
Refresh & Alkaline E+,9.6,17.0,BASA,LAYAK,Mineral,40953.50,2.0622,12965.80,0.6529,0.6052,2099,1.6915,2.62,28.94
Refresh & Alkaline E+,9.6,17.0,BASA,LAYAK,Mineral,41097.50,2.0695,12738.70,0.6415,0.5946,2099,1.6915,2.62,28.94
Refresh & Alkaline E+,9.6,17.0,BASA,LAYAK,Mineral,41022.40,2.0657,13284.30,0.6689,0.6201,2096,1.6891,2.77,28.94
Refresh & Alkaline E+,9.6,17.0,BASA,LAYAK,Mineral,41121.50,2.0707,13670.10,0.6884,0.6381,2099,1.6915,2.62,28.94
Refresh & Alkaline E+,9.6,17.0,BASA,LAYAK,Mineral,41200.00,2.0746,11843.90,0.5964,0.5529,2098,1.6907,2.67,28.94
Refresh & Alkaline E+,9.6,17.0,BASA,LAYAK,Mineral,40996.70,2.0644,14860.80,0.7483,0.6937,2094,1.6875,2.87,28.94
Refresh & Alkaline E+,9.6,17.0,BASA,LAYAK,Mineral,41007.80,2.0649,11499.80,0.5791,0.5374,2099,1.6915,2.62,28.88
Refresh & Alkaline E+,9.6,17.0,BASA,LAYAK,Mineral,40975.80,2.0633,14356.70,0.7229,0.6702,2098,1.6907,2.67,28.94
Refresh & Alkaline E+,9.6,17.0,BASA,LAYAK,Mineral,41313.60,2.0803,13391.50,0.6743,0.6251,2098,1.6907,2.67,28.94
Refresh & Alkaline E+,9.6,17.0,BASA,LAYAK,Mineral,41127.90,2.0710,12277.70,0.6182,0.5738,2086,1.6810,3.28,28.88
Refresh & Alkaline E+,9.6,17.0,BASA,LAYAK,Mineral,40950.30,2.0620,14881.40,0.7493,0.6946,2098,1.6907,2.67,28.94
Refresh & Alkaline E+,9.6,17.0,BASA,LAYAK,Mineral,40801.40,2.0545,11706.50,0.5895,0.5471,2100,1.6923,2.56,28.88
Refresh & Alkaline E+,9.6,17.0,BASA,LAYAK,Mineral,41404.90,2.0849,14210.90,0.7156,0.6641,2098,1.6907,2.67,28.88
Refresh & Alkaline E+,9.6,17.0,BASA,LAYAK,Mineral,41003.00,2.0647,13009.00,0.6551,0.6079,2099,1.6915,2.62,28.88
Refresh & Alkaline E+,9.6,17.0,BASA,LAYAK,Mineral,40999.90,2.0645,12650.50,0.6370,0.5905,2109,1.6996,2.10,28.94
Refresh & Alkaline E+,9.6,17.0,BASA,LAYAK,Mineral,41089.60,2.0691,13650.70,0.6874,0.6379,2099,1.6915,2.62,28.88
Refresh & Alkaline E+,9.6,17.0,BASA,LAYAK,Mineral,41057.50,2.0674,13314.60,0.6705,0.6215,2084,1.6794,3.38,28.94
Refresh & Alkaline E+,9.6,17.0,BASA,LAYAK,Mineral,41230.50,2.0762,14150.10,0.7125,0.6605,2101,1.6931,2.51,28.94
Refresh & Alkaline E+,9.6,17.0,BASA,LAYAK,Mineral,41027.10,2.0659,13031.50,0.6562,0.6083,2096,1.6891,2.77,28.94
Refresh & Alkaline E+,9.6,17.0,BASA,LAYAK,Mineral,41284.80,2.0789,12592.90,0.6341,0.5885,2098,1.6907,2.67,28.88
Refresh & Alkaline E+,9.6,17.0,BASA,LAYAK,Mineral,41087.90,2.0690,13835.00,0.6967,0.6458,2098,1.6907,2.67,28.94
Refresh & Alkaline E+,9.6,17.0,BASA,LAYAK,Mineral,40964.70,2.0628,13218.60,0.6656,0.6170,2100,1.6923,2.56,28.94
Refresh & Alkaline E+,9.6,17.0,BASA,LAYAK,Mineral,41137.60,2.0715,12340.20,0.6214,0.5760,2098,1.6907,2.67,28.94
Refresh & Alkaline E+,9.6,17.0,BASA,LAYAK,Mineral,41243.20,2.0768,14590.20,0.7347,0.6818,2097,1.6899,2.72,28.88
Refresh & Alkaline E+,9.6,17.0,BASA,LAYAK,Mineral,41046.20,2.0669,11664.90,0.5874,0.5451,2095,1.6883,2.82,28.88
Refresh & Alkaline E+,9.6,17.0,BASA,LAYAK,Mineral,41184.00,2.0738,14138.90,0.7120,0.6600,2097,1.6899,2.72,28.94
Refresh & Alkaline E+,9.6,17.0,BASA,LAYAK,Mineral,40982.20,2.0636,11530.20,0.5806,0.5382,2096,1.6891,2.77,28.94
Refresh & Alkaline E+,9.6,17.0,BASA,LAYAK,Mineral,41161.60,2.0727,13324.60,0.6710,0.6227,2097,1.6899,2.72,28.88
Refresh & Alkaline E+,9.6,17.0,BASA,LAYAK,Mineral,41158.40,2.0725,14753.50,0.7429,0.6887,2098,1.6907,2.67,28.94
Refresh & Alkaline E+,9.6,17.0,BASA,LAYAK,Mineral,41116.80,2.0704,11723.90,0.5904,0.5479,2098,1.6907,2.67,28.88
Refresh & Alkaline E+,9.6,17.0,BASA,LAYAK,Mineral,41123.20,2.0707,13366.00,0.6730,0.6239,2098,1.6907,2.67,28.94
Refresh & Alkaline E+,9.6,17.0,BASA,LAYAK,Mineral,40828.70,2.0559,15027.30,0.7567,0.7023,2098,1.6907,2.67,28.88
Refresh & Alkaline E+,9.6,17.0,BASA,LAYAK,Mineral,41140.90,2.0716,11458.20,0.5770,0.5349,2098,1.6907,2.67,28.94
Refresh & Alkaline E+,9.6,17.0,BASA,LAYAK,Mineral,41067.20,2.0679,13983.80,0.7042,0.6527,2099,1.6915,2.62,28.94
Refresh & Alkaline E+,9.6,17.0,BASA,LAYAK,Mineral,40927.90,2.0609,13630.20,0.6863,0.6370,2100,1.6923,2.56,28.88
Refresh & Alkaline E+,9.6,17.0,BASA,LAYAK,Mineral,40966.20,2.0628,12176.90,0.6132,0.5691,2111,1.7012,2.00,28.88
Refresh & Alkaline E+,9.6,17.0,BASA,LAYAK,Mineral,41163.10,2.0728,14801.60,0.7453,0.6917,2100,1.6923,2.56,28.88
Refresh & Alkaline E+,9.6,17.0,BASA,LAYAK,Mineral,41257.70,2.0775,13900.50,0.7000,0.6489,2104,1.6955,2.36,28.94
Refresh & Alkaline E+,9.6,17.0,BASA,LAYAK,Mineral,41294.50,2.0794,12351.30,0.6219,0.5765,2100,1.6923,2.56,28.94
Refresh & Alkaline E+,9.6,17.0,BASA,LAYAK,Mineral,40910.30,2.0600,14191.70,0.7146,0.6632,2104,1.6955,2.36,28.88
Refresh & Alkaline E+,9.6,17.0,BASA,LAYAK,Mineral,41118.40,2.0705,13932.60,0.7016,0.6504,2098,1.6907,2.67,28.94
Refresh & Alkaline E+,9.6,17.0,BASA,LAYAK,Mineral,41129.70,2.0711,12684.10,0.6387,0.5928,2115,1.7044,1.79,28.88
Refresh & Alkaline E+,9.6,17.0,BASA,LAYAK,Mineral,41243.20,2.0768,13599.50,0.6848,0.6348,2098,1.6907,2.67,28.94
Refresh & Alkaline E+,9.6,17.0,BASA,LAYAK,Mineral,40947.00,2.0619,13439.70,0.6768,0.6273,2098,1.6907,2.67,28.94
Refresh & Alkaline E+,9.6,17.0,BASA,LAYAK,Mineral,41041.50,2.0666,12656.90,0.6373,0.5908,2115,1.7044,1.79,28.94
Refresh & Alkaline E+,9.6,17.0,BASA,LAYAK,Mineral,41072.00,2.0682,14795.30,0.7450,0.6914,2099,1.6915,2.62,28.88
Refresh & Alkaline E+,9.6,17.0,BASA,LAYAK,Mineral,41171.10,2.0732,11470.90,0.5776,0.5361,2098,1.6907,2.67,28.88
Alfamart,8.08,78.0,NETRAL,LAYAK,Mineral,43392.40,2.1850,13930.70,0.7015,0.6495,2088,1.6826,3.18,29.00
Alfamart,8.08,78.0,NETRAL,LAYAK,Mineral,43550.80,2.1930,14300.50,0.7201,0.6660,2100,1.6923,2.56,29.06
Alfamart,8.08,78.0,NETRAL,LAYAK,Mineral,43558.80,2.1934,13125.80,0.6609,0.6113,2089,1.6834,3.13,29.06
Alfamart,8.08,78.0,NETRAL,LAYAK,Mineral,43522.00,2.1915,11792.60,0.5938,0.5498,2094,1.6875,2.87,29.00
Alfamart,8.08,78.0,NETRAL,LAYAK,Mineral,43499.60,2.1904,14763.00,0.7434,0.6875,2100,1.6923,2.56,29.06
Alfamart,8.08,78.0,NETRAL,LAYAK,Mineral,43856.50,2.2084,13313.20,0.6704,0.6200,2097,1.6899,2.72,29.06
Alfamart,8.08,78.0,NETRAL,LAYAK,Mineral,43619.70,2.1965,11710.90,0.5897,0.5454,2094,1.6875,2.87,29.06
Alfamart,8.08,78.0,NETRAL,LAYAK,Mineral,43547.60,2.1928,13415.50,0.6755,0.6255,2097,1.6899,2.72,29.00
Alfamart,8.08,78.0,NETRAL,LAYAK,Mineral,43880.40,2.2096,12320.90,0.6204,0.5738,2108,1.6988,2.15,29.06
Alfamart,8.08,78.0,NETRAL,LAYAK,Mineral,43650.10,2.1980,14049.30,0.7074,0.6543,2099,1.6915,2.62,29.06
Alfamart,8.08,78.0,NETRAL,LAYAK,Mineral,43611.70,2.1961,13031.20,0.6562,0.6069,2096,1.6891,2.77,29.06
Alfamart,8.08,78.0,NETRAL,LAYAK,Mineral,43710.80,2.2010,12573.90,0.6332,0.5856,2095,1.6883,2.82,29.06
Alfamart,8.08,78.0,NETRAL,LAYAK,Mineral,43523.60,2.1916,13777.30,0.6938,0.6416,2098,1.6907,2.67,29.06
Alfamart,8.08,78.0,NETRAL,LAYAK,Mineral,43565.20,2.1937,12957.60,0.6525,0.6034,2098,1.6907,2.67,29.06
Alfamart,8.08,78.0,NETRAL,LAYAK,Mineral,43621.20,2.1965,12168.90,0.6128,0.5667,2099,1.6915,2.62,29.06
Alfamart,8.08,78.0,NETRAL,LAYAK,Mineral,43019.60,2.1662,14035.10,0.7067,0.6536,2120,1.7084,1.54,29.06
Alfamart,8.08,78.0,NETRAL,LAYAK,Mineral,43443.60,2.1876,12967.20,0.6530,0.6039,2098,1.6907,2.67,29.06
Alfamart,8.08,78.0,NETRAL,LAYAK,Mineral,43397.20,2.1853,11667.70,0.5875,0.5434,2107,1.6979,2.21,29.06
Alfamart,8.08,78.0,NETRAL,LAYAK,Mineral,43483.60,2.1896,13876.60,0.6988,0.6470,2098,1.6907,2.67,29.00
Alfamart,8.08,78.0,NETRAL,LAYAK,Mineral,43314.00,2.1811,13622.20,0.6859,0.6344,2098,1.6907,2.67,29.06
Alfamart,8.08,78.0,NETRAL,LAYAK,Mineral,43890.10,2.2101,12229.70,0.6158,0.5702,2097,1.6899,2.72,29.00
Alfamart,8.08,78.0,NETRAL,LAYAK,Mineral,43550.80,2.1930,13197.80,0.6646,0.6146,2098,1.6907,2.67,29.06
Alfamart,8.08,78.0,NETRAL,LAYAK,Mineral,43643.70,2.1977,13623.70,0.6860,0.6345,2097,1.6899,2.72,29.06
Alfamart,8.08,78.0,NETRAL,LAYAK,Mineral,43850.20,2.2081,12695.30,0.6393,0.5912,2100,1.6923,2.56,29.06
Alfamart,8.08,78.0,NETRAL,LAYAK,Mineral,43850.10,2.2081,12922.50,0.6507,0.6018,2099,1.6915,2.62,29.06
Alfamart,8.08,78.0,NETRAL,LAYAK,Mineral,44191.10,2.2252,12279.30,0.6183,0.5719,2098,1.6907,2.67,29.06
Alfamart,8.08,78.0,NETRAL,LAYAK,Mineral,43943.00,2.2127,14047.70,0.7074,0.6542,2104,1.6955,2.36,29.06
Alfamart,8.08,78.0,NETRAL,LAYAK,Mineral,43840.50,2.2076,13674.90,0.6886,0.6369,2098,1.6907,2.67,29.06
Alfamart,8.08,78.0,NETRAL,LAYAK,Mineral,44034.20,2.2173,11800.60,0.5942,0.5496,2094,1.6875,2.87,29.06
Alfamart,8.08,78.0,NETRAL,LAYAK,Mineral,43885.30,2.2098,14678.50,0.7391,0.6836,2099,1.6915,2.62,29.06
Alfamart,8.08,78.0,NETRAL,LAYAK,Mineral,44144.80,2.2229,12728.90,0.6410,0.5928,2099,1.6915,2.62,29.06
Alfamart,8.08,78.0,NETRAL,LAYAK,Mineral,43931.80,2.2122,12343.40,0.6215,0.5748,2099,1.6915,2.62,29.06
Alfamart,8.08,78.0,NETRAL,LAYAK,Mineral,44295.30,2.2305,14803.30,0.7454,0.6894,2097,1.6899,2.72,29.06
Alfamart,8.08,78.0,NETRAL,LAYAK,Mineral,44259.90,2.2287,12324.10,0.6206,0.5739,2099,1.6915,2.62,29.06
Alfamart,8.08,78.0,NETRAL,LAYAK,Mineral,43802.20,2.2056,12133.60,0.6110,0.5651,2097,1.6899,2.72,29.06
Alfamart,8.08,78.0,NETRAL,LAYAK,Mineral,44461.60,2.2389,14713.70,0.7409,0.6852,2098,1.6907,2.67,29.06
Alfamart,8.08,78.0,NETRAL,LAYAK,Mineral,44268.00,2.2291,12570.30,0.6330,0.5854,2099,1.6915,2.62,29.06
Alfamart,8.08,78.0,NETRAL,LAYAK,Mineral,44183.10,2.2248,13825.30,0.6962,0.6439,2094,1.6875,2.87,29.06
Alfamart,8.08,78.0,NETRAL,LAYAK,Mineral,43992.70,2.2152,13345.20,0.6720,0.6215,2099,1.6915,2.62,29.06
Alfamart,8.08,78.0,NETRAL,LAYAK,Mineral,44562.40,2.2439,12528.90,0.6309,0.5835,2099,1.6915,2.62,29.06
Alfamart,8.08,78.0,NETRAL,LAYAK,Mineral,44183.10,2.2248,13477.80,0.6787,0.6277,2096,1.6891,2.77,29.06
Alfamart,8.08,78.0,NETRAL,LAYAK,Mineral,44506.50,2.2411,13767.80,0.6933,0.6412,2099,1.6915,2.62,29.06
Alfamart,8.08,78.0,NETRAL,LAYAK,Mineral,44207.20,2.2260,12146.30,0.6116,0.5657,2098,1.6907,2.67,29.06
Alfamart,8.08,78.0,NETRAL,LAYAK,Mineral,44360.80,2.2338,13878.00,0.6988,0.6463,2097,1.6899,2.72,29.06
Alfamart,8.08,78.0,NETRAL,LAYAK,Mineral,44591.30,2.2454,13476.50,0.6786,0.6276,2097,1.6899,2.72,29.06
Alfamart,8.08,78.0,NETRAL,LAYAK,Mineral,44128.70,2.2221,11886.90,0.5986,0.5536,2098,1.6907,2.67,29.06
Alfamart,8.08,78.0,NETRAL,LAYAK,Mineral,44362.50,2.2339,14718.50,0.7411,0.6855,2098,1.6907,2.67,29.06
Alfamart,8.08,78.0,NETRAL,LAYAK,Mineral,44394.40,2.2355,12647.50,0.6369,0.5890,2100,1.6923,2.56,29.06
Alfamart,8.08,78.0,NETRAL,LAYAK,Mineral,44314.40,2.2314,13493.80,0.6795,0.6284,2084,1.6794,3.38,29.06
Alfamart,8.08,78.0,NETRAL,LAYAK,Mineral,44759.40,2.2538,13290.70,0.6693,0.6190,2097,1.6899,2.72,29.06
Alfamart,8.08,78.0,NETRAL,LAYAK,Mineral,44293.60,2.2304,12644.20,0.6367,0.5889,2095,1.6883,2.82,29.06
Alfamart,8.08,78.0,NETRAL,LAYAK,Mineral,44703.40,2.2510,14156.60,0.7129,0.6593,2098,1.6907,2.67,29.06
Alfamart,8.08,78.0,NETRAL,LAYAK,Mineral,44669.70,2.2493,12168.90,0.6128,0.5667,2099,1.6915,2.62,29.06
Alfamart,8.08,78.0,NETRAL,LAYAK,Mineral,44498.50,2.2407,13990.30,0.7045,0.6515,2112,1.7020,1.95,29.06
Alfamart,8.08,78.0,NETRAL,LAYAK,Mineral,44458.40,2.2387,12909.70,0.6501,0.6012,2099,1.6915,2.62,29.06
Alfamart,8.08,78.0,NETRAL,LAYAK,Mineral,44331.90,2.2323,12546.70,0.6318,0.5843,2097,1.6899,2.72,29.06
Alfamart,8.08,78.0,NETRAL,LAYAK,Mineral,44624.90,2.2471,13881.30,0.6990,0.6465,2097,1.6899,2.72,29.06
Alfamart,8.08,78.0,NETRAL,LAYAK,Mineral,44527.30,2.2422,11583.00,0.5833,0.5394,2098,1.6907,2.67,29.06
Alfamart,8.08,78.0,NETRAL,LAYAK,Mineral,44436.00,2.2376,13659.00,0.6878,0.6361,2100,1.6923,2.56,29.06
Alfamart,8.08,78.0,NETRAL,LAYAK,Mineral,44810.60,2.2564,14206.20,0.7153,0.6608,2098,1.6907,2.67,29.13
Alfamart,8.08,78.0,NETRAL,LAYAK,Mineral,44644.10,2.2480,11946.50,0.6016,0.5564,2098,1.6907,2.67,29.06
Alfamart,8.08,78.0,NETRAL,LAYAK,Mineral,44661.60,2.2489,13974.20,0.7037,0.6508,2098,1.6907,2.67,29.06
Alfamart,8.08,78.0,NETRAL,LAYAK,Mineral,44760.90,2.2539,13852.30,0.6975,0.6451,2097,1.6899,2.72,29.06
Alfamart,8.08,78.0,NETRAL,LAYAK,Mineral,44607.20,2.2462,12457.10,0.6273,0.5801,2097,1.6899,2.72,29.06
Alfamart,8.08,78.0,NETRAL,LAYAK,Mineral,44524.10,2.2420,13993.20,0.7046,0.6517,2109,1.6996,2.10,29.06
Alfamart,8.08,78.0,NETRAL,LAYAK,Mineral,44607.30,2.2462,13103.50,0.6598,0.6102,2096,1.6891,2.77,29.06
Alfamart,8.08,78.0,NETRAL,LAYAK,Mineral,44930.60,2.2625,12642.60,0.6366,0.5888,2099,1.6915,2.62,29.06
Alfamart,8.08,78.0,NETRAL,LAYAK,Mineral,44522.50,2.2419,14934.50,0.7520,0.6955,2100,1.6923,2.56,29.06
Alfamart,8.08,78.0,NETRAL,LAYAK,Mineral,44477.60,2.2397,11597.50,0.5840,0.5401,2100,1.6923,2.56,29.06
Alfamart,8.08,78.0,NETRAL,LAYAK,Mineral,44487.30,2.2401,14041.40,0.7071,0.6539,2100,1.6923,2.56,29.06
Alfamart,8.08,78.0,NETRAL,LAYAK,Mineral,44703.40,2.2510,13281.10,0.6688,0.6185,2102,1.6939,2.46,29.06
Alfamart,8.08,78.0,NETRAL,LAYAK,Mineral,44503.20,2.2409,12641.10,0.6365,0.5887,2099,1.6915,2.62,29.06
Alfamart,8.08,78.0,NETRAL,LAYAK,Mineral,44371.90,2.2343,13934.10,0.7016,0.6489,2098,1.6907,2.67,29.06
Alfamart,8.08,78.0,NETRAL,LAYAK,Mineral,44615.30,2.2466,13276.40,0.6685,0.6183,2103,1.6947,2.41,29.06
Alfamart,8.08,78.0,NETRAL,LAYAK,Mineral,44770.50,2.2544,12994.70,0.6543,0.6052,2099,1.6915,2.62,29.06
Alfamart,8.08,78.0,NETRAL,LAYAK,Mineral,44656.80,2.2487,13338.50,0.6717,0.6212,2099,1.6915,2.62,29.06
Alfamart,8.08,78.0,NETRAL,LAYAK,Mineral,44652.00,2.2484,13757.90,0.6928,0.6407,2097,1.6899,2.72,29.06
Alfamart,8.08,78.0,NETRAL,LAYAK,Mineral,44727.30,2.2522,13897.20,0.6998,0.6472,2097,1.6899,2.72,29.06
Alfamart,8.08,78.0,NETRAL,LAYAK,Mineral,44890.50,2.2605,13184.90,0.6639,0.6140,2098,1.6907,2.67,29.06
Alfamart,8.08,78.0,NETRAL,LAYAK,Mineral,44736.80,2.2527,12634.60,0.6362,0.5884,2098,1.6907,2.67,29.06
Alfamart,8.08,78.0,NETRAL,LAYAK,Mineral,44799.30,2.2559,13914.90,0.7007,0.6480,2095,1.6883,2.82,29.06
Alfamart,8.08,78.0,NETRAL,LAYAK,Mineral,44583.20,2.2450,13020.00,0.6556,0.6057,2112,1.7020,1.95,29.13
Alfamart,8.08,78.0,NETRAL,LAYAK,Mineral,44800.80,2.2559,12399.30,0.6244,0.5774,2098,1.6907,2.67,29.06
Alfamart,8.08,78.0,NETRAL,LAYAK,Mineral,44720.90,2.2519,13820.50,0.6959,0.6436,2098,1.6907,2.67,29.06
Alfamart,8.08,78.0,NETRAL,LAYAK,Mineral,44945.00,2.2632,13513.20,0.6805,0.6286,2097,1.6899,2.72,29.13
Alfamart,8.08,78.0,NETRAL,LAYAK,Mineral,44989.80,2.2655,12623.40,0.6356,0.5879,2098,1.6907,2.67,29.06
Alfamart,8.08,78.0,NETRAL,LAYAK,Mineral,44613.70,2.2465,13319.40,0.6707,0.6203,2097,1.6899,2.72,29.06
Alfamart,8.08,78.0,NETRAL,LAYAK,Mineral,44591.30,2.2454,12349.50,0.6219,0.5751,2099,1.6915,2.62,29.06
Alfamart,8.08,78.0,NETRAL,LAYAK,Mineral,44858.50,2.2588,13540.60,0.6818,0.6306,2108,1.6988,2.15,29.06
Alfamart,8.08,78.0,NETRAL,LAYAK,Mineral,44906.60,2.2613,13693.90,0.6896,0.6377,2099,1.6915,2.62,29.06
Alfamart,8.08,78.0,NETRAL,LAYAK,Mineral,44973.60,2.2646,12410.70,0.6249,0.5773,2098,1.6907,2.67,29.13
Alfamart,8.08,78.0,NETRAL,LAYAK,Mineral,44727.30,2.2522,14089.50,0.7095,0.6562,2097,1.6899,2.72,29.06
Alfamart,8.08,78.0,NETRAL,LAYAK,Mineral,44916.10,2.2617,12933.70,0.6513,0.6023,2097,1.6899,2.72,29.06
Alfamart,8.08,78.0,NETRAL,LAYAK,Mineral,44927.30,2.2623,12703.50,0.6397,0.5916,2100,1.6923,2.56,29.06
Alfamart,8.08,78.0,NETRAL,LAYAK,Mineral,44804.20,2.2561,13335.30,0.6715,0.6210,2098,1.6907,2.67,29.06
Alfamart,8.08,78.0,NETRAL,LAYAK,Mineral,44909.70,2.2614,13385.10,0.6740,0.6234,2098,1.6907,2.67,29.06
Alfamart,8.08,78.0,NETRAL,LAYAK,Mineral,44788.10,2.2553,12295.30,0.6191,0.5726,2098,1.6907,2.67,29.06
Alfamart,8.08,78.0,NETRAL,LAYAK,Mineral,45217.00,2.2769,13292.10,0.6693,0.6190,2098,1.6907,2.67,29.06
Alfamart,8.08,78.0,NETRAL,LAYAK,Mineral,45024.90,2.2672,12473.10,0.6281,0.5809,2099,1.6915,2.62,29.06
Alfamart,8.08,78.0,NETRAL,LAYAK,Mineral,45055.40,2.2688,13735.50,0.6916,0.6389,2099,1.6915,2.62,29.13
Alfamart,8.08,78.0,NETRAL,LAYAK,Mineral,44829.70,2.2574,13695.80,0.6896,0.6378,2099,1.6915,2.62,29.06
Alfamart,8.08,78.0,NETRAL,LAYAK,Mineral,44951.40,2.2635,12599.30,0.6344,0.5868,2098,1.6907,2.67,29.06
Alfamart,8.08,78.0,NETRAL,LAYAK,Mineral,44944.90,2.2632,13394.70,0.6745,0.6238,2097,1.6899,2.72,29.06
Alfamart,8.08,78.0,NETRAL,LAYAK,Mineral,45241.00,2.2781,13759.80,0.6929,0.6408,2098,1.6907,2.67,29.06
Alfamart,8.08,78.0,NETRAL,LAYAK,Mineral,45050.50,2.2685,12245.60,0.6166,0.5696,2096,1.6891,2.77,29.13
Alfamart,8.08,78.0,NETRAL,LAYAK,Mineral,44655.20,2.2486,13777.30,0.6938,0.6416,2100,1.6923,2.56,29.06
Alfamart,8.08,78.0,NETRAL,LAYAK,Mineral,44960.80,2.2640,13687.50,0.6892,0.6367,2115,1.7044,1.79,29.13
Alfamart,8.08,78.0,NETRAL,LAYAK,Mineral,45207.40,2.2764,11826.30,0.5955,0.5508,2100,1.6923,2.56,29.06
Alfamart,8.08,78.0,NETRAL,LAYAK,Mineral,45178.50,2.2750,14294.20,0.7198,0.6657,2108,1.6988,2.15,29.06
Alfamart,8.08,78.0,NETRAL,LAYAK,Mineral,45135.30,2.2728,11970.50,0.6028,0.5568,2095,1.6883,2.82,29.13
Alfamart,8.08,78.0,NETRAL,LAYAK,Mineral,45106.50,2.2713,13940.40,0.7020,0.6492,2098,1.6907,2.67,29.06
Alfamart,8.08,78.0,NETRAL,LAYAK,Mineral,45040.80,2.2680,13481.10,0.6788,0.6278,2097,1.6899,2.72,29.06
Alfamart,8.08,78.0,NETRAL,LAYAK,Mineral,45127.40,2.2724,11634.20,0.5858,0.5418,2108,1.6988,2.15,29.06
Alfamart,8.08,78.0,NETRAL,LAYAK,Mineral,45468.20,2.2895,13452.60,0.6774,0.6265,2096,1.6891,2.77,29.06
Alfamart,8.08,78.0,NETRAL,LAYAK,Mineral,45364.20,2.2843,14099.00,0.7100,0.6558,2096,1.6891,2.77,29.13
Alfamart,8.08,78.0,NETRAL,LAYAK,Mineral,45372.20,2.2847,11847.00,0.5966,0.5511,2097,1.6899,2.72,29.13
Alfamart,8.08,78.0,NETRAL,LAYAK,Mineral,44989.60,2.2654,13721.40,0.6909,0.6390,2097,1.6899,2.72,29.06
Alfamart,8.08,78.0,NETRAL,LAYAK,Mineral,45026.40,2.2673,13893.90,0.6996,0.6463,2099,1.6915,2.62,29.13
Alfamart,8.08,78.0,NETRAL,LAYAK,Mineral,45474.60,2.2899,12405.70,0.6247,0.5771,2098,1.6907,2.67,29.13
Alfamart,8.08,78.0,NETRAL,LAYAK,Mineral,44984.80,2.2652,14066.90,0.7083,0.6544,2097,1.6899,2.72,29.13
Alfamart,8.08,78.0,NETRAL,LAYAK,Mineral,45212.10,2.2766,13433.20,0.6764,0.6249,2099,1.6915,2.62,29.13
Alfamart,8.08,78.0,NETRAL,LAYAK,Mineral,45146.40,2.2733,11822.90,0.5953,0.5500,2097,1.6899,2.72,29.13
Alfamart,8.08,78.0,NETRAL,LAYAK,Mineral,45511.40,2.2917,14459.00,0.7281,0.6726,2099,1.6915,2.62,29.13
Alfamart,8.08,78.0,NETRAL,LAYAK,Mineral,45527.30,2.2925,13138.60,0.6616,0.6112,2098,1.6907,2.67,29.13
Alfamart,8.08,78.0,NETRAL,LAYAK,Mineral,45165.70,2.2743,12074.30,0.6080,0.5623,2098,1.6907,2.67,29.06
Alfamart,8.08,78.0,NETRAL,LAYAK,Mineral,45337.00,2.2829,14977.70,0.7542,0.6975,2098,1.6907,2.67,29.06
Alfamart,8.08,78.0,NETRAL,LAYAK,Mineral,45192.80,2.2757,11832.80,0.5958,0.5504,2098,1.6907,2.67,29.13
Alfamart,8.08,78.0,NETRAL,LAYAK,Mineral,45168.80,2.2745,13575.80,0.6836,0.6322,2099,1.6915,2.62,29.06
Alfamart,8.08,78.0,NETRAL,LAYAK,Mineral,44884.00,2.2601,12978.40,0.6535,0.6037,2096,1.6891,2.77,29.13
Alfamart,8.08,78.0,NETRAL,LAYAK,Mineral,45561.00,2.2942,12844.30,0.6468,0.5975,2097,1.6899,2.72,29.13
Alfamart,8.08,78.0,NETRAL,LAYAK,Mineral,45380.20,2.2851,13967.70,0.7033,0.6505,2098,1.6907,2.67,29.06
Alfamart,8.08,78.0,NETRAL,LAYAK,Mineral,45223.30,2.2772,13366.00,0.6730,0.6225,2084,1.6794,3.38,29.06
Alfamart,8.08,78.0,NETRAL,LAYAK,Mineral,45513.00,2.2918,12513.10,0.6301,0.5827,2098,1.6907,2.67,29.06
Alfamart,8.08,78.0,NETRAL,LAYAK,Mineral,45546.60,2.2935,14260.70,0.7181,0.6634,2099,1.6915,2.62,29.13
Alfamart,8.08,78.0,NETRAL,LAYAK,Mineral,45229.60,2.2775,13817.10,0.6958,0.6435,2098,1.6907,2.67,29.06
Alfamart,8.08,78.0,NETRAL,LAYAK,Mineral,45332.10,2.2827,11984.90,0.6035,0.5581,2096,1.6891,2.77,29.06
Alfamart,8.08,78.0,NETRAL,LAYAK,Mineral,45410.50,2.2866,14142.30,0.7121,0.6586,2097,1.6899,2.72,29.06
Alfamart,8.08,78.0,NETRAL,LAYAK,Mineral,45232.90,2.2777,13540.30,0.6818,0.6306,2097,1.6899,2.72,29.06
Alfamart,8.08,78.0,NETRAL,LAYAK,Mineral,45245.70,2.2783,11782.90,0.5933,0.5487,2099,1.6915,2.62,29.06
Alfamart,8.08,78.0,NETRAL,LAYAK,Mineral,45404.20,2.2863,15035.20,0.7571,0.7002,2110,1.7004,2.05,29.06
Alfamart,8.08,78.0,NETRAL,LAYAK,Mineral,45562.60,2.2943,12745.00,0.6418,0.5935,2099,1.6915,2.62,29.06
Alfamart,8.08,78.0,NETRAL,LAYAK,Mineral,45455.40,2.2889,12162.30,0.6124,0.5664,2102,1.6939,2.46,29.06
Alfamart,8.08,78.0,NETRAL,LAYAK,Mineral,45407.40,2.2865,15023.80,0.7565,0.6997,2099,1.6915,2.62,29.06
Alfamart,8.08,78.0,NETRAL,LAYAK,Mineral,45320.80,2.2821,12544.70,0.6317,0.5842,2098,1.6907,2.67,29.06
Alfamart,8.08,78.0,NETRAL,LAYAK,Mineral,45546.60,2.2935,12188.00,0.6137,0.5670,2097,1.6899,2.72,29.13
Alfamart,8.08,78.0,NETRAL,LAYAK,Mineral,45413.70,2.2868,15036.70,0.7572,0.7003,2097,1.6899,2.72,29.06
Alfamart,8.08,78.0,NETRAL,LAYAK,Mineral,45340.20,2.2831,12621.50,0.6356,0.5878,2110,1.7004,2.05,29.06
Alfamart,8.08,78.0,NETRAL,LAYAK,Mineral,45276.20,2.2799,11855.00,0.5970,0.5521,2098,1.6907,2.67,29.06
Alfamart,8.08,78.0,NETRAL,LAYAK,Mineral,45405.80,2.2864,13793.10,0.6945,0.6424,2099,1.6915,2.62,29.06
Alfamart,8.08,78.0,NETRAL,LAYAK,Mineral,45108.10,2.2714,12063.30,0.6074,0.5618,2097,1.6899,2.72,29.06
Alfamart,8.08,78.0,NETRAL,LAYAK,Mineral,45497.00,2.2910,13926.20,0.7013,0.6486,2096,1.6891,2.77,29.06
Alfamart,8.08,78.0,NETRAL,LAYAK,Mineral,45079.30,2.2700,14133.90,0.7117,0.6582,2097,1.6899,2.72,29.06
Alfamart,8.08,78.0,NETRAL,LAYAK,Mineral,45204.10,2.2762,11728.80,0.5906,0.5462,2099,1.6915,2.62,29.06
Alfamart,8.08,78.0,NETRAL,LAYAK,Mineral,45183.30,2.2752,13198.00,0.6646,0.6146,2097,1.6899,2.72,29.06
Alfamart,8.08,78.0,NETRAL,LAYAK,Mineral,45130.50,2.2725,14710.30,0.7407,0.6851,2099,1.6915,2.62,29.06
Alfamart,8.08,78.0,NETRAL,LAYAK,Mineral,45380.10,2.2851,11776.70,0.5930,0.5485,2110,1.7004,2.05,29.06
Alfamart,8.08,78.0,NETRAL,LAYAK,Mineral,44928.90,2.2624,13462.20,0.6779,0.6269,2099,1.6915,2.62,29.06
Alfamart,8.08,78.0,NETRAL,LAYAK,Mineral,45184.90,2.2753,14635.00,0.7369,0.6816,2100,1.6923,2.56,29.06
Alfamart,8.08,78.0,NETRAL,LAYAK,Mineral,45170.50,2.2746,12516.30,0.6303,0.5829,2084,1.6794,3.38,29.06
Alfamart,8.08,78.0,NETRAL,LAYAK,Mineral,45257.00,2.2789,14084.70,0.7092,0.6559,2099,1.6915,2.62,29.06
Alfamart,8.08,78.0,NETRAL,LAYAK,Mineral,44714.40,2.2516,14519.80,0.7311,0.6762,2099,1.6915,2.62,29.06
Alfamart,8.08,78.0,NETRAL,LAYAK,Mineral,45026.60,2.2673,12391.10,0.6240,0.5764,2097,1.6899,2.72,29.13
Alfamart,8.08,78.0,NETRAL,LAYAK,Mineral,44968.80,2.2644,12575.30,0.6332,0.5856,2107,1.6979,2.21,29.06
Alfamart,8.08,78.0,NETRAL,LAYAK,Mineral,45087.40,2.2704,14841.70,0.7474,0.6912,2097,1.6899,2.72,29.06
Alfamart,8.08,78.0,NETRAL,LAYAK,Mineral,44778.40,2.2548,13047.40,0.6570,0.6069,2097,1.6899,2.72,29.13
Alfamart,8.08,78.0,NETRAL,LAYAK,Mineral,45105.00,2.2713,11822.90,0.5953,0.5506,2098,1.6907,2.67,29.06
Alfamart,8.08,78.0,NETRAL,LAYAK,Mineral,45157.80,2.2739,14958.50,0.7532,0.6966,2106,1.6971,2.26,29.06
Alfamart,8.08,78.0,NETRAL,LAYAK,Mineral,44804.00,2.2561,12751.40,0.6421,0.5938,2097,1.6899,2.72,29.06
Alfamart,8.08,78.0,NETRAL,LAYAK,Mineral,45265.00,2.2793,14022.10,0.7061,0.6530,2099,1.6915,2.62,29.06
Alfamart,8.08,78.0,NETRAL,LAYAK,Mineral,45303.40,2.2812,13735.50,0.6916,0.6397,2098,1.6907,2.67,29.06
Alfamart,8.08,78.0,NETRAL,LAYAK,Mineral,45273.00,2.2797,11651.70,0.5867,0.5426,2096,1.6891,2.77,29.06
Alfamart,8.08,78.0,NETRAL,LAYAK,Mineral,45450.60,2.2887,13639.80,0.6868,0.6352,2096,1.6891,2.77,29.06
Alfamart,8.08,78.0,NETRAL,LAYAK,Mineral,45157.80,2.2739,14287.80,0.7195,0.6654,2097,1.6899,2.72,29.06
Alfamart,8.08,78.0,NETRAL,LAYAK,Mineral,45130.60,2.2725,11671.00,0.5877,0.5435,2120,1.7084,1.54,29.06
Alfamart,8.08,78.0,NETRAL,LAYAK,Mineral,45156.00,2.2738,13263.70,0.6679,0.6177,2097,1.6899,2.72,29.06
Alfamart,8.08,78.0,NETRAL,LAYAK,Mineral,44869.60,2.2594,14465.40,0.7284,0.6737,2097,1.6899,2.72,29.06
Alfamart,8.08,78.0,NETRAL,LAYAK,Mineral,45351.40,2.2837,11619.80,0.5851,0.5411,2099,1.6915,2.62,29.06
Alfamart,8.08,78.0,NETRAL,LAYAK,Mineral,45285.80,2.2804,13935.60,0.7017,0.6490,2097,1.6899,2.72,29.06
Alfamart,8.08,78.0,NETRAL,LAYAK,Mineral,44992.90,2.2656,13173.80,0.6634,0.6135,2099,1.6915,2.62,29.06
Alfamart,8.08,78.0,NETRAL,LAYAK,Mineral,45010.50,2.2665,12205.70,0.6146,0.5684,2097,1.6899,2.72,29.06
Alfamart,8.08,78.0,NETRAL,LAYAK,Mineral,45101.70,2.2711,14964.90,0.7536,0.6969,2098,1.6907,2.67,29.06
Alfamart,8.08,78.0,NETRAL,LAYAK,Mineral,45109.70,2.2715,11856.90,0.5971,0.5522,2097,1.6899,2.72,29.06
Alfamart,8.08,78.0,NETRAL,LAYAK,Mineral,45144.90,2.2733,13775.80,0.6937,0.6416,2096,1.6891,2.77,29.06
Alfamart,8.08,78.0,NETRAL,LAYAK,Mineral,45216.90,2.2769,13991.50,0.7045,0.6516,2096,1.6891,2.77,29.06
Alfamart,8.08,78.0,NETRAL,LAYAK,Mineral,45157.70,2.2739,11663.10,0.5873,0.5432,2097,1.6899,2.72,29.06
Alfamart,8.08,78.0,NETRAL,LAYAK,Mineral,45112.90,2.2716,13266.70,0.6680,0.6178,2097,1.6899,2.72,29.06
Alfamart,8.08,78.0,NETRAL,LAYAK,Mineral,45151.30,2.2736,14359.80,0.7231,0.6687,2098,1.6907,2.67,29.06
Alfamart,8.08,78.0,NETRAL,LAYAK,Mineral,45012.10,2.2666,11805.70,0.5945,0.5498,2098,1.6907,2.67,29.06
Alfamart,8.08,78.0,NETRAL,LAYAK,Mineral,45244.20,2.2783,13593.10,0.6845,0.6330,2098,1.6907,2.67,29.06
Alfamart,8.08,78.0,NETRAL,LAYAK,Mineral,45186.50,2.2754,13444.40,0.6770,0.6261,2096,1.6891,2.77,29.06
Alfamart,8.08,78.0,NETRAL,LAYAK,Mineral,44978.40,2.2649,11890.20,0.5987,0.5537,2099,1.6915,2.62,29.06
Alfamart,8.08,78.0,NETRAL,LAYAK,Mineral,44965.60,2.2642,14908.90,0.7507,0.6943,2097,1.6899,2.72,29.06
Alfamart,8.08,78.0,NETRAL,LAYAK,Mineral,44996.00,2.2658,11658.10,0.5870,0.5429,2095,1.6883,2.82,29.06
Alfamart,8.08,78.0,NETRAL,LAYAK,Mineral,45287.40,2.2804,14054.30,0.7077,0.6545,2097,1.6899,2.72,29.06
Alfamart,8.08,78.0,NETRAL,LAYAK,Mineral,45061.70,2.2691,14045.90,0.7073,0.6541,2096,1.6891,2.77,29.06
Alfamart,8.08,78.0,NETRAL,LAYAK,Mineral,45301.70,2.2812,12514.70,0.6302,0.5828,2096,1.6891,2.77,29.06
Alfamart,8.08,78.0,NETRAL,LAYAK,Mineral,45013.60,2.2666,14135.70,0.7118,0.6583,2096,1.6891,2.77,29.06
Alfamart,8.08,78.0,NETRAL,LAYAK,Mineral,45380.20,2.2851,13119.50,0.6606,0.6110,2099,1.6915,2.62,29.06
Alfamart,8.08,78.0,NETRAL,LAYAK,Mineral,45325.70,2.2824,12711.40,0.6401,0.5920,2099,1.6915,2.62,29.06
Alfamart,8.08,78.0,NETRAL,LAYAK,Mineral,45276.20,2.2799,14102.00,0.7101,0.6567,2097,1.6899,2.72,29.06
Indomaret,7.55,55.0,NETRAL,LAYAK,Mineral,45679.30,2.3002,14055.70,0.7078,0.6553,2098,1.6907,2.67,29.00
Indomaret,7.55,55.0,NETRAL,LAYAK,Mineral,45884.30,2.3105,13403.00,0.6749,0.6249,2098,1.6907,2.67,29.00
Indomaret,7.55,55.0,NETRAL,LAYAK,Mineral,45711.40,2.3018,13252.30,0.6673,0.6179,2096,1.6891,2.77,29.00
Indomaret,7.55,55.0,NETRAL,LAYAK,Mineral,45874.70,2.3100,12737.10,0.6414,0.5946,2098,1.6907,2.67,28.94
Indomaret,7.55,55.0,NETRAL,LAYAK,Mineral,46122.80,2.3225,13327.40,0.6711,0.6214,2097,1.6899,2.72,29.00
Indomaret,7.55,55.0,NETRAL,LAYAK,Mineral,45957.90,2.3142,13350.00,0.6722,0.6224,2096,1.6891,2.77,29.00
Indomaret,7.55,55.0,NETRAL,LAYAK,Mineral,46164.40,2.3246,12472.90,0.6281,0.5815,2097,1.6899,2.72,29.00
Indomaret,7.55,55.0,NETRAL,LAYAK,Mineral,46058.80,2.3193,14888.10,0.7497,0.6942,2098,1.6907,2.67,29.00
Indomaret,7.55,55.0,NETRAL,LAYAK,Mineral,46252.50,2.3290,12629.80,0.6360,0.5889,2097,1.6899,2.72,29.00
Indomaret,7.55,55.0,NETRAL,LAYAK,Mineral,46143.70,2.3236,14097.30,0.7099,0.6573,2097,1.6899,2.72,29.00
Indomaret,7.55,55.0,NETRAL,LAYAK,Mineral,46215.50,2.3272,12650.50,0.6370,0.5891,2096,1.6891,2.77,29.06
Indomaret,7.55,55.0,NETRAL,LAYAK,Mineral,46679.80,2.3506,13430.20,0.6763,0.6262,2101,1.6931,2.51,29.00
Indomaret,7.55,55.0,NETRAL,LAYAK,Mineral,46303.80,2.3316,13418.70,0.6757,0.6256,2085,1.6802,3.33,29.00
Indomaret,7.55,55.0,NETRAL,LAYAK,Mineral,46603.00,2.3467,12727.30,0.6409,0.5934,2098,1.6907,2.67,29.00
Indomaret,7.55,55.0,NETRAL,LAYAK,Mineral,46476.60,2.3403,13301.80,0.6698,0.6202,2094,1.6875,2.87,29.00
Indomaret,7.55,55.0,NETRAL,LAYAK,Mineral,46348.60,2.3339,13570.90,0.6834,0.6327,2096,1.6891,2.77,29.00
Indomaret,7.55,55.0,NETRAL,LAYAK,Mineral,46343.80,2.3336,11712.60,0.5898,0.5461,2095,1.6883,2.82,29.00
Indomaret,7.55,55.0,NETRAL,LAYAK,Mineral,46508.60,2.3419,14915.20,0.7511,0.6954,2098,1.6907,2.67,29.00
Indomaret,7.55,55.0,NETRAL,LAYAK,Mineral,46657.40,2.3494,12344.90,0.6216,0.5756,2113,1.7028,1.90,29.00
Indomaret,7.55,55.0,NETRAL,LAYAK,Mineral,46723.00,2.3527,14737.70,0.7421,0.6863,2098,1.6907,2.67,29.06
Indomaret,7.55,55.0,NETRAL,LAYAK,Mineral,46655.80,2.3493,13223.40,0.6659,0.6165,2097,1.6899,2.72,29.00
Indomaret,7.55,55.0,NETRAL,LAYAK,Mineral,46892.60,2.3613,11733.30,0.5908,0.5464,2096,1.6891,2.77,29.06
Indomaret,7.55,55.0,NETRAL,LAYAK,Mineral,46732.60,2.3532,14900.90,0.7503,0.6939,2097,1.6899,2.72,29.06
Indomaret,7.55,55.0,NETRAL,LAYAK,Mineral,46532.60,2.3431,11819.90,0.5952,0.5511,2098,1.6907,2.67,29.00
Indomaret,7.55,55.0,NETRAL,LAYAK,Mineral,46726.20,2.3529,13857.40,0.6978,0.6454,2098,1.6907,2.67,29.06
Indomaret,7.55,55.0,NETRAL,LAYAK,Mineral,46571.00,2.3451,13165.70,0.6630,0.6138,2098,1.6907,2.67,29.00
Indomaret,7.55,55.0,NETRAL,LAYAK,Mineral,46755.00,2.3543,12741.90,0.6416,0.5934,2096,1.6891,2.77,29.06
Indomaret,7.55,55.0,NETRAL,LAYAK,Mineral,46604.60,2.3468,13338.50,0.6717,0.6212,2096,1.6891,2.77,29.06
Indomaret,7.55,55.0,NETRAL,LAYAK,Mineral,46942.20,2.3638,11911.30,0.5998,0.5554,2096,1.6891,2.77,29.00
Indomaret,7.55,55.0,NETRAL,LAYAK,Mineral,46940.60,2.3637,13497.40,0.6797,0.6293,2098,1.6907,2.67,29.00
Indomaret,7.55,55.0,NETRAL,LAYAK,Mineral,46876.60,2.3605,14491.00,0.7297,0.6756,2096,1.6891,2.77,29.00
Indomaret,7.55,55.0,NETRAL,LAYAK,Mineral,46977.40,2.3655,12199.30,0.6143,0.5681,2100,1.6923,2.56,29.06
Indomaret,7.55,55.0,NETRAL,LAYAK,Mineral,47099.00,2.3717,13782.10,0.6940,0.6418,2098,1.6907,2.67,29.06
Indomaret,7.55,55.0,NETRAL,LAYAK,Mineral,46878.20,2.3605,13303.40,0.6699,0.6196,2094,1.6875,2.87,29.06
Indomaret,7.55,55.0,NETRAL,LAYAK,Mineral,47078.20,2.3706,12789.90,0.6440,0.5963,2098,1.6907,2.67,29.00
Indomaret,7.55,55.0,NETRAL,LAYAK,Mineral,47067.00,2.3700,13255.30,0.6675,0.6180,2096,1.6891,2.77,29.00
Indomaret,7.55,55.0,NETRAL,LAYAK,Mineral,46884.60,2.3609,13434.90,0.6765,0.6257,2096,1.6891,2.77,29.06
Indomaret,7.55,55.0,NETRAL,LAYAK,Mineral,46641.40,2.3486,14018.90,0.7059,0.6536,2098,1.6907,2.67,29.00
Indomaret,7.55,55.0,NETRAL,LAYAK,Mineral,47071.80,2.3703,12869.60,0.6480,0.6000,2097,1.6899,2.72,29.00
Indomaret,7.55,55.0,NETRAL,LAYAK,Mineral,47254.20,2.3795,12705.00,0.6398,0.5917,2096,1.6891,2.77,29.06
Indomaret,7.55,55.0,NETRAL,LAYAK,Mineral,47105.40,2.3720,13271.40,0.6683,0.6188,2096,1.6891,2.77,29.00
Indomaret,7.55,55.0,NETRAL,LAYAK,Mineral,47263.80,2.3800,13550.10,0.6823,0.6318,2106,1.6971,2.26,29.00
Indomaret,7.55,55.0,NETRAL,LAYAK,Mineral,47179.00,2.3757,11772.00,0.5928,0.5482,2097,1.6899,2.72,29.06
Indomaret,7.55,55.0,NETRAL,LAYAK,Mineral,47471.80,2.3904,14956.70,0.7531,0.6974,2098,1.6907,2.67,29.00
Indomaret,7.55,55.0,NETRAL,LAYAK,Mineral,47167.80,2.3751,11547.70,0.5815,0.5378,2119,1.7076,1.59,29.06
Indomaret,7.55,55.0,NETRAL,LAYAK,Mineral,47062.20,2.3698,13971.00,0.7035,0.6506,2097,1.6899,2.72,29.06
Indomaret,7.55,55.0,NETRAL,LAYAK,Mineral,47454.20,2.3895,13093.80,0.6593,0.6105,2096,1.6891,2.77,29.00
Indomaret,7.55,55.0,NETRAL,LAYAK,Mineral,46947.00,2.3640,13021.80,0.6557,0.6064,2097,1.6899,2.72,29.06
Indomaret,7.55,55.0,NETRAL,LAYAK,Mineral,47155.00,2.3745,14596.60,0.7350,0.6798,2096,1.6891,2.77,29.06
Indomaret,7.55,55.0,NETRAL,LAYAK,Mineral,47534.20,2.3936,12012.00,0.6049,0.5594,2096,1.6891,2.77,29.06
Indomaret,7.55,55.0,NETRAL,LAYAK,Mineral,47215.80,2.3775,13685.90,0.6892,0.6374,2098,1.6907,2.67,29.06
Indomaret,7.55,55.0,NETRAL,LAYAK,Mineral,47511.80,2.3924,13815.80,0.6957,0.6434,2097,1.6899,2.72,29.06
Indomaret,7.55,55.0,NETRAL,LAYAK,Mineral,47579.00,2.3958,12186.30,0.6136,0.5675,2097,1.6899,2.72,29.06
Indomaret,7.55,55.0,NETRAL,LAYAK,Mineral,47382.20,2.3859,13778.80,0.6938,0.6417,2097,1.6899,2.72,29.06
Indomaret,7.55,55.0,NETRAL,LAYAK,Mineral,47623.80,2.3981,12916.20,0.6504,0.6022,2096,1.6891,2.77,29.00
Indomaret,7.55,55.0,NETRAL,LAYAK,Mineral,47326.20,2.3831,12248.70,0.6168,0.5711,2096,1.6891,2.77,29.00
Indomaret,7.55,55.0,NETRAL,LAYAK,Mineral,47276.60,2.3806,14638.20,0.7371,0.6825,2098,1.6907,2.67,29.00
Indomaret,7.55,55.0,NETRAL,LAYAK,Mineral,47302.20,2.3819,11549.30,0.5816,0.5379,2097,1.6899,2.72,29.06
Indomaret,7.55,55.0,NETRAL,LAYAK,Mineral,47273.40,2.3804,14612.60,0.7358,0.6805,2096,1.6891,2.77,29.06
Indomaret,7.55,55.0,NETRAL,LAYAK,Mineral,47278.20,2.3807,13295.60,0.6695,0.6192,2098,1.6907,2.67,29.06
Indomaret,7.55,55.0,NETRAL,LAYAK,Mineral,47619.00,2.3978,12224.90,0.6156,0.5693,2097,1.6899,2.72,29.06
Indomaret,7.55,55.0,NETRAL,LAYAK,Mineral,47364.60,2.3850,14950.40,0.7528,0.6963,2097,1.6899,2.72,29.06
Indomaret,7.55,55.0,NETRAL,LAYAK,Mineral,47287.80,2.3812,11467.70,0.5775,0.5347,2098,1.6907,2.67,29.00
Indomaret,7.55,55.0,NETRAL,LAYAK,Mineral,47467.00,2.3902,13998.10,0.7049,0.6519,2101,1.6931,2.51,29.06
Indomaret,7.55,55.0,NETRAL,LAYAK,Mineral,47398.20,2.3867,13196.30,0.6645,0.6146,2097,1.6899,2.72,29.06
Indomaret,7.55,55.0,NETRAL,LAYAK,Mineral,47771.00,2.4055,12394.50,0.6241,0.5772,2098,1.6907,2.67,29.06
Indomaret,7.55,55.0,NETRAL,LAYAK,Mineral,47657.40,2.3998,14394.90,0.7249,0.6704,2096,1.6891,2.77,29.06
Indomaret,7.55,55.0,NETRAL,LAYAK,Mineral,47564.60,2.3951,12471.50,0.6280,0.5808,2096,1.6891,2.77,29.06
Indomaret,7.55,55.0,NETRAL,LAYAK,Mineral,47537.40,2.3937,13577.20,0.6837,0.6323,2097,1.6899,2.72,29.06
Indomaret,7.55,55.0,NETRAL,LAYAK,Mineral,47657.40,2.3998,13420.30,0.6758,0.6250,2097,1.6899,2.72,29.06
Indomaret,7.55,55.0,NETRAL,LAYAK,Mineral,47596.60,2.3967,12319.30,0.6203,0.5737,2097,1.6899,2.72,29.06
Indomaret,7.55,55.0,NETRAL,LAYAK,Mineral,47683.00,2.4011,14462.30,0.7282,0.6735,2097,1.6899,2.72,29.06
Indomaret,7.55,55.0,NETRAL,LAYAK,Mineral,47668.60,2.4003,12525.50,0.6307,0.5833,2096,1.6891,2.77,29.06
Indomaret,7.55,55.0,NETRAL,LAYAK,Mineral,47670.20,2.4004,13473.40,0.6785,0.6275,2096,1.6891,2.77,29.06
Indomaret,7.55,55.0,NETRAL,LAYAK,Mineral,47681.40,2.4010,13521.10,0.6809,0.6297,2098,1.6907,2.67,29.06
Indomaret,7.55,55.0,NETRAL,LAYAK,Mineral,47551.80,2.3945,12745.10,0.6418,0.5936,2098,1.6907,2.67,29.06
Indomaret,7.55,55.0,NETRAL,LAYAK,Mineral,47683.00,2.4011,13223.30,0.6659,0.6158,2092,1.6859,2.97,29.06
Indomaret,7.55,55.0,NETRAL,LAYAK,Mineral,47540.60,2.3939,11518.80,0.5800,0.5364,2098,1.6907,2.67,29.06
Indomaret,7.55,55.0,NETRAL,LAYAK,Mineral,47566.20,2.3952,13890.80,0.6995,0.6469,2096,1.6891,2.77,29.06
Indomaret,7.55,55.0,NETRAL,LAYAK,Mineral,47483.00,2.3910,13365.70,0.6730,0.6232,2096,1.6891,2.77,29.00
Indomaret,7.55,55.0,NETRAL,LAYAK,Mineral,47556.60,2.3947,12541.90,0.6315,0.5841,2096,1.6891,2.77,29.06
Indomaret,7.55,55.0,NETRAL,LAYAK,Mineral,47572.60,2.3955,13337.10,0.6716,0.6211,2096,1.6891,2.77,29.06
Indomaret,7.55,55.0,NETRAL,LAYAK,Mineral,47441.40,2.3889,13742.10,0.6920,0.6400,2095,1.6883,2.82,29.06
Indomaret,7.55,55.0,NETRAL,LAYAK,Mineral,47583.80,2.3961,11782.90,0.5933,0.5487,2096,1.6891,2.77,29.06
Indomaret,7.55,55.0,NETRAL,LAYAK,Mineral,47406.30,2.3871,14648.00,0.7376,0.6822,2098,1.6907,2.67,29.06
Indomaret,7.55,55.0,NETRAL,LAYAK,Mineral,47596.60,2.3967,11735.30,0.5909,0.5465,2097,1.6899,2.72,29.06
Indomaret,7.55,55.0,NETRAL,LAYAK,Mineral,47567.80,2.3953,13955.00,0.7027,0.6499,2096,1.6891,2.77,29.06
Indomaret,7.55,55.0,NETRAL,LAYAK,Mineral,47961.40,2.4151,13486.10,0.6791,0.6288,2099,1.6915,2.62,29.00
Indomaret,7.55,55.0,NETRAL,LAYAK,Mineral,47507.00,2.3922,12178.40,0.6132,0.5672,2097,1.6899,2.72,29.06
Indomaret,7.55,55.0,NETRAL,LAYAK,Mineral,47652.60,2.3995,14404.60,0.7253,0.6708,2097,1.6899,2.72,29.06
Indomaret,7.55,55.0,NETRAL,LAYAK,Mineral,47623.80,2.3981,12128.90,0.6107,0.5649,2097,1.6899,2.72,29.06
Indomaret,7.55,55.0,NETRAL,LAYAK,Mineral,47593.40,2.3966,13767.50,0.6933,0.6412,2096,1.6891,2.77,29.06
Indomaret,7.55,55.0,NETRAL,LAYAK,Mineral,47774.20,2.4057,13743.80,0.6921,0.6408,2096,1.6891,2.77,29.00
Indomaret,7.55,55.0,NETRAL,LAYAK,Mineral,47641.50,2.3990,12023.20,0.6054,0.5599,2097,1.6899,2.72,29.06
Indomaret,7.55,55.0,NETRAL,LAYAK,Mineral,47500.60,2.3919,14793.70,0.7449,0.6890,2099,1.6915,2.62,29.06
Indomaret,7.55,55.0,NETRAL,LAYAK,Mineral,47574.30,2.3956,11808.70,0.5946,0.5499,2097,1.6899,2.72,29.06
Indomaret,7.55,55.0,NETRAL,LAYAK,Mineral,47524.70,2.3931,12880.90,0.6486,0.5999,2105,1.6963,2.31,29.06
Indomaret,7.55,55.0,NETRAL,LAYAK,Mineral,48038.30,2.4190,13811.00,0.6954,0.6432,2099,1.6915,2.62,29.06
Indomaret,7.55,55.0,NETRAL,LAYAK,Mineral,47727.90,2.4033,11691.90,0.5887,0.5451,2097,1.6899,2.72,29.00
Indomaret,7.55,55.0,NETRAL,LAYAK,Mineral,47609.40,2.3974,14884.60,0.7495,0.6932,2099,1.6915,2.62,29.06
Indomaret,7.55,55.0,NETRAL,LAYAK,Mineral,47905.50,2.4123,11547.70,0.5815,0.5378,2098,1.6907,2.67,29.06
Indomaret,7.55,55.0,NETRAL,LAYAK,Mineral,47905.50,2.4123,14055.90,0.7078,0.6546,2099,1.6915,2.62,29.06
Indomaret,7.55,55.0,NETRAL,LAYAK,Mineral,47761.40,2.4050,13010.50,0.6551,0.6059,2097,1.6899,2.72,29.06
Indomaret,7.55,55.0,NETRAL,LAYAK,Mineral,48039.90,2.4190,12605.90,0.6348,0.5871,2097,1.6899,2.72,29.06
Indomaret,7.55,55.0,NETRAL,LAYAK,Mineral,47459.00,2.3898,13506.60,0.6801,0.6290,2096,1.6891,2.77,29.06
Indomaret,7.55,55.0,NETRAL,LAYAK,Mineral,47743.90,2.4041,13268.30,0.6681,0.6179,2098,1.6907,2.67,29.06
Indomaret,7.55,55.0,NETRAL,LAYAK,Mineral,47435.00,2.3886,11842.40,0.5963,0.5515,2098,1.6907,2.67,29.06
Indomaret,7.55,55.0,NETRAL,LAYAK,Mineral,47511.80,2.3924,13128.90,0.6611,0.6114,2097,1.6899,2.72,29.06
Indomaret,7.55,55.0,NETRAL,LAYAK,Mineral,47587.00,2.3962,12745.10,0.6418,0.5936,2097,1.6899,2.72,29.06
Indomaret,7.55,55.0,NETRAL,LAYAK,Mineral,47779.00,2.4059,13359.50,0.6727,0.6222,2096,1.6891,2.77,29.06
Indomaret,7.55,55.0,NETRAL,LAYAK,Mineral,47683.00,2.4011,12823.30,0.6457,0.5972,2097,1.6899,2.72,29.06
Indomaret,7.55,55.0,NETRAL,LAYAK,Mineral,47751.80,2.4045,11235.80,0.5658,0.5233,2098,1.6907,2.67,29.06
Indomaret,7.55,55.0,NETRAL,LAYAK,Mineral,47659.00,2.3999,13610.70,0.6854,0.6339,2097,1.6899,2.72,29.06
Indomaret,7.55,55.0,NETRAL,LAYAK,Mineral,48020.60,2.4181,10875.60,0.5476,0.5071,2099,1.6915,2.62,29.00
Indomaret,7.55,55.0,NETRAL,LAYAK,Mineral,47862.20,2.4101,10987.60,0.5533,0.5117,2098,1.6907,2.67,29.06
Indomaret,7.55,55.0,NETRAL,LAYAK,Mineral,47780.60,2.4060,10997.20,0.5538,0.5121,2099,1.6915,2.62,29.06
Indomaret,7.55,55.0,NETRAL,LAYAK,Mineral,47667.00,2.4003,10973.20,0.5526,0.5110,2098,1.6907,2.67,29.06
Indomaret,7.55,55.0,NETRAL,LAYAK,Mineral,47895.80,2.4118,10970.00,0.5524,0.5109,2100,1.6923,2.56,29.06
Indomaret,7.55,55.0,NETRAL,LAYAK,Mineral,47707.00,2.4023,10979.60,0.5529,0.5113,2097,1.6899,2.72,29.06
Indomaret,7.55,55.0,NETRAL,LAYAK,Mineral,47779.00,2.4059,11019.60,0.5549,0.5132,2094,1.6875,2.87,29.06
Indomaret,7.55,55.0,NETRAL,LAYAK,Mineral,47617.40,2.3978,10960.40,0.5519,0.5104,2097,1.6899,2.72,29.06
Indomaret,7.55,55.0,NETRAL,LAYAK,Mineral,47670.20,2.4004,10994.00,0.5536,0.5120,2096,1.6891,2.77,29.06
Indomaret,7.55,55.0,NETRAL,LAYAK,Mineral,47827.00,2.4083,10926.80,0.5502,0.5089,2097,1.6899,2.72,29.06
Indomaret,7.55,55.0,NETRAL,LAYAK,Mineral,47750.20,2.4045,10914.00,0.5496,0.5083,2097,1.6899,2.72,29.06
Indomaret,7.55,55.0,NETRAL,LAYAK,Mineral,47811.00,2.4075,10973.20,0.5526,0.5110,2098,1.6907,2.67,29.06
Indomaret,7.55,55.0,NETRAL,LAYAK,Mineral,47675.00,2.4007,10901.20,0.5489,0.5077,2097,1.6899,2.72,29.06
Indomaret,7.55,55.0,NETRAL,LAYAK,Mineral,47967.80,2.4154,10931.60,0.5505,0.5091,2097,1.6899,2.72,29.06
Indomaret,7.55,55.0,NETRAL,LAYAK,Mineral,47467.00,2.3902,10917.20,0.5497,0.5084,2097,1.6899,2.72,29.06
Indomaret,7.55,55.0,NETRAL,LAYAK,Mineral,47766.20,2.4053,10907.60,0.5492,0.5080,2097,1.6899,2.72,29.06
Indomaret,7.55,55.0,NETRAL,LAYAK,Mineral,47899.00,2.4119,10914.00,0.5496,0.5083,2105,1.6963,2.31,29.06
Indomaret,7.55,55.0,NETRAL,LAYAK,Mineral,47806.20,2.4073,10918.80,0.5498,0.5091,2097,1.6899,2.72,29.00
Indomaret,7.55,55.0,NETRAL,LAYAK,Mineral,47393.40,2.3865,10928.40,0.5503,0.5089,2096,1.6891,2.77,29.06
Indomaret,7.55,55.0,NETRAL,LAYAK,Mineral,47479.80,2.3908,10946.00,0.5512,0.5098,2097,1.6899,2.72,29.06
Indomaret,7.55,55.0,NETRAL,LAYAK,Mineral,47452.60,2.3895,10910.80,0.5494,0.5081,2099,1.6915,2.62,29.06
Indomaret,7.55,55.0,NETRAL,LAYAK,Mineral,47831.80,2.4086,10946.00,0.5512,0.5098,2113,1.7028,1.90,29.06
Indomaret,7.55,55.0,NETRAL,LAYAK,Mineral,47780.60,2.4060,10891.60,0.5484,0.5072,2097,1.6899,2.72,29.06
Indomaret,7.55,55.0,NETRAL,LAYAK,Mineral,47870.20,2.4105,10914.00,0.5496,0.5083,2098,1.6907,2.67,29.06
Indomaret,7.55,55.0,NETRAL,LAYAK,Mineral,47569.40,2.3953,10824.40,0.5451,0.5041,2099,1.6915,2.62,29.06
Indomaret,7.55,55.0,NETRAL,LAYAK,Mineral,47734.20,2.4036,10760.40,0.5418,0.5011,2098,1.6907,2.67,29.06
Indomaret,7.55,55.0,NETRAL,LAYAK,Mineral,47761.40,2.4050,10856.40,0.5467,0.5056,2096,1.6891,2.77,29.06
Indomaret,7.55,55.0,NETRAL,LAYAK,Mineral,47521.40,2.3929,10842.00,0.5459,0.5049,2098,1.6907,2.67,29.06
Indomaret,7.55,55.0,NETRAL,LAYAK,Mineral,47553.40,2.3945,10882.00,0.5480,0.5068,2098,1.6907,2.67,29.06
Indomaret,7.55,55.0,NETRAL,LAYAK,Mineral,47719.80,2.4029,10843.60,0.5460,0.5050,2099,1.6915,2.62,29.06
Indomaret,7.55,55.0,NETRAL,LAYAK,Mineral,47479.80,2.3908,10872.40,0.5475,0.5063,2097,1.6899,2.72,29.06
Indomaret,7.55,55.0,NETRAL,LAYAK,Mineral,47539.00,2.3938,10856.40,0.5467,0.5056,2097,1.6899,2.72,29.06
Indomaret,7.55,55.0,NETRAL,LAYAK,Mineral,47699.00,2.4019,10845.20,0.5461,0.5051,2096,1.6891,2.77,29.06
Indomaret,7.55,55.0,NETRAL,LAYAK,Mineral,47860.60,2.4100,10784.40,0.5430,0.5022,2101,1.6931,2.51,29.06
Indomaret,7.55,55.0,NETRAL,LAYAK,Mineral,47742.20,2.4040,10878.80,0.5478,0.5066,2098,1.6907,2.67,29.06
Indomaret,7.55,55.0,NETRAL,LAYAK,Mineral,47795.00,2.4067,10894.80,0.5486,0.5080,2097,1.6899,2.72,29.00
Indomaret,7.55,55.0,NETRAL,LAYAK,Mineral,47535.80,2.3937,10861.20,0.5469,0.5058,2097,1.6899,2.72,29.06
Indomaret,7.55,55.0,NETRAL,LAYAK,Mineral,47643.00,2.3991,10846.80,0.5462,0.5051,2097,1.6899,2.72,29.06
Indomaret,7.55,55.0,NETRAL,LAYAK,Mineral,47697.40,2.4018,10867.60,0.5472,0.5061,2096,1.6891,2.77,29.06
Indomaret,7.55,55.0,NETRAL,LAYAK,Mineral,47558.20,2.3948,10827.60,0.5452,0.5043,2104,1.6955,2.36,29.06
Indomaret,7.55,55.0,NETRAL,LAYAK,Mineral,47835.00,2.4087,10880.40,0.5479,0.5067,2096,1.6891,2.77,29.06
Indomaret,7.55,55.0,NETRAL,LAYAK,Mineral,47635.00,2.3986,10810.00,0.5443,0.5034,2096,1.6891,2.77,29.06
Indomaret,7.55,55.0,NETRAL,LAYAK,Mineral,47766.20,2.4053,10891.60,0.5484,0.5072,2098,1.6907,2.67,29.06
Indomaret,7.55,55.0,NETRAL,LAYAK,Mineral,47667.00,2.4003,10789.20,0.5433,0.5025,2098,1.6907,2.67,29.06
Indomaret,7.55,55.0,NETRAL,LAYAK,Mineral,47492.60,2.3915,10792.40,0.5434,0.5026,2093,1.6867,2.92,29.06
Indomaret,7.55,55.0,NETRAL,LAYAK,Mineral,47795.00,2.4067,10813.20,0.5445,0.5036,2095,1.6883,2.82,29.06
Indomaret,7.55,55.0,NETRAL,LAYAK,Mineral,47839.80,2.4090,10776.40,0.5426,0.5019,2098,1.6907,2.67,29.06
Indomaret,7.55,55.0,NETRAL,LAYAK,Mineral,48019.00,2.4180,10806.80,0.5442,0.5033,2096,1.6891,2.77,29.06
Indomaret,7.55,55.0,NETRAL,LAYAK,Mineral,47697.40,2.4018,10818.00,0.5447,0.5038,2095,1.6883,2.82,29.06
Indomaret,7.55,55.0,NETRAL,LAYAK,Mineral,47739.00,2.4039,10835.60,0.5456,0.5046,2097,1.6899,2.72,29.06
Indomaret,7.55,55.0,NETRAL,LAYAK,Mineral,48105.40,2.4223,10784.40,0.5430,0.5022,2097,1.6899,2.72,29.06
Indomaret,7.55,55.0,NETRAL,LAYAK,Mineral,47977.40,2.4159,10813.20,0.5445,0.5036,2096,1.6891,2.77,29.06
Indomaret,7.55,55.0,NETRAL,LAYAK,Mineral,47780.60,2.4060,10819.60,0.5448,0.5039,2098,1.6907,2.67,29.06
Indomaret,7.55,55.0,NETRAL,LAYAK,Mineral,47783.80,2.4061,10821.20,0.5449,0.5040,2085,1.6802,3.33,29.06
Indomaret,7.55,55.0,NETRAL,LAYAK,Mineral,47825.40,2.4082,10736.40,0.5406,0.5000,2097,1.6899,2.72,29.06
Indomaret,7.55,55.0,NETRAL,LAYAK,Mineral,47691.00,2.4015,10763.60,0.5420,0.5013,2112,1.7020,1.95,29.06
Indomaret,7.55,55.0,NETRAL,LAYAK,Mineral,47750.20,2.4045,10819.60,0.5448,0.5039,2116,1.7052,1.74,29.06
Indomaret,7.55,55.0,NETRAL,LAYAK,Mineral,47675.00,2.4007,10789.20,0.5433,0.5030,2098,1.6907,2.67,29.00
Indomaret,7.55,55.0,NETRAL,LAYAK,Mineral,47779.00,2.4059,10747.60,0.5412,0.5005,2110,1.7004,2.05,29.06
Indomaret,7.55,55.0,NETRAL,LAYAK,Mineral,47766.20,2.4053,10810.00,0.5443,0.5034,2096,1.6891,2.77,29.06
Indomaret,7.55,55.0,NETRAL,LAYAK,Mineral,47814.20,2.4077,10778.00,0.5427,0.5019,2096,1.6891,2.77,29.06
Indomaret,7.55,55.0,NETRAL,LAYAK,Mineral,47788.60,2.4064,10800.40,0.5439,0.5030,2097,1.6899,2.72,29.06
Indomaret,7.55,55.0,NETRAL,LAYAK,Mineral,47780.60,2.4060,10850.00,0.5463,0.5059,2096,1.6891,2.77,29.00
Indomaret,7.55,55.0,NETRAL,LAYAK,Mineral,47771.00,2.4055,10760.40,0.5418,0.5017,2098,1.6907,2.67,29.00
Indomaret,7.55,55.0,NETRAL,LAYAK,Mineral,47691.00,2.4015,10818.00,0.5447,0.5038,2096,1.6891,2.77,29.06
Indomaret,7.55,55.0,NETRAL,LAYAK,Mineral,47958.20,2.4149,10790.80,0.5434,0.5031,2101,1.6931,2.51,29.00
Indomaret,7.55,55.0,NETRAL,LAYAK,Mineral,47679.80,2.4009,10818.00,0.5447,0.5038,2097,1.6899,2.72,29.06
Indomaret,7.55,55.0,NETRAL,LAYAK,Mineral,47991.80,2.4166,10822.80,0.5450,0.5040,2097,1.6899,2.72,29.06
Indomaret,7.55,55.0,NETRAL,LAYAK,Mineral,47873.40,2.4107,10733.20,0.5405,0.4999,2097,1.6899,2.72,29.06
Indomaret,7.55,55.0,NETRAL,LAYAK,Mineral,47931.00,2.4136,10786.00,0.5431,0.5029,2105,1.6963,2.31,29.00
Indomaret,7.55,55.0,NETRAL,LAYAK,Mineral,47771.00,2.4055,10792.40,0.5434,0.5026,2099,1.6915,2.62,29.06
Indomaret,7.55,55.0,NETRAL,LAYAK,Mineral,47627.00,2.3982,10765.20,0.5421,0.5013,2098,1.6907,2.67,29.06
Indomaret,7.55,55.0,NETRAL,LAYAK,Mineral,47878.20,2.4109,10822.80,0.5450,0.5046,2096,1.6891,2.77,29.00
Indomaret,7.55,55.0,NETRAL,LAYAK,Mineral,47867.00,2.4103,10808.40,0.5443,0.5034,2113,1.7028,1.90,29.06
Indomaret,7.55,55.0,NETRAL,LAYAK,Mineral,47727.80,2.4033,10832.40,0.5455,0.5045,2097,1.6899,2.72,29.06
Indomaret,7.55,55.0,NETRAL,LAYAK,Mineral,47934.20,2.4137,10784.40,0.5430,0.5022,2097,1.6899,2.72,29.06
Indomaret,7.55,55.0,NETRAL,LAYAK,Mineral,47900.60,2.4120,10790.80,0.5434,0.5025,2097,1.6899,2.72,29.06
Indomaret,7.55,55.0,NETRAL,LAYAK,Mineral,47755.00,2.4047,10786.00,0.5431,0.5023,2096,1.6891,2.77,29.06
Indomaret,7.55,55.0,NETRAL,LAYAK,Mineral,48038.20,2.4190,10818.00,0.5447,0.5044,2098,1.6907,2.67,29.00
Indomaret,7.55,55.0,NETRAL,LAYAK,Mineral,47884.60,2.4112,10856.40,0.5467,0.5056,2120,1.7084,1.54,29.06
Indomaret,7.55,55.0,NETRAL,LAYAK,Mineral,47782.20,2.4061,10808.40,0.5443,0.5034,2095,1.6883,2.82,29.06
Indomaret,7.55,55.0,NETRAL,LAYAK,Mineral,47839.80,2.4090,10765.20,0.5421,0.5013,2097,1.6899,2.72,29.06
Indomaret,7.55,55.0,NETRAL,LAYAK,Mineral,47977.40,2.4159,10781.20,0.5429,0.5021,2109,1.6996,2.10,29.06
Indomaret,7.55,55.0,NETRAL,LAYAK,Mineral,47903.80,2.4122,10824.40,0.5451,0.5047,2097,1.6899,2.72,29.00
Indomaret,7.55,55.0,NETRAL,LAYAK,Mineral,48014.20,2.4177,10766.80,0.5422,0.5014,2097,1.6899,2.72,29.06
Indomaret,7.55,55.0,NETRAL,LAYAK,Mineral,48004.60,2.4173,10803.60,0.5440,0.5037,2097,1.6899,2.72,29.00
Indomaret,7.55,55.0,NETRAL,LAYAK,Mineral,47812.60,2.4076,10814.80,0.5446,0.5037,2097,1.6899,2.72,29.06
Air Rebus,8.1,201.0,NETRAL,LAYAK,Mineral,47188.60,2.3762,11406.80,0.5744,0.5216,2090,1.6842,3.08,30.06
Air Rebus,8.1,201.0,NETRAL,LAYAK,Mineral,47163.00,2.3749,11421.20,0.5751,0.5222,2093,1.6867,2.92,30.06
Air Rebus,8.1,201.0,NETRAL,LAYAK,Mineral,47676.70,2.4007,11366.80,0.5724,0.5197,2107,1.6979,2.21,30.06
Air Rebus,8.1,201.0,NETRAL,LAYAK,Mineral,47507.00,2.3922,11349.20,0.5715,0.5189,2097,1.6899,2.72,30.06
Air Rebus,8.1,201.0,NETRAL,LAYAK,Mineral,47820.90,2.4080,11462.80,0.5772,0.5241,2091,1.6851,3.03,30.06
Air Rebus,8.1,201.0,NETRAL,LAYAK,Mineral,47601.60,2.3970,11480.40,0.5781,0.5249,2091,1.6851,3.03,30.06
Air Rebus,8.1,201.0,NETRAL,LAYAK,Mineral,47281.60,2.3809,11366.80,0.5724,0.5197,2090,1.6842,3.08,30.06
Air Rebus,8.1,201.0,NETRAL,LAYAK,Mineral,47966.60,2.4153,11360.40,0.5721,0.5189,2109,1.6996,2.10,30.13
Air Rebus,8.1,201.0,NETRAL,LAYAK,Mineral,47696.20,2.4017,11437.20,0.5759,0.5224,2098,1.6907,2.67,30.13
Air Rebus,8.1,201.0,NETRAL,LAYAK,Mineral,47884.90,2.4112,11379.60,0.5730,0.5197,2094,1.6875,2.87,30.13
Air Rebus,8.1,201.0,NETRAL,LAYAK,Mineral,47531.30,2.3934,11384.40,0.5733,0.5200,2107,1.6979,2.21,30.13
Air Rebus,8.1,201.0,NETRAL,LAYAK,Mineral,47846.50,2.4093,11416.40,0.5749,0.5214,2089,1.6834,3.13,30.13
Air Rebus,8.1,201.0,NETRAL,LAYAK,Mineral,47771.50,2.4055,11422.80,0.5752,0.5217,2089,1.6834,3.13,30.13
Air Rebus,8.1,201.0,NETRAL,LAYAK,Mineral,47475.30,2.3906,11453.20,0.5767,0.5225,2091,1.6851,3.03,30.19
Air Rebus,8.1,201.0,NETRAL,LAYAK,Mineral,48069.10,2.4205,11414.80,0.5748,0.5208,2086,1.6810,3.28,30.19
Air Rebus,8.1,201.0,NETRAL,LAYAK,Mineral,47926.70,2.4133,11395.60,0.5738,0.5205,2091,1.6851,3.03,30.13
Air Rebus,8.1,201.0,NETRAL,LAYAK,Mineral,48192.30,2.4267,11261.20,0.5671,0.5138,2092,1.6859,2.97,30.19
Air Rebus,8.1,201.0,NETRAL,LAYAK,Mineral,47925.00,2.4133,11349.20,0.5715,0.5178,2093,1.6867,2.92,30.19
Air Rebus,8.1,201.0,NETRAL,LAYAK,Mineral,47661.00,2.4000,11406.80,0.5744,0.5204,2088,1.6826,3.18,30.19
Air Rebus,8.1,201.0,NETRAL,LAYAK,Mineral,47677.00,2.4008,11432.40,0.5757,0.5216,2088,1.6826,3.18,30.19
Air Rebus,8.1,201.0,NETRAL,LAYAK,Mineral,47929.80,2.4135,11398.80,0.5740,0.5200,2098,1.6907,2.67,30.19
Air Rebus,8.1,201.0,NETRAL,LAYAK,Mineral,48104.30,2.4223,11386.00,0.5733,0.5189,2089,1.6834,3.13,30.25
Air Rebus,8.1,201.0,NETRAL,LAYAK,Mineral,47958.60,2.4149,11378.00,0.5729,0.5191,2089,1.6834,3.13,30.19
Air Rebus,8.1,201.0,NETRAL,LAYAK,Mineral,48235.40,2.4289,11349.20,0.5715,0.5178,2092,1.6859,2.97,30.19
Air Rebus,8.1,201.0,NETRAL,LAYAK,Mineral,48067.50,2.4204,11414.80,0.5748,0.5208,2089,1.6834,3.13,30.19
Air Rebus,8.1,201.0,NETRAL,LAYAK,Mineral,47771.40,2.4055,11357.20,0.5719,0.5181,2101,1.6931,2.51,30.19
Air Rebus,8.1,201.0,NETRAL,LAYAK,Mineral,48326.70,2.4335,11410.00,0.5745,0.5205,2089,1.6834,3.13,30.19
Air Rebus,8.1,201.0,NETRAL,LAYAK,Mineral,48105.80,2.4224,11357.20,0.5719,0.5181,2091,1.6851,3.03,30.19
Air Rebus,8.1,201.0,NETRAL,LAYAK,Mineral,48037.00,2.4189,11326.80,0.5704,0.5167,2088,1.6826,3.18,30.19
Air Rebus,8.1,201.0,NETRAL,LAYAK,Mineral,47913.80,2.4127,11283.60,0.5682,0.5142,2110,1.7004,2.05,30.25
Air Rebus,8.1,201.0,NETRAL,LAYAK,Mineral,48395.60,2.4369,11413.20,0.5747,0.5207,2090,1.6842,3.08,30.19
Air Rebus,8.1,201.0,NETRAL,LAYAK,Mineral,47982.60,2.4162,11341.20,0.5711,0.5174,2090,1.6842,3.08,30.19
Air Rebus,8.1,201.0,NETRAL,LAYAK,Mineral,48083.40,2.4212,11352.40,0.5716,0.5173,2094,1.6875,2.87,30.25
Air Rebus,8.1,201.0,NETRAL,LAYAK,Mineral,48014.60,2.4178,11330.00,0.5705,0.5163,2088,1.6826,3.18,30.25
Air Rebus,8.1,201.0,NETRAL,LAYAK,Mineral,48123.40,2.4232,11408.40,0.5745,0.5205,2087,1.6818,3.23,30.19
Air Rebus,8.1,201.0,NETRAL,LAYAK,Mineral,47968.20,2.4154,11394.00,0.5737,0.5192,2088,1.6826,3.18,30.25
Air Rebus,8.1,201.0,NETRAL,LAYAK,Mineral,48294.70,2.4319,11307.60,0.5694,0.5159,2078,1.6746,3.69,30.19
Air Rebus,8.1,201.0,NETRAL,LAYAK,Mineral,48509.10,2.4427,11328.40,0.5704,0.5168,2090,1.6842,3.08,30.19
Air Rebus,8.1,201.0,NETRAL,LAYAK,Mineral,48310.70,2.4327,11376.40,0.5729,0.5190,2087,1.6818,3.23,30.19
Air Rebus,8.1,201.0,NETRAL,LAYAK,Mineral,48155.40,2.4249,11344.40,0.5712,0.5170,2088,1.6826,3.18,30.25
Air Rebus,8.1,201.0,NETRAL,LAYAK,Mineral,48123.40,2.4232,11307.60,0.5694,0.5153,2084,1.6794,3.38,30.25
Air Rebus,8.1,201.0,NETRAL,LAYAK,Mineral,48360.30,2.4352,11379.60,0.5730,0.5192,2089,1.6834,3.13,30.19
Air Rebus,8.1,201.0,NETRAL,LAYAK,Mineral,48497.90,2.4421,11357.20,0.5719,0.5175,2089,1.6834,3.13,30.25
Air Rebus,8.1,201.0,NETRAL,LAYAK,Mineral,48261.10,2.4302,11362.00,0.5721,0.5178,2086,1.6810,3.28,30.25
Air Rebus,8.1,201.0,NETRAL,LAYAK,Mineral,48318.70,2.4331,11323.60,0.5702,0.5160,2085,1.6802,3.33,30.25
Air Rebus,8.1,201.0,NETRAL,LAYAK,Mineral,48128.20,2.4235,11354.00,0.5717,0.5174,2089,1.6834,3.13,30.25
Air Rebus,8.1,201.0,NETRAL,LAYAK,Mineral,48102.60,2.4222,11322.00,0.5701,0.5159,2090,1.6842,3.08,30.25
Air Rebus,8.1,201.0,NETRAL,LAYAK,Mineral,47958.50,2.4149,11347.60,0.5714,0.5171,2085,1.6802,3.33,30.25
Air Rebus,8.1,201.0,NETRAL,LAYAK,Mineral,48496.30,2.4420,11366.80,0.5724,0.5180,2097,1.6899,2.72,30.25
Air Rebus,8.1,201.0,NETRAL,LAYAK,Mineral,48344.20,2.4344,11370.00,0.5725,0.5181,2089,1.6834,3.13,30.25
Air Rebus,8.1,201.0,NETRAL,LAYAK,Mineral,48568.30,2.4456,11322.00,0.5701,0.5159,2088,1.6826,3.18,30.25
Air Rebus,8.1,201.0,NETRAL,LAYAK,Mineral,48601.90,2.4473,11366.80,0.5724,0.5180,2086,1.6810,3.28,30.25
Air Rebus,8.1,201.0,NETRAL,LAYAK,Mineral,48814.80,2.4581,11283.60,0.5682,0.5142,2086,1.6810,3.28,30.25
Air Rebus,8.1,201.0,NETRAL,LAYAK,Mineral,48763.60,2.4555,11427.60,0.5754,0.5208,2086,1.6810,3.28,30.25
Air Rebus,8.1,201.0,NETRAL,LAYAK,Mineral,48369.80,2.4357,11334.80,0.5708,0.5165,2086,1.6810,3.28,30.25
Air Rebus,8.1,201.0,NETRAL,LAYAK,Mineral,48179.40,2.4261,11336.40,0.5708,0.5166,2085,1.6802,3.33,30.25
Air Rebus,8.1,201.0,NETRAL,LAYAK,Mineral,48672.30,2.4509,11357.20,0.5719,0.5175,2089,1.6834,3.13,30.25
Air Rebus,8.1,201.0,NETRAL,LAYAK,Mineral,48321.80,2.4332,11379.60,0.5730,0.5192,2108,1.6988,2.15,30.19
Air Rebus,8.1,201.0,NETRAL,LAYAK,Mineral,48397.00,2.4370,11413.20,0.5747,0.5201,2099,1.6915,2.62,30.25
Air Rebus,8.1,201.0,NETRAL,LAYAK,Mineral,48609.90,2.4477,11382.80,0.5732,0.5187,2084,1.6794,3.38,30.25
Air Rebus,8.1,201.0,NETRAL,LAYAK,Mineral,48899.60,2.4623,11408.40,0.5745,0.5199,2086,1.6810,3.28,30.25
Air Rebus,8.1,201.0,NETRAL,LAYAK,Mineral,48665.90,2.4506,11349.20,0.5715,0.5172,2088,1.6826,3.18,30.25
Air Rebus,8.1,201.0,NETRAL,LAYAK,Mineral,48376.20,2.4360,11384.40,0.5733,0.5188,2087,1.6818,3.23,30.25
Air Rebus,8.1,201.0,NETRAL,LAYAK,Mineral,48643.50,2.4494,11314.00,0.5697,0.5156,2088,1.6826,3.18,30.25
Air Rebus,8.1,201.0,NETRAL,LAYAK,Mineral,48361.80,2.4352,11368.40,0.5725,0.5181,2085,1.6802,3.33,30.25
Air Rebus,8.1,201.0,NETRAL,LAYAK,Mineral,48619.40,2.4482,11390.80,0.5736,0.5191,2085,1.6802,3.33,30.25
Air Rebus,8.1,201.0,NETRAL,LAYAK,Mineral,48912.40,2.4630,11283.60,0.5682,0.5142,2107,1.6979,2.21,30.25
Air Rebus,8.1,201.0,NETRAL,LAYAK,Mineral,48857.90,2.4602,11352.40,0.5716,0.5173,2089,1.6834,3.13,30.25
Air Rebus,8.1,201.0,NETRAL,LAYAK,Mineral,48518.60,2.4431,11323.60,0.5702,0.5166,2088,1.6826,3.18,30.19
Air Rebus,8.1,201.0,NETRAL,LAYAK,Mineral,48678.70,2.4512,11400.40,0.5741,0.5195,2086,1.6810,3.28,30.25
Air Rebus,8.1,201.0,NETRAL,LAYAK,Mineral,48981.20,2.4664,11438.80,0.5760,0.5213,2085,1.6802,3.33,30.25
Air Rebus,8.1,201.0,NETRAL,LAYAK,Mineral,48398.60,2.4371,11373.20,0.5727,0.5183,2086,1.6810,3.28,30.25
Air Rebus,8.1,201.0,NETRAL,LAYAK,Mineral,48501.00,2.4423,11366.80,0.5724,0.5180,2089,1.6834,3.13,30.25
Air Rebus,8.1,201.0,NETRAL,LAYAK,Mineral,48533.00,2.4439,11307.60,0.5694,0.5153,2088,1.6826,3.18,30.25
Air Rebus,8.1,201.0,NETRAL,LAYAK,Mineral,48363.40,2.4353,11306.00,0.5693,0.5152,2088,1.6826,3.18,30.25
Air Rebus,8.1,201.0,NETRAL,LAYAK,Mineral,48587.50,2.4466,11437.20,0.5759,0.5212,2087,1.6818,3.23,30.25
Air Rebus,8.1,201.0,NETRAL,LAYAK,Mineral,48520.20,2.4432,11330.00,0.5705,0.5163,2087,1.6818,3.23,30.25
Air Rebus,8.1,201.0,NETRAL,LAYAK,Mineral,48838.80,2.4593,11392.40,0.5737,0.5192,2086,1.6810,3.28,30.25
Air Rebus,8.1,201.0,NETRAL,LAYAK,Mineral,48627.50,2.4486,11272.40,0.5676,0.5137,2084,1.6794,3.38,30.25
Air Rebus,8.1,201.0,NETRAL,LAYAK,Mineral,48557.10,2.4451,11402.00,0.5741,0.5196,2087,1.6818,3.23,30.25
Air Rebus,8.1,201.0,NETRAL,LAYAK,Mineral,48566.60,2.4456,11357.20,0.5719,0.5175,2095,1.6883,2.82,30.25
Air Rebus,8.1,201.0,NETRAL,LAYAK,Mineral,48432.20,2.4388,11344.40,0.5712,0.5170,2087,1.6818,3.23,30.25
Air Rebus,8.1,201.0,NETRAL,LAYAK,Mineral,48843.60,2.4595,11328.40,0.5704,0.5162,2086,1.6810,3.28,30.25
Air Rebus,8.1,201.0,NETRAL,LAYAK,Mineral,48261.00,2.4302,11394.00,0.5737,0.5192,2085,1.6802,3.33,30.25
Air Rebus,8.1,201.0,NETRAL,LAYAK,Mineral,48424.20,2.4384,11346.00,0.5713,0.5170,2087,1.6818,3.23,30.25
Air Rebus,8.1,201.0,NETRAL,LAYAK,Mineral,48912.40,2.4630,11334.80,0.5708,0.5165,2099,1.6915,2.62,30.25
Air Rebus,8.1,201.0,NETRAL,LAYAK,Mineral,48528.30,2.4436,11410.00,0.5745,0.5200,2097,1.6899,2.72,30.25
Air Rebus,8.1,201.0,NETRAL,LAYAK,Mineral,48654.70,2.4500,11368.40,0.5725,0.5181,2086,1.6810,3.28,30.25
Air Rebus,8.1,201.0,NETRAL,LAYAK,Mineral,48472.20,2.4408,11275.60,0.5678,0.5138,2083,1.6786,3.44,30.25
Air Rebus,8.1,201.0,NETRAL,LAYAK,Mineral,48339.40,2.4341,11389.20,0.5735,0.5190,2098,1.6907,2.67,30.25
Air Rebus,8.1,201.0,NETRAL,LAYAK,Mineral,48352.20,2.4348,11370.00,0.5725,0.5187,2086,1.6810,3.28,30.19
Air Rebus,8.1,201.0,NETRAL,LAYAK,Mineral,48649.90,2.4498,11379.60,0.5730,0.5186,2085,1.6802,3.33,30.25
Air Rebus,8.1,201.0,NETRAL,LAYAK,Mineral,48520.30,2.4432,11352.40,0.5716,0.5173,2086,1.6810,3.28,30.25
Air Rebus,8.1,201.0,NETRAL,LAYAK,Mineral,48826.00,2.4586,11397.20,0.5739,0.5194,2084,1.6794,3.38,30.25
Air Rebus,8.1,201.0,NETRAL,LAYAK,Mineral,48803.60,2.4575,11344.40,0.5712,0.5170,2086,1.6810,3.28,30.25
Air Rebus,8.1,201.0,NETRAL,LAYAK,Mineral,48211.40,2.4277,11318.80,0.5700,0.5158,2086,1.6810,3.28,30.25
Air Rebus,8.1,201.0,NETRAL,LAYAK,Mineral,48493.10,2.4419,11358.80,0.5720,0.5176,2085,1.6802,3.33,30.25
Air Rebus,8.1,201.0,NETRAL,LAYAK,Mineral,48528.30,2.4436,11357.20,0.5719,0.5175,2085,1.6802,3.33,30.25
Air Rebus,8.1,201.0,NETRAL,LAYAK,Mineral,48605.10,2.4475,11338.00,0.5709,0.5173,2084,1.6794,3.38,30.19
Air Rebus,8.1,201.0,NETRAL,LAYAK,Mineral,48304.20,2.4323,11370.00,0.5725,0.5187,2086,1.6810,3.28,30.19
Air Rebus,8.1,201.0,NETRAL,LAYAK,Mineral,48640.30,2.4493,11376.40,0.5729,0.5184,2105,1.6963,2.31,30.25
Air Rebus,8.1,201.0,NETRAL,LAYAK,Mineral,48593.90,2.4469,11362.00,0.5721,0.5178,2085,1.6802,3.33,30.25
Air Rebus,8.1,201.0,NETRAL,LAYAK,Mineral,48293.00,2.4318,11368.40,0.5725,0.5181,2087,1.6818,3.23,30.25
Air Rebus,8.1,201.0,NETRAL,LAYAK,Mineral,48643.50,2.4494,11304.40,0.5692,0.5151,2085,1.6802,3.33,30.25
Air Rebus,8.1,201.0,NETRAL,LAYAK,Mineral,48829.20,2.4588,11312.40,0.5696,0.5161,2085,1.6802,3.33,30.19
Air Rebus,8.1,201.0,NETRAL,LAYAK,Mineral,48842.00,2.4594,11331.60,0.5706,0.5164,2089,1.6834,3.13,30.25
Air Rebus,8.1,201.0,NETRAL,LAYAK,Mineral,48773.10,2.4560,11320.40,0.5700,0.5159,2083,1.6786,3.44,30.25
Air Rebus,8.1,201.0,NETRAL,LAYAK,Mineral,48489.80,2.4417,11259.60,0.5670,0.5131,2080,1.6762,3.59,30.25
Air Rebus,8.1,201.0,NETRAL,LAYAK,Mineral,48265.80,2.4304,11344.40,0.5712,0.5170,2086,1.6810,3.28,30.25
Air Rebus,8.1,201.0,NETRAL,LAYAK,Mineral,48808.40,2.4577,11371.60,0.5726,0.5182,2085,1.6802,3.33,30.25
Air Rebus,8.1,201.0,NETRAL,LAYAK,Mineral,48486.60,2.4415,11296.40,0.5688,0.5148,2095,1.6883,2.82,30.25
Air Rebus,8.1,201.0,NETRAL,LAYAK,Mineral,48361.80,2.4352,11336.40,0.5708,0.5166,2085,1.6802,3.33,30.25
Air Rebus,8.1,201.0,NETRAL,LAYAK,Mineral,48392.20,2.4368,11299.60,0.5690,0.5149,2085,1.6802,3.33,30.25
Air Rebus,8.1,201.0,NETRAL,LAYAK,Mineral,48600.30,2.4473,11371.60,0.5726,0.5182,2084,1.6794,3.38,30.25
Air Rebus,8.1,201.0,NETRAL,LAYAK,Mineral,48376.20,2.4360,11333.20,0.5707,0.5170,2085,1.6802,3.33,30.19
Air Rebus,8.1,201.0,NETRAL,LAYAK,Mineral,48952.40,2.4650,11304.40,0.5692,0.5157,2085,1.6802,3.33,30.19
Air Rebus,8.1,201.0,NETRAL,LAYAK,Mineral,48371.40,2.4357,11314.00,0.5697,0.5156,2084,1.6794,3.38,30.25
Air Rebus,8.1,201.0,NETRAL,LAYAK,Mineral,49173.30,2.4761,11341.20,0.5711,0.5168,2085,1.6802,3.33,30.25
Air Rebus,8.1,201.0,NETRAL,LAYAK,Mineral,48845.10,2.4596,11378.00,0.5729,0.5185,2084,1.6794,3.38,30.25
Air Rebus,8.1,201.0,NETRAL,LAYAK,Mineral,48717.10,2.4531,11390.80,0.5736,0.5191,2086,1.6810,3.28,30.25
Air Rebus,8.1,201.0,NETRAL,LAYAK,Mineral,48629.10,2.4487,11451.60,0.5766,0.5218,2101,1.6931,2.51,30.25
Air Rebus,8.1,201.0,NETRAL,LAYAK,Mineral,48525.00,2.4435,11477.20,0.5779,0.5236,2087,1.6818,3.23,30.19
Air Rebus,8.1,201.0,NETRAL,LAYAK,Mineral,48797.10,2.4572,11410.00,0.5745,0.5205,2084,1.6794,3.38,30.19
Air Rebus,8.1,201.0,NETRAL,LAYAK,Mineral,48982.80,2.4665,11402.00,0.5741,0.5196,2085,1.6802,3.33,30.25
Air Rebus,8.1,201.0,NETRAL,LAYAK,Mineral,49048.40,2.4698,11370.00,0.5725,0.5181,2085,1.6802,3.33,30.25
Air Rebus,8.1,201.0,NETRAL,LAYAK,Mineral,48421.00,2.4382,11398.80,0.5740,0.5194,2085,1.6802,3.33,30.25
Air Rebus,8.1,201.0,NETRAL,LAYAK,Mineral,48990.80,2.4669,11466.00,0.5774,0.5225,2073,1.6705,3.95,30.25
Air Rebus,8.1,201.0,NETRAL,LAYAK,Mineral,48569.80,2.4457,11390.80,0.5736,0.5191,2086,1.6810,3.28,30.25
Air Rebus,8.1,201.0,NETRAL,LAYAK,Mineral,48760.30,2.4553,11405.20,0.5743,0.5197,2089,1.6834,3.13,30.25
Air Rebus,8.1,201.0,NETRAL,LAYAK,Mineral,48715.50,2.4531,11429.20,0.5755,0.5208,2087,1.6818,3.23,30.25
Air Rebus,8.1,201.0,NETRAL,LAYAK,Mineral,48729.90,2.4538,11440.40,0.5761,0.5213,2097,1.6899,2.72,30.25
Air Rebus,8.1,201.0,NETRAL,LAYAK,Mineral,48389.00,2.4366,11469.20,0.5775,0.5227,2084,1.6794,3.38,30.25
Air Rebus,8.1,201.0,NETRAL,LAYAK,Mineral,48638.70,2.4492,11480.40,0.5781,0.5232,2083,1.6786,3.44,30.25
Air Rebus,8.1,201.0,NETRAL,LAYAK,Mineral,48693.10,2.4519,11424.40,0.5753,0.5206,2084,1.6794,3.38,30.25
Air Rebus,8.1,201.0,NETRAL,LAYAK,Mineral,48917.20,2.4632,11472.40,0.5777,0.5228,2083,1.6786,3.44,30.25
Air Rebus,8.1,201.0,NETRAL,LAYAK,Mineral,48377.80,2.4361,11466.00,0.5774,0.5225,2088,1.6826,3.18,30.25
Air Rebus,8.1,201.0,NETRAL,LAYAK,Mineral,48926.80,2.4637,11414.80,0.5748,0.5202,2072,1.6697,4.00,30.25
Air Rebus,8.1,201.0,NETRAL,LAYAK,Mineral,48745.90,2.4546,11450.00,0.5766,0.5218,2085,1.6802,3.33,30.25
Air Rebus,8.1,201.0,NETRAL,LAYAK,Mineral,48685.10,2.4515,11416.40,0.5749,0.5208,2083,1.6786,3.44,30.19
Air Rebus,8.1,201.0,NETRAL,LAYAK,Mineral,48590.60,2.4468,11424.40,0.5753,0.5206,2083,1.6786,3.44,30.25
Air Rebus,8.1,201.0,NETRAL,LAYAK,Mineral,48424.20,2.4384,11397.20,0.5739,0.5200,2086,1.6810,3.28,30.19
Air Rebus,8.1,201.0,NETRAL,LAYAK,Mineral,49058.00,2.4703,11437.20,0.5759,0.5218,2085,1.6802,3.33,30.19
Air Rebus,8.1,201.0,NETRAL,LAYAK,Mineral,48710.60,2.4528,11422.80,0.5752,0.5205,2084,1.6794,3.38,30.25
Air Rebus,8.1,201.0,NETRAL,LAYAK,Mineral,48669.10,2.4507,11416.40,0.5749,0.5202,2094,1.6875,2.87,30.25
Air Rebus,8.1,201.0,NETRAL,LAYAK,Mineral,48990.80,2.4669,11402.00,0.5741,0.5202,2081,1.6770,3.54,30.19
Air Rebus,8.1,201.0,NETRAL,LAYAK,Mineral,48467.40,2.4406,11459.60,0.5770,0.5222,2083,1.6786,3.44,30.25
Air Rebus,8.1,201.0,NETRAL,LAYAK,Mineral,48718.70,2.4532,11386.00,0.5733,0.5189,2086,1.6810,3.28,30.25
Air Rebus,8.1,201.0,NETRAL,LAYAK,Mineral,48419.40,2.4381,11376.40,0.5729,0.5190,2084,1.6794,3.38,30.19
Air Rebus,8.1,201.0,NETRAL,LAYAK,Mineral,48723.50,2.4535,11374.80,0.5728,0.5183,2084,1.6794,3.38,30.25
Air Rebus,8.1,201.0,NETRAL,LAYAK,Mineral,48504.20,2.4424,11435.60,0.5758,0.5211,2085,1.6802,3.33,30.25
Air Rebus,8.1,201.0,NETRAL,LAYAK,Mineral,49080.40,2.4714,11470.80,0.5776,0.5227,2086,1.6810,3.28,30.25
Air Rebus,8.1,201.0,NETRAL,LAYAK,Mineral,48938.00,2.4643,11429.20,0.5755,0.5208,2084,1.6794,3.38,30.25
Air Rebus,8.1,201.0,NETRAL,LAYAK,Mineral,49094.80,2.4722,11456.40,0.5769,0.5221,2084,1.6794,3.38,30.25
Air Rebus,8.1,201.0,NETRAL,LAYAK,Mineral,48805.10,2.4576,11394.00,0.5737,0.5192,2082,1.6778,3.49,30.25
Air Rebus,8.1,201.0,NETRAL,LAYAK,Mineral,49106.00,2.4727,11390.80,0.5736,0.5191,2085,1.6802,3.33,30.25
Air Rebus,8.1,201.0,NETRAL,LAYAK,Mineral,48981.10,2.4664,11435.60,0.5758,0.5211,2085,1.6802,3.33,30.25
Air Rebus,8.1,201.0,NETRAL,LAYAK,Mineral,49054.80,2.4701,11477.20,0.5779,0.5236,2087,1.6818,3.23,30.19
Air Rebus,8.1,201.0,NETRAL,LAYAK,Mineral,48697.90,2.4522,11394.00,0.5737,0.5192,2083,1.6786,3.44,30.25
Air Rebus,8.1,201.0,NETRAL,LAYAK,Mineral,48907.60,2.4627,11467.60,0.5774,0.5226,2083,1.6786,3.44,30.25
Air Rebus,8.1,201.0,NETRAL,LAYAK,Mineral,48518.60,2.4431,11454.80,0.5768,0.5220,2084,1.6794,3.38,30.25
Air Rebus,8.1,201.0,NETRAL,LAYAK,Mineral,48745.90,2.4546,11462.80,0.5772,0.5224,2094,1.6875,2.87,30.25
Air Rebus,8.1,201.0,NETRAL,LAYAK,Mineral,48616.20,2.4481,11435.60,0.5758,0.5211,2083,1.6786,3.44,30.25
Air Rebus,8.1,201.0,NETRAL,LAYAK,Mineral,48529.80,2.4437,11405.20,0.5743,0.5203,2083,1.6786,3.44,30.19
Air Rebus,8.1,201.0,NETRAL,LAYAK,Mineral,48715.50,2.4531,11398.80,0.5740,0.5194,2086,1.6810,3.28,30.25
Air Rebus,8.1,201.0,NETRAL,LAYAK,Mineral,48574.60,2.4460,11403.60,0.5742,0.5197,2092,1.6859,2.97,30.25
Air Rebus,8.1,201.0,NETRAL,LAYAK,Mineral,49056.40,2.4702,11392.40,0.5737,0.5197,2084,1.6794,3.38,30.19
Air Rebus,8.1,201.0,NETRAL,LAYAK,Mineral,48520.20,2.4432,11459.60,0.5770,0.5222,2085,1.6802,3.33,30.25
Air Rebus,8.1,201.0,NETRAL,LAYAK,Mineral,48715.40,2.4531,11411.60,0.5746,0.5200,2086,1.6810,3.28,30.25
Air Rebus,8.1,201.0,NETRAL,LAYAK,Mineral,48686.70,2.4516,11256.40,0.5668,0.5135,2085,1.6802,3.33,30.19
Air Rebus,8.1,201.0,NETRAL,LAYAK,Mineral,49024.40,2.4686,11310.80,0.5696,0.5154,2085,1.6802,3.33,30.25
Air Rebus,8.1,201.0,NETRAL,LAYAK,Mineral,48685.00,2.4515,11307.60,0.5694,0.5159,2085,1.6802,3.33,30.19
Air Rebus,8.1,201.0,NETRAL,LAYAK,Mineral,49072.40,2.4710,11352.40,0.5716,0.5173,2083,1.6786,3.44,30.25
Air Rebus,8.1,201.0,NETRAL,LAYAK,Mineral,48565.00,2.4455,11398.80,0.5740,0.5194,2084,1.6794,3.38,30.25
Air Rebus,8.1,201.0,NETRAL,LAYAK,Mineral,48611.40,2.4478,11394.00,0.5737,0.5198,2085,1.6802,3.33,30.19
Air Rebus,8.1,201.0,NETRAL,LAYAK,Mineral,48784.30,2.4565,11376.40,0.5729,0.5190,2084,1.6794,3.38,30.19
Air Rebus,8.1,201.0,NETRAL,LAYAK,Mineral,48587.40,2.4466,11442.00,0.5762,0.5220,2084,1.6794,3.38,30.19
Air Rebus,8.1,201.0,NETRAL,LAYAK,Mineral,48593.80,2.4469,11358.80,0.5720,0.5182,2070,1.6681,4.10,30.19
Air Rebus,8.1,201.0,NETRAL,LAYAK,Mineral,48867.50,2.4607,11339.60,0.5710,0.5167,2084,1.6794,3.38,30.25
Air Rebus,8.1,201.0,NETRAL,LAYAK,Mineral,48792.30,2.4569,11344.40,0.5712,0.5170,2084,1.6794,3.38,30.25
Air Rebus,8.1,201.0,NETRAL,LAYAK,Mineral,48897.90,2.4622,11376.40,0.5729,0.5184,2093,1.6867,2.92,30.25
Air Rebus,8.1,201.0,NETRAL,LAYAK,Mineral,48889.90,2.4618,11326.80,0.5704,0.5162,2086,1.6810,3.28,30.25
Air Rebus,8.1,201.0,NETRAL,LAYAK,Mineral,49014.80,2.4681,11315.60,0.5698,0.5157,2083,1.6786,3.44,30.25
Air Rebus,8.1,201.0,NETRAL,LAYAK,Mineral,49101.20,2.4725,11371.60,0.5726,0.5182,2084,1.6794,3.38,30.25
Air Rebus,8.1,201.0,NETRAL,LAYAK,Mineral,48784.30,2.4565,11352.40,0.5716,0.5179,2099,1.6915,2.62,30.19
Air Rebus,8.1,201.0,NETRAL,LAYAK,Mineral,48795.50,2.4571,11323.60,0.5702,0.5160,2084,1.6794,3.38,30.25
Air Rebus,8.1,201.0,NETRAL,LAYAK,Mineral,49182.80,2.4766,11330.00,0.5705,0.5163,2088,1.6826,3.18,30.25
Air Rebus,8.1,201.0,NETRAL,LAYAK,Mineral,48851.50,2.4599,11326.80,0.5704,0.5167,2083,1.6786,3.44,30.19
Air Rebus,8.1,201.0,NETRAL,LAYAK,Mineral,48870.70,2.4609,11338.00,0.5709,0.5173,2083,1.6786,3.44,30.19
Air Rebus,8.1,201.0,NETRAL,LAYAK,Mineral,48944.30,2.4646,11307.60,0.5694,0.5153,2073,1.6705,3.95,30.25
Air Rebus,8.1,201.0,NETRAL,LAYAK,Mineral,48913.90,2.4630,11307.60,0.5694,0.5153,2084,1.6794,3.38,30.25
Air Rebus,8.1,201.0,NETRAL,LAYAK,Mineral,48857.90,2.4602,11352.40,0.5716,0.5179,2082,1.6778,3.49,30.19
Air Rebus,8.1,201.0,NETRAL,LAYAK,Mineral,48841.90,2.4594,11323.60,0.5702,0.5166,2085,1.6802,3.33,30.19
Air Rebus,8.1,201.0,NETRAL,LAYAK,Mineral,48965.10,2.4656,11339.60,0.5710,0.5173,2083,1.6786,3.44,30.19
Air Rebus,8.1,201.0,NETRAL,LAYAK,Mineral,48598.60,2.4472,11293.20,0.5687,0.5146,2084,1.6794,3.38,30.25
Air Rebus,8.1,201.0,NETRAL,LAYAK,Mineral,48803.50,2.4575,11365.20,0.5723,0.5179,2086,1.6810,3.28,30.25
Air Rebus,8.1,201.0,NETRAL,LAYAK,Mineral,48830.70,2.4589,11310.80,0.5696,0.5160,2085,1.6802,3.33,30.19
Air Rebus,8.1,201.0,NETRAL,LAYAK,Mineral,48875.50,2.4611,11341.20,0.5711,0.5174,2104,1.6955,2.36,30.19
Air Rebus,8.1,201.0,NETRAL,LAYAK,Mineral,48885.10,2.4616,11355.60,0.5718,0.5181,2081,1.6770,3.54,30.19
Air Rebus,8.1,201.0,NETRAL,LAYAK,Mineral,48846.70,2.4597,11256.40,0.5668,0.5135,2084,1.6794,3.38,30.19
Air Rebus,8.1,201.0,NETRAL,LAYAK,Mineral,48541.00,2.4443,11445.20,0.5763,0.5221,2085,1.6802,3.33,30.19
Super O2,7.61,1.0,NETRAL,LAYAK,Mineral,46054.20,2.3190,10494.80,0.5285,0.4888,2098,1.6907,2.67,29.06
Super O2,7.61,1.0,NETRAL,LAYAK,Mineral,46055.80,2.3191,10429.20,0.5252,0.4857,2094,1.6875,2.87,29.06
Super O2,7.61,1.0,NETRAL,LAYAK,Mineral,46255.80,2.3292,10547.60,0.5311,0.4912,2096,1.6891,2.77,29.06
Super O2,7.61,1.0,NETRAL,LAYAK,Mineral,46347.00,2.3338,10488.40,0.5281,0.4885,2097,1.6899,2.72,29.06
Super O2,7.61,1.0,NETRAL,LAYAK,Mineral,46257.40,2.3293,10536.40,0.5306,0.4913,2093,1.6867,2.92,29.00
Super O2,7.61,1.0,NETRAL,LAYAK,Mineral,46387.00,2.3358,10482.00,0.5278,0.4882,2093,1.6867,2.92,29.06
Super O2,7.61,1.0,NETRAL,LAYAK,Mineral,46411.00,2.3370,10512.40,0.5293,0.4901,2095,1.6883,2.82,29.00
Super O2,7.61,1.0,NETRAL,LAYAK,Mineral,46532.60,2.3431,10517.20,0.5296,0.4898,2094,1.6875,2.87,29.06
Super O2,7.61,1.0,NETRAL,LAYAK,Mineral,46588.60,2.3460,10507.60,0.5291,0.4899,2094,1.6875,2.87,29.00
Super O2,7.61,1.0,NETRAL,LAYAK,Mineral,46553.40,2.3442,10533.20,0.5304,0.4911,2092,1.6859,2.97,29.00
Super O2,7.61,1.0,NETRAL,LAYAK,Mineral,46694.20,2.3513,10538.00,0.5306,0.4913,2094,1.6875,2.87,29.00
Super O2,7.61,1.0,NETRAL,LAYAK,Mineral,46878.20,2.3605,10557.20,0.5316,0.4917,2094,1.6875,2.87,29.06
Super O2,7.61,1.0,NETRAL,LAYAK,Mineral,46731.00,2.3531,10555.60,0.5315,0.4922,2095,1.6883,2.82,29.00
Super O2,7.61,1.0,NETRAL,LAYAK,Mineral,46823.80,2.3578,10582.80,0.5329,0.4934,2093,1.6867,2.92,29.00
Super O2,7.61,1.0,NETRAL,LAYAK,Mineral,47060.60,2.3697,10584.40,0.5330,0.4935,2093,1.6867,2.92,29.00
Super O2,7.61,1.0,NETRAL,LAYAK,Mineral,47086.20,2.3710,10563.60,0.5319,0.4925,2095,1.6883,2.82,29.00
Super O2,7.61,1.0,NETRAL,LAYAK,Mineral,47107.00,2.3721,10563.60,0.5319,0.4925,2098,1.6907,2.67,29.00
Super O2,7.61,1.0,NETRAL,LAYAK,Mineral,47246.20,2.3791,10546.00,0.5310,0.4917,2107,1.6979,2.21,29.00
Super O2,7.61,1.0,NETRAL,LAYAK,Mineral,47267.00,2.3801,10578.00,0.5327,0.4932,2095,1.6883,2.82,29.00
Super O2,7.61,1.0,NETRAL,LAYAK,Mineral,47244.60,2.3790,10584.40,0.5330,0.4935,2094,1.6875,2.87,29.00
Super O2,7.61,1.0,NETRAL,LAYAK,Mineral,47436.60,2.3887,10568.40,0.5322,0.4927,2095,1.6883,2.82,29.00
Super O2,7.61,1.0,NETRAL,LAYAK,Mineral,47518.20,2.3928,10536.40,0.5306,0.4913,2095,1.6883,2.82,29.00
Super O2,7.61,1.0,NETRAL,LAYAK,Mineral,47507.00,2.3922,10538.00,0.5306,0.4913,2096,1.6891,2.77,29.00
Super O2,7.61,1.0,NETRAL,LAYAK,Mineral,47582.20,2.3960,10472.40,0.5273,0.4883,2095,1.6883,2.82,29.00
Super O2,7.61,1.0,NETRAL,LAYAK,Mineral,47587.00,2.3962,10571.60,0.5323,0.4929,2096,1.6891,2.77,29.00
Super O2,7.61,1.0,NETRAL,LAYAK,Mineral,47729.40,2.4034,10563.60,0.5319,0.4925,2097,1.6899,2.72,29.00
Super O2,7.61,1.0,NETRAL,LAYAK,Mineral,47731.00,2.4035,10587.60,0.5331,0.4936,2096,1.6891,2.77,29.00
Super O2,7.61,1.0,NETRAL,LAYAK,Mineral,47644.60,2.3991,10560.40,0.5318,0.4924,2097,1.6899,2.72,29.00
Super O2,7.61,1.0,NETRAL,LAYAK,Mineral,47806.20,2.4073,10536.40,0.5306,0.4913,2095,1.6883,2.82,29.00
Super O2,7.61,1.0,NETRAL,LAYAK,Mineral,47846.20,2.4093,10562.00,0.5318,0.4925,2097,1.6899,2.72,29.00
Super O2,7.61,1.0,NETRAL,LAYAK,Mineral,47839.80,2.4090,10574.80,0.5325,0.4930,2095,1.6883,2.82,29.00
Super O2,7.61,1.0,NETRAL,LAYAK,Mineral,48155.00,2.4248,10578.00,0.5327,0.4932,2095,1.6883,2.82,29.00
Super O2,7.61,1.0,NETRAL,LAYAK,Mineral,48063.80,2.4202,10605.20,0.5340,0.4945,2096,1.6891,2.77,29.00
Super O2,7.61,1.0,NETRAL,LAYAK,Mineral,48145.40,2.4244,10485.20,0.5280,0.4889,2098,1.6907,2.67,29.00
Super O2,7.61,1.0,NETRAL,LAYAK,Mineral,48228.60,2.4285,10582.80,0.5329,0.4934,2095,1.6883,2.82,29.00
Super O2,7.61,1.0,NETRAL,LAYAK,Mineral,48315.00,2.4329,10549.20,0.5312,0.4919,2097,1.6899,2.72,29.00
Super O2,7.61,1.0,NETRAL,LAYAK,Mineral,48259.00,2.4301,10555.60,0.5315,0.4922,2096,1.6891,2.77,29.00
Super O2,7.61,1.0,NETRAL,LAYAK,Mineral,48279.80,2.4311,10579.60,0.5327,0.4933,2112,1.7020,1.95,29.00
Super O2,7.61,1.0,NETRAL,LAYAK,Mineral,48379.00,2.4361,10522.00,0.5298,0.4906,2094,1.6875,2.87,29.00
Super O2,7.61,1.0,NETRAL,LAYAK,Mineral,48294.20,2.4318,10541.20,0.5308,0.4915,2095,1.6883,2.82,29.00
Super O2,7.61,1.0,NETRAL,LAYAK,Mineral,48494.20,2.4419,10592.40,0.5334,0.4939,2095,1.6883,2.82,29.00
Super O2,7.61,1.0,NETRAL,LAYAK,Mineral,48622.20,2.4484,10592.40,0.5334,0.4939,2095,1.6883,2.82,29.00
Super O2,7.61,1.0,NETRAL,LAYAK,Mineral,48569.40,2.4457,10622.80,0.5349,0.4953,2096,1.6891,2.77,29.00
Super O2,7.61,1.0,NETRAL,LAYAK,Mineral,48755.10,2.4551,10605.20,0.5340,0.4945,2096,1.6891,2.77,29.00
Super O2,7.61,1.0,NETRAL,LAYAK,Mineral,48812.90,2.4580,10563.60,0.5319,0.4925,2096,1.6891,2.77,29.00
Super O2,7.61,1.0,NETRAL,LAYAK,Mineral,48785.40,2.4566,10501.20,0.5288,0.4902,2095,1.6883,2.82,28.94
Super O2,7.61,1.0,NETRAL,LAYAK,Mineral,48803.00,2.4575,10632.40,0.5354,0.4963,2093,1.6867,2.92,28.94
Super O2,7.61,1.0,NETRAL,LAYAK,Mineral,48932.90,2.4640,10558.80,0.5317,0.4923,2096,1.6891,2.77,29.00
Super O2,7.61,1.0,NETRAL,LAYAK,Mineral,48973.00,2.4660,10541.20,0.5308,0.4915,2096,1.6891,2.77,29.00
Super O2,7.61,1.0,NETRAL,LAYAK,Mineral,48923.30,2.4635,10584.40,0.5330,0.4935,2094,1.6875,2.87,29.00
Super O2,7.61,1.0,NETRAL,LAYAK,Mineral,48984.20,2.4666,10587.60,0.5331,0.4936,2097,1.6899,2.72,29.00
Super O2,7.61,1.0,NETRAL,LAYAK,Mineral,49048.30,2.4698,10597.20,0.5336,0.4947,2095,1.6883,2.82,28.94
Super O2,7.61,1.0,NETRAL,LAYAK,Mineral,49014.60,2.4681,10586.00,0.5331,0.4936,2106,1.6971,2.26,29.00
Super O2,7.61,1.0,NETRAL,LAYAK,Mineral,49121.90,2.4735,10603.60,0.5339,0.4944,2095,1.6883,2.82,29.00
Super O2,7.61,1.0,NETRAL,LAYAK,Mineral,49121.90,2.4735,10598.80,0.5337,0.4942,2100,1.6923,2.56,29.00
Super O2,7.61,1.0,NETRAL,LAYAK,Mineral,49091.40,2.4720,10589.20,0.5332,0.4937,2100,1.6923,2.56,29.00
Super O2,7.61,1.0,NETRAL,LAYAK,Mineral,49233.90,2.4792,10594.00,0.5335,0.4939,2099,1.6915,2.62,29.00
Super O2,7.61,1.0,NETRAL,LAYAK,Mineral,49315.60,2.4833,10584.40,0.5330,0.4935,2097,1.6899,2.72,29.00
Super O2,7.61,1.0,NETRAL,LAYAK,Mineral,49171.50,2.4760,10581.20,0.5328,0.4933,2097,1.6899,2.72,29.00
Super O2,7.61,1.0,NETRAL,LAYAK,Mineral,49272.40,2.4811,10576.40,0.5326,0.4931,2099,1.6915,2.62,29.00
Super O2,7.61,1.0,NETRAL,LAYAK,Mineral,49290.00,2.4820,10566.80,0.5321,0.4927,2123,1.7108,1.38,29.00
Super O2,7.61,1.0,NETRAL,LAYAK,Mineral,49338.00,2.4844,10562.00,0.5318,0.4925,2122,1.7100,1.44,29.00
Super O2,7.61,1.0,NETRAL,LAYAK,Mineral,49390.80,2.4871,10581.20,0.5328,0.4939,2098,1.6907,2.67,28.94
Super O2,7.61,1.0,NETRAL,LAYAK,Mineral,49371.70,2.4861,10554.00,0.5314,0.4926,2097,1.6899,2.72,28.94
Super O2,7.61,1.0,NETRAL,LAYAK,Mineral,49440.50,2.4896,10571.60,0.5323,0.4929,2097,1.6899,2.72,29.00
Super O2,7.61,1.0,NETRAL,LAYAK,Mineral,49487.10,2.4919,10629.20,0.5352,0.4956,2096,1.6891,2.77,29.00
Super O2,7.61,1.0,NETRAL,LAYAK,Mineral,49426.20,2.4888,10594.00,0.5335,0.4939,2082,1.6778,3.49,29.00
Super O2,7.61,1.0,NETRAL,LAYAK,Mineral,49463.10,2.4907,10566.80,0.5321,0.4932,2097,1.6899,2.72,28.94
Super O2,7.61,1.0,NETRAL,LAYAK,Mineral,49480.80,2.4916,10574.80,0.5325,0.4930,2097,1.6899,2.72,29.00
Super O2,7.61,1.0,NETRAL,LAYAK,Mineral,49523.90,2.4938,10595.60,0.5335,0.4940,2098,1.6907,2.67,29.00
Super O2,7.61,1.0,NETRAL,LAYAK,Mineral,49549.60,2.4951,10589.20,0.5332,0.4937,2096,1.6891,2.77,29.00
Super O2,7.61,1.0,NETRAL,LAYAK,Mineral,49527.20,2.4939,10573.20,0.5324,0.4935,2097,1.6899,2.72,28.94
Super O2,7.61,1.0,NETRAL,LAYAK,Mineral,49500.00,2.4926,10635.60,0.5356,0.4965,2096,1.6891,2.77,28.94
Super O2,7.61,1.0,NETRAL,LAYAK,Mineral,49455.10,2.4903,10603.60,0.5339,0.4944,2099,1.6915,2.62,29.00
Super O2,7.61,1.0,NETRAL,LAYAK,Mineral,49357.30,2.4854,10594.00,0.5335,0.4945,2095,1.6883,2.82,28.94
Super O2,7.61,1.0,NETRAL,LAYAK,Mineral,49567.20,2.4959,10605.20,0.5340,0.4950,2096,1.6891,2.77,28.94
Super O2,7.61,1.0,NETRAL,LAYAK,Mineral,49504.70,2.4928,10646.80,0.5361,0.4964,2095,1.6883,2.82,29.00
Super O2,7.61,1.0,NETRAL,LAYAK,Mineral,49642.40,2.4997,10562.00,0.5318,0.4925,2102,1.6939,2.46,29.00
Super O2,7.61,1.0,NETRAL,LAYAK,Mineral,49636.00,2.4994,10608.40,0.5342,0.4946,2098,1.6907,2.67,29.00
Super O2,7.61,1.0,NETRAL,LAYAK,Mineral,49616.80,2.4984,10595.60,0.5335,0.4940,2098,1.6907,2.67,29.00
Super O2,7.61,1.0,NETRAL,LAYAK,Mineral,49495.20,2.4923,10629.20,0.5352,0.4962,2100,1.6923,2.56,28.94
Super O2,7.61,1.0,NETRAL,LAYAK,Mineral,49533.60,2.4943,10581.20,0.5328,0.4939,2097,1.6899,2.72,28.94
Super O2,7.61,1.0,NETRAL,LAYAK,Mineral,49591.20,2.4972,10656.40,0.5366,0.4974,2096,1.6891,2.77,28.94
Super O2,7.61,1.0,NETRAL,LAYAK,Mineral,49668.00,2.5010,10626.00,0.5351,0.4954,2098,1.6907,2.67,29.00
Super O2,7.61,1.0,NETRAL,LAYAK,Mineral,49650.40,2.5001,10558.80,0.5317,0.4923,2096,1.6891,2.77,29.00
Super O2,7.61,1.0,NETRAL,LAYAK,Mineral,49762.40,2.5058,10627.60,0.5352,0.4955,2109,1.6996,2.10,29.00
Super O2,7.61,1.0,NETRAL,LAYAK,Mineral,49620.00,2.4986,10582.80,0.5329,0.4934,2104,1.6955,2.36,29.00
Super O2,7.61,1.0,NETRAL,LAYAK,Mineral,49580.00,2.4966,10605.20,0.5340,0.4950,2098,1.6907,2.67,28.94
Super O2,7.61,1.0,NETRAL,LAYAK,Mineral,49608.80,2.4980,10549.20,0.5312,0.4919,2096,1.6891,2.77,29.00
Super O2,7.61,1.0,NETRAL,LAYAK,Mineral,49669.60,2.5011,10552.40,0.5314,0.4926,2096,1.6891,2.77,28.94
Super O2,7.61,1.0,NETRAL,LAYAK,Mineral,49783.20,2.5068,10598.80,0.5337,0.4947,2095,1.6883,2.82,28.94
Super O2,7.61,1.0,NETRAL,LAYAK,Mineral,49580.00,2.4966,10549.20,0.5312,0.4924,2097,1.6899,2.72,28.94
Super O2,7.61,1.0,NETRAL,LAYAK,Mineral,49792.80,2.5073,10594.00,0.5335,0.4939,2100,1.6923,2.56,29.00
Super O2,7.61,1.0,NETRAL,LAYAK,Mineral,49730.40,2.5042,10534.80,0.5305,0.4912,2097,1.6899,2.72,29.00
Super O2,7.61,1.0,NETRAL,LAYAK,Mineral,49728.80,2.5041,10563.60,0.5319,0.4931,2096,1.6891,2.77,28.94
Super O2,7.61,1.0,NETRAL,LAYAK,Mineral,49650.40,2.5001,10600.40,0.5338,0.4948,2097,1.6899,2.72,28.94
Super O2,7.61,1.0,NETRAL,LAYAK,Mineral,49581.50,2.4967,10573.20,0.5324,0.4930,2098,1.6907,2.67,29.00
Super O2,7.61,1.0,NETRAL,LAYAK,Mineral,49716.00,2.5034,10618.00,0.5347,0.4951,2096,1.6891,2.77,29.00
Super O2,7.61,1.0,NETRAL,LAYAK,Mineral,49751.20,2.5052,10555.60,0.5315,0.4927,2097,1.6899,2.72,28.94
Super O2,7.61,1.0,NETRAL,LAYAK,Mineral,49717.60,2.5035,10664.40,0.5370,0.4978,2099,1.6915,2.62,28.94
Super O2,7.61,1.0,NETRAL,LAYAK,Mineral,49784.80,2.5069,10587.60,0.5331,0.4942,2095,1.6883,2.82,28.94
Super O2,7.61,1.0,NETRAL,LAYAK,Mineral,49564.00,2.4958,10608.40,0.5342,0.4946,2098,1.6907,2.67,29.00
Super O2,7.61,1.0,NETRAL,LAYAK,Mineral,49816.80,2.5085,10574.80,0.5325,0.4936,2098,1.6907,2.67,28.94
Super O2,7.61,1.0,NETRAL,LAYAK,Mineral,49933.60,2.5144,10546.00,0.5310,0.4923,2096,1.6891,2.77,28.94
Super O2,7.61,1.0,NETRAL,LAYAK,Mineral,49597.60,2.4975,10552.40,0.5314,0.4926,2105,1.6963,2.31,28.94
Super O2,7.61,1.0,NETRAL,LAYAK,Mineral,49789.60,2.5071,10581.20,0.5328,0.4939,2098,1.6907,2.67,28.94
Super O2,7.61,1.0,NETRAL,LAYAK,Mineral,49764.00,2.5059,10586.00,0.5331,0.4936,2103,1.6947,2.41,29.00
Super O2,7.61,1.0,NETRAL,LAYAK,Mineral,49738.40,2.5046,10605.20,0.5340,0.4950,2099,1.6915,2.62,28.94
Super O2,7.61,1.0,NETRAL,LAYAK,Mineral,49773.60,2.5063,10563.60,0.5319,0.4925,2097,1.6899,2.72,29.00
Super O2,7.61,1.0,NETRAL,LAYAK,Mineral,49748.00,2.5050,10592.40,0.5334,0.4944,2099,1.6915,2.62,28.94
Super O2,7.61,1.0,NETRAL,LAYAK,Mineral,49716.00,2.5034,10531.60,0.5303,0.4916,2099,1.6915,2.62,28.94
Super O2,7.61,1.0,NETRAL,LAYAK,Mineral,49807.20,2.5080,10590.80,0.5333,0.4944,2099,1.6915,2.62,28.94
Super O2,7.61,1.0,NETRAL,LAYAK,Mineral,49808.80,2.5081,10499.60,0.5287,0.4901,2096,1.6891,2.77,28.94
Super O2,7.61,1.0,NETRAL,LAYAK,Mineral,49872.80,2.5113,10632.40,0.5354,0.4963,2101,1.6931,2.51,28.94
Super O2,7.61,1.0,NETRAL,LAYAK,Mineral,49808.80,2.5081,10576.40,0.5326,0.4937,2096,1.6891,2.77,28.94
Super O2,7.61,1.0,NETRAL,LAYAK,Mineral,49868.00,2.5111,10605.20,0.5340,0.4950,2099,1.6915,2.62,28.94
Super O2,7.61,1.0,NETRAL,LAYAK,Mineral,49930.40,2.5142,10603.60,0.5339,0.4950,2099,1.6915,2.62,28.94
Super O2,7.61,1.0,NETRAL,LAYAK,Mineral,49772.00,2.5063,10605.20,0.5340,0.4950,2097,1.6899,2.72,28.94
Super O2,7.61,1.0,NETRAL,LAYAK,Mineral,49872.80,2.5113,10598.80,0.5337,0.4947,2098,1.6907,2.67,28.94
Super O2,7.61,1.0,NETRAL,LAYAK,Mineral,49994.40,2.5175,10592.40,0.5334,0.4944,2094,1.6875,2.87,28.94
Super O2,7.61,1.0,NETRAL,LAYAK,Mineral,49949.60,2.5152,10573.20,0.5324,0.4935,2096,1.6891,2.77,28.94
Super O2,7.61,1.0,NETRAL,LAYAK,Mineral,49988.00,2.5171,10632.40,0.5354,0.4963,2098,1.6907,2.67,28.94
Super O2,7.61,1.0,NETRAL,LAYAK,Mineral,49884.00,2.5119,10547.60,0.5311,0.4923,2095,1.6883,2.82,28.94
Super O2,7.61,1.0,NETRAL,LAYAK,Mineral,49936.80,2.5146,10613.20,0.5344,0.4954,2099,1.6915,2.62,28.94
Super O2,7.61,1.0,NETRAL,LAYAK,Mineral,49943.20,2.5149,10597.20,0.5336,0.4947,2099,1.6915,2.62,28.94
Super O2,7.61,1.0,NETRAL,LAYAK,Mineral,49941.60,2.5148,10560.40,0.5318,0.4929,2097,1.6899,2.72,28.94
Super O2,7.61,1.0,NETRAL,LAYAK,Mineral,49847.20,2.5100,10522.00,0.5298,0.4912,2101,1.6931,2.51,28.94
Super O2,7.61,1.0,NETRAL,LAYAK,Mineral,50028.00,2.5191,10550.80,0.5313,0.4925,2101,1.6931,2.51,28.94
Super O2,7.61,1.0,NETRAL,LAYAK,Mineral,49976.80,2.5166,10638.80,0.5357,0.4966,2104,1.6955,2.36,28.94
Super O2,7.61,1.0,NETRAL,LAYAK,Mineral,49986.40,2.5171,10651.60,0.5364,0.4972,2085,1.6802,3.33,28.94
Super O2,7.61,1.0,NETRAL,LAYAK,Mineral,50082.40,2.5219,10626.00,0.5351,0.4960,2097,1.6899,2.72,28.94
Super O2,7.61,1.0,NETRAL,LAYAK,Mineral,50141.60,2.5249,10611.60,0.5343,0.4953,2097,1.6899,2.72,28.94
Super O2,7.61,1.0,NETRAL,LAYAK,Mineral,50098.40,2.5227,10624.40,0.5350,0.4959,2096,1.6891,2.77,28.94
Super O2,7.61,1.0,NETRAL,LAYAK,Mineral,50165.60,2.5261,10661.20,0.5368,0.4977,2097,1.6899,2.72,28.94
Super O2,7.61,1.0,NETRAL,LAYAK,Mineral,50117.60,2.5237,10624.40,0.5350,0.4959,2098,1.6907,2.67,28.94
Super O2,7.61,1.0,NETRAL,LAYAK,Mineral,50032.80,2.5194,10624.40,0.5350,0.4959,2096,1.6891,2.77,28.94
Super O2,7.61,1.0,NETRAL,LAYAK,Mineral,50080.80,2.5218,10648.40,0.5362,0.4971,2097,1.6899,2.72,28.94
Super O2,7.61,1.0,NETRAL,LAYAK,Mineral,50124.00,2.5240,10582.80,0.5329,0.4940,2099,1.6915,2.62,28.94
Super O2,7.61,1.0,NETRAL,LAYAK,Mineral,50104.80,2.5230,10595.60,0.5335,0.4946,2097,1.6899,2.72,28.94
Super O2,7.61,1.0,NETRAL,LAYAK,Mineral,50106.40,2.5231,10661.20,0.5368,0.4977,2097,1.6899,2.72,28.94
Super O2,7.61,1.0,NETRAL,LAYAK,Mineral,50188.00,2.5272,10568.40,0.5322,0.4933,2100,1.6923,2.56,28.94
Super O2,7.61,1.0,NETRAL,LAYAK,Mineral,50114.40,2.5235,10582.80,0.5329,0.4940,2099,1.6915,2.62,28.94
Super O2,7.61,1.0,NETRAL,LAYAK,Mineral,50101.60,2.5229,10605.20,0.5340,0.4950,2097,1.6899,2.72,28.94
Super O2,7.61,1.0,NETRAL,LAYAK,Mineral,50162.40,2.5259,10621.20,0.5348,0.4958,2097,1.6899,2.72,28.94
Super O2,7.61,1.0,NETRAL,LAYAK,Mineral,50181.60,2.5269,10638.80,0.5357,0.4966,2100,1.6923,2.56,28.94
Super O2,7.61,1.0,NETRAL,LAYAK,Mineral,50164.00,2.5260,10685.20,0.5381,0.4988,2097,1.6899,2.72,28.94
Super O2,7.61,1.0,NETRAL,LAYAK,Mineral,50189.60,2.5273,10606.80,0.5341,0.4951,2102,1.6939,2.46,28.94
Super O2,7.61,1.0,NETRAL,LAYAK,Mineral,50210.40,2.5283,10645.20,0.5360,0.4969,2096,1.6891,2.77,28.94
Super O2,7.61,1.0,NETRAL,LAYAK,Mineral,50370.40,2.5364,10605.20,0.5340,0.4950,2085,1.6802,3.33,28.94
Super O2,7.61,1.0,NETRAL,LAYAK,Mineral,50208.80,2.5283,10645.20,0.5360,0.4969,2097,1.6899,2.72,28.94
Super O2,7.61,1.0,NETRAL,LAYAK,Mineral,50258.40,2.5308,10645.20,0.5360,0.4969,2097,1.6899,2.72,28.94
Super O2,7.61,1.0,NETRAL,LAYAK,Mineral,50272.80,2.5315,10626.00,0.5351,0.4960,2100,1.6923,2.56,28.94
Super O2,7.61,1.0,NETRAL,LAYAK,Mineral,50300.00,2.5328,10640.40,0.5358,0.4961,2100,1.6923,2.56,29.00
Super O2,7.61,1.0,NETRAL,LAYAK,Mineral,50212.00,2.5284,10563.60,0.5319,0.4931,2097,1.6899,2.72,28.94
Super O2,7.61,1.0,NETRAL,LAYAK,Mineral,50322.40,2.5340,10666.00,0.5371,0.4973,2112,1.7020,1.95,29.00
Super O2,7.61,1.0,NETRAL,LAYAK,Mineral,50316.00,2.5337,10602.00,0.5339,0.4949,2102,1.6939,2.46,28.94
Super O2,7.61,1.0,NETRAL,LAYAK,Mineral,50332.00,2.5345,10598.80,0.5337,0.4947,2099,1.6915,2.62,28.94
Super O2,7.61,1.0,NETRAL,LAYAK,Mineral,50408.80,2.5383,10672.40,0.5374,0.4976,2099,1.6915,2.62,29.00
Super O2,7.61,1.0,NETRAL,LAYAK,Mineral,50415.20,2.5386,10605.20,0.5340,0.4950,2097,1.6899,2.72,28.94
Super O2,7.61,1.0,NETRAL,LAYAK,Mineral,50365.60,2.5361,10610.00,0.5343,0.4953,2097,1.6899,2.72,28.94
Super O2,7.61,1.0,NETRAL,LAYAK,Mineral,50314.40,2.5336,10648.40,0.5362,0.4971,2098,1.6907,2.67,28.94
Super O2,7.61,1.0,NETRAL,LAYAK,Mineral,50244.00,2.5300,10632.40,0.5354,0.4963,2099,1.6915,2.62,28.94
Super O2,7.61,1.0,NETRAL,LAYAK,Mineral,50352.80,2.5355,10598.80,0.5337,0.4947,2096,1.6891,2.77,28.94
Super O2,7.61,1.0,NETRAL,LAYAK,Mineral,50464.80,2.5411,10613.20,0.5344,0.4954,2099,1.6915,2.62,28.94
Super O2,7.61,1.0,NETRAL,LAYAK,Mineral,50450.40,2.5404,10638.80,0.5357,0.4966,2100,1.6923,2.56,28.94
Super O2,7.61,1.0,NETRAL,LAYAK,Mineral,50496.80,2.5428,10646.80,0.5361,0.4970,2099,1.6915,2.62,28.94
Super O2,7.61,1.0,NETRAL,LAYAK,Mineral,50439.20,2.5399,10642.00,0.5359,0.4968,2099,1.6915,2.62,28.94
Super O2,7.61,1.0,NETRAL,LAYAK,Mineral,50501.60,2.5430,10573.20,0.5324,0.4930,2097,1.6899,2.72,29.00
Super O2,7.61,1.0,NETRAL,LAYAK,Mineral,50444.00,2.5401,10611.60,0.5343,0.4953,2098,1.6907,2.67,28.94
Super O2,7.61,1.0,NETRAL,LAYAK,Mineral,50391.20,2.5374,10614.80,0.5345,0.4955,2095,1.6883,2.82,28.94
Super O2,7.61,1.0,NETRAL,LAYAK,Mineral,50453.60,2.5406,10650.00,0.5363,0.4971,2111,1.7012,2.00,28.94
Super O2,7.61,1.0,NETRAL,LAYAK,Mineral,50458.40,2.5408,10637.20,0.5356,0.4960,2098,1.6907,2.67,29.00
Super O2,7.61,1.0,NETRAL,LAYAK,Mineral,50364.00,2.5361,10642.00,0.5359,0.4968,2097,1.6899,2.72,28.94
Super O2,7.61,1.0,NETRAL,LAYAK,Mineral,50616.80,2.5488,10656.40,0.5366,0.4974,2099,1.6915,2.62,28.94
Super O2,7.61,1.0,NETRAL,LAYAK,Mineral,50359.20,2.5358,10614.80,0.5345,0.4955,2097,1.6899,2.72,28.94
Super O2,7.61,1.0,NETRAL,LAYAK,Mineral,50532.00,2.5445,10610.00,0.5343,0.4953,2099,1.6915,2.62,28.94
Super O2,7.61,1.0,NETRAL,LAYAK,Mineral,50508.00,2.5433,10645.20,0.5360,0.4969,2099,1.6915,2.62,28.94
Super O2,7.61,1.0,NETRAL,LAYAK,Mineral,50575.20,2.5467,10618.00,0.5347,0.4956,2098,1.6907,2.67,28.94
Super O2,7.61,1.0,NETRAL,LAYAK,Mineral,50528.80,2.5444,10582.80,0.5329,0.4940,2098,1.6907,2.67,28.94
Super O2,7.61,1.0,NETRAL,LAYAK,Mineral,50546.40,2.5453,10624.40,0.5350,0.4959,2098,1.6907,2.67,28.94
Super O2,7.61,1.0,NETRAL,LAYAK,Mineral,50714.40,2.5537,10627.60,0.5352,0.4961,2099,1.6915,2.62,28.94
Super O2,7.61,1.0,NETRAL,LAYAK,Mineral,50546.40,2.5453,10621.20,0.5348,0.4958,2096,1.6891,2.77,28.94
Super O2,7.61,1.0,NETRAL,LAYAK,Mineral,50492.00,2.5425,10613.20,0.5344,0.4954,2099,1.6915,2.62,28.94
Super O2,7.61,1.0,NETRAL,LAYAK,Mineral,50584.80,2.5472,10611.60,0.5343,0.4953,2099,1.6915,2.62,28.94
Super O2,7.61,1.0,NETRAL,LAYAK,Mineral,50650.40,2.5505,10611.60,0.5343,0.4953,2102,1.6939,2.46,28.94
Super O2,7.61,1.0,NETRAL,LAYAK,Mineral,50644.00,2.5502,10597.20,0.5336,0.4947,2097,1.6899,2.72,28.94
Super O2,7.61,1.0,NETRAL,LAYAK,Mineral,50644.00,2.5502,10603.60,0.5339,0.4950,2098,1.6907,2.67,28.94
Super O2,7.61,1.0,NETRAL,LAYAK,Mineral,50668.00,2.5514,10608.40,0.5342,0.4952,2100,1.6923,2.56,28.94
Super O2,7.61,1.0,NETRAL,LAYAK,Mineral,50653.60,2.5507,10669.20,0.5372,0.4980,2096,1.6891,2.77,28.94
Super O2,7.61,1.0,NETRAL,LAYAK,Mineral,50736.80,2.5548,10594.00,0.5335,0.4945,2099,1.6915,2.62,28.94
Super O2,7.61,1.0,NETRAL,LAYAK,Mineral,50808.80,2.5585,10629.20,0.5352,0.4962,2099,1.6915,2.62,28.94
Super O2,7.61,1.0,NETRAL,LAYAK,Mineral,50653.60,2.5507,10626.00,0.5351,0.4960,2098,1.6907,2.67,28.94
Super O2,7.61,1.0,NETRAL,LAYAK,Mineral,50743.20,2.5552,10613.20,0.5344,0.4948,2099,1.6915,2.62,29.00
Super O2,7.61,1.0,NETRAL,LAYAK,Mineral,50692.00,2.5526,10594.00,0.5335,0.4945,2101,1.6931,2.51,28.94
Super O2,7.61,1.0,NETRAL,LAYAK,Mineral,50644.00,2.5502,10632.40,0.5354,0.4963,2099,1.6915,2.62,28.94
Super O2,7.61,1.0,NETRAL,LAYAK,Mineral,50692.00,2.5526,10642.00,0.5359,0.4968,2084,1.6794,3.38,28.94
Super O2,7.61,1.0,NETRAL,LAYAK,Mineral,50823.20,2.5592,10646.80,0.5361,0.4970,2098,1.6907,2.67,28.94
Super O2,7.61,1.0,NETRAL,LAYAK,Mineral,50735.20,2.5548,10630.80,0.5353,0.4962,2100,1.6923,2.56,28.94
Super O2,7.61,1.0,NETRAL,LAYAK,Mineral,50829.60,2.5595,10618.00,0.5347,0.4951,2121,1.7092,1.49,29.00
Super O2,7.61,1.0,NETRAL,LAYAK,Mineral,50783.20,2.5572,10592.40,0.5334,0.4944,2112,1.7020,1.95,28.94
Air Isi Ulang,7.34,10.0,NETRAL,LAYAK,Mineral,49097.80,2.4723,10626.00,0.5351,0.4977,2101,1.6931,2.51,28.75
Air Isi Ulang,7.34,10.0,NETRAL,LAYAK,Mineral,49334.70,2.4842,10621.20,0.5348,0.4975,2101,1.6931,2.51,28.75
Air Isi Ulang,7.34,10.0,NETRAL,LAYAK,Mineral,49257.80,2.4804,10651.60,0.5364,0.4989,2101,1.6931,2.51,28.75
Air Isi Ulang,7.34,10.0,NETRAL,LAYAK,Mineral,49427.60,2.4889,10693.20,0.5385,0.5009,2103,1.6947,2.41,28.75
Air Isi Ulang,7.34,10.0,NETRAL,LAYAK,Mineral,49587.60,2.4970,10626.00,0.5351,0.4977,2097,1.6899,2.72,28.75
Air Isi Ulang,7.34,10.0,NETRAL,LAYAK,Mineral,49435.50,2.4893,10587.60,0.5331,0.4959,2098,1.6907,2.67,28.75
Air Isi Ulang,7.34,10.0,NETRAL,LAYAK,Mineral,49738.10,2.5046,10632.40,0.5354,0.4980,2097,1.6899,2.72,28.75
Air Isi Ulang,7.34,10.0,NETRAL,LAYAK,Mineral,49581.20,2.4967,10750.80,0.5414,0.5036,2098,1.6907,2.67,28.75
Air Isi Ulang,7.34,10.0,NETRAL,LAYAK,Mineral,49770.10,2.5062,10666.00,0.5371,0.4996,2098,1.6907,2.67,28.75
Air Isi Ulang,7.34,10.0,NETRAL,LAYAK,Mineral,49752.70,2.5053,10714.00,0.5395,0.5019,2099,1.6915,2.62,28.75
Air Isi Ulang,7.34,10.0,NETRAL,LAYAK,Mineral,49952.80,2.5154,10680.40,0.5378,0.5003,2097,1.6899,2.72,28.75
Air Isi Ulang,7.34,10.0,NETRAL,LAYAK,Mineral,50076.00,2.5216,10662.80,0.5369,0.4995,2100,1.6923,2.56,28.75
Air Isi Ulang,7.34,10.0,NETRAL,LAYAK,Mineral,49997.60,2.5176,10659.60,0.5368,0.4993,2083,1.6786,3.44,28.75
Air Isi Ulang,7.34,10.0,NETRAL,LAYAK,Mineral,50288.80,2.5323,10757.20,0.5417,0.5039,2108,1.6988,2.15,28.75
Air Isi Ulang,7.34,10.0,NETRAL,LAYAK,Mineral,50232.80,2.5295,10688.40,0.5382,0.5001,2097,1.6899,2.72,28.81
Air Isi Ulang,7.34,10.0,NETRAL,LAYAK,Mineral,50343.20,2.5350,10614.80,0.5345,0.4972,2104,1.6955,2.36,28.75
Air Isi Ulang,7.34,10.0,NETRAL,LAYAK,Mineral,50386.40,2.5372,10635.60,0.5356,0.4982,2099,1.6915,2.62,28.75
Air Isi Ulang,7.34,10.0,NETRAL,LAYAK,Mineral,50349.60,2.5353,10682.00,0.5379,0.5004,2108,1.6988,2.15,28.75
Air Isi Ulang,7.34,10.0,NETRAL,LAYAK,Mineral,50399.20,2.5378,10672.40,0.5374,0.4999,2082,1.6778,3.49,28.75
Air Isi Ulang,7.34,10.0,NETRAL,LAYAK,Mineral,50298.40,2.5328,10690.00,0.5383,0.5007,2099,1.6915,2.62,28.75
Air Isi Ulang,7.34,10.0,NETRAL,LAYAK,Mineral,50620.00,2.5490,10725.20,0.5401,0.5024,2104,1.6955,2.36,28.75
Air Isi Ulang,7.34,10.0,NETRAL,LAYAK,Mineral,50418.40,2.5388,10664.40,0.5370,0.4995,2098,1.6907,2.67,28.75
Air Isi Ulang,7.34,10.0,NETRAL,LAYAK,Mineral,50605.60,2.5482,10643.60,0.5360,0.4986,2098,1.6907,2.67,28.75
Air Isi Ulang,7.34,10.0,NETRAL,LAYAK,Mineral,50594.40,2.5477,10640.40,0.5358,0.4978,2110,1.7004,2.05,28.81
Air Isi Ulang,7.34,10.0,NETRAL,LAYAK,Mineral,50724.00,2.5542,10704.40,0.5390,0.5014,2096,1.6891,2.77,28.75
Air Isi Ulang,7.34,10.0,NETRAL,LAYAK,Mineral,50584.80,2.5472,10640.40,0.5358,0.4984,2097,1.6899,2.72,28.75
Air Isi Ulang,7.34,10.0,NETRAL,LAYAK,Mineral,50756.00,2.5558,10696.40,0.5386,0.5005,2099,1.6915,2.62,28.81
Air Isi Ulang,7.34,10.0,NETRAL,LAYAK,Mineral,50748.00,2.5554,10672.40,0.5374,0.4999,2097,1.6899,2.72,28.75
Air Isi Ulang,7.34,10.0,NETRAL,LAYAK,Mineral,50908.00,2.5635,10670.80,0.5373,0.4998,2098,1.6907,2.67,28.75
Air Isi Ulang,7.34,10.0,NETRAL,LAYAK,Mineral,50759.20,2.5560,10602.00,0.5339,0.4966,2099,1.6915,2.62,28.75
Air Isi Ulang,7.34,10.0,NETRAL,LAYAK,Mineral,50701.60,2.5531,10710.80,0.5393,0.5017,2105,1.6963,2.31,28.75
Air Isi Ulang,7.34,10.0,NETRAL,LAYAK,Mineral,50848.80,2.5605,10704.40,0.5390,0.5014,2098,1.6907,2.67,28.75
Air Isi Ulang,7.34,10.0,NETRAL,LAYAK,Mineral,51015.20,2.5689,10680.40,0.5378,0.5003,2098,1.6907,2.67,28.75
Air Isi Ulang,7.34,10.0,NETRAL,LAYAK,Mineral,50850.40,2.5606,10709.20,0.5393,0.5016,2098,1.6907,2.67,28.75
Air Isi Ulang,7.34,10.0,NETRAL,LAYAK,Mineral,51016.80,2.5689,10678.80,0.5377,0.5002,2098,1.6907,2.67,28.75
Air Isi Ulang,7.34,10.0,NETRAL,LAYAK,Mineral,50842.40,2.5602,10738.00,0.5407,0.5030,2096,1.6891,2.77,28.75
Air Isi Ulang,7.34,10.0,NETRAL,LAYAK,Mineral,50917.60,2.5639,10706.00,0.5391,0.5015,2094,1.6875,2.87,28.75
Air Isi Ulang,7.34,10.0,NETRAL,LAYAK,Mineral,50839.20,2.5600,10682.00,0.5379,0.5004,2099,1.6915,2.62,28.75
Air Isi Ulang,7.34,10.0,NETRAL,LAYAK,Mineral,50837.60,2.5599,10702.80,0.5389,0.5013,2103,1.6947,2.41,28.75
Air Isi Ulang,7.34,10.0,NETRAL,LAYAK,Mineral,50962.40,2.5662,10619.60,0.5347,0.4969,2098,1.6907,2.67,28.81
Air Isi Ulang,7.34,10.0,NETRAL,LAYAK,Mineral,50744.80,2.5552,10646.80,0.5361,0.4987,2102,1.6939,2.46,28.75
Air Isi Ulang,7.34,10.0,NETRAL,LAYAK,Mineral,50976.80,2.5669,10686.80,0.5381,0.5006,2098,1.6907,2.67,28.75
Air Isi Ulang,7.34,10.0,NETRAL,LAYAK,Mineral,50954.40,2.5658,10704.40,0.5390,0.5014,2099,1.6915,2.62,28.75
Air Isi Ulang,7.34,10.0,NETRAL,LAYAK,Mineral,50861.60,2.5611,10715.60,0.5396,0.5019,2098,1.6907,2.67,28.75
Air Isi Ulang,7.34,10.0,NETRAL,LAYAK,Mineral,51016.80,2.5689,10600.40,0.5338,0.4965,2100,1.6923,2.56,28.75
Air Isi Ulang,7.34,10.0,NETRAL,LAYAK,Mineral,50864.80,2.5613,10667.60,0.5372,0.4997,2104,1.6955,2.36,28.75
Air Isi Ulang,7.34,10.0,NETRAL,LAYAK,Mineral,50980.00,2.5671,10701.20,0.5389,0.5013,2100,1.6923,2.56,28.75
Air Isi Ulang,7.34,10.0,NETRAL,LAYAK,Mineral,51010.40,2.5686,10715.60,0.5396,0.5019,2099,1.6915,2.62,28.75
Air Isi Ulang,7.34,10.0,NETRAL,LAYAK,Mineral,50944.80,2.5653,10690.00,0.5383,0.5002,2097,1.6899,2.72,28.81
Air Isi Ulang,7.34,10.0,NETRAL,LAYAK,Mineral,51127.20,2.5745,10658.00,0.5367,0.4992,2098,1.6907,2.67,28.75
Air Isi Ulang,7.34,10.0,NETRAL,LAYAK,Mineral,51184.80,2.5774,10650.00,0.5363,0.4989,2102,1.6939,2.46,28.75
Air Isi Ulang,7.34,10.0,NETRAL,LAYAK,Mineral,50997.60,2.5680,10726.80,0.5401,0.5025,2098,1.6907,2.67,28.75
Air Isi Ulang,7.34,10.0,NETRAL,LAYAK,Mineral,50992.80,2.5677,10674.00,0.5375,0.5000,2098,1.6907,2.67,28.75
Air Isi Ulang,7.34,10.0,NETRAL,LAYAK,Mineral,50925.60,2.5643,10634.00,0.5355,0.4981,2098,1.6907,2.67,28.75
Air Isi Ulang,7.34,10.0,NETRAL,LAYAK,Mineral,50797.60,2.5579,10702.80,0.5389,0.5013,2111,1.7012,2.00,28.75
Air Isi Ulang,7.34,10.0,NETRAL,LAYAK,Mineral,51135.20,2.5749,10624.40,0.5350,0.4977,2098,1.6907,2.67,28.75
Air Isi Ulang,7.34,10.0,NETRAL,LAYAK,Mineral,50856.80,2.5609,10704.40,0.5390,0.5008,2098,1.6907,2.67,28.81
Air Isi Ulang,7.34,10.0,NETRAL,LAYAK,Mineral,51095.20,2.5729,10654.80,0.5365,0.4985,2105,1.6963,2.31,28.81
Air Isi Ulang,7.34,10.0,NETRAL,LAYAK,Mineral,50972.00,2.5667,10648.40,0.5362,0.4988,2101,1.6931,2.51,28.75
Air Isi Ulang,7.34,10.0,NETRAL,LAYAK,Mineral,50960.80,2.5661,10650.00,0.5363,0.4989,2098,1.6907,2.67,28.75
Air Isi Ulang,7.34,10.0,NETRAL,LAYAK,Mineral,50928.80,2.5645,10685.20,0.5381,0.5005,2099,1.6915,2.62,28.75
Air Isi Ulang,7.34,10.0,NETRAL,LAYAK,Mineral,51044.00,2.5703,10632.40,0.5354,0.4980,2111,1.7012,2.00,28.75
Air Isi Ulang,7.34,10.0,NETRAL,LAYAK,Mineral,51236.00,2.5800,10662.80,0.5369,0.4995,2100,1.6923,2.56,28.75
Air Isi Ulang,7.34,10.0,NETRAL,LAYAK,Mineral,51039.20,2.5701,10658.00,0.5367,0.4992,2106,1.6971,2.26,28.75
Air Isi Ulang,7.34,10.0,NETRAL,LAYAK,Mineral,51012.00,2.5687,10710.80,0.5393,0.5017,2104,1.6955,2.36,28.75
Air Isi Ulang,7.34,10.0,NETRAL,LAYAK,Mineral,51080.80,2.5722,10646.80,0.5361,0.4987,2107,1.6979,2.21,28.75
Air Isi Ulang,7.34,10.0,NETRAL,LAYAK,Mineral,51252.00,2.5808,10715.60,0.5396,0.5019,2098,1.6907,2.67,28.75
Air Isi Ulang,7.34,10.0,NETRAL,LAYAK,Mineral,51135.20,2.5749,10683.60,0.5380,0.5004,2098,1.6907,2.67,28.75
Air Isi Ulang,7.34,10.0,NETRAL,LAYAK,Mineral,51135.20,2.5749,10666.00,0.5371,0.4996,2099,1.6915,2.62,28.75
Air Isi Ulang,7.34,10.0,NETRAL,LAYAK,Mineral,50882.40,2.5622,10698.00,0.5387,0.5011,2123,1.7108,1.38,28.75
Air Isi Ulang,7.34,10.0,NETRAL,LAYAK,Mineral,51268.00,2.5816,10552.40,0.5314,0.4943,2100,1.6923,2.56,28.75
Air Isi Ulang,7.34,10.0,NETRAL,LAYAK,Mineral,50884.00,2.5623,10667.60,0.5372,0.4997,2099,1.6915,2.62,28.75
Air Isi Ulang,7.34,10.0,NETRAL,LAYAK,Mineral,51069.60,2.5716,10590.80,0.5333,0.4961,2097,1.6899,2.72,28.75
Air Isi Ulang,7.34,10.0,NETRAL,LAYAK,Mineral,50991.20,2.5677,10702.80,0.5389,0.5013,2107,1.6979,2.21,28.75
Air Isi Ulang,7.34,10.0,NETRAL,LAYAK,Mineral,51144.80,2.5754,10709.20,0.5393,0.5016,2098,1.6907,2.67,28.75
Air Isi Ulang,7.34,10.0,NETRAL,LAYAK,Mineral,51264.80,2.5814,10680.40,0.5378,0.5003,2104,1.6955,2.36,28.75
Air Isi Ulang,7.34,10.0,NETRAL,LAYAK,Mineral,51069.60,2.5716,10645.20,0.5360,0.4986,2098,1.6907,2.67,28.75
Air Isi Ulang,7.34,10.0,NETRAL,LAYAK,Mineral,51015.20,2.5689,10662.80,0.5369,0.4995,2099,1.6915,2.62,28.75
Air Isi Ulang,7.34,10.0,NETRAL,LAYAK,Mineral,51063.20,2.5713,10701.20,0.5389,0.5013,2097,1.6899,2.72,28.75
Air Isi Ulang,7.34,10.0,NETRAL,LAYAK,Mineral,51290.40,2.5827,10685.20,0.5381,0.4999,2097,1.6899,2.72,28.81
Air Isi Ulang,7.34,10.0,NETRAL,LAYAK,Mineral,51248.80,2.5806,10624.40,0.5350,0.4977,2098,1.6907,2.67,28.75
Air Isi Ulang,7.34,10.0,NETRAL,LAYAK,Mineral,51335.20,2.5850,10624.40,0.5350,0.4977,2100,1.6923,2.56,28.75
Air Isi Ulang,7.34,10.0,NETRAL,LAYAK,Mineral,51213.60,2.5788,10709.20,0.5393,0.5016,2123,1.7108,1.38,28.75
Air Isi Ulang,7.34,10.0,NETRAL,LAYAK,Mineral,51064.80,2.5714,10730.00,0.5403,0.5026,2107,1.6979,2.21,28.75
Air Isi Ulang,7.34,10.0,NETRAL,LAYAK,Mineral,51178.40,2.5771,10707.60,0.5392,0.5016,2098,1.6907,2.67,28.75
Air Isi Ulang,7.34,10.0,NETRAL,LAYAK,Mineral,51260.00,2.5812,10659.60,0.5368,0.4993,2098,1.6907,2.67,28.75
Air Isi Ulang,7.34,10.0,NETRAL,LAYAK,Mineral,51104.80,2.5734,10715.60,0.5396,0.5019,2097,1.6899,2.72,28.75
Air Isi Ulang,7.34,10.0,NETRAL,LAYAK,Mineral,51200.80,2.5782,10691.60,0.5384,0.5008,2124,1.7116,1.33,28.75
Air Isi Ulang,7.34,10.0,NETRAL,LAYAK,Mineral,51228.00,2.5796,10680.40,0.5378,0.5003,2098,1.6907,2.67,28.75
Air Isi Ulang,7.34,10.0,NETRAL,LAYAK,Mineral,51079.20,2.5721,10720.40,0.5398,0.5016,2111,1.7012,2.00,28.81
Air Isi Ulang,7.34,10.0,NETRAL,LAYAK,Mineral,51290.40,2.5827,10726.80,0.5401,0.5025,2098,1.6907,2.67,28.75
Air Isi Ulang,7.34,10.0,NETRAL,LAYAK,Mineral,51104.80,2.5734,10664.40,0.5370,0.4995,2097,1.6899,2.72,28.75
Air Isi Ulang,7.34,10.0,NETRAL,LAYAK,Mineral,51311.20,2.5838,10642.00,0.5359,0.4985,2099,1.6915,2.62,28.75
Air Isi Ulang,7.34,10.0,NETRAL,LAYAK,Mineral,51384.80,2.5875,10661.20,0.5368,0.4994,2097,1.6899,2.72,28.75
Air Isi Ulang,7.34,10.0,NETRAL,LAYAK,Mineral,51280.80,2.5822,10640.40,0.5358,0.4978,2098,1.6907,2.67,28.81
Air Isi Ulang,7.34,10.0,NETRAL,LAYAK,Mineral,51300.00,2.5832,10733.20,0.5405,0.5028,2085,1.6802,3.33,28.75
Air Isi Ulang,7.34,10.0,NETRAL,LAYAK,Mineral,51316.00,2.5840,10664.40,0.5370,0.4995,2115,1.7044,1.79,28.75
Air Isi Ulang,7.34,10.0,NETRAL,LAYAK,Mineral,51292.00,2.5828,10710.80,0.5393,0.5017,2097,1.6899,2.72,28.75
Air Isi Ulang,7.34,10.0,NETRAL,LAYAK,Mineral,51248.80,2.5806,10678.80,0.5377,0.5002,2098,1.6907,2.67,28.75
Air Isi Ulang,7.34,10.0,NETRAL,LAYAK,Mineral,51344.80,2.5855,10712.40,0.5394,0.5018,2099,1.6915,2.62,28.75
Air Isi Ulang,7.34,10.0,NETRAL,LAYAK,Mineral,51327.20,2.5846,10650.00,0.5363,0.4989,2095,1.6883,2.82,28.75
Air Isi Ulang,7.34,10.0,NETRAL,LAYAK,Mineral,51424.80,2.5895,10672.40,0.5374,0.4999,2110,1.7004,2.05,28.75
Air Isi Ulang,7.34,10.0,NETRAL,LAYAK,Mineral,51381.60,2.5873,10626.00,0.5351,0.4977,2098,1.6907,2.67,28.75
Air Isi Ulang,7.34,10.0,NETRAL,LAYAK,Mineral,51226.40,2.5795,10658.00,0.5367,0.4987,2099,1.6915,2.62,28.81
Air Isi Ulang,7.34,10.0,NETRAL,LAYAK,Mineral,51253.60,2.5809,10626.00,0.5351,0.4977,2099,1.6915,2.62,28.75
Air Isi Ulang,7.34,10.0,NETRAL,LAYAK,Mineral,51330.40,2.5847,10710.80,0.5393,0.5017,2111,1.7012,2.00,28.75
Air Isi Ulang,7.34,10.0,NETRAL,LAYAK,Mineral,51333.60,2.5849,10701.20,0.5389,0.5013,2100,1.6923,2.56,28.75
Air Isi Ulang,7.34,10.0,NETRAL,LAYAK,Mineral,51032.80,2.5697,10722.00,0.5399,0.5022,2100,1.6923,2.56,28.75
Air Isi Ulang,7.34,10.0,NETRAL,LAYAK,Mineral,51452.00,2.5909,10712.40,0.5394,0.5018,2099,1.6915,2.62,28.75
Air Isi Ulang,7.34,10.0,NETRAL,LAYAK,Mineral,51415.20,2.5890,10693.20,0.5385,0.5003,2099,1.6915,2.62,28.81
Air Isi Ulang,7.34,10.0,NETRAL,LAYAK,Mineral,51292.00,2.5828,10664.40,0.5370,0.4995,2098,1.6907,2.67,28.75
Air Isi Ulang,7.34,10.0,NETRAL,LAYAK,Mineral,51319.20,2.5842,10728.40,0.5402,0.5025,2113,1.7028,1.90,28.75
Air Isi Ulang,7.34,10.0,NETRAL,LAYAK,Mineral,51346.40,2.5855,10669.20,0.5372,0.4998,2099,1.6915,2.62,28.75
Air Isi Ulang,7.34,10.0,NETRAL,LAYAK,Mineral,51357.60,2.5861,10683.60,0.5380,0.5004,2101,1.6931,2.51,28.75
Air Isi Ulang,7.34,10.0,NETRAL,LAYAK,Mineral,51236.00,2.5800,10680.40,0.5378,0.5003,2110,1.7004,2.05,28.75
Air Isi Ulang,7.34,10.0,NETRAL,LAYAK,Mineral,51413.60,2.5889,10686.80,0.5381,0.5006,2102,1.6939,2.46,28.75
Air Isi Ulang,7.34,10.0,NETRAL,LAYAK,Mineral,51173.60,2.5768,10603.60,0.5339,0.4967,2099,1.6915,2.62,28.75
Air Isi Ulang,7.34,10.0,NETRAL,LAYAK,Mineral,51213.60,2.5788,10638.80,0.5357,0.4983,2099,1.6915,2.62,28.75
Air Isi Ulang,7.34,10.0,NETRAL,LAYAK,Mineral,51312.80,2.5838,10678.80,0.5377,0.5002,2099,1.6915,2.62,28.75
Air Isi Ulang,7.34,10.0,NETRAL,LAYAK,Mineral,51106.40,2.5735,10688.40,0.5382,0.5007,2090,1.6842,3.08,28.75
Air Isi Ulang,7.34,10.0,NETRAL,LAYAK,Mineral,51112.80,2.5738,10704.40,0.5390,0.5014,2107,1.6979,2.21,28.75
Air Isi Ulang,7.34,10.0,NETRAL,LAYAK,Mineral,51194.40,2.5779,10686.80,0.5381,0.5006,2116,1.7052,1.74,28.75
Air Isi Ulang,7.34,10.0,NETRAL,LAYAK,Mineral,51384.80,2.5875,10691.60,0.5384,0.5008,2098,1.6907,2.67,28.75
Air Isi Ulang,7.34,10.0,NETRAL,LAYAK,Mineral,51287.20,2.5826,10627.60,0.5352,0.4978,2116,1.7052,1.74,28.75
Air Isi Ulang,7.34,10.0,NETRAL,LAYAK,Mineral,51344.80,2.5855,10661.20,0.5368,0.4994,2099,1.6915,2.62,28.75
Air Isi Ulang,7.34,10.0,NETRAL,LAYAK,Mineral,51303.20,2.5834,10645.20,0.5360,0.4986,2100,1.6923,2.56,28.75
Air Isi Ulang,7.34,10.0,NETRAL,LAYAK,Mineral,51330.40,2.5847,10672.40,0.5374,0.4999,2126,1.7133,1.23,28.75
Air Isi Ulang,7.34,10.0,NETRAL,LAYAK,Mineral,51311.20,2.5838,10693.20,0.5385,0.5009,2099,1.6915,2.62,28.75
Air Isi Ulang,7.34,10.0,NETRAL,LAYAK,Mineral,51199.20,2.5781,10666.00,0.5371,0.4996,2097,1.6899,2.72,28.75
Air Isi Ulang,7.34,10.0,NETRAL,LAYAK,Mineral,51071.20,2.5717,10667.60,0.5372,0.4997,2107,1.6979,2.21,28.75
Air Isi Ulang,7.34,10.0,NETRAL,LAYAK,Mineral,51365.60,2.5865,10675.60,0.5376,0.5001,2101,1.6931,2.51,28.75
Air Isi Ulang,7.34,10.0,NETRAL,LAYAK,Mineral,51224.80,2.5794,10658.00,0.5367,0.4992,2097,1.6899,2.72,28.75
Air Isi Ulang,7.34,10.0,NETRAL,LAYAK,Mineral,51168.80,2.5766,10739.60,0.5408,0.5031,2099,1.6915,2.62,28.75
Air Isi Ulang,7.34,10.0,NETRAL,LAYAK,Mineral,51154.40,2.5759,10675.60,0.5376,0.5001,2097,1.6899,2.72,28.75
Air Isi Ulang,7.34,10.0,NETRAL,LAYAK,Mineral,51476.00,2.5921,10664.40,0.5370,0.4995,2102,1.6939,2.46,28.75
Air Isi Ulang,7.34,10.0,NETRAL,LAYAK,Mineral,51407.20,2.5886,10606.80,0.5341,0.4968,2098,1.6907,2.67,28.75
Air Isi Ulang,7.34,10.0,NETRAL,LAYAK,Mineral,51231.20,2.5797,10677.20,0.5376,0.4996,2109,1.6996,2.10,28.81
Air Isi Ulang,7.34,10.0,NETRAL,LAYAK,Mineral,51391.20,2.5878,10643.60,0.5360,0.4986,2097,1.6899,2.72,28.75
Air Isi Ulang,7.34,10.0,NETRAL,LAYAK,Mineral,51376.80,2.5871,10642.00,0.5359,0.4985,2099,1.6915,2.62,28.75
Air Isi Ulang,7.34,10.0,NETRAL,LAYAK,Mineral,51058.40,2.5710,10677.20,0.5376,0.5001,2108,1.6988,2.15,28.75
Air Isi Ulang,7.34,10.0,NETRAL,LAYAK,Mineral,51349.60,2.5857,10658.00,0.5367,0.4992,2109,1.6996,2.10,28.75
Air Isi Ulang,7.34,10.0,NETRAL,LAYAK,Mineral,51364.00,2.5864,10643.60,0.5360,0.4986,2105,1.6963,2.31,28.75
Air Isi Ulang,7.34,10.0,NETRAL,LAYAK,Mineral,51263.20,2.5813,10661.20,0.5368,0.4994,2106,1.6971,2.26,28.75
Air Isi Ulang,7.34,10.0,NETRAL,LAYAK,Mineral,51316.00,2.5840,10642.00,0.5359,0.4985,2108,1.6988,2.15,28.75
Air Isi Ulang,7.34,10.0,NETRAL,LAYAK,Mineral,51244.00,2.5804,10669.20,0.5372,0.4998,2100,1.6923,2.56,28.75
Air Isi Ulang,7.34,10.0,NETRAL,LAYAK,Mineral,51210.40,2.5787,10656.40,0.5366,0.4992,2107,1.6979,2.21,28.75
Air Isi Ulang,7.34,10.0,NETRAL,LAYAK,Mineral,51317.60,2.5841,10597.20,0.5336,0.4964,2098,1.6907,2.67,28.75
Air Isi Ulang,7.34,10.0,NETRAL,LAYAK,Mineral,51176.80,2.5770,10691.60,0.5384,0.5002,2101,1.6931,2.51,28.81
Air Isi Ulang,7.34,10.0,NETRAL,LAYAK,Mineral,51199.20,2.5781,10666.00,0.5371,0.4996,2097,1.6899,2.72,28.75
Air Isi Ulang,7.34,10.0,NETRAL,LAYAK,Mineral,51170.40,2.5767,10675.60,0.5376,0.5001,2100,1.6923,2.56,28.75
Air Isi Ulang,7.34,10.0,NETRAL,LAYAK,Mineral,51304.80,2.5834,10674.00,0.5375,0.5000,2098,1.6907,2.67,28.75
Air Isi Ulang,7.34,10.0,NETRAL,LAYAK,Mineral,51360.80,2.5863,10658.00,0.5367,0.4992,2100,1.6923,2.56,28.75
Air Isi Ulang,7.34,10.0,NETRAL,LAYAK,Mineral,51338.40,2.5851,10714.00,0.5395,0.5019,2109,1.6996,2.10,28.75
Air Isi Ulang,7.34,10.0,NETRAL,LAYAK,Mineral,51287.20,2.5826,10606.80,0.5341,0.4968,2100,1.6923,2.56,28.75
Air Isi Ulang,7.34,10.0,NETRAL,LAYAK,Mineral,51319.20,2.5842,10624.40,0.5350,0.4977,2102,1.6939,2.46,28.75
Air Isi Ulang,7.34,10.0,NETRAL,LAYAK,Mineral,51173.60,2.5768,10682.00,0.5379,0.5004,2101,1.6931,2.51,28.75
Air Isi Ulang,7.34,10.0,NETRAL,LAYAK,Mineral,51250.40,2.5807,10646.80,0.5361,0.4987,2099,1.6915,2.62,28.75
Air Isi Ulang,7.34,10.0,NETRAL,LAYAK,Mineral,51343.20,2.5854,10685.20,0.5381,0.5005,2098,1.6907,2.67,28.75
Air Isi Ulang,7.34,10.0,NETRAL,LAYAK,Mineral,51263.20,2.5813,10686.80,0.5381,0.5006,2100,1.6923,2.56,28.75
Air Isi Ulang,7.34,10.0,NETRAL,LAYAK,Mineral,51306.40,2.5835,10554.00,0.5314,0.4944,2101,1.6931,2.51,28.75
Air Isi Ulang,7.34,10.0,NETRAL,LAYAK,Mineral,51308.00,2.5836,10680.40,0.5378,0.5003,2099,1.6915,2.62,28.75
Air Isi Ulang,7.34,10.0,NETRAL,LAYAK,Mineral,51192.80,2.5778,10664.40,0.5370,0.4995,2098,1.6907,2.67,28.75
Air Isi Ulang,7.34,10.0,NETRAL,LAYAK,Mineral,51288.80,2.5826,10667.60,0.5372,0.4997,2104,1.6955,2.36,28.75
Air Isi Ulang,7.34,10.0,NETRAL,LAYAK,Mineral,51229.60,2.5797,10635.60,0.5356,0.4982,2104,1.6955,2.36,28.75
Air Isi Ulang,7.34,10.0,NETRAL,LAYAK,Mineral,51413.60,2.5889,10672.40,0.5374,0.4999,2108,1.6988,2.15,28.75
Air Isi Ulang,7.34,10.0,NETRAL,LAYAK,Mineral,51184.80,2.5774,10680.40,0.5378,0.5003,2109,1.6996,2.10,28.75
Air Isi Ulang,7.34,10.0,NETRAL,LAYAK,Mineral,51288.80,2.5826,10690.00,0.5383,0.5007,2100,1.6923,2.56,28.75
Air Isi Ulang,7.34,10.0,NETRAL,LAYAK,Mineral,51368.80,2.5867,10683.60,0.5380,0.5004,2102,1.6939,2.46,28.75
Air Isi Ulang,7.34,10.0,NETRAL,LAYAK,Mineral,51400.80,2.5883,10672.40,0.5374,0.4999,2096,1.6891,2.77,28.75
Air Isi Ulang,7.34,10.0,NETRAL,LAYAK,Mineral,51324.00,2.5844,10638.80,0.5357,0.4983,2098,1.6907,2.67,28.75
Air Isi Ulang,7.34,10.0,NETRAL,LAYAK,Mineral,51239.20,2.5801,10707.60,0.5392,0.5016,2104,1.6955,2.36,28.75
Air Isi Ulang,7.34,10.0,NETRAL,LAYAK,Mineral,51354.40,2.5859,10680.40,0.5378,0.5003,2100,1.6923,2.56,28.75
Air Isi Ulang,7.34,10.0,NETRAL,LAYAK,Mineral,51247.20,2.5805,10621.20,0.5348,0.4975,2100,1.6923,2.56,28.75
Air Isi Ulang,7.34,10.0,NETRAL,LAYAK,Mineral,51360.80,2.5863,10662.80,0.5369,0.4995,2097,1.6899,2.72,28.75
Air Isi Ulang,7.34,10.0,NETRAL,LAYAK,Mineral,51396.00,2.5880,10677.20,0.5376,0.5001,2101,1.6931,2.51,28.75
Air Isi Ulang,7.34,10.0,NETRAL,LAYAK,Mineral,51351.20,2.5858,10691.60,0.5384,0.5008,2097,1.6899,2.72,28.75
Air Isi Ulang,7.34,10.0,NETRAL,LAYAK,Mineral,51280.80,2.5822,10680.40,0.5378,0.5003,2113,1.7028,1.90,28.75
Air Isi Ulang,7.34,10.0,NETRAL,LAYAK,Mineral,51325.60,2.5845,10698.00,0.5387,0.5011,2098,1.6907,2.67,28.75
Air Isi Ulang,7.34,10.0,NETRAL,LAYAK,Mineral,51221.60,2.5793,10739.60,0.5408,0.5031,2101,1.6931,2.51,28.75
Air Isi Ulang,7.34,10.0,NETRAL,LAYAK,Mineral,51431.20,2.5898,10728.40,0.5402,0.5025,2101,1.6931,2.51,28.75
Air Isi Ulang,7.34,10.0,NETRAL,LAYAK,Mineral,51149.60,2.5756,10634.00,0.5355,0.4981,2097,1.6899,2.72,28.75
Air Isi Ulang,7.34,10.0,NETRAL,LAYAK,Mineral,51524.00,2.5945,10723.60,0.5400,0.5017,2104,1.6955,2.36,28.81
Air Isi Ulang,7.34,10.0,NETRAL,LAYAK,Mineral,51418.40,2.5892,10688.40,0.5382,0.5007,2125,1.7125,1.28,28.75
Air Isi Ulang,7.34,10.0,NETRAL,LAYAK,Mineral,51261.60,2.5813,10704.40,0.5390,0.5014,2097,1.6899,2.72,28.75
Air Isi Ulang,7.34,10.0,NETRAL,LAYAK,Mineral,51184.80,2.5774,10731.60,0.5404,0.5027,2096,1.6891,2.77,28.75
Air Isi Ulang,7.34,10.0,NETRAL,LAYAK,Mineral,51258.40,2.5811,10675.60,0.5376,0.5001,2063,1.6625,4.46,28.75
Air Isi Ulang,7.34,10.0,NETRAL,LAYAK,Mineral,51175.20,2.5769,10678.80,0.5377,0.5002,2101,1.6931,2.51,28.75
Air Isi Ulang,7.34,10.0,NETRAL,LAYAK,Mineral,51295.20,2.5830,10693.20,0.5385,0.5009,2107,1.6979,2.21,28.75
Air Isi Ulang,7.34,10.0,NETRAL,LAYAK,Mineral,51428.00,2.5896,10709.20,0.5393,0.5011,2098,1.6907,2.67,28.81
Air Isi Ulang,7.34,10.0,NETRAL,LAYAK,Mineral,51535.20,2.5950,10667.60,0.5372,0.4997,2100,1.6923,2.56,28.75
Air Isi Ulang,7.34,10.0,NETRAL,LAYAK,Mineral,51266.40,2.5815,10680.40,0.5378,0.5003,2097,1.6899,2.72,28.75
Air Isi Ulang,7.34,10.0,NETRAL,LAYAK,Mineral,51436.00,2.5900,10640.40,0.5358,0.4984,2101,1.6931,2.51,28.75
Air Isi Ulang,7.34,10.0,NETRAL,LAYAK,Mineral,51572.00,2.5969,10651.60,0.5364,0.4989,2099,1.6915,2.62,28.75
Air Isi Ulang,7.34,10.0,NETRAL,LAYAK,Mineral,51468.00,2.5917,10643.60,0.5360,0.4986,2097,1.6899,2.72,28.75
Air Isi Ulang,7.34,10.0,NETRAL,LAYAK,Mineral,51336.80,2.5851,10715.60,0.5396,0.5019,2098,1.6907,2.67,28.75
Air Isi Ulang,7.34,10.0,NETRAL,LAYAK,Mineral,51396.00,2.5880,10702.80,0.5389,0.5013,2100,1.6923,2.56,28.75
Air Isi Ulang,7.34,10.0,NETRAL,LAYAK,Mineral,51439.20,2.5902,10642.00,0.5359,0.4985,2085,1.6802,3.33,28.75
Air Isi Ulang,7.34,10.0,NETRAL,LAYAK,Mineral,51540.00,2.5953,10706.00,0.5391,0.5015,2097,1.6899,2.72,28.75
Air Isi Ulang,7.34,10.0,NETRAL,LAYAK,Mineral,51492.00,2.5929,10691.60,0.5384,0.5008,2105,1.6963,2.31,28.75
Air Isi Ulang,7.34,10.0,NETRAL,LAYAK,Mineral,51424.80,2.5895,10659.60,0.5368,0.4993,2099,1.6915,2.62,28.75
Ades,7.27,181.0,NETRAL,LAYAK,Mineral,48905.80,2.4626,11798.80,0.5941,0.5371,2120,1.7084,1.54,30.31
Ades,7.27,181.0,NETRAL,LAYAK,Mineral,48907.50,2.4627,11827.60,0.5956,0.5384,2120,1.7084,1.54,30.31
Ades,7.27,181.0,NETRAL,LAYAK,Mineral,48969.90,2.4659,11792.40,0.5938,0.5368,2118,1.7068,1.64,30.31
Ades,7.27,181.0,NETRAL,LAYAK,Mineral,48744.20,2.4545,11722.00,0.5903,0.5336,2118,1.7068,1.64,30.31
Ades,7.27,181.0,NETRAL,LAYAK,Mineral,48979.50,2.4664,11837.20,0.5961,0.5388,2119,1.7076,1.59,30.31
Ades,7.27,181.0,NETRAL,LAYAK,Mineral,48824.20,2.4585,11768.40,0.5926,0.5357,2119,1.7076,1.59,30.31
Ades,7.27,181.0,NETRAL,LAYAK,Mineral,48793.80,2.4570,11776.40,0.5930,0.5360,2120,1.7084,1.54,30.31
Ades,7.27,181.0,NETRAL,LAYAK,Mineral,48945.80,2.4647,11821.20,0.5953,0.5381,2120,1.7084,1.54,30.31
Ades,7.27,181.0,NETRAL,LAYAK,Mineral,49107.50,2.4728,11762.00,0.5923,0.5354,2127,1.7141,1.18,30.31
Ades,7.27,181.0,NETRAL,LAYAK,Mineral,49195.50,2.4772,11806.80,0.5945,0.5374,2133,1.7189,0.87,30.31
Ades,7.27,181.0,NETRAL,LAYAK,Mineral,49080.20,2.4714,11768.40,0.5926,0.5357,2122,1.7100,1.44,30.31
Ades,7.27,181.0,NETRAL,LAYAK,Mineral,49037.00,2.4692,11770.00,0.5927,0.5358,2122,1.7100,1.44,30.31
Ades,7.27,181.0,NETRAL,LAYAK,Mineral,49289.90,2.4820,11754.00,0.5919,0.5350,2121,1.7092,1.49,30.31
Ades,7.27,181.0,NETRAL,LAYAK,Mineral,49528.40,2.4940,11770.00,0.5927,0.5351,2119,1.7076,1.59,30.38
Ades,7.27,181.0,NETRAL,LAYAK,Mineral,49333.10,2.4842,11758.80,0.5921,0.5352,2104,1.6955,2.36,30.31
Ades,7.27,181.0,NETRAL,LAYAK,Mineral,49401.90,2.4876,11720.40,0.5902,0.5329,2109,1.6996,2.10,30.38
Ades,7.27,181.0,NETRAL,LAYAK,Mineral,49421.10,2.4886,11789.20,0.5936,0.5366,2110,1.7004,2.05,30.31
Ades,7.27,181.0,NETRAL,LAYAK,Mineral,49457.90,2.4904,11782.80,0.5933,0.5363,2108,1.6988,2.15,30.31
Ades,7.27,181.0,NETRAL,LAYAK,Mineral,49493.10,2.4922,11720.40,0.5902,0.5335,2120,1.7084,1.54,30.31
Ades,7.27,181.0,NETRAL,LAYAK,Mineral,49408.20,2.4879,11821.20,0.5953,0.5381,2111,1.7012,2.00,30.31
Ades,7.27,181.0,NETRAL,LAYAK,Mineral,49512.20,2.4932,11784.40,0.5934,0.5364,2113,1.7028,1.90,30.31
Ades,7.27,181.0,NETRAL,LAYAK,Mineral,49609.90,2.4981,11755.60,0.5920,0.5351,2114,1.7036,1.85,30.31
Ades,7.27,181.0,NETRAL,LAYAK,Mineral,49757.20,2.5055,11770.00,0.5927,0.5358,2113,1.7028,1.90,30.31
Ades,7.27,181.0,NETRAL,LAYAK,Mineral,49869.20,2.5112,11754.00,0.5919,0.5350,2111,1.7012,2.00,30.31
Ades,7.27,181.0,NETRAL,LAYAK,Mineral,49869.20,2.5112,11726.80,0.5905,0.5338,2113,1.7028,1.90,30.31
Ades,7.27,181.0,NETRAL,LAYAK,Mineral,49569.80,2.4961,11646.80,0.5865,0.5295,2113,1.7028,1.90,30.38
Ades,7.27,181.0,NETRAL,LAYAK,Mineral,49573.00,2.4962,11755.60,0.5920,0.5351,2116,1.7052,1.74,30.31
Ades,7.27,181.0,NETRAL,LAYAK,Mineral,49797.10,2.5075,11781.20,0.5932,0.5357,2115,1.7044,1.79,30.38
Ades,7.27,181.0,NETRAL,LAYAK,Mineral,49785.90,2.5070,11829.20,0.5957,0.5384,2116,1.7052,1.74,30.31
Ades,7.27,181.0,NETRAL,LAYAK,Mineral,49842.00,2.5098,11739.60,0.5911,0.5344,2117,1.7060,1.69,30.31
Ades,7.27,181.0,NETRAL,LAYAK,Mineral,49830.80,2.5092,11714.00,0.5899,0.5332,2120,1.7084,1.54,30.31
Ades,7.27,181.0,NETRAL,LAYAK,Mineral,49883.70,2.5119,11806.80,0.5945,0.5374,2118,1.7068,1.64,30.31
Ades,7.27,181.0,NETRAL,LAYAK,Mineral,49845.20,2.5099,11742.80,0.5913,0.5339,2119,1.7076,1.59,30.38
Ades,7.27,181.0,NETRAL,LAYAK,Mineral,49877.30,2.5116,11771.60,0.5928,0.5358,2118,1.7068,1.64,30.31
Ades,7.27,181.0,NETRAL,LAYAK,Mineral,49831.10,2.5092,11755.60,0.5920,0.5351,2117,1.7060,1.69,30.31
Ades,7.27,181.0,NETRAL,LAYAK,Mineral,50084.00,2.5220,11755.60,0.5920,0.5351,2124,1.7116,1.33,30.31
Ades,7.27,181.0,NETRAL,LAYAK,Mineral,50091.90,2.5224,11754.00,0.5919,0.5350,2119,1.7076,1.59,30.31
Ades,7.27,181.0,NETRAL,LAYAK,Mineral,50072.80,2.5214,11778.00,0.5931,0.5361,2118,1.7068,1.64,30.31
Ades,7.27,181.0,NETRAL,LAYAK,Mineral,49997.40,2.5176,11712.40,0.5898,0.5331,2116,1.7052,1.74,30.31
Ades,7.27,181.0,NETRAL,LAYAK,Mineral,50029.60,2.5192,11664.40,0.5874,0.5303,2115,1.7044,1.79,30.38
Ades,7.27,181.0,NETRAL,LAYAK,Mineral,50180.00,2.5268,11696.40,0.5890,0.5318,2117,1.7060,1.69,30.38
Ades,7.27,181.0,NETRAL,LAYAK,Mineral,50221.60,2.5289,11773.20,0.5928,0.5359,2116,1.7052,1.74,30.31
Ades,7.27,181.0,NETRAL,LAYAK,Mineral,50095.20,2.5225,11802.00,0.5943,0.5372,2117,1.7060,1.69,30.31
Ades,7.27,181.0,NETRAL,LAYAK,Mineral,50218.40,2.5287,11731.60,0.5907,0.5340,2129,1.7157,1.08,30.31
Ades,7.27,181.0,NETRAL,LAYAK,Mineral,50120.80,2.5238,11678.80,0.5881,0.5310,2116,1.7052,1.74,30.38
Ades,7.27,181.0,NETRAL,LAYAK,Mineral,50167.20,2.5262,11768.40,0.5926,0.5357,2116,1.7052,1.74,30.31
Ades,7.27,181.0,NETRAL,LAYAK,Mineral,50117.60,2.5237,11730.00,0.5907,0.5339,2116,1.7052,1.74,30.31
Ades,7.27,181.0,NETRAL,LAYAK,Mineral,49973.60,2.5164,11728.40,0.5906,0.5339,2117,1.7060,1.69,30.31
Ades,7.27,181.0,NETRAL,LAYAK,Mineral,50101.60,2.5229,11678.80,0.5881,0.5316,2116,1.7052,1.74,30.31
Ades,7.27,181.0,NETRAL,LAYAK,Mineral,50375.20,2.5366,11667.60,0.5875,0.5311,2115,1.7044,1.79,30.31
Ades,7.27,181.0,NETRAL,LAYAK,Mineral,50456.80,2.5407,11736.40,0.5910,0.5336,2113,1.7028,1.90,30.38
Ades,7.27,181.0,NETRAL,LAYAK,Mineral,50280.80,2.5319,11712.40,0.5898,0.5325,2112,1.7020,1.95,30.38
Ades,7.27,181.0,NETRAL,LAYAK,Mineral,50480.80,2.5419,11773.20,0.5928,0.5359,2112,1.7020,1.95,30.31
Ades,7.27,181.0,NETRAL,LAYAK,Mineral,50386.40,2.5372,11723.60,0.5903,0.5336,2113,1.7028,1.90,30.31
Ades,7.27,181.0,NETRAL,LAYAK,Mineral,50080.80,2.5218,11627.60,0.5855,0.5293,2113,1.7028,1.90,30.31
Ades,7.27,181.0,NETRAL,LAYAK,Mineral,50196.00,2.5276,11730.00,0.5907,0.5339,2113,1.7028,1.90,30.31
Ades,7.27,181.0,NETRAL,LAYAK,Mineral,50250.40,2.5303,11670.80,0.5877,0.5312,2114,1.7036,1.85,30.31
Ades,7.27,181.0,NETRAL,LAYAK,Mineral,50536.80,2.5448,11718.80,0.5901,0.5334,2112,1.7020,1.95,30.31
Ades,7.27,181.0,NETRAL,LAYAK,Mineral,50308.00,2.5332,11707.60,0.5895,0.5329,2129,1.7157,1.08,30.31
Ades,7.27,181.0,NETRAL,LAYAK,Mineral,50287.20,2.5322,11707.60,0.5895,0.5329,2124,1.7116,1.33,30.31
Ades,7.27,181.0,NETRAL,LAYAK,Mineral,50490.40,2.5424,11646.80,0.5865,0.5295,2115,1.7044,1.79,30.38
Ades,7.27,181.0,NETRAL,LAYAK,Mineral,50458.40,2.5408,11736.40,0.5910,0.5342,2117,1.7060,1.69,30.31
Ades,7.27,181.0,NETRAL,LAYAK,Mineral,50460.00,2.5409,11669.20,0.5876,0.5312,2115,1.7044,1.79,30.31
Ades,7.27,181.0,NETRAL,LAYAK,Mineral,50616.80,2.5488,11717.20,0.5900,0.5333,2115,1.7044,1.79,30.31
Ades,7.27,181.0,NETRAL,LAYAK,Mineral,50509.60,2.5434,11710.80,0.5897,0.5331,2116,1.7052,1.74,30.31
Ades,7.27,181.0,NETRAL,LAYAK,Mineral,50287.20,2.5322,11624.40,0.5853,0.5291,2114,1.7036,1.85,30.31
Ades,7.27,181.0,NETRAL,LAYAK,Mineral,50604.00,2.5482,11616.40,0.5849,0.5288,2114,1.7036,1.85,30.31
Ades,7.27,181.0,NETRAL,LAYAK,Mineral,50442.40,2.5400,11741.20,0.5912,0.5344,2118,1.7068,1.64,30.31
Ades,7.27,181.0,NETRAL,LAYAK,Mineral,50325.60,2.5341,11717.20,0.5900,0.5333,2111,1.7012,2.00,30.31
Ades,7.27,181.0,NETRAL,LAYAK,Mineral,50506.40,2.5432,11710.80,0.5897,0.5325,2131,1.7173,0.97,30.38
Ades,7.27,181.0,NETRAL,LAYAK,Mineral,50634.40,2.5497,11666.00,0.5874,0.5310,2111,1.7012,2.00,30.31
Ades,7.27,181.0,NETRAL,LAYAK,Mineral,50524.00,2.5441,11702.80,0.5893,0.5327,2113,1.7028,1.90,30.31
Ades,7.27,181.0,NETRAL,LAYAK,Mineral,50493.60,2.5426,11691.60,0.5887,0.5322,2112,1.7020,1.95,30.31
Ades,7.27,181.0,NETRAL,LAYAK,Mineral,50482.40,2.5420,11718.80,0.5901,0.5334,2113,1.7028,1.90,30.31
Ades,7.27,181.0,NETRAL,LAYAK,Mineral,50468.00,2.5413,11696.40,0.5890,0.5324,2117,1.7060,1.69,30.31
Ades,7.27,181.0,NETRAL,LAYAK,Mineral,50277.60,2.5317,11674.00,0.5878,0.5314,2117,1.7060,1.69,30.31
Ades,7.27,181.0,NETRAL,LAYAK,Mineral,50375.20,2.5366,11688.40,0.5886,0.5320,2116,1.7052,1.74,30.31
Ades,7.27,181.0,NETRAL,LAYAK,Mineral,50269.60,2.5313,11653.20,0.5868,0.5298,2116,1.7052,1.74,30.38
Ades,7.27,181.0,NETRAL,LAYAK,Mineral,50418.40,2.5388,11640.40,0.5861,0.5299,2112,1.7020,1.95,30.31
Ades,7.27,181.0,NETRAL,LAYAK,Mineral,50436.00,2.5397,11642.00,0.5862,0.5293,2114,1.7036,1.85,30.38
Ades,7.27,181.0,NETRAL,LAYAK,Mineral,50501.60,2.5430,11730.00,0.5907,0.5333,2115,1.7044,1.79,30.38
Ades,7.27,181.0,NETRAL,LAYAK,Mineral,50213.60,2.5285,11690.00,0.5886,0.5315,2117,1.7060,1.69,30.38
Ades,7.27,181.0,NETRAL,LAYAK,Mineral,50309.60,2.5333,11662.80,0.5873,0.5309,2113,1.7028,1.90,30.31
Ades,7.27,181.0,NETRAL,LAYAK,Mineral,50405.60,2.5382,11685.20,0.5884,0.5313,2114,1.7036,1.85,30.38
Ades,7.27,181.0,NETRAL,LAYAK,Mineral,50552.80,2.5456,11592.40,0.5837,0.5277,2115,1.7044,1.79,30.31
Ades,7.27,181.0,NETRAL,LAYAK,Mineral,50448.80,2.5403,11610.00,0.5846,0.5279,2118,1.7068,1.64,30.38
Ades,7.27,181.0,NETRAL,LAYAK,Mineral,50303.20,2.5330,11629.20,0.5856,0.5293,2114,1.7036,1.85,30.31
Ades,7.27,181.0,NETRAL,LAYAK,Mineral,50120.80,2.5238,11600.40,0.5841,0.5280,2116,1.7052,1.74,30.31
Ades,7.27,181.0,NETRAL,LAYAK,Mineral,50469.60,2.5414,11595.60,0.5839,0.5272,2117,1.7060,1.69,30.38
Ades,7.27,181.0,NETRAL,LAYAK,Mineral,50253.60,2.5305,11650.00,0.5866,0.5303,2118,1.7068,1.64,30.31
Ades,7.27,181.0,NETRAL,LAYAK,Mineral,50389.60,2.5374,11595.60,0.5839,0.5272,2120,1.7084,1.54,30.38
Ades,7.27,181.0,NETRAL,LAYAK,Mineral,50250.40,2.5303,11598.80,0.5841,0.5280,2118,1.7068,1.64,30.31
Ades,7.27,181.0,NETRAL,LAYAK,Mineral,50373.60,2.5366,11586.00,0.5834,0.5274,2119,1.7076,1.59,30.31
Ades,7.27,181.0,NETRAL,LAYAK,Mineral,50154.40,2.5255,11586.00,0.5834,0.5274,2116,1.7052,1.74,30.31
Ades,7.27,181.0,NETRAL,LAYAK,Mineral,50168.80,2.5262,11546.00,0.5814,0.5250,2139,1.7237,0.56,30.38
Ades,7.27,181.0,NETRAL,LAYAK,Mineral,50178.40,2.5267,11568.40,0.5825,0.5260,2119,1.7076,1.59,30.38
Ades,7.27,181.0,NETRAL,LAYAK,Mineral,50159.20,2.5258,11485.20,0.5783,0.5228,2117,1.7060,1.69,30.31
Ades,7.27,181.0,NETRAL,LAYAK,Mineral,50212.00,2.5284,11602.00,0.5842,0.5281,2118,1.7068,1.64,30.31
Ades,7.27,181.0,NETRAL,LAYAK,Mineral,50210.40,2.5283,11664.40,0.5874,0.5309,2120,1.7084,1.54,30.31
Ades,7.27,181.0,NETRAL,LAYAK,Mineral,50277.60,2.5317,11581.20,0.5832,0.5272,2119,1.7076,1.59,30.31
Ades,7.27,181.0,NETRAL,LAYAK,Mineral,49925.60,2.5140,11651.60,0.5867,0.5298,2118,1.7068,1.64,30.38
Ades,7.27,181.0,NETRAL,LAYAK,Mineral,49906.20,2.5130,11563.60,0.5823,0.5258,2118,1.7068,1.64,30.38
Ades,7.27,181.0,NETRAL,LAYAK,Mineral,49903.10,2.5129,11622.80,0.5853,0.5291,2121,1.7092,1.49,30.31
Ades,7.27,181.0,NETRAL,LAYAK,Mineral,50023.20,2.5189,11605.20,0.5844,0.5277,2128,1.7149,1.13,30.38
Ades,7.27,181.0,NETRAL,LAYAK,Mineral,49888.60,2.5121,11544.40,0.5813,0.5255,2118,1.7068,1.64,30.31
Ades,7.27,181.0,NETRAL,LAYAK,Mineral,50076.00,2.5216,11624.40,0.5853,0.5291,2118,1.7068,1.64,30.31
Ades,7.27,181.0,NETRAL,LAYAK,Mineral,50259.90,2.5308,11518.80,0.5800,0.5237,2106,1.6971,2.26,30.38
Ades,7.27,181.0,NETRAL,LAYAK,Mineral,50149.40,2.5253,11544.40,0.5813,0.5249,2131,1.7173,0.97,30.38
Ades,7.27,181.0,NETRAL,LAYAK,Mineral,50000.70,2.5178,11605.20,0.5844,0.5283,2120,1.7084,1.54,30.31
Ades,7.27,181.0,NETRAL,LAYAK,Mineral,49936.70,2.5146,11586.00,0.5834,0.5274,2120,1.7084,1.54,30.31
Ades,7.27,181.0,NETRAL,LAYAK,Mineral,50079.20,2.5217,11547.60,0.5815,0.5256,2118,1.7068,1.64,30.31
Ades,7.27,181.0,NETRAL,LAYAK,Mineral,49893.50,2.5124,11570.00,0.5826,0.5266,2117,1.7060,1.69,30.31
Ades,7.27,181.0,NETRAL,LAYAK,Mineral,50141.40,2.5249,11565.20,0.5824,0.5258,2118,1.7068,1.64,30.38
Ades,7.27,181.0,NETRAL,LAYAK,Mineral,50027.70,2.5191,11550.80,0.5816,0.5258,2117,1.7060,1.69,30.31
Ades,7.27,181.0,NETRAL,LAYAK,Mineral,49826.20,2.5090,11510.80,0.5796,0.5240,2116,1.7052,1.74,30.31
Ades,7.27,181.0,NETRAL,LAYAK,Mineral,49962.00,2.5158,11605.20,0.5844,0.5283,2116,1.7052,1.74,30.31
Ades,7.27,181.0,NETRAL,LAYAK,Mineral,50136.50,2.5246,11522.00,0.5802,0.5245,2116,1.7052,1.74,30.31
Ades,7.27,181.0,NETRAL,LAYAK,Mineral,49845.30,2.5099,11560.40,0.5821,0.5256,2116,1.7052,1.74,30.38
Ades,7.27,181.0,NETRAL,LAYAK,Mineral,50008.70,2.5182,11562.00,0.5822,0.5263,2113,1.7028,1.90,30.31
Ades,7.27,181.0,NETRAL,LAYAK,Mineral,50019.70,2.5187,11587.60,0.5835,0.5274,2116,1.7052,1.74,30.31
Ades,7.27,181.0,NETRAL,LAYAK,Mineral,50120.60,2.5238,11602.00,0.5842,0.5281,2116,1.7052,1.74,30.31
Ades,7.27,181.0,NETRAL,LAYAK,Mineral,50018.10,2.5187,11470.80,0.5776,0.5221,2118,1.7068,1.64,30.31
Ades,7.27,181.0,NETRAL,LAYAK,Mineral,50047.00,2.5201,11595.60,0.5839,0.5278,2128,1.7149,1.13,30.31
Ades,7.27,181.0,NETRAL,LAYAK,Mineral,49936.50,2.5145,11589.20,0.5836,0.5269,2112,1.7020,1.95,30.38
Ades,7.27,181.0,NETRAL,LAYAK,Mineral,49882.20,2.5118,11622.80,0.5853,0.5291,2113,1.7028,1.90,30.31
Ades,7.27,181.0,NETRAL,LAYAK,Mineral,49954.00,2.5154,11507.60,0.5795,0.5238,2116,1.7052,1.74,30.31
Ades,7.27,181.0,NETRAL,LAYAK,Mineral,49861.40,2.5108,11552.40,0.5817,0.5258,2113,1.7028,1.90,30.31
Ades,7.27,181.0,NETRAL,LAYAK,Mineral,49870.90,2.5112,11587.60,0.5835,0.5274,2113,1.7028,1.90,30.31
Ades,7.27,181.0,NETRAL,LAYAK,Mineral,50155.70,2.5256,11542.80,0.5812,0.5254,2112,1.7020,1.95,30.31
Ades,7.27,181.0,NETRAL,LAYAK,Mineral,50220.00,2.5288,11563.60,0.5823,0.5264,2114,1.7036,1.85,30.31
Ades,7.27,181.0,NETRAL,LAYAK,Mineral,49862.70,2.5108,11630.80,0.5857,0.5288,2112,1.7020,1.95,30.38
Ades,7.27,181.0,NETRAL,LAYAK,Mineral,50231.00,2.5294,11522.00,0.5802,0.5245,2112,1.7020,1.95,30.31
Ades,7.27,181.0,NETRAL,LAYAK,Mineral,50191.10,2.5274,11517.20,0.5799,0.5242,2112,1.7020,1.95,30.31
Ades,7.27,181.0,NETRAL,LAYAK,Mineral,50082.20,2.5219,11603.60,0.5843,0.5282,2110,1.7004,2.05,30.31
Ades,7.27,181.0,NETRAL,LAYAK,Mineral,50064.60,2.5210,11526.80,0.5804,0.5247,2107,1.6979,2.21,30.31
Ades,7.27,181.0,NETRAL,LAYAK,Mineral,49880.50,2.5117,11584.40,0.5833,0.5273,2110,1.7004,2.05,30.31
Ades,7.27,181.0,NETRAL,LAYAK,Mineral,49967.10,2.5161,11648.40,0.5866,0.5302,2112,1.7020,1.95,30.31
Ades,7.27,181.0,NETRAL,LAYAK,Mineral,50042.20,2.5199,11598.80,0.5841,0.5274,2112,1.7020,1.95,30.38
Ades,7.27,181.0,NETRAL,LAYAK,Mineral,50234.30,2.5295,11544.40,0.5813,0.5249,2124,1.7116,1.33,30.38
Ades,7.27,181.0,NETRAL,LAYAK,Mineral,50279.10,2.5318,11576.40,0.5829,0.5269,2114,1.7036,1.85,30.31
Ades,7.27,181.0,NETRAL,LAYAK,Mineral,50164.00,2.5260,11518.80,0.5800,0.5237,2116,1.7052,1.74,30.38
Ades,7.27,181.0,NETRAL,LAYAK,Mineral,50075.80,2.5216,11512.40,0.5797,0.5240,2117,1.7060,1.69,30.31
Ades,7.27,181.0,NETRAL,LAYAK,Mineral,50240.80,2.5299,11541.20,0.5812,0.5253,2117,1.7060,1.69,30.31
Ades,7.27,181.0,NETRAL,LAYAK,Mineral,50096.60,2.5226,11491.60,0.5787,0.5231,2117,1.7060,1.69,30.31
Ades,7.27,181.0,NETRAL,LAYAK,Mineral,50213.60,2.5285,11531.60,0.5807,0.5249,2115,1.7044,1.79,30.31
Ades,7.27,181.0,NETRAL,LAYAK,Mineral,50149.50,2.5253,11520.40,0.5801,0.5244,2115,1.7044,1.79,30.31
Ades,7.27,181.0,NETRAL,LAYAK,Mineral,50168.80,2.5262,11418.00,0.5750,0.5191,2115,1.7044,1.79,30.38
Ades,7.27,181.0,NETRAL,LAYAK,Mineral,50135.20,2.5245,11525.20,0.5803,0.5246,2130,1.7165,1.03,30.31
Ades,7.27,181.0,NETRAL,LAYAK,Mineral,50170.40,2.5263,11446.80,0.5764,0.5210,2116,1.7052,1.74,30.31
Ades,7.27,181.0,NETRAL,LAYAK,Mineral,50392.80,2.5375,11562.00,0.5822,0.5263,2118,1.7068,1.64,30.31
Ades,7.27,181.0,NETRAL,LAYAK,Mineral,50381.60,2.5370,11550.80,0.5816,0.5258,2120,1.7084,1.54,30.31
Ades,7.27,181.0,NETRAL,LAYAK,Mineral,50212.00,2.5284,11456.40,0.5769,0.5215,2117,1.7060,1.69,30.31
Ades,7.27,181.0,NETRAL,LAYAK,Mineral,50072.80,2.5214,11544.40,0.5813,0.5255,2119,1.7076,1.59,30.31
Ades,7.27,181.0,NETRAL,LAYAK,Mineral,50082.40,2.5219,11512.40,0.5797,0.5240,2118,1.7068,1.64,30.31
Ades,7.27,181.0,NETRAL,LAYAK,Mineral,50128.80,2.5242,11626.00,0.5854,0.5292,2118,1.7068,1.64,30.31
Ades,7.27,181.0,NETRAL,LAYAK,Mineral,50324.00,2.5341,11414.80,0.5748,0.5196,2117,1.7060,1.69,30.31
Ades,7.27,181.0,NETRAL,LAYAK,Mineral,50397.60,2.5378,11539.60,0.5811,0.5253,2120,1.7084,1.54,30.31
Ades,7.27,181.0,NETRAL,LAYAK,Mineral,50426.40,2.5392,11520.40,0.5801,0.5244,2121,1.7092,1.49,30.31
Ades,7.27,181.0,NETRAL,LAYAK,Mineral,50266.40,2.5312,11472.40,0.5777,0.5222,2119,1.7076,1.59,30.31
Ades,7.27,181.0,NETRAL,LAYAK,Mineral,50087.20,2.5221,11504.40,0.5793,0.5237,2118,1.7068,1.64,30.31
Ades,7.27,181.0,NETRAL,LAYAK,Mineral,50304.80,2.5331,11528.40,0.5805,0.5248,2120,1.7084,1.54,30.31
Ades,7.27,181.0,NETRAL,LAYAK,Mineral,50252.00,2.5304,11562.00,0.5822,0.5263,2118,1.7068,1.64,30.31
Ades,7.27,181.0,NETRAL,LAYAK,Mineral,50095.20,2.5225,11502.80,0.5792,0.5236,2115,1.7044,1.79,30.31
Ades,7.27,181.0,NETRAL,LAYAK,Mineral,50556.00,2.5457,11434.00,0.5758,0.5205,2118,1.7068,1.64,30.31
Ades,7.27,181.0,NETRAL,LAYAK,Mineral,50287.20,2.5322,11510.80,0.5796,0.5240,2119,1.7076,1.59,30.31
Ades,7.27,181.0,NETRAL,LAYAK,Mineral,50300.00,2.5328,11520.40,0.5801,0.5244,2118,1.7068,1.64,30.31
Ades,7.27,181.0,NETRAL,LAYAK,Mineral,50544.80,2.5452,11482.00,0.5782,0.5226,2118,1.7068,1.64,30.31
Ades,7.27,181.0,NETRAL,LAYAK,Mineral,50380.00,2.5369,11522.00,0.5802,0.5245,2119,1.7076,1.59,30.31
Ades,7.27,181.0,NETRAL,LAYAK,Mineral,50328.80,2.5343,11488.40,0.5785,0.5229,2117,1.7060,1.69,30.31
Ades,7.27,181.0,NETRAL,LAYAK,Mineral,50549.60,2.5454,11501.20,0.5791,0.5235,2121,1.7092,1.49,30.31
Ades,7.27,181.0,NETRAL,LAYAK,Mineral,50316.00,2.5337,11448.40,0.5765,0.5211,2119,1.7076,1.59,30.31
Ades,7.27,181.0,NETRAL,LAYAK,Mineral,50298.40,2.5328,11461.20,0.5771,0.5217,2116,1.7052,1.74,30.31
Ades,7.27,181.0,NETRAL,LAYAK,Mineral,50437.60,2.5398,11515.60,0.5799,0.5242,2130,1.7165,1.03,30.31
Ades,7.27,181.0,NETRAL,LAYAK,Mineral,50295.20,2.5326,11522.00,0.5802,0.5245,2116,1.7052,1.74,30.31
Ades,7.27,181.0,NETRAL,LAYAK,Mineral,50269.60,2.5313,11453.20,0.5767,0.5213,2116,1.7052,1.74,30.31
Ades,7.27,181.0,NETRAL,LAYAK,Mineral,50271.20,2.5314,11469.20,0.5775,0.5221,2116,1.7052,1.74,30.31
Ades,7.27,181.0,NETRAL,LAYAK,Mineral,50549.60,2.5454,11485.20,0.5783,0.5228,2119,1.7076,1.59,30.31
Ades,7.27,181.0,NETRAL,LAYAK,Mineral,50282.40,2.5320,11432.40,0.5757,0.5204,2116,1.7052,1.74,30.31
Ades,7.27,181.0,NETRAL,LAYAK,Mineral,50428.00,2.5393,11442.00,0.5762,0.5208,2128,1.7149,1.13,30.31
Ades,7.27,181.0,NETRAL,LAYAK,Mineral,50575.20,2.5467,11469.20,0.5775,0.5221,2115,1.7044,1.79,30.31
Ades,7.27,181.0,NETRAL,LAYAK,Mineral,50300.00,2.5328,11502.80,0.5792,0.5236,2137,1.7221,0.67,30.31
Ades,7.27,181.0,NETRAL,LAYAK,Mineral,50620.00,2.5490,11421.20,0.5751,0.5199,2117,1.7060,1.69,30.31
Ades,7.27,181.0,NETRAL,LAYAK,Mineral,50498.40,2.5428,11498.00,0.5790,0.5234,2115,1.7044,1.79,30.31
Ades,7.27,181.0,NETRAL,LAYAK,Mineral,50296.80,2.5327,11411.60,0.5746,0.5189,2116,1.7052,1.74,30.38
Ades,7.27,181.0,NETRAL,LAYAK,Mineral,50343.20,2.5350,11445.20,0.5763,0.5210,2118,1.7068,1.64,30.31
Ades,7.27,181.0,NETRAL,LAYAK,Mineral,50511.20,2.5435,11486.80,0.5784,0.5229,2118,1.7068,1.64,30.31
Ades,7.27,181.0,NETRAL,LAYAK,Mineral,50517.60,2.5438,11480.40,0.5781,0.5226,2115,1.7044,1.79,30.31
Ades,7.27,181.0,NETRAL,LAYAK,Mineral,50456.80,2.5407,11486.80,0.5784,0.5229,2114,1.7036,1.85,30.31
Ades,7.27,181.0,NETRAL,LAYAK,Mineral,50594.40,2.5477,11482.00,0.5782,0.5221,2129,1.7157,1.08,30.38
Ades,7.27,181.0,NETRAL,LAYAK,Mineral,50490.40,2.5424,11458.00,0.5770,0.5216,2116,1.7052,1.74,30.31
Ades,7.27,181.0,NETRAL,LAYAK,Mineral,50338.40,2.5348,11453.20,0.5767,0.5213,2117,1.7060,1.69,30.31
Ades,7.27,181.0,NETRAL,LAYAK,Mineral,50618.40,2.5489,11518.80,0.5800,0.5243,2117,1.7060,1.69,30.31
Ades,7.27,181.0,NETRAL,LAYAK,Mineral,50541.60,2.5450,11467.60,0.5774,0.5220,2116,1.7052,1.74,30.31
Ades,7.27,181.0,NETRAL,LAYAK,Mineral,50541.60,2.5450,11515.60,0.5799,0.5242,2117,1.7060,1.69,30.31
Ades,7.27,181.0,NETRAL,LAYAK,Mineral,50322.40,2.5340,11514.00,0.5798,0.5241,2115,1.7044,1.79,30.31
Ades,7.27,181.0,NETRAL,LAYAK,Mineral,50501.60,2.5430,11504.40,0.5793,0.5237,2115,1.7044,1.79,30.31
Ades,7.27,181.0,NETRAL,LAYAK,Mineral,50380.00,2.5369,11498.00,0.5790,0.5228,2112,1.7020,1.95,30.38
Ades,7.27,181.0,NETRAL,LAYAK,Mineral,50648.80,2.5504,11480.40,0.5781,0.5226,2114,1.7036,1.85,30.31
Ades,7.27,181.0,NETRAL,LAYAK,Mineral,50538.40,2.5448,11470.80,0.5776,0.5221,2104,1.6955,2.36,30.31
Ades,7.27,181.0,NETRAL,LAYAK,Mineral,50554.40,2.5457,11491.60,0.5787,0.5231,2115,1.7044,1.79,30.31
Reverse Osmosis,7.4,181.0,NETRAL,LAYAK,Mineral,43424.40,2.1866,11235.60,0.5658,0.5114,2136,1.7213,0.72,30.31
Reverse Osmosis,7.4,181.0,NETRAL,LAYAK,Mineral,43373.20,2.1840,11232.40,0.5656,0.5113,2134,1.7197,0.82,30.31
Reverse Osmosis,7.4,181.0,NETRAL,LAYAK,Mineral,43776.40,2.2044,11174.80,0.5627,0.5087,2135,1.7205,0.77,30.31
Reverse Osmosis,7.4,181.0,NETRAL,LAYAK,Mineral,43515.60,2.1912,11227.60,0.5654,0.5105,2134,1.7197,0.82,30.38
Reverse Osmosis,7.4,181.0,NETRAL,LAYAK,Mineral,43597.20,2.1953,11216.40,0.5648,0.5106,2134,1.7197,0.82,30.31
Reverse Osmosis,7.4,181.0,NETRAL,LAYAK,Mineral,43822.80,2.2067,11291.60,0.5686,0.5134,2136,1.7213,0.72,30.38
Reverse Osmosis,7.4,181.0,NETRAL,LAYAK,Mineral,43757.20,2.2034,11251.60,0.5666,0.5122,2133,1.7189,0.87,30.31
Reverse Osmosis,7.4,181.0,NETRAL,LAYAK,Mineral,44000.50,2.2156,11138.00,0.5609,0.5064,2134,1.7197,0.82,30.38
Reverse Osmosis,7.4,181.0,NETRAL,LAYAK,Mineral,43976.50,2.2144,11261.20,0.5671,0.5126,2142,1.7262,0.41,30.31
Reverse Osmosis,7.4,181.0,NETRAL,LAYAK,Mineral,44059.80,2.2186,11216.40,0.5648,0.5106,2132,1.7181,0.92,30.31
Reverse Osmosis,7.4,181.0,NETRAL,LAYAK,Mineral,43869.30,2.2090,11320.40,0.5700,0.5147,2132,1.7181,0.92,30.38
Reverse Osmosis,7.4,181.0,NETRAL,LAYAK,Mineral,44101.60,2.2207,11259.60,0.5670,0.5119,2133,1.7189,0.87,30.38
Reverse Osmosis,7.4,181.0,NETRAL,LAYAK,Mineral,44173.60,2.2244,11179.60,0.5629,0.5083,2133,1.7189,0.87,30.38
Reverse Osmosis,7.4,181.0,NETRAL,LAYAK,Mineral,44178.40,2.2246,11277.20,0.5679,0.5127,2134,1.7197,0.82,30.38
Reverse Osmosis,7.4,181.0,NETRAL,LAYAK,Mineral,44505.00,2.2410,11318.80,0.5700,0.5152,2133,1.7189,0.87,30.31
Reverse Osmosis,7.4,181.0,NETRAL,LAYAK,Mineral,44136.80,2.2225,11350.80,0.5716,0.5161,2133,1.7189,0.87,30.38
Reverse Osmosis,7.4,181.0,NETRAL,LAYAK,Mineral,44380.10,2.2347,11272.40,0.5676,0.5125,2133,1.7189,0.87,30.38
Reverse Osmosis,7.4,181.0,NETRAL,LAYAK,Mineral,44197.60,2.2256,11294.80,0.5687,0.5135,2132,1.7181,0.92,30.38
Reverse Osmosis,7.4,181.0,NETRAL,LAYAK,Mineral,44464.90,2.2390,11272.40,0.5676,0.5125,2133,1.7189,0.87,30.38
Reverse Osmosis,7.4,181.0,NETRAL,LAYAK,Mineral,44493.70,2.2405,11256.40,0.5668,0.5118,2132,1.7181,0.92,30.38
Reverse Osmosis,7.4,181.0,NETRAL,LAYAK,Mineral,44501.70,2.2409,11280.40,0.5680,0.5135,2133,1.7189,0.87,30.31
Reverse Osmosis,7.4,181.0,NETRAL,LAYAK,Mineral,44508.00,2.2412,11262.80,0.5671,0.5121,2135,1.7205,0.77,30.38
Reverse Osmosis,7.4,181.0,NETRAL,LAYAK,Mineral,44631.30,2.2474,11272.40,0.5676,0.5125,2135,1.7205,0.77,30.38
Reverse Osmosis,7.4,181.0,NETRAL,LAYAK,Mineral,44677.70,2.2497,11150.80,0.5615,0.5070,2135,1.7205,0.77,30.38
Reverse Osmosis,7.4,181.0,NETRAL,LAYAK,Mineral,44885.80,2.2602,11221.20,0.5650,0.5102,2132,1.7181,0.92,30.38
Reverse Osmosis,7.4,181.0,NETRAL,LAYAK,Mineral,44863.40,2.2591,11218.00,0.5649,0.5100,2134,1.7197,0.82,30.38
Reverse Osmosis,7.4,181.0,NETRAL,LAYAK,Mineral,44607.20,2.2462,11250.00,0.5665,0.5115,2132,1.7181,0.92,30.38
Reverse Osmosis,7.4,181.0,NETRAL,LAYAK,Mineral,44996.20,2.2658,11258.00,0.5669,0.5119,2134,1.7197,0.82,30.38
Reverse Osmosis,7.4,181.0,NETRAL,LAYAK,Mineral,45066.60,2.2693,11224.40,0.5652,0.5103,2134,1.7197,0.82,30.38
Reverse Osmosis,7.4,181.0,NETRAL,LAYAK,Mineral,44946.50,2.2633,11242.00,0.5661,0.5111,2135,1.7205,0.77,30.38
Reverse Osmosis,7.4,181.0,NETRAL,LAYAK,Mineral,44842.40,2.2580,11208.40,0.5644,0.5096,2133,1.7189,0.87,30.38
Reverse Osmosis,7.4,181.0,NETRAL,LAYAK,Mineral,44972.00,2.2646,11278.80,0.5679,0.5128,2131,1.7173,0.97,30.38
Reverse Osmosis,7.4,181.0,NETRAL,LAYAK,Mineral,45364.20,2.2843,11272.40,0.5676,0.5131,2135,1.7205,0.77,30.31
Reverse Osmosis,7.4,181.0,NETRAL,LAYAK,Mineral,45181.70,2.2751,11307.60,0.5694,0.5141,2132,1.7181,0.92,30.38
Reverse Osmosis,7.4,181.0,NETRAL,LAYAK,Mineral,45234.50,2.2778,11253.20,0.5667,0.5116,2133,1.7189,0.87,30.38
Reverse Osmosis,7.4,181.0,NETRAL,LAYAK,Mineral,45449.00,2.2886,11195.60,0.5638,0.5090,2134,1.7197,0.82,30.38
Reverse Osmosis,7.4,181.0,NETRAL,LAYAK,Mineral,45213.60,2.2767,11294.80,0.5687,0.5135,2134,1.7197,0.82,30.38
Reverse Osmosis,7.4,181.0,NETRAL,LAYAK,Mineral,45330.50,2.2826,11192.40,0.5636,0.5089,2140,1.7245,0.51,30.38
Reverse Osmosis,7.4,181.0,NETRAL,LAYAK,Mineral,45437.70,2.2880,11269.20,0.5675,0.5124,2133,1.7189,0.87,30.38
Reverse Osmosis,7.4,181.0,NETRAL,LAYAK,Mineral,45549.70,2.2936,11243.60,0.5662,0.5112,2134,1.7197,0.82,30.38
Reverse Osmosis,7.4,181.0,NETRAL,LAYAK,Mineral,45434.50,2.2878,11198.80,0.5639,0.5098,2133,1.7189,0.87,30.31
Reverse Osmosis,7.4,181.0,NETRAL,LAYAK,Mineral,45503.30,2.2913,11264.40,0.5672,0.5127,2134,1.7197,0.82,30.31
Reverse Osmosis,7.4,181.0,NETRAL,LAYAK,Mineral,45572.10,2.2948,11299.60,0.5690,0.5138,2134,1.7197,0.82,30.38
Reverse Osmosis,7.4,181.0,NETRAL,LAYAK,Mineral,45775.40,2.3050,11302.80,0.5691,0.5139,2132,1.7181,0.92,30.38
Reverse Osmosis,7.4,181.0,NETRAL,LAYAK,Mineral,45640.90,2.2982,11338.00,0.5709,0.5161,2136,1.7213,0.72,30.31
Reverse Osmosis,7.4,181.0,NETRAL,LAYAK,Mineral,45893.80,2.3110,11219.60,0.5650,0.5101,2133,1.7189,0.87,30.38
Reverse Osmosis,7.4,181.0,NETRAL,LAYAK,Mineral,45711.30,2.3018,11242.00,0.5661,0.5117,2135,1.7205,0.77,30.31
Reverse Osmosis,7.4,181.0,NETRAL,LAYAK,Mineral,45613.60,2.2969,11275.60,0.5678,0.5127,2135,1.7205,0.77,30.38
Reverse Osmosis,7.4,181.0,NETRAL,LAYAK,Mineral,45650.50,2.2987,11293.20,0.5687,0.5135,2135,1.7205,0.77,30.38
Reverse Osmosis,7.4,181.0,NETRAL,LAYAK,Mineral,46012.20,2.3169,11282.00,0.5681,0.5130,2134,1.7197,0.82,30.38
Reverse Osmosis,7.4,181.0,NETRAL,LAYAK,Mineral,45767.30,2.3046,11208.40,0.5644,0.5096,2134,1.7197,0.82,30.38
Reverse Osmosis,7.4,181.0,NETRAL,LAYAK,Mineral,45816.90,2.3071,11250.00,0.5665,0.5115,2136,1.7213,0.72,30.38
Reverse Osmosis,7.4,181.0,NETRAL,LAYAK,Mineral,46021.90,2.3174,11242.00,0.5661,0.5111,2135,1.7205,0.77,30.38
Reverse Osmosis,7.4,181.0,NETRAL,LAYAK,Mineral,45874.50,2.3100,11261.20,0.5671,0.5120,2134,1.7197,0.82,30.38
Reverse Osmosis,7.4,181.0,NETRAL,LAYAK,Mineral,45773.70,2.3049,11333.20,0.5707,0.5153,2136,1.7213,0.72,30.38
Reverse Osmosis,7.4,181.0,NETRAL,LAYAK,Mineral,46017.00,2.3172,11262.80,0.5671,0.5121,2138,1.7229,0.62,30.38
Reverse Osmosis,7.4,181.0,NETRAL,LAYAK,Mineral,46263.50,2.3296,11211.60,0.5646,0.5098,2135,1.7205,0.77,30.38
Reverse Osmosis,7.4,181.0,NETRAL,LAYAK,Mineral,45978.80,2.3153,11234.00,0.5657,0.5108,2134,1.7197,0.82,30.38
Reverse Osmosis,7.4,181.0,NETRAL,LAYAK,Mineral,46215.50,2.3272,11293.20,0.5687,0.5135,2136,1.7213,0.72,30.38
Reverse Osmosis,7.4,181.0,NETRAL,LAYAK,Mineral,46174.00,2.3251,11291.60,0.5686,0.5140,2135,1.7205,0.77,30.31
Reverse Osmosis,7.4,181.0,NETRAL,LAYAK,Mineral,46052.30,2.3190,11270.80,0.5675,0.5125,2134,1.7197,0.82,30.38
Reverse Osmosis,7.4,181.0,NETRAL,LAYAK,Mineral,46052.30,2.3190,11277.20,0.5679,0.5127,2133,1.7189,0.87,30.38
Reverse Osmosis,7.4,181.0,NETRAL,LAYAK,Mineral,45924.60,2.3125,11214.80,0.5647,0.5099,2145,1.7286,0.26,30.38
Reverse Osmosis,7.4,181.0,NETRAL,LAYAK,Mineral,46163.00,2.3245,11245.20,0.5662,0.5113,2135,1.7205,0.77,30.38
Reverse Osmosis,7.4,181.0,NETRAL,LAYAK,Mineral,46321.30,2.3325,11198.80,0.5639,0.5092,2147,1.7302,0.15,30.38
Reverse Osmosis,7.4,181.0,NETRAL,LAYAK,Mineral,45897.20,2.3111,11205.20,0.5642,0.5095,2135,1.7205,0.77,30.38
Reverse Osmosis,7.4,181.0,NETRAL,LAYAK,Mineral,46239.60,2.3284,11261.20,0.5671,0.5120,2132,1.7181,0.92,30.38
Reverse Osmosis,7.4,181.0,NETRAL,LAYAK,Mineral,46193.10,2.3260,11304.40,0.5692,0.5140,2134,1.7197,0.82,30.38
Reverse Osmosis,7.4,181.0,NETRAL,LAYAK,Mineral,45898.60,2.3112,11230.80,0.5655,0.5106,2131,1.7173,0.97,30.38
Reverse Osmosis,7.4,181.0,NETRAL,LAYAK,Mineral,45887.60,2.3107,11262.80,0.5671,0.5121,2132,1.7181,0.92,30.38
Reverse Osmosis,7.4,181.0,NETRAL,LAYAK,Mineral,46148.50,2.3238,11264.40,0.5672,0.5122,2132,1.7181,0.92,30.38
Reverse Osmosis,7.4,181.0,NETRAL,LAYAK,Mineral,46343.70,2.3336,11226.00,0.5653,0.5104,2133,1.7189,0.87,30.38
Reverse Osmosis,7.4,181.0,NETRAL,LAYAK,Mineral,46110.10,2.3219,11259.60,0.5670,0.5119,2133,1.7189,0.87,30.38
Reverse Osmosis,7.4,181.0,NETRAL,LAYAK,Mineral,46038.00,2.3182,11245.20,0.5662,0.5113,2133,1.7189,0.87,30.38
Reverse Osmosis,7.4,181.0,NETRAL,LAYAK,Mineral,45903.50,2.3115,11176.40,0.5628,0.5082,2136,1.7213,0.72,30.38
Reverse Osmosis,7.4,181.0,NETRAL,LAYAK,Mineral,46198.00,2.3263,11272.40,0.5676,0.5125,2128,1.7149,1.13,30.38
Reverse Osmosis,7.4,181.0,NETRAL,LAYAK,Mineral,46001.00,2.3164,11318.80,0.5700,0.5146,2121,1.7092,1.49,30.38
Reverse Osmosis,7.4,181.0,NETRAL,LAYAK,Mineral,46010.60,2.3169,11262.80,0.5671,0.5121,2134,1.7197,0.82,30.38
Reverse Osmosis,7.4,181.0,NETRAL,LAYAK,Mineral,46013.80,2.3170,11248.40,0.5664,0.5114,2135,1.7205,0.77,30.38
Reverse Osmosis,7.4,181.0,NETRAL,LAYAK,Mineral,45970.60,2.3148,11226.00,0.5653,0.5110,2120,1.7084,1.54,30.31
Reverse Osmosis,7.4,181.0,NETRAL,LAYAK,Mineral,46026.60,2.3177,11320.40,0.5700,0.5147,2131,1.7173,0.97,30.38
Reverse Osmosis,7.4,181.0,NETRAL,LAYAK,Mineral,46151.50,2.3239,11232.40,0.5656,0.5107,2133,1.7189,0.87,30.38
Reverse Osmosis,7.4,181.0,NETRAL,LAYAK,Mineral,45831.40,2.3078,11310.80,0.5696,0.5143,2132,1.7181,0.92,30.38
Reverse Osmosis,7.4,181.0,NETRAL,LAYAK,Mineral,45812.10,2.3069,11355.60,0.5718,0.5163,2132,1.7181,0.92,30.38
Reverse Osmosis,7.4,181.0,NETRAL,LAYAK,Mineral,45967.40,2.3147,11326.80,0.5704,0.5150,2128,1.7149,1.13,30.38
Reverse Osmosis,7.4,181.0,NETRAL,LAYAK,Mineral,46100.20,2.3214,11275.60,0.5678,0.5127,2133,1.7189,0.87,30.38
Reverse Osmosis,7.4,181.0,NETRAL,LAYAK,Mineral,45786.50,2.3056,11325.20,0.5703,0.5149,2133,1.7189,0.87,30.38
Reverse Osmosis,7.4,181.0,NETRAL,LAYAK,Mineral,45980.10,2.3153,11312.40,0.5696,0.5143,2128,1.7149,1.13,30.38
Reverse Osmosis,7.4,181.0,NETRAL,LAYAK,Mineral,45816.90,2.3071,11333.20,0.5707,0.5153,2134,1.7197,0.82,30.38
Reverse Osmosis,7.4,181.0,NETRAL,LAYAK,Mineral,45612.00,2.2968,11290.00,0.5685,0.5139,2133,1.7189,0.87,30.31
Reverse Osmosis,7.4,181.0,NETRAL,LAYAK,Mineral,45871.40,2.3098,11368.40,0.5725,0.5169,2133,1.7189,0.87,30.38
Reverse Osmosis,7.4,181.0,NETRAL,LAYAK,Mineral,45680.80,2.3002,11309.20,0.5695,0.5142,2133,1.7189,0.87,30.38
Reverse Osmosis,7.4,181.0,NETRAL,LAYAK,Mineral,45666.50,2.2995,11256.40,0.5668,0.5124,2133,1.7189,0.87,30.31
Reverse Osmosis,7.4,181.0,NETRAL,LAYAK,Mineral,45855.40,2.3090,11344.40,0.5712,0.5164,2133,1.7189,0.87,30.31
Reverse Osmosis,7.4,181.0,NETRAL,LAYAK,Mineral,45776.90,2.3051,11248.40,0.5664,0.5114,2134,1.7197,0.82,30.38
Reverse Osmosis,7.4,181.0,NETRAL,LAYAK,Mineral,45636.00,2.2980,11234.00,0.5657,0.5114,2132,1.7181,0.92,30.31
Reverse Osmosis,7.4,181.0,NETRAL,LAYAK,Mineral,45733.70,2.3029,11315.60,0.5698,0.5145,2133,1.7189,0.87,30.38
Reverse Osmosis,7.4,181.0,NETRAL,LAYAK,Mineral,45804.20,2.3065,11242.00,0.5661,0.5111,2135,1.7205,0.77,30.38
Reverse Osmosis,7.4,181.0,NETRAL,LAYAK,Mineral,45964.20,2.3145,11299.60,0.5690,0.5138,2133,1.7189,0.87,30.38
Reverse Osmosis,7.4,181.0,NETRAL,LAYAK,Mineral,46052.20,2.3189,11331.60,0.5706,0.5158,2136,1.7213,0.72,30.31
Reverse Osmosis,7.4,181.0,NETRAL,LAYAK,Mineral,45953.00,2.3140,11325.20,0.5703,0.5149,2134,1.7197,0.82,30.38
Reverse Osmosis,7.4,181.0,NETRAL,LAYAK,Mineral,45562.50,2.2943,11294.80,0.5687,0.5135,2134,1.7197,0.82,30.38
Reverse Osmosis,7.4,181.0,NETRAL,LAYAK,Mineral,45762.50,2.3044,11392.40,0.5737,0.5180,2133,1.7189,0.87,30.38
Reverse Osmosis,7.4,181.0,NETRAL,LAYAK,Mineral,45821.70,2.3073,11317.20,0.5699,0.5146,2145,1.7286,0.26,30.38
Reverse Osmosis,7.4,181.0,NETRAL,LAYAK,Mineral,45727.30,2.3026,11317.20,0.5699,0.5146,2133,1.7189,0.87,30.38
Reverse Osmosis,7.4,181.0,NETRAL,LAYAK,Mineral,45644.10,2.2984,11296.40,0.5688,0.5136,2131,1.7173,0.97,30.38
Reverse Osmosis,7.4,181.0,NETRAL,LAYAK,Mineral,45573.70,2.2949,11317.20,0.5699,0.5146,2132,1.7181,0.92,30.38
Reverse Osmosis,7.4,181.0,NETRAL,LAYAK,Mineral,45834.50,2.3080,11277.20,0.5679,0.5127,2136,1.7213,0.72,30.38
Reverse Osmosis,7.4,181.0,NETRAL,LAYAK,Mineral,45770.50,2.3048,11264.40,0.5672,0.5122,2132,1.7181,0.92,30.38
Reverse Osmosis,7.4,181.0,NETRAL,LAYAK,Mineral,45927.40,2.3127,11229.20,0.5654,0.5106,2133,1.7189,0.87,30.38
Reverse Osmosis,7.4,181.0,NETRAL,LAYAK,Mineral,45517.60,2.2920,11338.00,0.5709,0.5155,2132,1.7181,0.92,30.38
Reverse Osmosis,7.4,181.0,NETRAL,LAYAK,Mineral,45578.50,2.2951,11298.00,0.5689,0.5143,2133,1.7189,0.87,30.31
Reverse Osmosis,7.4,181.0,NETRAL,LAYAK,Mineral,45714.50,2.3019,11288.40,0.5684,0.5133,2133,1.7189,0.87,30.38
Reverse Osmosis,7.4,181.0,NETRAL,LAYAK,Mineral,45866.60,2.3096,11325.20,0.5703,0.5149,2134,1.7197,0.82,30.38
Reverse Osmosis,7.4,181.0,NETRAL,LAYAK,Mineral,45759.40,2.3042,11349.20,0.5715,0.5160,2133,1.7189,0.87,30.38
Reverse Osmosis,7.4,181.0,NETRAL,LAYAK,Mineral,45677.70,2.3001,11349.20,0.5715,0.5166,2134,1.7197,0.82,30.31
Reverse Osmosis,7.4,181.0,NETRAL,LAYAK,Mineral,45973.80,2.3150,11285.20,0.5683,0.5131,2131,1.7173,0.97,30.38
Reverse Osmosis,7.4,181.0,NETRAL,LAYAK,Mineral,45632.90,2.2978,11294.80,0.5687,0.5135,2136,1.7213,0.72,30.38
Reverse Osmosis,7.4,181.0,NETRAL,LAYAK,Mineral,45813.80,2.3069,11314.00,0.5697,0.5150,2134,1.7197,0.82,30.31
Reverse Osmosis,7.4,181.0,NETRAL,LAYAK,Mineral,45823.30,2.3074,11278.80,0.5679,0.5128,2133,1.7189,0.87,30.38
Reverse Osmosis,7.4,181.0,NETRAL,LAYAK,Mineral,45850.50,2.3088,11277.20,0.5679,0.5127,2134,1.7197,0.82,30.38
Reverse Osmosis,7.4,181.0,NETRAL,LAYAK,Mineral,45815.30,2.3070,11197.20,0.5638,0.5097,2133,1.7189,0.87,30.31
Reverse Osmosis,7.4,181.0,NETRAL,LAYAK,Mineral,45879.40,2.3102,11309.20,0.5695,0.5142,2136,1.7213,0.72,30.38
Reverse Osmosis,7.4,181.0,NETRAL,LAYAK,Mineral,45858.50,2.3092,11346.00,0.5713,0.5159,2134,1.7197,0.82,30.38
Reverse Osmosis,7.4,181.0,NETRAL,LAYAK,Mineral,46018.60,2.3173,11224.40,0.5652,0.5103,2134,1.7197,0.82,30.38
Reverse Osmosis,7.4,181.0,NETRAL,LAYAK,Mineral,45800.90,2.3063,11320.40,0.5700,0.5147,2134,1.7197,0.82,30.38
Reverse Osmosis,7.4,181.0,NETRAL,LAYAK,Mineral,45709.70,2.3017,11256.40,0.5668,0.5118,2133,1.7189,0.87,30.38
Reverse Osmosis,7.4,181.0,NETRAL,LAYAK,Mineral,45872.90,2.3099,11238.80,0.5659,0.5110,2132,1.7181,0.92,30.38
Reverse Osmosis,7.4,181.0,NETRAL,LAYAK,Mineral,46106.70,2.3217,11338.00,0.5709,0.5155,2134,1.7197,0.82,30.38
Reverse Osmosis,7.4,181.0,NETRAL,LAYAK,Mineral,46109.80,2.3218,11240.40,0.5660,0.5111,2134,1.7197,0.82,30.38
Reverse Osmosis,7.4,181.0,NETRAL,LAYAK,Mineral,45997.80,2.3162,11278.80,0.5679,0.5128,2134,1.7197,0.82,30.38
Reverse Osmosis,7.4,181.0,NETRAL,LAYAK,Mineral,45938.60,2.3132,11274.00,0.5677,0.5126,2133,1.7189,0.87,30.38
Reverse Osmosis,7.4,181.0,NETRAL,LAYAK,Mineral,45940.10,2.3133,11221.20,0.5650,0.5108,2132,1.7181,0.92,30.31
Reverse Osmosis,7.4,181.0,NETRAL,LAYAK,Mineral,45965.80,2.3146,11238.80,0.5659,0.5110,2134,1.7197,0.82,30.38
Reverse Osmosis,7.4,181.0,NETRAL,LAYAK,Mineral,46077.80,2.3202,11299.60,0.5690,0.5138,2134,1.7197,0.82,30.38
Reverse Osmosis,7.4,181.0,NETRAL,LAYAK,Mineral,46085.90,2.3206,11302.80,0.5691,0.5139,2136,1.7213,0.72,30.38
Reverse Osmosis,7.4,181.0,NETRAL,LAYAK,Mineral,45954.60,2.3140,11296.40,0.5688,0.5136,2132,1.7181,0.92,30.38
Reverse Osmosis,7.4,181.0,NETRAL,LAYAK,Mineral,46026.60,2.3177,11309.20,0.5695,0.5142,2145,1.7286,0.26,30.38
Reverse Osmosis,7.4,181.0,NETRAL,LAYAK,Mineral,45756.10,2.3040,11302.80,0.5691,0.5139,2133,1.7189,0.87,30.38
Reverse Osmosis,7.4,181.0,NETRAL,LAYAK,Mineral,45976.90,2.3152,11331.60,0.5706,0.5152,2132,1.7181,0.92,30.38
Reverse Osmosis,7.4,181.0,NETRAL,LAYAK,Mineral,45975.30,2.3151,11267.60,0.5674,0.5123,2134,1.7197,0.82,30.38
Reverse Osmosis,7.4,181.0,NETRAL,LAYAK,Mineral,46012.20,2.3169,11315.60,0.5698,0.5145,2148,1.7310,0.10,30.38
Reverse Osmosis,7.4,181.0,NETRAL,LAYAK,Mineral,46073.00,2.3200,11275.60,0.5678,0.5127,2152,1.7342,0.00,30.38
Reverse Osmosis,7.4,181.0,NETRAL,LAYAK,Mineral,46005.80,2.3166,11317.20,0.5699,0.5146,2133,1.7189,0.87,30.38
Reverse Osmosis,7.4,181.0,NETRAL,LAYAK,Mineral,45757.60,2.3041,11237.20,0.5658,0.5115,2134,1.7197,0.82,30.31
Reverse Osmosis,7.4,181.0,NETRAL,LAYAK,Mineral,46181.90,2.3255,11294.80,0.5687,0.5135,2136,1.7213,0.72,30.38
Reverse Osmosis,7.4,181.0,NETRAL,LAYAK,Mineral,45944.90,2.3135,11317.20,0.5699,0.5146,2136,1.7213,0.72,30.38
Reverse Osmosis,7.4,181.0,NETRAL,LAYAK,Mineral,46290.60,2.3310,11301.20,0.5691,0.5138,2134,1.7197,0.82,30.38
Reverse Osmosis,7.4,181.0,NETRAL,LAYAK,Mineral,46228.30,2.3278,11238.80,0.5659,0.5110,2132,1.7181,0.92,30.38
Reverse Osmosis,7.4,181.0,NETRAL,LAYAK,Mineral,45717.60,2.3021,11301.20,0.5691,0.5138,2148,1.7310,0.10,30.38
Reverse Osmosis,7.4,181.0,NETRAL,LAYAK,Mineral,46253.80,2.3291,11328.40,0.5704,0.5151,2136,1.7213,0.72,30.38
Reverse Osmosis,7.4,181.0,NETRAL,LAYAK,Mineral,46084.30,2.3206,11312.40,0.5696,0.5143,2134,1.7197,0.82,30.38
Reverse Osmosis,7.4,181.0,NETRAL,LAYAK,Mineral,45988.10,2.3157,11283.60,0.5682,0.5130,2133,1.7189,0.87,30.38
Reverse Osmosis,7.4,181.0,NETRAL,LAYAK,Mineral,45775.30,2.3050,11299.60,0.5690,0.5143,2140,1.7245,0.51,30.31
Reverse Osmosis,7.4,181.0,NETRAL,LAYAK,Mineral,45997.80,2.3162,11314.00,0.5697,0.5144,2134,1.7197,0.82,30.38
Reverse Osmosis,7.4,181.0,NETRAL,LAYAK,Mineral,46026.60,2.3177,11272.40,0.5676,0.5131,2131,1.7173,0.97,30.31
Reverse Osmosis,7.4,181.0,NETRAL,LAYAK,Mineral,45816.90,2.3071,11309.20,0.5695,0.5142,2133,1.7189,0.87,30.38
Reverse Osmosis,7.4,181.0,NETRAL,LAYAK,Mineral,46178.70,2.3253,11253.20,0.5667,0.5116,2133,1.7189,0.87,30.38
Reverse Osmosis,7.4,181.0,NETRAL,LAYAK,Mineral,45764.10,2.3044,11344.40,0.5712,0.5158,2135,1.7205,0.77,30.38
Reverse Osmosis,7.4,181.0,NETRAL,LAYAK,Mineral,45996.10,2.3161,11326.80,0.5704,0.5150,2134,1.7197,0.82,30.38
Reverse Osmosis,7.4,181.0,NETRAL,LAYAK,Mineral,46020.20,2.3173,11230.80,0.5655,0.5106,2141,1.7253,0.46,30.38
Reverse Osmosis,7.4,181.0,NETRAL,LAYAK,Mineral,46023.30,2.3175,11288.40,0.5684,0.5133,2136,1.7213,0.72,30.38
Reverse Osmosis,7.4,181.0,NETRAL,LAYAK,Mineral,45808.90,2.3067,11307.60,0.5694,0.5147,2137,1.7221,0.67,30.31
Reverse Osmosis,7.4,181.0,NETRAL,LAYAK,Mineral,45764.10,2.3044,11368.40,0.5725,0.5169,2135,1.7205,0.77,30.38
Reverse Osmosis,7.4,181.0,NETRAL,LAYAK,Mineral,46084.10,2.3206,11371.60,0.5726,0.5170,2135,1.7205,0.77,30.38
Reverse Osmosis,7.4,181.0,NETRAL,LAYAK,Mineral,45890.50,2.3108,11365.20,0.5723,0.5167,2141,1.7253,0.46,30.38
Reverse Osmosis,7.4,181.0,NETRAL,LAYAK,Mineral,45828.20,2.3077,11243.60,0.5662,0.5112,2134,1.7197,0.82,30.38
Reverse Osmosis,7.4,181.0,NETRAL,LAYAK,Mineral,46201.10,2.3264,11298.00,0.5689,0.5137,2133,1.7189,0.87,30.38
Reverse Osmosis,7.4,181.0,NETRAL,LAYAK,Mineral,46209.10,2.3268,11341.20,0.5711,0.5162,2152,1.7342,0.00,30.31
Reverse Osmosis,7.4,181.0,NETRAL,LAYAK,Mineral,45780.10,2.3052,11362.00,0.5721,0.5172,2135,1.7205,0.77,30.31
Reverse Osmosis,7.4,181.0,NETRAL,LAYAK,Mineral,46229.90,2.3279,11331.60,0.5706,0.5152,2134,1.7197,0.82,30.38
Reverse Osmosis,7.4,181.0,NETRAL,LAYAK,Mineral,46015.40,2.3171,11365.20,0.5723,0.5167,2136,1.7213,0.72,30.38
Reverse Osmosis,7.4,181.0,NETRAL,LAYAK,Mineral,45960.90,2.3144,11362.00,0.5721,0.5166,2136,1.7213,0.72,30.38
Reverse Osmosis,7.4,181.0,NETRAL,LAYAK,Mineral,45968.90,2.3148,11240.40,0.5660,0.5111,2146,1.7294,0.21,30.38
Reverse Osmosis,7.4,181.0,NETRAL,LAYAK,Mineral,45796.10,2.3061,11328.40,0.5704,0.5151,2133,1.7189,0.87,30.38
Reverse Osmosis,7.4,181.0,NETRAL,LAYAK,Mineral,46037.80,2.3182,11318.80,0.5700,0.5152,2135,1.7205,0.77,30.31
Reverse Osmosis,7.4,181.0,NETRAL,LAYAK,Mineral,46247.40,2.3288,11382.80,0.5732,0.5175,2137,1.7221,0.67,30.38
Reverse Osmosis,7.4,181.0,NETRAL,LAYAK,Mineral,46197.80,2.3263,11336.40,0.5708,0.5154,2136,1.7213,0.72,30.38
Reverse Osmosis,7.4,181.0,NETRAL,LAYAK,Mineral,46082.60,2.3205,11387.60,0.5734,0.5178,2133,1.7189,0.87,30.38
Reverse Osmosis,7.4,181.0,NETRAL,LAYAK,Mineral,46082.60,2.3205,11430.80,0.5756,0.5197,2139,1.7237,0.56,30.38
Reverse Osmosis,7.4,181.0,NETRAL,LAYAK,Mineral,45914.60,2.3120,11405.20,0.5743,0.5191,2135,1.7205,0.77,30.31
Reverse Osmosis,7.4,181.0,NETRAL,LAYAK,Mineral,46156.20,2.3242,11410.00,0.5745,0.5188,2136,1.7213,0.72,30.38
Reverse Osmosis,7.4,181.0,NETRAL,LAYAK,Mineral,45893.80,2.3110,11360.40,0.5721,0.5165,2132,1.7181,0.92,30.38
Reverse Osmosis,7.4,181.0,NETRAL,LAYAK,Mineral,46333.90,2.3331,11378.00,0.5729,0.5173,2134,1.7197,0.82,30.38
Reverse Osmosis,7.4,181.0,NETRAL,LAYAK,Mineral,45901.70,2.3114,11430.80,0.5756,0.5197,2134,1.7197,0.82,30.38
Reverse Osmosis,7.4,181.0,NETRAL,LAYAK,Mineral,45978.50,2.3152,11403.60,0.5742,0.5185,2134,1.7197,0.82,30.38
Reverse Osmosis,7.4,181.0,NETRAL,LAYAK,Mineral,46234.60,2.3281,11315.60,0.5698,0.5151,2135,1.7205,0.77,30.31
Reverse Osmosis,7.4,181.0,NETRAL,LAYAK,Mineral,46095.40,2.3211,11422.80,0.5752,0.5194,2138,1.7229,0.62,30.38
Reverse Osmosis,7.4,181.0,NETRAL,LAYAK,Mineral,46199.50,2.3264,11413.20,0.5747,0.5189,2134,1.7197,0.82,30.38
Reverse Osmosis,7.4,181.0,NETRAL,LAYAK,Mineral,46023.50,2.3175,11392.40,0.5737,0.5186,2134,1.7197,0.82,30.31
Reverse Osmosis,7.4,181.0,NETRAL,LAYAK,Mineral,46111.60,2.3219,11394.00,0.5737,0.5181,2136,1.7213,0.72,30.38
Reverse Osmosis,7.4,181.0,NETRAL,LAYAK,Mineral,46466.80,2.3398,11349.20,0.5715,0.5160,2136,1.7213,0.72,30.38
Reverse Osmosis,7.4,181.0,NETRAL,LAYAK,Mineral,46265.20,2.3297,11362.00,0.5721,0.5172,2136,1.7213,0.72,30.31
Reverse Osmosis,7.4,181.0,NETRAL,LAYAK,Mineral,46217.10,2.3273,11362.00,0.5721,0.5166,2133,1.7189,0.87,30.38
Reverse Osmosis,7.4,181.0,NETRAL,LAYAK,Mineral,46490.90,2.3410,11352.40,0.5716,0.5167,2133,1.7189,0.87,30.31
Reverse Osmosis,7.4,181.0,NETRAL,LAYAK,Mineral,46442.90,2.3386,11342.80,0.5712,0.5157,2132,1.7181,0.92,30.38
Reverse Osmosis,7.4,181.0,NETRAL,LAYAK,Mineral,46124.50,2.3226,11320.40,0.5700,0.5153,2133,1.7189,0.87,30.31
Reverse Osmosis,7.4,181.0,NETRAL,LAYAK,Mineral,46641.40,2.3486,11246.80,0.5663,0.5119,2134,1.7197,0.82,30.31
Reverse Osmosis,7.4,181.0,NETRAL,LAYAK,Mineral,46426.90,2.3378,11219.60,0.5650,0.5107,2135,1.7205,0.77,30.31
Reverse Osmosis,7.4,181.0,NETRAL,LAYAK,Mineral,46195.00,2.3261,11312.40,0.5696,0.5143,2140,1.7245,0.51,30.38
Dispenser Dingin,8.36,219.0,NETRAL,LAYAK,Mineral,41080.00,2.0686,11414.80,0.5748,0.5225,2142,1.7262,0.41,30.00
Dispenser Dingin,8.36,219.0,NETRAL,LAYAK,Mineral,41160.00,2.0726,11296.40,0.5688,0.5171,2142,1.7262,0.41,30.00
Dispenser Dingin,8.36,219.0,NETRAL,LAYAK,Mineral,41017.50,2.0654,11328.40,0.5704,0.5186,2143,1.7270,0.36,30.00
Dispenser Dingin,8.36,219.0,NETRAL,LAYAK,Mineral,41071.90,2.0682,11370.00,0.5725,0.5205,2142,1.7262,0.41,30.00
Dispenser Dingin,8.36,219.0,NETRAL,LAYAK,Mineral,40923.10,2.0607,11326.80,0.5704,0.5185,2140,1.7245,0.51,30.00
Dispenser Dingin,8.36,219.0,NETRAL,LAYAK,Mineral,40771.00,2.0530,11370.00,0.5725,0.5205,2142,1.7262,0.41,30.00
Dispenser Dingin,8.36,219.0,NETRAL,LAYAK,Mineral,40812.60,2.0551,11437.20,0.5759,0.5236,2142,1.7262,0.41,30.00
Dispenser Dingin,8.36,219.0,NETRAL,LAYAK,Mineral,41086.30,2.0689,11322.00,0.5701,0.5177,2141,1.7253,0.46,30.06
Dispenser Dingin,8.36,219.0,NETRAL,LAYAK,Mineral,41039.90,2.0666,11411.60,0.5746,0.5224,2140,1.7245,0.51,30.00
Dispenser Dingin,8.36,219.0,NETRAL,LAYAK,Mineral,40931.00,2.0611,11381.20,0.5731,0.5204,2141,1.7253,0.46,30.06
Dispenser Dingin,8.36,219.0,NETRAL,LAYAK,Mineral,41201.50,2.0747,11381.20,0.5731,0.5210,2142,1.7262,0.41,30.00
Dispenser Dingin,8.36,219.0,NETRAL,LAYAK,Mineral,41151.90,2.0722,11398.80,0.5740,0.5218,2141,1.7253,0.46,30.00
Dispenser Dingin,8.36,219.0,NETRAL,LAYAK,Mineral,41241.50,2.0767,11341.20,0.5711,0.5186,2140,1.7245,0.51,30.06
Dispenser Dingin,8.36,219.0,NETRAL,LAYAK,Mineral,41190.30,2.0741,11322.00,0.5701,0.5177,2142,1.7262,0.41,30.06
Dispenser Dingin,8.36,219.0,NETRAL,LAYAK,Mineral,41262.30,2.0778,11437.20,0.5759,0.5230,2143,1.7270,0.36,30.06
Dispenser Dingin,8.36,219.0,NETRAL,LAYAK,Mineral,41432.00,2.0863,11386.00,0.5733,0.5212,2147,1.7302,0.15,30.00
Dispenser Dingin,8.36,219.0,NETRAL,LAYAK,Mineral,41383.90,2.0839,11374.80,0.5728,0.5207,2142,1.7262,0.41,30.00
Dispenser Dingin,8.36,219.0,NETRAL,LAYAK,Mineral,41126.20,2.0709,11338.00,0.5709,0.5190,2139,1.7237,0.56,30.00
Dispenser Dingin,8.36,219.0,NETRAL,LAYAK,Mineral,41375.90,2.0835,11376.40,0.5729,0.5202,2138,1.7229,0.62,30.06
Dispenser Dingin,8.36,219.0,NETRAL,LAYAK,Mineral,41331.10,2.0812,11323.60,0.5702,0.5184,2138,1.7229,0.62,30.00
Dispenser Dingin,8.36,219.0,NETRAL,LAYAK,Mineral,41364.70,2.0829,11310.80,0.5696,0.5178,2138,1.7229,0.62,30.00
Dispenser Dingin,8.36,219.0,NETRAL,LAYAK,Mineral,41382.30,2.0838,11336.40,0.5708,0.5189,2138,1.7229,0.62,30.00
Dispenser Dingin,8.36,219.0,NETRAL,LAYAK,Mineral,41331.00,2.0812,11326.80,0.5704,0.5179,2140,1.7245,0.51,30.06
Dispenser Dingin,8.36,219.0,NETRAL,LAYAK,Mineral,41763.20,2.1030,11413.20,0.5747,0.5225,2141,1.7253,0.46,30.00
Dispenser Dingin,8.36,219.0,NETRAL,LAYAK,Mineral,41382.20,2.0838,11394.00,0.5737,0.5210,2142,1.7262,0.41,30.06
Dispenser Dingin,8.36,219.0,NETRAL,LAYAK,Mineral,41792.00,2.1044,11374.80,0.5728,0.5207,2142,1.7262,0.41,30.00
Dispenser Dingin,8.36,219.0,NETRAL,LAYAK,Mineral,41812.80,2.1055,11352.40,0.5716,0.5197,2140,1.7245,0.51,30.00
Dispenser Dingin,8.36,219.0,NETRAL,LAYAK,Mineral,41379.00,2.0836,11334.80,0.5708,0.5183,2142,1.7262,0.41,30.06
Dispenser Dingin,8.36,219.0,NETRAL,LAYAK,Mineral,41577.50,2.0936,11454.80,0.5768,0.5244,2138,1.7229,0.62,30.00
Dispenser Dingin,8.36,219.0,NETRAL,LAYAK,Mineral,41462.30,2.0878,11344.40,0.5712,0.5193,2139,1.7237,0.56,30.00
Dispenser Dingin,8.36,219.0,NETRAL,LAYAK,Mineral,41561.50,2.0928,11416.40,0.5749,0.5226,2130,1.7165,1.03,30.00
Dispenser Dingin,8.36,219.0,NETRAL,LAYAK,Mineral,42177.70,2.1238,11296.40,0.5688,0.5165,2144,1.7278,0.31,30.06
Dispenser Dingin,8.36,219.0,NETRAL,LAYAK,Mineral,41503.80,2.0899,11384.40,0.5733,0.5211,2140,1.7245,0.51,30.00
Dispenser Dingin,8.36,219.0,NETRAL,LAYAK,Mineral,41729.50,2.1013,11374.80,0.5728,0.5207,2139,1.7237,0.56,30.00
Dispenser Dingin,8.36,219.0,NETRAL,LAYAK,Mineral,41990.40,2.1144,11261.20,0.5671,0.5149,2140,1.7245,0.51,30.06
Dispenser Dingin,8.36,219.0,NETRAL,LAYAK,Mineral,41691.10,2.0993,11350.80,0.5716,0.5190,2145,1.7286,0.26,30.06
Dispenser Dingin,8.36,219.0,NETRAL,LAYAK,Mineral,41841.50,2.1069,11397.20,0.5739,0.5211,2142,1.7262,0.41,30.06
Dispenser Dingin,8.36,219.0,NETRAL,LAYAK,Mineral,41783.90,2.1040,11365.20,0.5723,0.5203,2142,1.7262,0.41,30.00
Dispenser Dingin,8.36,219.0,NETRAL,LAYAK,Mineral,42022.40,2.1160,11378.00,0.5729,0.5209,2141,1.7253,0.46,30.00
Dispenser Dingin,8.36,219.0,NETRAL,LAYAK,Mineral,41583.90,2.0939,11411.60,0.5746,0.5218,2138,1.7229,0.62,30.06
Dispenser Dingin,8.36,219.0,NETRAL,LAYAK,Mineral,41979.20,2.1139,11397.20,0.5739,0.5217,2141,1.7253,0.46,30.00
Dispenser Dingin,8.36,219.0,NETRAL,LAYAK,Mineral,41825.50,2.1061,11331.60,0.5706,0.5187,2141,1.7253,0.46,30.00
Dispenser Dingin,8.36,219.0,NETRAL,LAYAK,Mineral,41876.70,2.1087,11374.80,0.5728,0.5201,2141,1.7253,0.46,30.06
Dispenser Dingin,8.36,219.0,NETRAL,LAYAK,Mineral,41918.40,2.1108,11258.00,0.5669,0.5148,2142,1.7262,0.41,30.06
Dispenser Dingin,8.36,219.0,NETRAL,LAYAK,Mineral,41574.20,2.0935,11315.60,0.5698,0.5180,2142,1.7262,0.41,30.00
Dispenser Dingin,8.36,219.0,NETRAL,LAYAK,Mineral,41953.60,2.1126,11339.60,0.5710,0.5185,2143,1.7270,0.36,30.06
Dispenser Dingin,8.36,219.0,NETRAL,LAYAK,Mineral,41883.10,2.1090,11402.00,0.5741,0.5220,2140,1.7245,0.51,30.00
Dispenser Dingin,8.36,219.0,NETRAL,LAYAK,Mineral,41894.30,2.1096,11283.60,0.5682,0.5159,2141,1.7253,0.46,30.06
Dispenser Dingin,8.36,219.0,NETRAL,LAYAK,Mineral,41700.70,2.0998,11398.80,0.5740,0.5212,2162,1.7423,0.00,30.06
Dispenser Dingin,8.36,219.0,NETRAL,LAYAK,Mineral,41948.80,2.1123,11322.00,0.5701,0.5177,2142,1.7262,0.41,30.06
Dispenser Dingin,8.36,219.0,NETRAL,LAYAK,Mineral,41713.50,2.1005,11298.00,0.5689,0.5172,2141,1.7253,0.46,30.00
Dispenser Dingin,8.36,219.0,NETRAL,LAYAK,Mineral,41755.10,2.1026,11402.00,0.5741,0.5214,2143,1.7270,0.36,30.06
Dispenser Dingin,8.36,219.0,NETRAL,LAYAK,Mineral,42145.60,2.1222,11376.40,0.5729,0.5208,2129,1.7157,1.08,30.00
Dispenser Dingin,8.36,219.0,NETRAL,LAYAK,Mineral,41923.10,2.1110,11296.40,0.5688,0.5171,2161,1.7415,0.00,30.00
Dispenser Dingin,8.36,219.0,NETRAL,LAYAK,Mineral,41876.70,2.1087,11320.40,0.5700,0.5176,2143,1.7270,0.36,30.06
Dispenser Dingin,8.36,219.0,NETRAL,LAYAK,Mineral,41868.70,2.1083,11378.00,0.5729,0.5203,2142,1.7262,0.41,30.06
Dispenser Dingin,8.36,219.0,NETRAL,LAYAK,Mineral,42120.00,2.1209,11381.20,0.5731,0.5210,2138,1.7229,0.62,30.00
Dispenser Dingin,8.36,219.0,NETRAL,LAYAK,Mineral,42016.00,2.1157,11394.00,0.5737,0.5210,2142,1.7262,0.41,30.06
Dispenser Dingin,8.36,219.0,NETRAL,LAYAK,Mineral,41899.10,2.1098,11368.40,0.5725,0.5198,2141,1.7253,0.46,30.06
Dispenser Dingin,8.36,219.0,NETRAL,LAYAK,Mineral,41531.00,2.0913,11426.00,0.5754,0.5225,2140,1.7245,0.51,30.06
Dispenser Dingin,8.36,219.0,NETRAL,LAYAK,Mineral,41865.50,2.1081,11406.80,0.5744,0.5222,2140,1.7245,0.51,30.00
Dispenser Dingin,8.36,219.0,NETRAL,LAYAK,Mineral,42075.20,2.1187,11341.20,0.5711,0.5192,2138,1.7229,0.62,30.00
Dispenser Dingin,8.36,219.0,NETRAL,LAYAK,Mineral,41923.20,2.1110,11395.60,0.5738,0.5211,2143,1.7270,0.36,30.06
Dispenser Dingin,8.36,219.0,NETRAL,LAYAK,Mineral,42235.30,2.1267,11390.80,0.5736,0.5208,2140,1.7245,0.51,30.06
Dispenser Dingin,8.36,219.0,NETRAL,LAYAK,Mineral,41639.90,2.0968,11379.60,0.5730,0.5203,2141,1.7253,0.46,30.06
Dispenser Dingin,8.36,219.0,NETRAL,LAYAK,Mineral,41838.30,2.1068,11421.20,0.5751,0.5222,2146,1.7294,0.21,30.06
Dispenser Dingin,8.36,219.0,NETRAL,LAYAK,Mineral,41860.70,2.1079,11453.20,0.5767,0.5237,2141,1.7253,0.46,30.06
Dispenser Dingin,8.36,219.0,NETRAL,LAYAK,Mineral,41745.50,2.1021,11459.60,0.5770,0.5240,2139,1.7237,0.56,30.06
Dispenser Dingin,8.36,219.0,NETRAL,LAYAK,Mineral,41980.80,2.1139,11443.60,0.5762,0.5233,2141,1.7253,0.46,30.06
Dispenser Dingin,8.36,219.0,NETRAL,LAYAK,Mineral,41828.70,2.1063,11440.40,0.5761,0.5231,2144,1.7278,0.31,30.06
Dispenser Dingin,8.36,219.0,NETRAL,LAYAK,Mineral,41745.50,2.1021,11440.40,0.5761,0.5231,2141,1.7253,0.46,30.06
Dispenser Dingin,8.36,219.0,NETRAL,LAYAK,Mineral,41952.00,2.1125,11314.00,0.5697,0.5179,2142,1.7262,0.41,30.00
Dispenser Dingin,8.36,219.0,NETRAL,LAYAK,Mineral,41582.30,2.0939,11371.60,0.5726,0.5200,2139,1.7237,0.56,30.06
Dispenser Dingin,8.36,219.0,NETRAL,LAYAK,Mineral,41891.20,2.1094,11432.40,0.5757,0.5227,2143,1.7270,0.36,30.06
Dispenser Dingin,8.36,219.0,NETRAL,LAYAK,Mineral,41740.70,2.1018,11445.20,0.5763,0.5233,2142,1.7262,0.41,30.06
Dispenser Dingin,8.36,219.0,NETRAL,LAYAK,Mineral,41515.10,2.0905,11432.40,0.5757,0.5227,2141,1.7253,0.46,30.06
Dispenser Dingin,8.36,219.0,NETRAL,LAYAK,Mineral,41358.20,2.0826,11429.20,0.5755,0.5226,2141,1.7253,0.46,30.06
Dispenser Dingin,8.36,219.0,NETRAL,LAYAK,Mineral,41961.60,2.1130,11432.40,0.5757,0.5233,2141,1.7253,0.46,30.00
Dispenser Dingin,8.36,219.0,NETRAL,LAYAK,Mineral,41371.00,2.0832,11360.40,0.5721,0.5195,2143,1.7270,0.36,30.06
Dispenser Dingin,8.36,219.0,NETRAL,LAYAK,Mineral,41630.30,2.0963,11355.60,0.5718,0.5192,2141,1.7253,0.46,30.06
Dispenser Dingin,8.36,219.0,NETRAL,LAYAK,Mineral,41696.00,2.0996,11402.00,0.5741,0.5214,2141,1.7253,0.46,30.06
Dispenser Dingin,8.36,219.0,NETRAL,LAYAK,Mineral,41663.90,2.0980,11408.40,0.5745,0.5217,2140,1.7245,0.51,30.06
Dispenser Dingin,8.36,219.0,NETRAL,LAYAK,Mineral,41302.30,2.0798,11344.40,0.5712,0.5187,2142,1.7262,0.41,30.06
Dispenser Dingin,8.36,219.0,NETRAL,LAYAK,Mineral,41503.90,2.0899,11434.00,0.5758,0.5234,2141,1.7253,0.46,30.00
Dispenser Dingin,8.36,219.0,NETRAL,LAYAK,Mineral,41145.40,2.0719,11387.60,0.5734,0.5207,2142,1.7262,0.41,30.06
Dispenser Dingin,8.36,219.0,NETRAL,LAYAK,Mineral,41321.50,2.0807,11338.00,0.5709,0.5184,2142,1.7262,0.41,30.06
Dispenser Dingin,8.36,219.0,NETRAL,LAYAK,Mineral,41235.10,2.0764,11410.00,0.5745,0.5217,2142,1.7262,0.41,30.06
Dispenser Dingin,8.36,219.0,NETRAL,LAYAK,Mineral,40971.00,2.0631,11421.20,0.5751,0.5222,2144,1.7278,0.31,30.06
Dispenser Dingin,8.36,219.0,NETRAL,LAYAK,Mineral,41297.60,2.0795,11397.20,0.5739,0.5217,2140,1.7245,0.51,30.00
Dispenser Dingin,8.36,219.0,NETRAL,LAYAK,Mineral,40977.50,2.0634,11430.80,0.5756,0.5227,2142,1.7262,0.41,30.06
Dispenser Dingin,8.36,219.0,NETRAL,LAYAK,Mineral,40964.70,2.0628,11347.60,0.5714,0.5189,2140,1.7245,0.51,30.06
Dispenser Dingin,8.36,219.0,NETRAL,LAYAK,Mineral,40894.30,2.0592,11333.20,0.5707,0.5182,2143,1.7270,0.36,30.06
Dispenser Dingin,8.36,219.0,NETRAL,LAYAK,Mineral,40444.60,2.0366,11374.80,0.5728,0.5201,2142,1.7262,0.41,30.06
Dispenser Dingin,8.36,219.0,NETRAL,LAYAK,Mineral,40873.60,2.0582,11370.00,0.5725,0.5199,2130,1.7165,1.03,30.06
Dispenser Dingin,8.36,219.0,NETRAL,LAYAK,Mineral,40494.30,2.0391,11286.80,0.5683,0.5161,2140,1.7245,0.51,30.06
Dispenser Dingin,8.36,219.0,NETRAL,LAYAK,Mineral,40209.40,2.0247,11445.20,0.5763,0.5233,2142,1.7262,0.41,30.06
Dispenser Dingin,8.36,219.0,NETRAL,LAYAK,Mineral,40513.50,2.0400,11462.80,0.5772,0.5247,2142,1.7262,0.41,30.00
Dispenser Dingin,8.36,219.0,NETRAL,LAYAK,Mineral,40249.50,2.0268,11362.00,0.5721,0.5195,2143,1.7270,0.36,30.06
Dispenser Dingin,8.36,219.0,NETRAL,LAYAK,Mineral,39915.00,2.0099,11325.20,0.5703,0.5184,2141,1.7253,0.46,30.00
Dispenser Dingin,8.36,219.0,NETRAL,LAYAK,Mineral,40129.50,2.0207,11422.80,0.5752,0.5223,2139,1.7237,0.56,30.06
Dispenser Dingin,8.36,219.0,NETRAL,LAYAK,Mineral,39790.20,2.0036,11366.80,0.5724,0.5203,2144,1.7278,0.31,30.00
Dispenser Dingin,8.36,219.0,NETRAL,LAYAK,Mineral,40182.30,2.0234,11371.60,0.5726,0.5200,2141,1.7253,0.46,30.06
Dispenser Dingin,8.36,219.0,NETRAL,LAYAK,Mineral,39831.80,2.0057,11360.40,0.5721,0.5195,2140,1.7245,0.51,30.06
Dispenser Dingin,8.36,219.0,NETRAL,LAYAK,Mineral,39796.70,2.0040,11304.40,0.5692,0.5169,2143,1.7270,0.36,30.06
Dispenser Dingin,8.36,219.0,NETRAL,LAYAK,Mineral,39503.70,1.9892,11419.60,0.5750,0.5222,2141,1.7253,0.46,30.06
Dispenser Dingin,8.36,219.0,NETRAL,LAYAK,Mineral,39638.10,1.9960,11371.60,0.5726,0.5200,2140,1.7245,0.51,30.06
Dispenser Dingin,8.36,219.0,NETRAL,LAYAK,Mineral,39383.80,1.9832,11328.40,0.5704,0.5180,2141,1.7253,0.46,30.06
Dispenser Dingin,8.36,219.0,NETRAL,LAYAK,Mineral,39900.60,2.0092,11346.00,0.5713,0.5188,2140,1.7245,0.51,30.06
Dispenser Dingin,8.36,219.0,NETRAL,LAYAK,Mineral,39508.30,1.9894,11330.00,0.5705,0.5181,2141,1.7253,0.46,30.06
Dispenser Dingin,8.36,219.0,NETRAL,LAYAK,Mineral,39761.20,2.0022,11355.60,0.5718,0.5198,2139,1.7237,0.56,30.00
Dispenser Dingin,8.36,219.0,NETRAL,LAYAK,Mineral,39516.30,1.9898,11405.20,0.5743,0.5215,2157,1.7382,0.00,30.06
Dispenser Dingin,8.36,219.0,NETRAL,LAYAK,Mineral,39469.80,1.9875,11346.00,0.5713,0.5194,2140,1.7245,0.51,30.00
Dispenser Dingin,8.36,219.0,NETRAL,LAYAK,Mineral,39693.80,1.9988,11363.60,0.5722,0.5196,2141,1.7253,0.46,30.06
Dispenser Dingin,8.36,219.0,NETRAL,LAYAK,Mineral,39573.80,1.9927,11314.00,0.5697,0.5173,2142,1.7262,0.41,30.06
Dispenser Dingin,8.36,219.0,NETRAL,LAYAK,Mineral,39333.80,1.9806,11286.80,0.5683,0.5161,2142,1.7262,0.41,30.06
Dispenser Dingin,8.36,219.0,NETRAL,LAYAK,Mineral,39340.20,1.9810,11382.80,0.5732,0.5205,2141,1.7253,0.46,30.06
Dispenser Dingin,8.36,219.0,NETRAL,LAYAK,Mineral,39522.80,1.9902,11347.60,0.5714,0.5189,2143,1.7270,0.36,30.06
Dispenser Dingin,8.36,219.0,NETRAL,LAYAK,Mineral,39652.20,1.9967,11306.00,0.5693,0.5170,2142,1.7262,0.41,30.06
Dispenser Dingin,8.36,219.0,NETRAL,LAYAK,Mineral,39668.20,1.9975,11389.20,0.5735,0.5208,2141,1.7253,0.46,30.06
Dispenser Dingin,8.36,219.0,NETRAL,LAYAK,Mineral,39701.80,1.9992,11400.40,0.5741,0.5213,2141,1.7253,0.46,30.06
Dispenser Dingin,8.36,219.0,NETRAL,LAYAK,Mineral,39594.80,1.9938,11334.80,0.5708,0.5189,2139,1.7237,0.56,30.00
Dispenser Dingin,8.36,219.0,NETRAL,LAYAK,Mineral,39537.10,1.9909,11270.80,0.5675,0.5159,2142,1.7262,0.41,30.00
Dispenser Dingin,8.36,219.0,NETRAL,LAYAK,Mineral,39516.50,1.9898,11323.60,0.5702,0.5178,2140,1.7245,0.51,30.06
Dispenser Dingin,8.36,219.0,NETRAL,LAYAK,Mineral,39305.20,1.9792,11310.80,0.5696,0.5178,2141,1.7253,0.46,30.00
Dispenser Dingin,8.36,219.0,NETRAL,LAYAK,Mineral,39785.20,2.0034,11366.80,0.5724,0.5197,2141,1.7253,0.46,30.06
Dispenser Dingin,8.36,219.0,NETRAL,LAYAK,Mineral,39540.30,1.9910,11282.00,0.5681,0.5159,2158,1.7390,0.00,30.06
Dispenser Dingin,8.36,219.0,NETRAL,LAYAK,Mineral,39444.50,1.9862,11288.40,0.5684,0.5167,2141,1.7253,0.46,30.00
Dispenser Dingin,8.36,219.0,NETRAL,LAYAK,Mineral,39923.00,2.0103,11339.60,0.5710,0.5185,2141,1.7253,0.46,30.06
Dispenser Dingin,8.36,219.0,NETRAL,LAYAK,Mineral,40086.30,2.0185,11374.80,0.5728,0.5201,2140,1.7245,0.51,30.06
Dispenser Dingin,8.36,219.0,NETRAL,LAYAK,Mineral,39759.80,2.0021,11403.60,0.5742,0.5220,2142,1.7262,0.41,30.00
Dispenser Dingin,8.36,219.0,NETRAL,LAYAK,Mineral,40031.90,2.0158,11336.40,0.5708,0.5184,2143,1.7270,0.36,30.06
Dispenser Dingin,8.36,219.0,NETRAL,LAYAK,Mineral,39863.80,2.0073,11411.60,0.5746,0.5224,2144,1.7278,0.31,30.00
Dispenser Dingin,8.36,219.0,NETRAL,LAYAK,Mineral,39899.10,2.0091,11363.60,0.5722,0.5196,2141,1.7253,0.46,30.06
Dispenser Dingin,8.36,219.0,NETRAL,LAYAK,Mineral,40073.50,2.0179,11411.60,0.5746,0.5224,2143,1.7270,0.36,30.00
Dispenser Dingin,8.36,219.0,NETRAL,LAYAK,Mineral,39977.50,2.0131,11374.80,0.5728,0.5201,2143,1.7270,0.36,30.06
Dispenser Dingin,8.36,219.0,NETRAL,LAYAK,Mineral,40003.10,2.0143,11390.80,0.5736,0.5208,2143,1.7270,0.36,30.06
Dispenser Dingin,8.36,219.0,NETRAL,LAYAK,Mineral,40054.30,2.0169,11395.60,0.5738,0.5217,2142,1.7262,0.41,30.00
Dispenser Dingin,8.36,219.0,NETRAL,LAYAK,Mineral,40443.20,2.0365,11394.00,0.5737,0.5216,2141,1.7253,0.46,30.00
Dispenser Dingin,8.36,219.0,NETRAL,LAYAK,Mineral,40364.70,2.0326,11379.60,0.5730,0.5203,2140,1.7245,0.51,30.06
Dispenser Dingin,8.36,219.0,NETRAL,LAYAK,Mineral,40118.30,2.0201,11338.00,0.5709,0.5184,2143,1.7270,0.36,30.06
Dispenser Dingin,8.36,219.0,NETRAL,LAYAK,Mineral,40198.30,2.0242,11419.60,0.5750,0.5222,2140,1.7245,0.51,30.06
Dispenser Dingin,8.36,219.0,NETRAL,LAYAK,Mineral,40235.10,2.0260,11437.20,0.5759,0.5236,2140,1.7245,0.51,30.00
Dispenser Dingin,8.36,219.0,NETRAL,LAYAK,Mineral,40438.40,2.0363,11344.40,0.5712,0.5187,2141,1.7253,0.46,30.06
Dispenser Dingin,8.36,219.0,NETRAL,LAYAK,Mineral,40508.80,2.0398,11371.60,0.5726,0.5200,2137,1.7221,0.67,30.06
Dispenser Dingin,8.36,219.0,NETRAL,LAYAK,Mineral,40265.50,2.0276,11334.80,0.5708,0.5183,2143,1.7270,0.36,30.06
Dispenser Dingin,8.36,219.0,NETRAL,LAYAK,Mineral,39950.20,2.0117,11378.00,0.5729,0.5203,2142,1.7262,0.41,30.06
Dispenser Dingin,8.36,219.0,NETRAL,LAYAK,Mineral,40355.10,2.0321,11418.00,0.5750,0.5221,2143,1.7270,0.36,30.06
Dispenser Dingin,8.36,219.0,NETRAL,LAYAK,Mineral,40523.10,2.0405,11334.80,0.5708,0.5183,2143,1.7270,0.36,30.06
Dispenser Dingin,8.36,219.0,NETRAL,LAYAK,Mineral,40148.60,2.0217,11382.80,0.5732,0.5211,2144,1.7278,0.31,30.00
Dispenser Dingin,8.36,219.0,NETRAL,LAYAK,Mineral,40343.90,2.0315,11381.20,0.5731,0.5204,2142,1.7262,0.41,30.06
Dispenser Dingin,8.36,219.0,NETRAL,LAYAK,Mineral,40656.00,2.0472,11408.40,0.5745,0.5222,2150,1.7326,0.00,30.00
Dispenser Dingin,8.36,219.0,NETRAL,LAYAK,Mineral,40287.80,2.0287,11336.40,0.5708,0.5184,2140,1.7245,0.51,30.06
Dispenser Dingin,8.36,219.0,NETRAL,LAYAK,Mineral,40513.50,2.0400,11382.80,0.5732,0.5205,2141,1.7253,0.46,30.06
Dispenser Dingin,8.36,219.0,NETRAL,LAYAK,Mineral,40647.90,2.0468,11322.00,0.5701,0.5177,2142,1.7262,0.41,30.06
Dispenser Dingin,8.36,219.0,NETRAL,LAYAK,Mineral,40739.10,2.0514,11352.40,0.5716,0.5191,2142,1.7262,0.41,30.06
Dispenser Dingin,8.36,219.0,NETRAL,LAYAK,Mineral,40548.70,2.0418,11365.20,0.5723,0.5203,2142,1.7262,0.41,30.00
Dispenser Dingin,8.36,219.0,NETRAL,LAYAK,Mineral,40502.30,2.0395,11418.00,0.5750,0.5227,2143,1.7270,0.36,30.00
Dispenser Dingin,8.36,219.0,NETRAL,LAYAK,Mineral,40902.40,2.0596,11365.20,0.5723,0.5197,2143,1.7270,0.36,30.06
Dispenser Dingin,8.36,219.0,NETRAL,LAYAK,Mineral,40892.80,2.0591,11344.40,0.5712,0.5193,2140,1.7245,0.51,30.00
Dispenser Dingin,8.36,219.0,NETRAL,LAYAK,Mineral,40635.10,2.0462,11373.20,0.5727,0.5206,2142,1.7262,0.41,30.00
Dispenser Dingin,8.36,219.0,NETRAL,LAYAK,Mineral,40487.80,2.0388,11395.60,0.5738,0.5211,2141,1.7253,0.46,30.06
Dispenser Dingin,8.36,219.0,NETRAL,LAYAK,Mineral,40790.30,2.0540,11352.40,0.5716,0.5197,2141,1.7253,0.46,30.00
Dispenser Dingin,8.36,219.0,NETRAL,LAYAK,Mineral,40784.00,2.0537,11304.40,0.5692,0.5169,2141,1.7253,0.46,30.06
Dispenser Dingin,8.36,219.0,NETRAL,LAYAK,Mineral,40671.90,2.0480,11301.20,0.5691,0.5167,2141,1.7253,0.46,30.06
Dispenser Dingin,8.36,219.0,NETRAL,LAYAK,Mineral,40500.60,2.0394,11410.00,0.5745,0.5217,2141,1.7253,0.46,30.06
Dispenser Dingin,8.36,219.0,NETRAL,LAYAK,Mineral,40966.40,2.0629,11381.20,0.5731,0.5204,2141,1.7253,0.46,30.06
Dispenser Dingin,8.36,219.0,NETRAL,LAYAK,Mineral,40852.70,2.0571,11370.00,0.5725,0.5205,2149,1.7318,0.05,30.00
Dispenser Dingin,8.36,219.0,NETRAL,LAYAK,Mineral,40841.50,2.0566,11387.60,0.5734,0.5207,2134,1.7197,0.82,30.06
Dispenser Dingin,8.36,219.0,NETRAL,LAYAK,Mineral,41025.60,2.0658,11301.20,0.5691,0.5167,2142,1.7262,0.41,30.06
Dispenser Dingin,8.36,219.0,NETRAL,LAYAK,Mineral,40988.80,2.0640,11342.80,0.5712,0.5187,2142,1.7262,0.41,30.06
Dispenser Dingin,8.36,219.0,NETRAL,LAYAK,Mineral,40750.30,2.0520,11365.20,0.5723,0.5203,2142,1.7262,0.41,30.00
Dispenser Dingin,8.36,219.0,NETRAL,LAYAK,Mineral,40777.50,2.0533,11317.20,0.5699,0.5175,2142,1.7262,0.41,30.06
Dispenser Dingin,8.36,219.0,NETRAL,LAYAK,Mineral,40894.30,2.0592,11328.40,0.5704,0.5180,2139,1.7237,0.56,30.06
Dispenser Dingin,8.36,219.0,NETRAL,LAYAK,Mineral,41129.60,2.0711,11370.00,0.5725,0.5199,2142,1.7262,0.41,30.06
Dispenser Dingin,8.36,219.0,NETRAL,LAYAK,Mineral,41179.20,2.0736,11339.60,0.5710,0.5185,2144,1.7278,0.31,30.06
Dispenser Dingin,8.36,219.0,NETRAL,LAYAK,Mineral,40799.90,2.0545,11346.00,0.5713,0.5194,2139,1.7237,0.56,30.00
Dispenser Dingin,8.36,219.0,NETRAL,LAYAK,Mineral,41054.40,2.0673,11360.40,0.5721,0.5200,2138,1.7229,0.62,30.00
Dispenser Dingin,8.36,219.0,NETRAL,LAYAK,Mineral,40799.90,2.0545,11342.80,0.5712,0.5192,2140,1.7245,0.51,30.00
Dispenser Dingin,8.36,219.0,NETRAL,LAYAK,Mineral,40796.60,2.0543,11421.20,0.5751,0.5228,2142,1.7262,0.41,30.00
Dispenser Dingin,8.36,219.0,NETRAL,LAYAK,Mineral,40646.20,2.0467,11331.60,0.5706,0.5187,2142,1.7262,0.41,30.00
Dispenser Dingin,8.36,219.0,NETRAL,LAYAK,Mineral,40945.50,2.0618,11366.80,0.5724,0.5197,2141,1.7253,0.46,30.06
Dispenser Dingin,8.36,219.0,NETRAL,LAYAK,Mineral,40951.90,2.0621,11318.80,0.5700,0.5176,2136,1.7213,0.72,30.06
Dispenser Dingin,8.36,219.0,NETRAL,LAYAK,Mineral,41023.90,2.0657,11291.60,0.5686,0.5169,2141,1.7253,0.46,30.00
Dispenser Dingin,8.36,219.0,NETRAL,LAYAK,Mineral,40846.30,2.0568,11334.80,0.5708,0.5189,2141,1.7253,0.46,30.00
Dispenser Dingin,8.36,219.0,NETRAL,LAYAK,Mineral,40959.90,2.0625,11370.00,0.5725,0.5205,2140,1.7245,0.51,30.00
Dispenser Dingin,8.36,219.0,NETRAL,LAYAK,Mineral,41025.50,2.0658,11346.00,0.5713,0.5194,2142,1.7262,0.41,30.00
Dispenser Dingin,8.36,219.0,NETRAL,LAYAK,Mineral,41147.20,2.0720,11363.60,0.5722,0.5196,2140,1.7245,0.51,30.06
Dispenser Dingin,8.36,219.0,NETRAL,LAYAK,Mineral,41227.20,2.0760,11304.40,0.5692,0.5169,2142,1.7262,0.41,30.06
Dispenser Dingin,8.36,219.0,NETRAL,LAYAK,Mineral,40811.10,2.0550,11344.40,0.5712,0.5187,2145,1.7286,0.26,30.06
Dispenser Dingin,8.36,219.0,NETRAL,LAYAK,Mineral,40750.20,2.0520,11341.20,0.5711,0.5186,2140,1.7245,0.51,30.06
Dispenser Dingin,8.36,219.0,NETRAL,LAYAK,Mineral,41150.40,2.0721,11357.20,0.5719,0.5199,2142,1.7262,0.41,30.00
Dispenser Dingin,8.36,219.0,NETRAL,LAYAK,Mineral,40863.90,2.0577,11280.40,0.5680,0.5164,2136,1.7213,0.72,30.00
Dispenser Dingin,8.36,219.0,NETRAL,LAYAK,Mineral,40734.20,2.0512,11411.60,0.5746,0.5218,2141,1.7253,0.46,30.06
Dispenser Dingin,8.36,219.0,NETRAL,LAYAK,Mineral,41216.00,2.0754,11326.80,0.5704,0.5179,2160,1.7407,0.00,30.06
Dispenser Dingin,8.36,219.0,NETRAL,LAYAK,Mineral,40750.20,2.0520,11344.40,0.5712,0.5187,2136,1.7213,0.72,30.06
Dispenser Dingin,8.36,219.0,NETRAL,LAYAK,Mineral,41083.10,2.0687,11256.40,0.5668,0.5147,2141,1.7253,0.46,30.06
Dispenser Dingin,8.36,219.0,NETRAL,LAYAK,Mineral,40863.90,2.0577,11402.00,0.5741,0.5214,2140,1.7245,0.51,30.06
Dispenser Dingin,8.36,219.0,NETRAL,LAYAK,Mineral,40755.00,2.0522,11285.20,0.5683,0.5160,2141,1.7253,0.46,30.06
Dispenser Dingin,8.36,219.0,NETRAL,LAYAK,Mineral,40750.20,2.0520,11424.40,0.5753,0.5230,2148,1.7310,0.10,30.00
Dispenser Dingin,8.36,219.0,NETRAL,LAYAK,Mineral,41039.90,2.0666,11315.60,0.5698,0.5180,2142,1.7262,0.41,30.00
Air Biru,6.63,75.0,NETRAL,LAYAK,Mineral,39013.80,1.9645,10728.40,0.5402,0.4894,2137,1.7221,0.67,30.19
Air Biru,6.63,75.0,NETRAL,LAYAK,Mineral,39063.40,1.9670,10707.60,0.5392,0.4885,2159,1.7399,0.00,30.19
Air Biru,6.63,75.0,NETRAL,LAYAK,Mineral,39300.20,1.9790,10701.20,0.5389,0.4882,2153,1.7350,0.00,30.19
Air Biru,6.63,75.0,NETRAL,LAYAK,Mineral,39106.60,1.9692,10806.80,0.5442,0.4930,2139,1.7237,0.56,30.19
Air Biru,6.63,75.0,NETRAL,LAYAK,Mineral,39117.80,1.9698,10765.20,0.5421,0.4906,2139,1.7237,0.56,30.25
Air Biru,6.63,75.0,NETRAL,LAYAK,Mineral,39186.60,1.9732,10741.20,0.5409,0.4900,2139,1.7237,0.56,30.19
Air Biru,6.63,75.0,NETRAL,LAYAK,Mineral,39626.60,1.9954,10709.20,0.5393,0.4886,2138,1.7229,0.62,30.19
Air Biru,6.63,75.0,NETRAL,LAYAK,Mineral,39546.60,1.9914,10688.40,0.5382,0.4871,2140,1.7245,0.51,30.25
Air Biru,6.63,75.0,NETRAL,LAYAK,Mineral,39541.80,1.9911,10736.40,0.5406,0.4898,2145,1.7286,0.26,30.19
Air Biru,6.63,75.0,NETRAL,LAYAK,Mineral,39941.90,2.0113,10693.20,0.5385,0.4873,2138,1.7229,0.62,30.25
Air Biru,6.63,75.0,NETRAL,LAYAK,Mineral,39681.20,1.9981,10784.40,0.5430,0.4920,2138,1.7229,0.62,30.19
Air Biru,6.63,75.0,NETRAL,LAYAK,Mineral,39695.70,1.9989,10763.60,0.5420,0.4905,2138,1.7229,0.62,30.25
Air Biru,6.63,75.0,NETRAL,LAYAK,Mineral,40139.10,2.0212,10701.20,0.5389,0.4877,2136,1.7213,0.72,30.25
Air Biru,6.63,75.0,NETRAL,LAYAK,Mineral,40044.60,2.0164,10694.80,0.5385,0.4874,2139,1.7237,0.56,30.25
Air Biru,6.63,75.0,NETRAL,LAYAK,Mineral,40030.20,2.0157,10659.60,0.5368,0.4858,2139,1.7237,0.56,30.25
Air Biru,6.63,75.0,NETRAL,LAYAK,Mineral,40343.90,2.0315,10760.40,0.5418,0.4909,2140,1.7245,0.51,30.19
Air Biru,6.63,75.0,NETRAL,LAYAK,Mineral,40616.00,2.0452,10733.20,0.5405,0.4891,2138,1.7229,0.62,30.25
Air Biru,6.63,75.0,NETRAL,LAYAK,Mineral,40294.20,2.0290,10755.60,0.5416,0.4901,2125,1.7125,1.28,30.25
Air Biru,6.63,75.0,NETRAL,LAYAK,Mineral,40236.60,2.0261,10747.60,0.5412,0.4898,2137,1.7221,0.67,30.25
Air Biru,6.63,75.0,NETRAL,LAYAK,Mineral,40836.80,2.0563,10749.20,0.5413,0.4898,2139,1.7237,0.56,30.25
Air Biru,6.63,75.0,NETRAL,LAYAK,Mineral,40511.80,2.0400,10781.20,0.5429,0.4919,2139,1.7237,0.56,30.19
Air Biru,6.63,75.0,NETRAL,LAYAK,Mineral,40855.90,2.0573,10672.40,0.5374,0.4869,2138,1.7229,0.62,30.19
Air Biru,6.63,75.0,NETRAL,LAYAK,Mineral,40999.90,2.0645,10654.80,0.5365,0.4855,2139,1.7237,0.56,30.25
Air Biru,6.63,75.0,NETRAL,LAYAK,Mineral,40993.50,2.0642,10800.40,0.5439,0.4922,2136,1.7213,0.72,30.25
Air Biru,6.63,75.0,NETRAL,LAYAK,Mineral,41288.00,2.0790,10720.40,0.5398,0.4885,2131,1.7173,0.97,30.25
Air Biru,6.63,75.0,NETRAL,LAYAK,Mineral,40977.40,2.0634,10757.20,0.5417,0.4902,2137,1.7221,0.67,30.25
Air Biru,6.63,75.0,NETRAL,LAYAK,Mineral,41079.80,2.0686,10731.60,0.5404,0.4890,2136,1.7213,0.72,30.25
Air Biru,6.63,75.0,NETRAL,LAYAK,Mineral,41367.90,2.0831,10706.00,0.5391,0.4884,2139,1.7237,0.56,30.19
Air Biru,6.63,75.0,NETRAL,LAYAK,Mineral,41350.30,2.0822,10754.00,0.5415,0.4901,2137,1.7221,0.67,30.25
Air Biru,6.63,75.0,NETRAL,LAYAK,Mineral,41606.40,2.0951,10731.60,0.5404,0.4890,2141,1.7253,0.46,30.25
Air Biru,6.63,75.0,NETRAL,LAYAK,Mineral,41422.30,2.0858,10781.20,0.5429,0.4913,2141,1.7253,0.46,30.25
Air Biru,6.63,75.0,NETRAL,LAYAK,Mineral,41667.10,2.0981,10795.60,0.5436,0.4920,2143,1.7270,0.36,30.25
Air Biru,6.63,75.0,NETRAL,LAYAK,Mineral,41801.60,2.1049,10819.60,0.5448,0.4930,2139,1.7237,0.56,30.25
Air Biru,6.63,75.0,NETRAL,LAYAK,Mineral,41775.90,2.1036,10781.20,0.5429,0.4913,2138,1.7229,0.62,30.25
Air Biru,6.63,75.0,NETRAL,LAYAK,Mineral,41188.70,2.0740,10829.20,0.5453,0.4935,2136,1.7213,0.72,30.25
Air Biru,6.63,75.0,NETRAL,LAYAK,Mineral,41809.70,2.1053,10829.20,0.5453,0.4935,2138,1.7229,0.62,30.25
Air Biru,6.63,75.0,NETRAL,LAYAK,Mineral,42081.70,2.1190,10819.60,0.5448,0.4936,2136,1.7213,0.72,30.19
Air Biru,6.63,75.0,NETRAL,LAYAK,Mineral,42052.90,2.1176,10774.80,0.5426,0.4916,2136,1.7213,0.72,30.19
Air Biru,6.63,75.0,NETRAL,LAYAK,Mineral,41876.90,2.1087,10830.80,0.5454,0.4936,2138,1.7229,0.62,30.25
Air Biru,6.63,75.0,NETRAL,LAYAK,Mineral,42473.90,2.1388,10806.80,0.5442,0.4925,2139,1.7237,0.56,30.25
Air Biru,6.63,75.0,NETRAL,LAYAK,Mineral,42232.40,2.1266,10800.40,0.5439,0.4927,2136,1.7213,0.72,30.19
Air Biru,6.63,75.0,NETRAL,LAYAK,Mineral,42381.20,2.1341,10846.80,0.5462,0.4943,2152,1.7342,0.00,30.25
Air Biru,6.63,75.0,NETRAL,LAYAK,Mineral,42501.20,2.1401,10790.80,0.5434,0.4917,2139,1.7237,0.56,30.25
Air Biru,6.63,75.0,NETRAL,LAYAK,Mineral,42352.40,2.1326,10782.80,0.5430,0.4914,2155,1.7366,0.00,30.25
Air Biru,6.63,75.0,NETRAL,LAYAK,Mineral,42507.60,2.1405,10763.60,0.5420,0.4911,2159,1.7399,0.00,30.19
Air Biru,6.63,75.0,NETRAL,LAYAK,Mineral,42342.80,2.1322,10771.60,0.5424,0.4909,2138,1.7229,0.62,30.25
Air Biru,6.63,75.0,NETRAL,LAYAK,Mineral,42758.80,2.1531,10731.60,0.5404,0.4890,2139,1.7237,0.56,30.25
Air Biru,6.63,75.0,NETRAL,LAYAK,Mineral,42781.20,2.1542,10720.40,0.5398,0.4885,2139,1.7237,0.56,30.25
Air Biru,6.63,75.0,NETRAL,LAYAK,Mineral,42587.60,2.1445,10720.40,0.5398,0.4885,2135,1.7205,0.77,30.25
Air Biru,6.63,75.0,NETRAL,LAYAK,Mineral,42571.60,2.1437,10784.40,0.5430,0.4914,2153,1.7350,0.00,30.25
Air Biru,6.63,75.0,NETRAL,LAYAK,Mineral,42795.60,2.1550,10731.60,0.5404,0.4896,2138,1.7229,0.62,30.19
Air Biru,6.63,75.0,NETRAL,LAYAK,Mineral,42795.60,2.1550,10757.20,0.5417,0.4902,2138,1.7229,0.62,30.25
Air Biru,6.63,75.0,NETRAL,LAYAK,Mineral,43056.40,2.1681,10762.00,0.5419,0.4904,2138,1.7229,0.62,30.25
Air Biru,6.63,75.0,NETRAL,LAYAK,Mineral,43189.20,2.1748,10734.80,0.5405,0.4892,2138,1.7229,0.62,30.25
Air Biru,6.63,75.0,NETRAL,LAYAK,Mineral,43182.80,2.1745,10710.80,0.5393,0.4886,2139,1.7237,0.56,30.19
Air Biru,6.63,75.0,NETRAL,LAYAK,Mineral,43104.40,2.1705,10755.60,0.5416,0.4901,2138,1.7229,0.62,30.25
Air Biru,6.63,75.0,NETRAL,LAYAK,Mineral,43299.60,2.1803,10758.80,0.5418,0.4903,2157,1.7382,0.00,30.25
Air Biru,6.63,75.0,NETRAL,LAYAK,Mineral,43496.40,2.1903,10760.40,0.5418,0.4909,2137,1.7221,0.67,30.19
Air Biru,6.63,75.0,NETRAL,LAYAK,Mineral,43336.40,2.1822,10698.00,0.5387,0.4881,2139,1.7237,0.56,30.19
Air Biru,6.63,75.0,NETRAL,LAYAK,Mineral,43381.20,2.1845,10755.60,0.5416,0.4901,2138,1.7229,0.62,30.25
Air Biru,6.63,75.0,NETRAL,LAYAK,Mineral,43507.60,2.1908,10731.60,0.5404,0.4890,2140,1.7245,0.51,30.25
Air Biru,6.63,75.0,NETRAL,LAYAK,Mineral,43725.20,2.2018,10774.80,0.5426,0.4910,2127,1.7141,1.18,30.25
Air Biru,6.63,75.0,NETRAL,LAYAK,Mineral,43197.20,2.1752,10757.20,0.5417,0.4902,2138,1.7229,0.62,30.25
Air Biru,6.63,75.0,NETRAL,LAYAK,Mineral,43509.20,2.1909,10773.20,0.5425,0.4909,2137,1.7221,0.67,30.25
Air Biru,6.63,75.0,NETRAL,LAYAK,Mineral,43232.40,2.1770,10718.80,0.5397,0.4885,2140,1.7245,0.51,30.25
Air Biru,6.63,75.0,NETRAL,LAYAK,Mineral,43843.70,2.2077,10802.00,0.5439,0.4928,2140,1.7245,0.51,30.19
Air Biru,6.63,75.0,NETRAL,LAYAK,Mineral,44176.80,2.2245,10755.60,0.5416,0.4901,2138,1.7229,0.62,30.25
Air Biru,6.63,75.0,NETRAL,LAYAK,Mineral,44122.30,2.2218,10813.20,0.5445,0.4928,2140,1.7245,0.51,30.25
Air Biru,6.63,75.0,NETRAL,LAYAK,Mineral,44080.60,2.2197,10698.00,0.5387,0.4881,2140,1.7245,0.51,30.19
Air Biru,6.63,75.0,NETRAL,LAYAK,Mineral,43783.00,2.2047,10781.20,0.5429,0.4913,2138,1.7229,0.62,30.25
Air Biru,6.63,75.0,NETRAL,LAYAK,Mineral,44021.60,2.2167,10755.60,0.5416,0.4901,2138,1.7229,0.62,30.25
Air Biru,6.63,75.0,NETRAL,LAYAK,Mineral,44021.60,2.2167,10821.20,0.5449,0.4931,2139,1.7237,0.56,30.25
Air Biru,6.63,75.0,NETRAL,LAYAK,Mineral,43616.40,2.1963,10805.20,0.5441,0.4924,2139,1.7237,0.56,30.25
Air Biru,6.63,75.0,NETRAL,LAYAK,Mineral,44087.10,2.2200,10752.40,0.5414,0.4900,2139,1.7237,0.56,30.25
Air Biru,6.63,75.0,NETRAL,LAYAK,Mineral,44002.40,2.2157,10723.60,0.5400,0.4887,2138,1.7229,0.62,30.25
Air Biru,6.63,75.0,NETRAL,LAYAK,Mineral,43883.90,2.2098,10770.00,0.5423,0.4913,2137,1.7221,0.67,30.19
Air Biru,6.63,75.0,NETRAL,LAYAK,Mineral,44133.60,2.2223,10693.20,0.5385,0.4878,2144,1.7278,0.31,30.19
Air Biru,6.63,75.0,NETRAL,LAYAK,Mineral,44122.40,2.2218,10771.60,0.5424,0.4914,2138,1.7229,0.62,30.19
Air Biru,6.63,75.0,NETRAL,LAYAK,Mineral,43810.20,2.2061,10810.00,0.5443,0.4932,2147,1.7302,0.15,30.19
Air Biru,6.63,75.0,NETRAL,LAYAK,Mineral,44498.50,2.2407,10698.00,0.5387,0.4875,2130,1.7165,1.03,30.25
Air Biru,6.63,75.0,NETRAL,LAYAK,Mineral,44636.10,2.2476,10781.20,0.5429,0.4913,2139,1.7237,0.56,30.25
Air Biru,6.63,75.0,NETRAL,LAYAK,Mineral,44085.60,2.2199,10773.20,0.5425,0.4909,2138,1.7229,0.62,30.25
Air Biru,6.63,75.0,NETRAL,LAYAK,Mineral,43965.50,2.2139,10763.60,0.5420,0.4911,2137,1.7221,0.67,30.19
Air Biru,6.63,75.0,NETRAL,LAYAK,Mineral,44394.60,2.2355,10755.60,0.5416,0.4907,2139,1.7237,0.56,30.19
Air Biru,6.63,75.0,NETRAL,LAYAK,Mineral,44616.90,2.2467,10755.60,0.5416,0.4901,2140,1.7245,0.51,30.25
Air Biru,6.63,75.0,NETRAL,LAYAK,Mineral,44205.70,2.2260,10637.20,0.5356,0.4847,2136,1.7213,0.72,30.25
Air Biru,6.63,75.0,NETRAL,LAYAK,Mineral,44364.10,2.2339,10742.80,0.5410,0.4901,2150,1.7326,0.00,30.19
Air Biru,6.63,75.0,NETRAL,LAYAK,Mineral,44421.70,2.2368,10782.80,0.5430,0.4919,2138,1.7229,0.62,30.19
Air Biru,6.63,75.0,NETRAL,LAYAK,Mineral,44575.40,2.2446,10824.40,0.5451,0.4933,2139,1.7237,0.56,30.25
Air Biru,6.63,75.0,NETRAL,LAYAK,Mineral,44336.80,2.2326,10813.20,0.5445,0.4928,2137,1.7221,0.67,30.25
Air Biru,6.63,75.0,NETRAL,LAYAK,Mineral,44434.50,2.2375,10776.40,0.5426,0.4911,2140,1.7245,0.51,30.25
Air Biru,6.63,75.0,NETRAL,LAYAK,Mineral,44341.70,2.2328,10779.60,0.5428,0.4912,2139,1.7237,0.56,30.25
Air Biru,6.63,75.0,NETRAL,LAYAK,Mineral,44231.20,2.2273,10781.20,0.5429,0.4913,2139,1.7237,0.56,30.25
Air Biru,6.63,75.0,NETRAL,LAYAK,Mineral,44520.80,2.2418,10758.80,0.5418,0.4903,2137,1.7221,0.67,30.25
Air Biru,6.63,75.0,NETRAL,LAYAK,Mineral,44479.30,2.2397,10765.20,0.5421,0.4911,2143,1.7270,0.36,30.19
Air Biru,6.63,75.0,NETRAL,LAYAK,Mineral,44743.30,2.2530,10757.20,0.5417,0.4902,2137,1.7221,0.67,30.25
Air Biru,6.63,75.0,NETRAL,LAYAK,Mineral,43994.50,2.2153,10778.00,0.5427,0.4912,2138,1.7229,0.62,30.25
Air Biru,6.63,75.0,NETRAL,LAYAK,Mineral,44516.10,2.2416,10755.60,0.5416,0.4907,2143,1.7270,0.36,30.19
Air Biru,6.63,75.0,NETRAL,LAYAK,Mineral,44372.00,2.2343,10794.00,0.5435,0.4924,2139,1.7237,0.56,30.19
Air Biru,6.63,75.0,NETRAL,LAYAK,Mineral,44536.90,2.2426,10774.80,0.5426,0.4910,2137,1.7221,0.67,30.25
Air Biru,6.63,75.0,NETRAL,LAYAK,Mineral,44589.70,2.2453,10734.80,0.5405,0.4892,2139,1.7237,0.56,30.25
Air Biru,6.63,75.0,NETRAL,LAYAK,Mineral,44517.70,2.2417,10787.60,0.5432,0.4916,2138,1.7229,0.62,30.25
Air Biru,6.63,75.0,NETRAL,LAYAK,Mineral,44548.10,2.2432,10766.80,0.5422,0.4906,2150,1.7326,0.00,30.25
Air Biru,6.63,75.0,NETRAL,LAYAK,Mineral,44287.20,2.2301,10778.00,0.5427,0.4912,2135,1.7205,0.77,30.25
Air Biru,6.63,75.0,NETRAL,LAYAK,Mineral,44583.30,2.2450,10776.40,0.5426,0.4911,2148,1.7310,0.10,30.25
Air Biru,6.63,75.0,NETRAL,LAYAK,Mineral,44632.90,2.2475,10802.00,0.5439,0.4922,2138,1.7229,0.62,30.25
Air Biru,6.63,75.0,NETRAL,LAYAK,Mineral,44325.60,2.2320,10832.40,0.5455,0.4936,2137,1.7221,0.67,30.25
Air Biru,6.63,75.0,NETRAL,LAYAK,Mineral,44456.90,2.2386,10746.00,0.5411,0.4897,2134,1.7197,0.82,30.25
Air Biru,6.63,75.0,NETRAL,LAYAK,Mineral,44389.60,2.2352,10744.40,0.5410,0.4902,2138,1.7229,0.62,30.19
Air Biru,6.63,75.0,NETRAL,LAYAK,Mineral,44608.90,2.2463,10744.40,0.5410,0.4902,2138,1.7229,0.62,30.19
Air Biru,6.63,75.0,NETRAL,LAYAK,Mineral,44242.40,2.2278,10826.00,0.5451,0.4939,2138,1.7229,0.62,30.19
Air Biru,6.63,75.0,NETRAL,LAYAK,Mineral,44780.10,2.2549,10816.40,0.5447,0.4935,2139,1.7237,0.56,30.19
Air Biru,6.63,75.0,NETRAL,LAYAK,Mineral,44605.70,2.2461,10798.80,0.5438,0.4927,2136,1.7213,0.72,30.19
Air Biru,6.63,75.0,NETRAL,LAYAK,Mineral,44407.20,2.2361,10854.80,0.5466,0.4952,2139,1.7237,0.56,30.19
Air Biru,6.63,75.0,NETRAL,LAYAK,Mineral,44333.60,2.2324,10861.20,0.5469,0.4955,2137,1.7221,0.67,30.19
Air Biru,6.63,75.0,NETRAL,LAYAK,Mineral,44821.70,2.2570,10834.00,0.5455,0.4943,2139,1.7237,0.56,30.19
Air Biru,6.63,75.0,NETRAL,LAYAK,Mineral,44914.50,2.2617,10790.80,0.5434,0.4923,2138,1.7229,0.62,30.19
Air Biru,6.63,75.0,NETRAL,LAYAK,Mineral,45244.20,2.2783,10725.20,0.5401,0.4887,2141,1.7253,0.46,30.25
Air Biru,6.63,75.0,NETRAL,LAYAK,Mineral,44455.20,2.2385,10818.00,0.5447,0.4935,2138,1.7229,0.62,30.19
Air Biru,6.63,75.0,NETRAL,LAYAK,Mineral,45055.30,2.2687,10811.60,0.5444,0.4932,2139,1.7237,0.56,30.19
Air Biru,6.63,75.0,NETRAL,LAYAK,Mineral,44724.00,2.2521,10795.60,0.5436,0.4925,2138,1.7229,0.62,30.19
Air Biru,6.63,75.0,NETRAL,LAYAK,Mineral,44876.00,2.2597,10806.80,0.5442,0.4925,2138,1.7229,0.62,30.25
Air Biru,6.63,75.0,NETRAL,LAYAK,Mineral,44857.00,2.2588,10786.00,0.5431,0.4921,2140,1.7245,0.51,30.19
Air Biru,6.63,75.0,NETRAL,LAYAK,Mineral,44698.50,2.2508,10842.00,0.5459,0.4946,2137,1.7221,0.67,30.19
Air Biru,6.63,75.0,NETRAL,LAYAK,Mineral,44632.80,2.2475,10870.80,0.5474,0.4959,2139,1.7237,0.56,30.19
Air Biru,6.63,75.0,NETRAL,LAYAK,Mineral,44876.20,2.2597,10854.80,0.5466,0.4952,2136,1.7213,0.72,30.19
Air Biru,6.63,75.0,NETRAL,LAYAK,Mineral,44866.50,2.2592,10862.80,0.5470,0.4950,2137,1.7221,0.67,30.25
Air Biru,6.63,75.0,NETRAL,LAYAK,Mineral,44933.60,2.2626,10845.20,0.5461,0.4942,2137,1.7221,0.67,30.25
Air Biru,6.63,75.0,NETRAL,LAYAK,Mineral,45335.40,2.2829,10861.20,0.5469,0.4949,2137,1.7221,0.67,30.25
Air Biru,6.63,75.0,NETRAL,LAYAK,Mineral,45133.70,2.2727,10715.60,0.5396,0.4889,2137,1.7221,0.67,30.19
Air Biru,6.63,75.0,NETRAL,LAYAK,Mineral,45309.70,2.2816,10818.00,0.5447,0.4935,2137,1.7221,0.67,30.19
Air Biru,6.63,75.0,NETRAL,LAYAK,Mineral,45185.00,2.2753,10826.00,0.5451,0.4939,2138,1.7229,0.62,30.19
Air Biru,6.63,75.0,NETRAL,LAYAK,Mineral,45239.30,2.2780,10741.20,0.5409,0.4900,2137,1.7221,0.67,30.19
Air Biru,6.63,75.0,NETRAL,LAYAK,Mineral,45287.30,2.2804,10774.80,0.5426,0.4916,2138,1.7229,0.62,30.19
Air Biru,6.63,75.0,NETRAL,LAYAK,Mineral,45218.50,2.2770,10795.60,0.5436,0.4925,2137,1.7221,0.67,30.19
Air Biru,6.63,75.0,NETRAL,LAYAK,Mineral,45240.90,2.2781,10850.00,0.5463,0.4950,2138,1.7229,0.62,30.19
Air Biru,6.63,75.0,NETRAL,LAYAK,Mineral,45522.60,2.2923,10845.20,0.5461,0.4948,2138,1.7229,0.62,30.19
Air Biru,6.63,75.0,NETRAL,LAYAK,Mineral,44882.40,2.2600,10819.60,0.5448,0.4936,2138,1.7229,0.62,30.19
Air Biru,6.63,75.0,NETRAL,LAYAK,Mineral,45237.70,2.2779,10726.80,0.5401,0.4894,2137,1.7221,0.67,30.19
Air Biru,6.63,75.0,NETRAL,LAYAK,Mineral,44597.60,2.2457,10818.00,0.5447,0.4930,2137,1.7221,0.67,30.25
Air Biru,6.63,75.0,NETRAL,LAYAK,Mineral,45338.60,2.2830,10829.20,0.5453,0.4940,2137,1.7221,0.67,30.19
Air Biru,6.63,75.0,NETRAL,LAYAK,Mineral,44912.80,2.2616,10805.20,0.5441,0.4929,2136,1.7213,0.72,30.19
Air Biru,6.63,75.0,NETRAL,LAYAK,Mineral,45327.30,2.2824,10803.60,0.5440,0.4929,2156,1.7374,0.00,30.19
Air Biru,6.63,75.0,NETRAL,LAYAK,Mineral,45048.90,2.2684,10778.00,0.5427,0.4917,2138,1.7229,0.62,30.19
Air Biru,6.63,75.0,NETRAL,LAYAK,Mineral,45452.20,2.2887,10816.40,0.5447,0.4935,2136,1.7213,0.72,30.19
Air Biru,6.63,75.0,NETRAL,LAYAK,Mineral,45644.20,2.2984,10882.00,0.5480,0.4965,2136,1.7213,0.72,30.19
Air Biru,6.63,75.0,NETRAL,LAYAK,Mineral,45735.40,2.3030,10829.20,0.5453,0.4940,2139,1.7237,0.56,30.19
Air Biru,6.63,75.0,NETRAL,LAYAK,Mineral,45434.50,2.2878,10790.80,0.5434,0.4917,2137,1.7221,0.67,30.25
Air Biru,6.63,75.0,NETRAL,LAYAK,Mineral,45244.10,2.2783,10728.40,0.5402,0.4894,2136,1.7213,0.72,30.19
Air Biru,6.63,75.0,NETRAL,LAYAK,Mineral,45698.60,2.3011,10856.40,0.5467,0.4947,2137,1.7221,0.67,30.25
Air Biru,6.63,75.0,NETRAL,LAYAK,Mineral,45178.50,2.2750,10861.20,0.5469,0.4955,2136,1.7213,0.72,30.19
Air Biru,6.63,75.0,NETRAL,LAYAK,Mineral,45738.60,2.3032,10861.20,0.5469,0.4955,2139,1.7237,0.56,30.19
Air Biru,6.63,75.0,NETRAL,LAYAK,Mineral,45698.60,2.3011,10861.20,0.5469,0.4955,2138,1.7229,0.62,30.19
Air Biru,6.63,75.0,NETRAL,LAYAK,Mineral,45541.70,2.2932,10878.80,0.5478,0.4963,2140,1.7245,0.51,30.19
Air Biru,6.63,75.0,NETRAL,LAYAK,Mineral,45695.40,2.3010,10869.20,0.5473,0.4953,2137,1.7221,0.67,30.25
Air Biru,6.63,75.0,NETRAL,LAYAK,Mineral,45696.90,2.3011,10909.20,0.5493,0.4977,2136,1.7213,0.72,30.19
Air Biru,6.63,75.0,NETRAL,LAYAK,Mineral,45517.70,2.2920,10922.00,0.5500,0.4983,2137,1.7221,0.67,30.19
Air Biru,6.63,75.0,NETRAL,LAYAK,Mineral,45746.60,2.3036,10890.00,0.5484,0.4968,2140,1.7245,0.51,30.19
Air Biru,6.63,75.0,NETRAL,LAYAK,Mineral,45341.60,2.2832,10936.40,0.5507,0.4989,2138,1.7229,0.62,30.19
Air Biru,6.63,75.0,NETRAL,LAYAK,Mineral,45573.80,2.2949,10840.40,0.5459,0.4940,2133,1.7189,0.87,30.25
Air Biru,6.63,75.0,NETRAL,LAYAK,Mineral,45874.50,2.3100,10858.00,0.5468,0.4954,2138,1.7229,0.62,30.19
Air Biru,6.63,75.0,NETRAL,LAYAK,Mineral,45559.40,2.2941,10901.20,0.5489,0.4973,2137,1.7221,0.67,30.19
Air Biru,6.63,75.0,NETRAL,LAYAK,Mineral,45490.40,2.2907,10904.40,0.5491,0.4969,2137,1.7221,0.67,30.25
Air Biru,6.63,75.0,NETRAL,LAYAK,Mineral,45612.20,2.2968,10824.40,0.5451,0.4938,2139,1.7237,0.56,30.19
Air Biru,6.63,75.0,NETRAL,LAYAK,Mineral,45296.80,2.2809,10890.00,0.5484,0.4968,2139,1.7237,0.56,30.19
Air Biru,6.63,75.0,NETRAL,LAYAK,Mineral,45671.30,2.2998,10859.60,0.5468,0.4954,2133,1.7189,0.87,30.19
Air Biru,6.63,75.0,NETRAL,LAYAK,Mineral,45519.30,2.2921,10798.80,0.5438,0.4927,2136,1.7213,0.72,30.19
Air Biru,6.63,75.0,NETRAL,LAYAK,Mineral,45901.80,2.3114,10869.20,0.5473,0.4959,2138,1.7229,0.62,30.19
Air Biru,6.63,75.0,NETRAL,LAYAK,Mineral,45552.90,2.2938,10826.00,0.5451,0.4933,2137,1.7221,0.67,30.25
Air Biru,6.63,75.0,NETRAL,LAYAK,Mineral,45695.40,2.3010,10717.20,0.5397,0.4889,2151,1.7334,0.00,30.19
Air Biru,6.63,75.0,NETRAL,LAYAK,Mineral,45567.30,2.2945,10818.00,0.5447,0.4935,2139,1.7237,0.56,30.19
Air Biru,6.63,75.0,NETRAL,LAYAK,Mineral,45604.10,2.2964,10795.60,0.5436,0.4925,2137,1.7221,0.67,30.19
Air Biru,6.63,75.0,NETRAL,LAYAK,Mineral,45938.60,2.3132,10842.00,0.5459,0.4941,2138,1.7229,0.62,30.25
Air Biru,6.63,75.0,NETRAL,LAYAK,Mineral,45925.80,2.3126,10862.80,0.5470,0.4950,2137,1.7221,0.67,30.25
Air Biru,6.63,75.0,NETRAL,LAYAK,Mineral,45834.60,2.3080,10846.80,0.5462,0.4948,2137,1.7221,0.67,30.19
Air Biru,6.63,75.0,NETRAL,LAYAK,Mineral,45951.40,2.3139,10810.00,0.5443,0.4932,2136,1.7213,0.72,30.19
Air Biru,6.63,75.0,NETRAL,LAYAK,Mineral,46100.40,2.3214,10810.00,0.5443,0.4932,2138,1.7229,0.62,30.19
Air Biru,6.63,75.0,NETRAL,LAYAK,Mineral,46190.00,2.3259,10901.20,0.5489,0.4973,2138,1.7229,0.62,30.19
Air Biru,6.63,75.0,NETRAL,LAYAK,Mineral,46134.00,2.3231,10827.60,0.5452,0.4940,2137,1.7221,0.67,30.19
Air Biru,6.63,75.0,NETRAL,LAYAK,Mineral,46052.20,2.3189,10875.60,0.5476,0.4962,2136,1.7213,0.72,30.19
Air Biru,6.63,75.0,NETRAL,LAYAK,Mineral,46132.30,2.3230,10864.40,0.5471,0.4957,2140,1.7245,0.51,30.19
Air Biru,6.63,75.0,NETRAL,LAYAK,Mineral,46159.50,2.3244,10798.80,0.5438,0.4927,2139,1.7237,0.56,30.19
Air Biru,6.63,75.0,NETRAL,LAYAK,Mineral,45685.70,2.3005,10896.40,0.5487,0.4971,2138,1.7229,0.62,30.19
Air Biru,6.63,75.0,NETRAL,LAYAK,Mineral,46162.80,2.3245,10862.80,0.5470,0.4956,2137,1.7221,0.67,30.19
Air Biru,6.63,75.0,NETRAL,LAYAK,Mineral,45949.90,2.3138,10904.40,0.5491,0.4975,2136,1.7213,0.72,30.19
Air Biru,6.63,75.0,NETRAL,LAYAK,Mineral,46071.70,2.3199,10842.00,0.5459,0.4946,2138,1.7229,0.62,30.19
Air Biru,6.63,75.0,NETRAL,LAYAK,Mineral,46383.70,2.3356,10904.40,0.5491,0.4975,2138,1.7229,0.62,30.19
Air Biru,6.63,75.0,NETRAL,LAYAK,Mineral,46788.60,2.3560,10901.20,0.5489,0.4973,2138,1.7229,0.62,30.19
Air Biru,6.63,75.0,NETRAL,LAYAK,Mineral,45857.00,2.3091,10843.60,0.5460,0.4947,2128,1.7149,1.13,30.19
Air Biru,6.63,75.0,NETRAL,LAYAK,Mineral,46052.30,2.3190,10904.40,0.5491,0.4975,2138,1.7229,0.62,30.19
Air Biru,6.63,75.0,NETRAL,LAYAK,Mineral,46058.80,2.3193,10803.60,0.5440,0.4929,2139,1.7237,0.56,30.19
Air Biru,6.63,75.0,NETRAL,LAYAK,Mineral,46575.80,2.3453,10859.60,0.5468,0.4954,2138,1.7229,0.62,30.19
Air Biru,6.63,75.0,NETRAL,LAYAK,Mineral,46209.10,2.3268,10838.80,0.5458,0.4945,2138,1.7229,0.62,30.19
Air Biru,6.63,75.0,NETRAL,LAYAK,Mineral,46531.00,2.3431,10771.60,0.5424,0.4909,2139,1.7237,0.56,30.25
Air Biru,6.63,75.0,NETRAL,LAYAK,Mineral,46371.00,2.3350,10859.60,0.5468,0.4954,2136,1.7213,0.72,30.19
Air Biru,6.63,75.0,NETRAL,LAYAK,Mineral,46476.60,2.3403,10802.00,0.5439,0.4928,2138,1.7229,0.62,30.19
Air Biru,6.63,75.0,NETRAL,LAYAK,Mineral,46238.00,2.3283,10702.80,0.5389,0.4883,2138,1.7229,0.62,30.19
Air Biru,6.63,75.0,NETRAL,LAYAK,Mineral,46702.20,2.3517,10758.80,0.5418,0.4908,2142,1.7262,0.41,30.19
Air Biru,6.63,75.0,NETRAL,LAYAK,Mineral,45807.30,2.3066,10848.40,0.5463,0.4949,2137,1.7221,0.67,30.19
Air Biru,6.63,75.0,NETRAL,LAYAK,Mineral,46478.20,2.3404,10792.40,0.5434,0.4924,2137,1.7221,0.67,30.19
Rivero,7.08,2.0,NETRAL,LAYAK,Mineral,46766.20,2.3549,10605.20,0.5340,0.4849,2138,1.7229,0.62,30.06
Rivero,7.08,2.0,NETRAL,LAYAK,Mineral,47239.80,2.3787,10584.40,0.5330,0.4840,2139,1.7237,0.56,30.06
Rivero,7.08,2.0,NETRAL,LAYAK,Mineral,46860.60,2.3597,10576.40,0.5326,0.4836,2142,1.7262,0.41,30.06
Rivero,7.08,2.0,NETRAL,LAYAK,Mineral,46655.80,2.3493,10597.20,0.5336,0.4846,2152,1.7342,0.00,30.06
Rivero,7.08,2.0,NETRAL,LAYAK,Mineral,47255.80,2.3796,10610.00,0.5343,0.4846,2140,1.7245,0.51,30.13
Rivero,7.08,2.0,NETRAL,LAYAK,Mineral,47382.20,2.3859,10608.40,0.5342,0.4851,2141,1.7253,0.46,30.06
Rivero,7.08,2.0,NETRAL,LAYAK,Mineral,47247.80,2.3792,10510.80,0.5293,0.4806,2141,1.7253,0.46,30.06
Rivero,7.08,2.0,NETRAL,LAYAK,Mineral,47790.20,2.4065,10603.60,0.5339,0.4849,2136,1.7213,0.72,30.06
Rivero,7.08,2.0,NETRAL,LAYAK,Mineral,47390.20,2.3863,10587.60,0.5331,0.4841,2139,1.7237,0.56,30.06
Rivero,7.08,2.0,NETRAL,LAYAK,Mineral,47617.40,2.3978,10562.00,0.5318,0.4829,2138,1.7229,0.62,30.06
Rivero,7.08,2.0,NETRAL,LAYAK,Mineral,47585.40,2.3962,10614.80,0.5345,0.4854,2141,1.7253,0.46,30.06
Rivero,7.08,2.0,NETRAL,LAYAK,Mineral,47681.40,2.4010,10638.80,0.5357,0.4865,2140,1.7245,0.51,30.06
Rivero,7.08,2.0,NETRAL,LAYAK,Mineral,47891.00,2.4115,10619.60,0.5347,0.4856,2141,1.7253,0.46,30.06
Rivero,7.08,2.0,NETRAL,LAYAK,Mineral,47982.20,2.4161,10656.40,0.5366,0.4873,2140,1.7245,0.51,30.06
Rivero,7.08,2.0,NETRAL,LAYAK,Mineral,48009.40,2.4175,10608.40,0.5342,0.4851,2140,1.7245,0.51,30.06
Rivero,7.08,2.0,NETRAL,LAYAK,Mineral,47961.40,2.4151,10622.80,0.5349,0.4857,2140,1.7245,0.51,30.06
Rivero,7.08,2.0,NETRAL,LAYAK,Mineral,48499.00,2.4422,10531.60,0.5303,0.4816,2139,1.7237,0.56,30.06
Rivero,7.08,2.0,NETRAL,LAYAK,Mineral,48396.60,2.4370,10648.40,0.5362,0.4869,2140,1.7245,0.51,30.06
Rivero,7.08,2.0,NETRAL,LAYAK,Mineral,48267.00,2.4305,10570.00,0.5322,0.4833,2140,1.7245,0.51,30.06
Rivero,7.08,2.0,NETRAL,LAYAK,Mineral,48639.80,2.4492,10674.00,0.5375,0.4881,2147,1.7302,0.15,30.06
Rivero,7.08,2.0,NETRAL,LAYAK,Mineral,48780.60,2.4563,10565.20,0.5320,0.4831,2141,1.7253,0.46,30.06
Rivero,7.08,2.0,NETRAL,LAYAK,Mineral,48679.80,2.4513,10635.60,0.5356,0.4863,2139,1.7237,0.56,30.06
Rivero,7.08,2.0,NETRAL,LAYAK,Mineral,48583.80,2.4464,10598.80,0.5337,0.4846,2139,1.7237,0.56,30.06
Rivero,7.08,2.0,NETRAL,LAYAK,Mineral,48877.00,2.4612,10664.40,0.5370,0.4876,2140,1.7245,0.51,30.06
Rivero,7.08,2.0,NETRAL,LAYAK,Mineral,48824.10,2.4585,10626.00,0.5351,0.4859,2139,1.7237,0.56,30.06
Rivero,7.08,2.0,NETRAL,LAYAK,Mineral,49129.90,2.4739,10646.80,0.5361,0.4868,2139,1.7237,0.56,30.06
Rivero,7.08,2.0,NETRAL,LAYAK,Mineral,48877.00,2.4612,10659.60,0.5368,0.4874,2139,1.7237,0.56,30.06
Rivero,7.08,2.0,NETRAL,LAYAK,Mineral,49530.40,2.4941,10586.00,0.5331,0.4840,2141,1.7253,0.46,30.06
Rivero,7.08,2.0,NETRAL,LAYAK,Mineral,49435.60,2.4893,10659.60,0.5368,0.4869,2139,1.7237,0.56,30.13
Rivero,7.08,2.0,NETRAL,LAYAK,Mineral,49772.00,2.5063,10646.80,0.5361,0.4868,2140,1.7245,0.51,30.06
Rivero,7.08,2.0,NETRAL,LAYAK,Mineral,49443.80,2.4897,10586.00,0.5331,0.4840,2140,1.7245,0.51,30.06
Rivero,7.08,2.0,NETRAL,LAYAK,Mineral,49730.40,2.5042,10643.60,0.5360,0.4867,2140,1.7245,0.51,30.06
Rivero,7.08,2.0,NETRAL,LAYAK,Mineral,49607.20,2.4980,10630.80,0.5353,0.4861,2141,1.7253,0.46,30.06
Rivero,7.08,2.0,NETRAL,LAYAK,Mineral,49480.60,2.4916,10656.40,0.5366,0.4873,2140,1.7245,0.51,30.06
Rivero,7.08,2.0,NETRAL,LAYAK,Mineral,49916.00,2.5135,10682.00,0.5379,0.4884,2140,1.7245,0.51,30.06
Rivero,7.08,2.0,NETRAL,LAYAK,Mineral,50199.20,2.5278,10666.00,0.5371,0.4877,2141,1.7253,0.46,30.06
Rivero,7.08,2.0,NETRAL,LAYAK,Mineral,50221.60,2.5289,10693.20,0.5385,0.4884,2141,1.7253,0.46,30.13
Rivero,7.08,2.0,NETRAL,LAYAK,Mineral,50064.80,2.5210,10610.00,0.5343,0.4851,2140,1.7245,0.51,30.06
Rivero,7.08,2.0,NETRAL,LAYAK,Mineral,50272.80,2.5315,10672.40,0.5374,0.4880,2140,1.7245,0.51,30.06
Rivero,7.08,2.0,NETRAL,LAYAK,Mineral,50392.80,2.5375,10650.00,0.5363,0.4870,2142,1.7262,0.41,30.06
Rivero,7.08,2.0,NETRAL,LAYAK,Mineral,50261.60,2.5309,10570.00,0.5322,0.4828,2139,1.7237,0.56,30.13
Rivero,7.08,2.0,NETRAL,LAYAK,Mineral,50199.20,2.5278,10672.40,0.5374,0.4880,2138,1.7229,0.62,30.06
Rivero,7.08,2.0,NETRAL,LAYAK,Mineral,50487.20,2.5423,10650.00,0.5363,0.4870,2139,1.7237,0.56,30.06
Rivero,7.08,2.0,NETRAL,LAYAK,Mineral,50658.40,2.5509,10616.40,0.5346,0.4854,2140,1.7245,0.51,30.06
Rivero,7.08,2.0,NETRAL,LAYAK,Mineral,50284.00,2.5320,10683.60,0.5380,0.4880,2140,1.7245,0.51,30.13
Rivero,7.08,2.0,NETRAL,LAYAK,Mineral,50575.20,2.5467,10667.60,0.5372,0.4878,2138,1.7229,0.62,30.06
Rivero,7.08,2.0,NETRAL,LAYAK,Mineral,50530.40,2.5444,10640.40,0.5358,0.4860,2139,1.7237,0.56,30.13
Rivero,7.08,2.0,NETRAL,LAYAK,Mineral,50488.80,2.5424,10645.20,0.5360,0.4868,2140,1.7245,0.51,30.06
Rivero,7.08,2.0,NETRAL,LAYAK,Mineral,50746.40,2.5553,10645.20,0.5360,0.4862,2139,1.7237,0.56,30.13
Rivero,7.08,2.0,NETRAL,LAYAK,Mineral,50623.20,2.5491,10630.80,0.5353,0.4861,2140,1.7245,0.51,30.06
Rivero,7.08,2.0,NETRAL,LAYAK,Mineral,50621.60,2.5490,10603.60,0.5339,0.4843,2150,1.7326,0.00,30.13
Rivero,7.08,2.0,NETRAL,LAYAK,Mineral,50708.00,2.5534,10586.00,0.5331,0.4840,2142,1.7262,0.41,30.06
Rivero,7.08,2.0,NETRAL,LAYAK,Mineral,50440.80,2.5399,10573.20,0.5324,0.4835,2140,1.7245,0.51,30.06
Rivero,7.08,2.0,NETRAL,LAYAK,Mineral,50756.00,2.5558,10509.20,0.5292,0.4805,2141,1.7253,0.46,30.06
Rivero,7.08,2.0,NETRAL,LAYAK,Mineral,50922.40,2.5642,10621.20,0.5348,0.4857,2141,1.7253,0.46,30.06
Rivero,7.08,2.0,NETRAL,LAYAK,Mineral,50176.80,2.5266,10635.60,0.5356,0.4858,2139,1.7237,0.56,30.13
Rivero,7.08,2.0,NETRAL,LAYAK,Mineral,50460.00,2.5409,10653.20,0.5364,0.4871,2139,1.7237,0.56,30.06
Rivero,7.08,2.0,NETRAL,LAYAK,Mineral,50176.80,2.5266,10613.20,0.5344,0.4853,2139,1.7237,0.56,30.06
Rivero,7.08,2.0,NETRAL,LAYAK,Mineral,50589.60,2.5474,10626.00,0.5351,0.4853,2139,1.7237,0.56,30.13
Rivero,7.08,2.0,NETRAL,LAYAK,Mineral,50688.80,2.5524,10605.20,0.5340,0.4844,2138,1.7229,0.62,30.13
Rivero,7.08,2.0,NETRAL,LAYAK,Mineral,50290.40,2.5324,10626.00,0.5351,0.4859,2139,1.7237,0.56,30.06
Rivero,7.08,2.0,NETRAL,LAYAK,Mineral,50693.60,2.5527,10606.80,0.5341,0.4844,2140,1.7245,0.51,30.13
Rivero,7.08,2.0,NETRAL,LAYAK,Mineral,50786.40,2.5573,10555.60,0.5315,0.4827,2139,1.7237,0.56,30.06
Rivero,7.08,2.0,NETRAL,LAYAK,Mineral,50716.00,2.5538,10614.80,0.5345,0.4854,2141,1.7253,0.46,30.06
Rivero,7.08,2.0,NETRAL,LAYAK,Mineral,50688.80,2.5524,10549.20,0.5312,0.4824,2140,1.7245,0.51,30.06
Rivero,7.08,2.0,NETRAL,LAYAK,Mineral,50642.40,2.5501,10651.60,0.5364,0.4870,2138,1.7229,0.62,30.06
Rivero,7.08,2.0,NETRAL,LAYAK,Mineral,50733.60,2.5547,10600.40,0.5338,0.4842,2140,1.7245,0.51,30.13
Rivero,7.08,2.0,NETRAL,LAYAK,Mineral,50629.60,2.5494,10602.00,0.5339,0.4842,2140,1.7245,0.51,30.13
Rivero,7.08,2.0,NETRAL,LAYAK,Mineral,50629.60,2.5494,10565.20,0.5320,0.4825,2138,1.7229,0.62,30.13
Rivero,7.08,2.0,NETRAL,LAYAK,Mineral,50610.40,2.5485,10605.20,0.5340,0.4849,2139,1.7237,0.56,30.06
Rivero,7.08,2.0,NETRAL,LAYAK,Mineral,50757.60,2.5559,10582.80,0.5329,0.4834,2138,1.7229,0.62,30.13
Rivero,7.08,2.0,NETRAL,LAYAK,Mineral,50615.20,2.5487,10606.80,0.5341,0.4850,2141,1.7253,0.46,30.06
Rivero,7.08,2.0,NETRAL,LAYAK,Mineral,50764.00,2.5562,10653.20,0.5364,0.4866,2139,1.7237,0.56,30.13
Rivero,7.08,2.0,NETRAL,LAYAK,Mineral,50746.40,2.5553,10632.40,0.5354,0.4862,2139,1.7237,0.56,30.06
Rivero,7.08,2.0,NETRAL,LAYAK,Mineral,50597.60,2.5478,10598.80,0.5337,0.4841,2141,1.7253,0.46,30.13
Rivero,7.08,2.0,NETRAL,LAYAK,Mineral,50773.60,2.5567,10677.20,0.5376,0.4877,2140,1.7245,0.51,30.13
Rivero,7.08,2.0,NETRAL,LAYAK,Mineral,50853.60,2.5607,10626.00,0.5351,0.4859,2142,1.7262,0.41,30.06
Rivero,7.08,2.0,NETRAL,LAYAK,Mineral,50546.40,2.5453,10611.60,0.5343,0.4852,2134,1.7197,0.82,30.06
Rivero,7.08,2.0,NETRAL,LAYAK,Mineral,50730.40,2.5545,10656.40,0.5366,0.4873,2141,1.7253,0.46,30.06
Rivero,7.08,2.0,NETRAL,LAYAK,Mineral,50912.80,2.5637,10557.20,0.5316,0.4827,2141,1.7253,0.46,30.06
Rivero,7.08,2.0,NETRAL,LAYAK,Mineral,50813.60,2.5587,10675.60,0.5376,0.4881,2142,1.7262,0.41,30.06
Rivero,7.08,2.0,NETRAL,LAYAK,Mineral,50792.80,2.5577,10597.20,0.5336,0.4846,2140,1.7245,0.51,30.06
Rivero,7.08,2.0,NETRAL,LAYAK,Mineral,50924.00,2.5643,10632.40,0.5354,0.4862,2135,1.7205,0.77,30.06
Rivero,7.08,2.0,NETRAL,LAYAK,Mineral,50997.60,2.5680,10656.40,0.5366,0.4873,2138,1.7229,0.62,30.06
Rivero,7.08,2.0,NETRAL,LAYAK,Mineral,50636.00,2.5498,10600.40,0.5338,0.4847,2135,1.7205,0.77,30.06
Rivero,7.08,2.0,NETRAL,LAYAK,Mineral,50823.20,2.5592,10613.20,0.5344,0.4853,2136,1.7213,0.72,30.06
Rivero,7.08,2.0,NETRAL,LAYAK,Mineral,50880.80,2.5621,10643.60,0.5360,0.4861,2139,1.7237,0.56,30.13
Rivero,7.08,2.0,NETRAL,LAYAK,Mineral,50629.60,2.5494,10594.00,0.5335,0.4844,2139,1.7237,0.56,30.06
Rivero,7.08,2.0,NETRAL,LAYAK,Mineral,50978.40,2.5670,10571.60,0.5323,0.4828,2139,1.7237,0.56,30.13
Rivero,7.08,2.0,NETRAL,LAYAK,Mineral,50836.00,2.5598,10632.40,0.5354,0.4856,2141,1.7253,0.46,30.13
Rivero,7.08,2.0,NETRAL,LAYAK,Mineral,50944.80,2.5653,10589.20,0.5332,0.4836,2140,1.7245,0.51,30.13
Rivero,7.08,2.0,NETRAL,LAYAK,Mineral,51004.00,2.5683,10602.00,0.5339,0.4848,2140,1.7245,0.51,30.06
Rivero,7.08,2.0,NETRAL,LAYAK,Mineral,50864.80,2.5613,10606.80,0.5341,0.4850,2137,1.7221,0.67,30.06
Rivero,7.08,2.0,NETRAL,LAYAK,Mineral,51032.80,2.5697,10576.40,0.5326,0.4836,2137,1.7221,0.67,30.06
Rivero,7.08,2.0,NETRAL,LAYAK,Mineral,51072.80,2.5718,10656.40,0.5366,0.4873,2139,1.7237,0.56,30.06
Rivero,7.08,2.0,NETRAL,LAYAK,Mineral,51264.80,2.5814,10630.80,0.5353,0.4861,2140,1.7245,0.51,30.06
Rivero,7.08,2.0,NETRAL,LAYAK,Mineral,51092.00,2.5727,10605.20,0.5340,0.4844,2139,1.7237,0.56,30.13
Rivero,7.08,2.0,NETRAL,LAYAK,Mineral,51242.40,2.5803,10672.40,0.5374,0.4880,2141,1.7253,0.46,30.06
Rivero,7.08,2.0,NETRAL,LAYAK,Mineral,51234.40,2.5799,10587.60,0.5331,0.4836,2139,1.7237,0.56,30.13
Rivero,7.08,2.0,NETRAL,LAYAK,Mineral,51199.20,2.5781,10653.20,0.5364,0.4871,2128,1.7149,1.13,30.06
Rivero,7.08,2.0,NETRAL,LAYAK,Mineral,51343.20,2.5854,10624.40,0.5350,0.4858,2141,1.7253,0.46,30.06
Rivero,7.08,2.0,NETRAL,LAYAK,Mineral,51248.80,2.5806,10629.20,0.5352,0.4855,2139,1.7237,0.56,30.13
Rivero,7.08,2.0,NETRAL,LAYAK,Mineral,51295.20,2.5830,10674.00,0.5375,0.4881,2138,1.7229,0.62,30.06
Rivero,7.08,2.0,NETRAL,LAYAK,Mineral,51293.60,2.5829,10635.60,0.5356,0.4863,2141,1.7253,0.46,30.06
Rivero,7.08,2.0,NETRAL,LAYAK,Mineral,51332.00,2.5848,10621.20,0.5348,0.4857,2140,1.7245,0.51,30.06
Rivero,7.08,2.0,NETRAL,LAYAK,Mineral,51304.80,2.5834,10645.20,0.5360,0.4868,2141,1.7253,0.46,30.06
Rivero,7.08,2.0,NETRAL,LAYAK,Mineral,51300.00,2.5832,10659.60,0.5368,0.4874,2141,1.7253,0.46,30.06
Rivero,7.08,2.0,NETRAL,LAYAK,Mineral,51552.80,2.5959,10586.00,0.5331,0.4840,2140,1.7245,0.51,30.06
Rivero,7.08,2.0,NETRAL,LAYAK,Mineral,51468.00,2.5917,10618.00,0.5347,0.4855,2140,1.7245,0.51,30.06
Rivero,7.08,2.0,NETRAL,LAYAK,Mineral,51479.20,2.5922,10587.60,0.5331,0.4836,2139,1.7237,0.56,30.13
Rivero,7.08,2.0,NETRAL,LAYAK,Mineral,51375.20,2.5870,10626.00,0.5351,0.4853,2139,1.7237,0.56,30.13
Rivero,7.08,2.0,NETRAL,LAYAK,Mineral,51424.80,2.5895,10626.00,0.5351,0.4853,2139,1.7237,0.56,30.13
Rivero,7.08,2.0,NETRAL,LAYAK,Mineral,51519.20,2.5942,10656.40,0.5366,0.4867,2140,1.7245,0.51,30.13
Rivero,7.08,2.0,NETRAL,LAYAK,Mineral,51458.40,2.5912,10640.40,0.5358,0.4865,2141,1.7253,0.46,30.06
Rivero,7.08,2.0,NETRAL,LAYAK,Mineral,51583.20,2.5975,10613.20,0.5344,0.4847,2135,1.7205,0.77,30.13
Rivero,7.08,2.0,NETRAL,LAYAK,Mineral,51333.60,2.5849,10635.60,0.5356,0.4863,2141,1.7253,0.46,30.06
Rivero,7.08,2.0,NETRAL,LAYAK,Mineral,51317.60,2.5841,10555.60,0.5315,0.4827,2138,1.7229,0.62,30.06
Rivero,7.08,2.0,NETRAL,LAYAK,Mineral,51415.20,2.5890,10654.80,0.5365,0.4866,2141,1.7253,0.46,30.13
Rivero,7.08,2.0,NETRAL,LAYAK,Mineral,51656.80,2.6012,10650.00,0.5363,0.4870,2141,1.7253,0.46,30.06
Rivero,7.08,2.0,NETRAL,LAYAK,Mineral,51602.40,2.5984,10643.60,0.5360,0.4867,2138,1.7229,0.62,30.06
Rivero,7.08,2.0,NETRAL,LAYAK,Mineral,51556.00,2.5961,10651.60,0.5364,0.4865,2140,1.7245,0.51,30.13
Rivero,7.08,2.0,NETRAL,LAYAK,Mineral,51426.40,2.5896,10619.60,0.5347,0.4856,2143,1.7270,0.36,30.06
Rivero,7.08,2.0,NETRAL,LAYAK,Mineral,51605.60,2.5986,10598.80,0.5337,0.4846,2138,1.7229,0.62,30.06
Rivero,7.08,2.0,NETRAL,LAYAK,Mineral,51679.20,2.6023,10653.20,0.5364,0.4866,2140,1.7245,0.51,30.13
Rivero,7.08,2.0,NETRAL,LAYAK,Mineral,51648.80,2.6008,10629.20,0.5352,0.4860,2142,1.7262,0.41,30.06
Rivero,7.08,2.0,NETRAL,LAYAK,Mineral,51634.40,2.6000,10664.40,0.5370,0.4871,2141,1.7253,0.46,30.13
Rivero,7.08,2.0,NETRAL,LAYAK,Mineral,51738.40,2.6053,10627.60,0.5352,0.4859,2140,1.7245,0.51,30.06
Rivero,7.08,2.0,NETRAL,LAYAK,Mineral,51781.60,2.6075,10654.80,0.5365,0.4872,2140,1.7245,0.51,30.06
Rivero,7.08,2.0,NETRAL,LAYAK,Mineral,51845.60,2.6107,10606.80,0.5341,0.4850,2142,1.7262,0.41,30.06
Rivero,7.08,2.0,NETRAL,LAYAK,Mineral,51842.40,2.6105,10600.40,0.5338,0.4842,2140,1.7245,0.51,30.13
Rivero,7.08,2.0,NETRAL,LAYAK,Mineral,51693.60,2.6030,10643.60,0.5360,0.4861,2140,1.7245,0.51,30.13
Rivero,7.08,2.0,NETRAL,LAYAK,Mineral,52000.80,2.6185,10662.80,0.5369,0.4876,2140,1.7245,0.51,30.06
Rivero,7.08,2.0,NETRAL,LAYAK,Mineral,51887.20,2.6128,10626.00,0.5351,0.4859,2140,1.7245,0.51,30.06
Rivero,7.08,2.0,NETRAL,LAYAK,Mineral,52388.00,2.6380,10667.60,0.5372,0.4878,2140,1.7245,0.51,30.06
Rivero,7.08,2.0,NETRAL,LAYAK,Mineral,51850.40,2.6109,10659.60,0.5368,0.4869,2140,1.7245,0.51,30.13
Rivero,7.08,2.0,NETRAL,LAYAK,Mineral,51861.60,2.6115,10626.00,0.5351,0.4853,2139,1.7237,0.56,30.13
Rivero,7.08,2.0,NETRAL,LAYAK,Mineral,51973.60,2.6171,10690.00,0.5383,0.4888,2140,1.7245,0.51,30.06
Rivero,7.08,2.0,NETRAL,LAYAK,Mineral,51924.00,2.6146,10662.80,0.5369,0.4876,2153,1.7350,0.00,30.06
Rivero,7.08,2.0,NETRAL,LAYAK,Mineral,51948.00,2.6158,10728.40,0.5402,0.4906,2140,1.7245,0.51,30.06
Rivero,7.08,2.0,NETRAL,LAYAK,Mineral,51932.00,2.6150,10653.20,0.5364,0.4866,2141,1.7253,0.46,30.13
Rivero,7.08,2.0,NETRAL,LAYAK,Mineral,52122.40,2.6246,10682.00,0.5379,0.4884,2140,1.7245,0.51,30.06
Rivero,7.08,2.0,NETRAL,LAYAK,Mineral,52103.20,2.6236,10693.20,0.5385,0.4889,2142,1.7262,0.41,30.06
Rivero,7.08,2.0,NETRAL,LAYAK,Mineral,51837.60,2.6103,10629.20,0.5352,0.4860,2140,1.7245,0.51,30.06
Rivero,7.08,2.0,NETRAL,LAYAK,Mineral,52013.60,2.6191,10674.00,0.5375,0.4875,2142,1.7262,0.41,30.13
Rivero,7.08,2.0,NETRAL,LAYAK,Mineral,52053.60,2.6211,10699.60,0.5388,0.4887,2138,1.7229,0.62,30.13
Rivero,7.08,2.0,NETRAL,LAYAK,Mineral,52136.80,2.6253,10712.40,0.5394,0.4898,2141,1.7253,0.46,30.06
Rivero,7.08,2.0,NETRAL,LAYAK,Mineral,52119.20,2.6245,10670.80,0.5373,0.4879,2139,1.7237,0.56,30.06
Rivero,7.08,2.0,NETRAL,LAYAK,Mineral,52056.80,2.6213,10710.80,0.5393,0.4898,2142,1.7262,0.41,30.06
Rivero,7.08,2.0,NETRAL,LAYAK,Mineral,52199.20,2.6285,10715.60,0.5396,0.4900,2137,1.7221,0.67,30.06
Rivero,7.08,2.0,NETRAL,LAYAK,Mineral,52053.60,2.6211,10710.80,0.5393,0.4898,2141,1.7253,0.46,30.06
Rivero,7.08,2.0,NETRAL,LAYAK,Mineral,52175.20,2.6273,10688.40,0.5382,0.4882,2141,1.7253,0.46,30.13
Rivero,7.08,2.0,NETRAL,LAYAK,Mineral,52200.80,2.6286,10707.60,0.5392,0.4896,2155,1.7366,0.00,30.06
Rivero,7.08,2.0,NETRAL,LAYAK,Mineral,52277.60,2.6324,10691.60,0.5384,0.4889,2140,1.7245,0.51,30.06
Rivero,7.08,2.0,NETRAL,LAYAK,Mineral,52175.20,2.6273,10714.00,0.5395,0.4893,2140,1.7245,0.51,30.13
Rivero,7.08,2.0,NETRAL,LAYAK,Mineral,52370.40,2.6371,10749.20,0.5413,0.4910,2140,1.7245,0.51,30.13
Rivero,7.08,2.0,NETRAL,LAYAK,Mineral,52120.80,2.6245,10765.20,0.5421,0.4922,2141,1.7253,0.46,30.06
Rivero,7.08,2.0,NETRAL,LAYAK,Mineral,52252.00,2.6311,10747.60,0.5412,0.4914,2141,1.7253,0.46,30.06
Rivero,7.08,2.0,NETRAL,LAYAK,Mineral,52279.20,2.6325,10754.00,0.5415,0.4917,2150,1.7326,0.00,30.06
Rivero,7.08,2.0,NETRAL,LAYAK,Mineral,52135.20,2.6253,10720.40,0.5398,0.4902,2139,1.7237,0.56,30.06
Rivero,7.08,2.0,NETRAL,LAYAK,Mineral,52146.40,2.6258,10712.40,0.5394,0.4893,2141,1.7253,0.46,30.13
Rivero,7.08,2.0,NETRAL,LAYAK,Mineral,52304.80,2.6338,10683.60,0.5380,0.4885,2140,1.7245,0.51,30.06
Rivero,7.08,2.0,NETRAL,LAYAK,Mineral,52149.60,2.6260,10722.00,0.5399,0.4903,2139,1.7237,0.56,30.06
Rivero,7.08,2.0,NETRAL,LAYAK,Mineral,52207.20,2.6289,10726.80,0.5401,0.4905,2133,1.7189,0.87,30.06
Rivero,7.08,2.0,NETRAL,LAYAK,Mineral,52120.80,2.6245,10720.40,0.5398,0.4902,2140,1.7245,0.51,30.06
Rivero,7.08,2.0,NETRAL,LAYAK,Mineral,51988.00,2.6178,10709.20,0.5393,0.4891,2141,1.7253,0.46,30.13
Rivero,7.08,2.0,NETRAL,LAYAK,Mineral,52370.40,2.6371,10755.60,0.5416,0.4918,2141,1.7253,0.46,30.06
Rivero,7.08,2.0,NETRAL,LAYAK,Mineral,52189.60,2.6280,10758.80,0.5418,0.4919,2141,1.7253,0.46,30.06
Rivero,7.08,2.0,NETRAL,LAYAK,Mineral,52095.20,2.6232,10734.80,0.5405,0.4908,2139,1.7237,0.56,30.06
Rivero,7.08,2.0,NETRAL,LAYAK,Mineral,52053.60,2.6211,10717.20,0.5397,0.4900,2138,1.7229,0.62,30.06
Rivero,7.08,2.0,NETRAL,LAYAK,Mineral,51999.20,2.6184,10694.80,0.5385,0.4890,2139,1.7237,0.56,30.06
Rivero,7.08,2.0,NETRAL,LAYAK,Mineral,51890.40,2.6129,10739.60,0.5408,0.4911,2140,1.7245,0.51,30.06
Rivero,7.08,2.0,NETRAL,LAYAK,Mineral,52210.40,2.6290,10710.80,0.5393,0.4898,2140,1.7245,0.51,30.06
Rivero,7.08,2.0,NETRAL,LAYAK,Mineral,52260.00,2.6315,10739.60,0.5408,0.4911,2140,1.7245,0.51,30.06
Rivero,7.08,2.0,NETRAL,LAYAK,Mineral,52180.00,2.6275,10750.80,0.5414,0.4916,2139,1.7237,0.56,30.06
Rivero,7.08,2.0,NETRAL,LAYAK,Mineral,51996.00,2.6182,10722.00,0.5399,0.4903,2141,1.7253,0.46,30.06
Rivero,7.08,2.0,NETRAL,LAYAK,Mineral,52325.60,2.6348,10741.20,0.5409,0.4911,2139,1.7237,0.56,30.06
Rivero,7.08,2.0,NETRAL,LAYAK,Mineral,52255.20,2.6313,10741.20,0.5409,0.4911,2144,1.7278,0.31,30.06
Rivero,7.08,2.0,NETRAL,LAYAK,Mineral,52165.60,2.6268,10739.60,0.5408,0.4911,2142,1.7262,0.41,30.06
Rivero,7.08,2.0,NETRAL,LAYAK,Mineral,52064.80,2.6217,10746.00,0.5411,0.4914,2140,1.7245,0.51,30.06
Rivero,7.08,2.0,NETRAL,LAYAK,Mineral,52140.00,2.6255,10706.00,0.5391,0.4895,2140,1.7245,0.51,30.06
Rivero,7.08,2.0,NETRAL,LAYAK,Mineral,52207.20,2.6289,10734.80,0.5405,0.4903,2142,1.7262,0.41,30.13
Rivero,7.08,2.0,NETRAL,LAYAK,Mineral,52090.40,2.6230,10686.80,0.5381,0.4887,2141,1.7253,0.46,30.06
Rivero,7.08,2.0,NETRAL,LAYAK,Mineral,52148.00,2.6259,10661.20,0.5368,0.4869,2141,1.7253,0.46,30.13
Rivero,7.08,2.0,NETRAL,LAYAK,Mineral,52223.20,2.6297,10702.80,0.5389,0.4894,2138,1.7229,0.62,30.06
Rivero,7.08,2.0,NETRAL,LAYAK,Mineral,52076.00,2.6223,10664.40,0.5370,0.4871,2140,1.7245,0.51,30.13
Rivero,7.08,2.0,NETRAL,LAYAK,Mineral,52029.60,2.6199,10707.60,0.5392,0.4896,2142,1.7262,0.41,30.06
Rivero,7.08,2.0,NETRAL,LAYAK,Mineral,52127.20,2.6249,10728.40,0.5402,0.4900,2139,1.7237,0.56,30.13
Rivero,7.08,2.0,NETRAL,LAYAK,Mineral,52221.60,2.6296,10637.20,0.5356,0.4864,2141,1.7253,0.46,30.06
Rivero,7.08,2.0,NETRAL,LAYAK,Mineral,52044.00,2.6207,10669.20,0.5372,0.4879,2141,1.7253,0.46,30.06
Rivero,7.08,2.0,NETRAL,LAYAK,Mineral,52096.80,2.6233,10693.20,0.5385,0.4889,2154,1.7358,0.00,30.06
Rivero,7.08,2.0,NETRAL,LAYAK,Mineral,51997.60,2.6183,10677.20,0.5376,0.4882,2142,1.7262,0.41,30.06
Rivero,7.08,2.0,NETRAL,LAYAK,Mineral,52176.80,2.6274,10686.80,0.5381,0.4887,2142,1.7262,0.41,30.06
Rivero,7.08,2.0,NETRAL,LAYAK,Mineral,52004.00,2.6186,10730.00,0.5403,0.4906,2141,1.7253,0.46,30.06
Rivero,7.08,2.0,NETRAL,LAYAK,Mineral,52013.60,2.6191,10699.60,0.5388,0.4892,2142,1.7262,0.41,30.06
Rivero,7.08,2.0,NETRAL,LAYAK,Mineral,52114.40,2.6242,10702.80,0.5389,0.4894,2139,1.7237,0.56,30.06
Rivero,7.08,2.0,NETRAL,LAYAK,Mineral,52162.40,2.6266,10702.80,0.5389,0.4894,2142,1.7262,0.41,30.06
Rivero,7.08,2.0,NETRAL,LAYAK,Mineral,52103.20,2.6236,10651.60,0.5364,0.4870,2141,1.7253,0.46,30.06
Rivero,7.08,2.0,NETRAL,LAYAK,Mineral,52164.00,2.6267,10682.00,0.5379,0.4884,2143,1.7270,0.36,30.06
Rivero,7.08,2.0,NETRAL,LAYAK,Mineral,52176.80,2.6274,10651.60,0.5364,0.4870,2152,1.7342,0.00,30.06
Rivero,7.08,2.0,NETRAL,LAYAK,Mineral,52165.60,2.6268,10637.20,0.5356,0.4864,2140,1.7245,0.51,30.06
