nama_sample,ph_label,ppm_label,status_air,kelayakan,jenis_air,raw_ph,volt_ph,raw_tds,volt_tds,comp_volt_tds,raw_turb,volt_turb,ntu_sensor,suhu
Keran Mentah,6.68,233.0,NETRAL,TIDAK LAYAK,Air Mentah,59804.40,3.0114,13921.20,0.7010,0.6446,2115,1.7044,1.79,29.38
Keran Mentah,6.68,233.0,NETRAL,TIDAK LAYAK,Air Mentah,59980.40,3.0203,15020.70,0.7564,0.6963,2070,1.6681,4.10,29.31
Keran Mentah,6.68,233.0,NETRAL,TIDAK LAYAK,Air Mentah,46374.00,2.3352,15603.50,0.7857,0.7233,2165,1.7447,0.00,29.31
Keran Mentah,6.68,233.0,NETRAL,TIDAK LAYAK,Air Mentah,46705.10,2.3518,14071.90,0.7086,0.6516,2164,1.7439,0.00,29.38
Keran Mentah,6.68,233.0,NETRAL,TIDAK LAYAK,Air Mentah,46276.20,2.3302,14033.40,0.7066,0.6498,2165,1.7447,0.00,29.38
Keran Mentah,6.68,233.0,NETRAL,TIDAK LAYAK,Air Mentah,46269.80,2.3299,14774.40,0.7440,0.6841,2162,1.7423,0.00,29.38
Keran Mentah,6.68,233.0,NETRAL,TIDAK LAYAK,Air Mentah,46256.90,2.3293,14201.50,0.7151,0.6576,2163,1.7431,0.00,29.38
Keran Mentah,6.68,233.0,NETRAL,TIDAK LAYAK,Air Mentah,46916.40,2.3625,13721.20,0.6909,0.6353,2164,1.7439,0.00,29.38
Keran Mentah,6.68,233.0,NETRAL,TIDAK LAYAK,Air Mentah,46490.60,2.3410,14619.20,0.7361,0.6769,2163,1.7431,0.00,29.38
Keran Mentah,6.68,233.0,NETRAL,TIDAK LAYAK,Air Mentah,46734.10,2.3533,14439.90,0.7271,0.6686,2165,1.7447,0.00,29.38
Keran Mentah,6.68,233.0,NETRAL,TIDAK LAYAK,Air Mentah,46582.00,2.3456,13404.40,0.6750,0.6207,2165,1.7447,0.00,29.38
Keran Mentah,6.68,233.0,NETRAL,TIDAK LAYAK,Air Mentah,46735.50,2.3534,14487.90,0.7295,0.6708,2166,1.7455,0.00,29.38
Keran Mentah,6.68,233.0,NETRAL,TIDAK LAYAK,Air Mentah,46996.40,2.3665,15683.20,0.7897,0.7262,2163,1.7431,0.00,29.38
Keran Mentah,6.68,233.0,NETRAL,TIDAK LAYAK,Air Mentah,46698.80,2.3515,14795.20,0.7450,0.6851,2161,1.7415,0.00,29.38
Keran Mentah,6.68,233.0,NETRAL,TIDAK LAYAK,Air Mentah,46357.90,2.3343,14126.30,0.7113,0.6541,2163,1.7431,0.00,29.38
Keran Mentah,6.68,233.0,NETRAL,TIDAK LAYAK,Air Mentah,46535.50,2.3433,14723.10,0.7414,0.6817,2162,1.7423,0.00,29.38
Keran Mentah,6.68,233.0,NETRAL,TIDAK LAYAK,Air Mentah,46754.80,2.3543,14150.30,0.7125,0.6552,2165,1.7447,0.00,29.38
Keran Mentah,6.68,233.0,NETRAL,TIDAK LAYAK,Air Mentah,47323.00,2.3829,13881.20,0.6990,0.6427,2165,1.7447,0.00,29.38
Keran Mentah,6.68,233.0,NETRAL,TIDAK LAYAK,Air Mentah,46828.60,2.3580,14859.10,0.7482,0.6880,2164,1.7439,0.00,29.38
Keran Mentah,6.68,233.0,NETRAL,TIDAK LAYAK,Air Mentah,47054.20,2.3694,15023.90,0.7565,0.6957,2162,1.7423,0.00,29.38
Keran Mentah,6.68,233.0,NETRAL,TIDAK LAYAK,Air Mentah,46847.80,2.3590,13727.70,0.6913,0.6356,2162,1.7423,0.00,29.38
Keran Mentah,6.68,233.0,NETRAL,TIDAK LAYAK,Air Mentah,46667.00,2.3499,13778.80,0.6938,0.6380,2161,1.7415,0.00,29.38
Keran Mentah,6.68,233.0,NETRAL,TIDAK LAYAK,Air Mentah,47257.40,2.3796,14459.00,0.7281,0.6695,2160,1.7407,0.00,29.38
Keran Mentah,6.68,233.0,NETRAL,TIDAK LAYAK,Air Mentah,47348.60,2.3842,14142.30,0.7121,0.6548,2162,1.7423,0.00,29.38
Keran Mentah,6.68,233.0,NETRAL,TIDAK LAYAK,Air Mentah,46734.20,2.3533,13462.00,0.6779,0.6233,2164,1.7439,0.00,29.38
Keran Mentah,6.68,233.0,NETRAL,TIDAK LAYAK,Air Mentah,47011.00,2.3672,14371.00,0.7236,0.6654,2164,1.7439,0.00,29.38
Keran Mentah,6.68,233.0,NETRAL,TIDAK LAYAK,Air Mentah,47348.60,2.3842,14721.60,0.7413,0.6817,2183,1.7592,0.00,29.38
Keran Mentah,6.68,233.0,NETRAL,TIDAK LAYAK,Air Mentah,47404.80,2.3871,13274.80,0.6684,0.6147,2166,1.7455,0.00,29.38
Keran Mentah,6.68,233.0,NETRAL,TIDAK LAYAK,Air Mentah,47219.10,2.3777,13702.10,0.6900,0.6345,2164,1.7439,0.00,29.38
Keran Mentah,6.68,233.0,NETRAL,TIDAK LAYAK,Air Mentah,46948.60,2.3641,15038.40,0.7573,0.6963,2164,1.7439,0.00,29.38
Keran Mentah,6.68,233.0,NETRAL,TIDAK LAYAK,Air Mentah,47561.50,2.3949,14361.40,0.7232,0.6650,2165,1.7447,0.00,29.38
Keran Mentah,6.68,233.0,NETRAL,TIDAK LAYAK,Air Mentah,47326.30,2.3831,13838.00,0.6968,0.6400,2162,1.7423,0.00,29.44
Keran Mentah,6.68,233.0,NETRAL,TIDAK LAYAK,Air Mentah,47342.30,2.3839,14590.30,0.7347,0.6748,2170,1.7487,0.00,29.44
Keran Mentah,6.68,233.0,NETRAL,TIDAK LAYAK,Air Mentah,46996.60,2.3665,14180.60,0.7141,0.6566,2166,1.7455,0.00,29.38
Keran Mentah,6.68,233.0,NETRAL,TIDAK LAYAK,Air Mentah,47308.80,2.3822,13370.80,0.6733,0.6184,2161,1.7415,0.00,29.44
Keran Mentah,6.68,233.0,NETRAL,TIDAK LAYAK,Air Mentah,47134.20,2.3734,13948.50,0.7024,0.6451,2164,1.7439,0.00,29.44
Keran Mentah,6.68,233.0,NETRAL,TIDAK LAYAK,Air Mentah,47635.20,2.3987,15393.60,0.7751,0.7128,2163,1.7431,0.00,29.38
Keran Mentah,6.68,233.0,NETRAL,TIDAK LAYAK,Air Mentah,47662.50,2.4000,14454.20,0.7278,0.6693,2162,1.7423,0.00,29.38
Keran Mentah,6.68,233.0,NETRAL,TIDAK LAYAK,Air Mentah,47448.10,2.3892,13818.80,0.6958,0.6399,2164,1.7439,0.00,29.38
Keran Mentah,6.68,233.0,NETRAL,TIDAK LAYAK,Air Mentah,47433.50,2.3885,14543.90,0.7324,0.6734,2163,1.7431,0.00,29.38
Keran Mentah,6.68,233.0,NETRAL,TIDAK LAYAK,Air Mentah,47696.00,2.4017,14116.70,0.7108,0.6536,2164,1.7439,0.00,29.38
Keran Mentah,6.68,233.0,NETRAL,TIDAK LAYAK,Air Mentah,47620.70,2.3979,13787.00,0.6942,0.6376,2162,1.7423,0.00,29.44
Keran Mentah,6.68,233.0,NETRAL,TIDAK LAYAK,Air Mentah,47878.50,2.4109,14958.20,0.7532,0.6926,2163,1.7431,0.00,29.38
Keran Mentah,6.68,233.0,NETRAL,TIDAK LAYAK,Air Mentah,47403.00,2.3870,14422.30,0.7262,0.6678,2163,1.7431,0.00,29.38
Keran Mentah,6.68,233.0,NETRAL,TIDAK LAYAK,Air Mentah,47235.20,2.3785,13234.80,0.6664,0.6121,2163,1.7431,0.00,29.44
Keran Mentah,6.68,233.0,NETRAL,TIDAK LAYAK,Air Mentah,47736.00,2.4037,13484.40,0.6790,0.6237,2163,1.7431,0.00,29.44
Keran Mentah,6.68,233.0,NETRAL,TIDAK LAYAK,Air Mentah,47676.80,2.4008,14736.00,0.7420,0.6823,2163,1.7431,0.00,29.38
Keran Mentah,6.68,233.0,NETRAL,TIDAK LAYAK,Air Mentah,47726.50,2.4033,14470.20,0.7286,0.6700,2165,1.7447,0.00,29.38
Keran Mentah,6.68,233.0,NETRAL,TIDAK LAYAK,Air Mentah,47569.80,2.3954,13820.40,0.6959,0.6399,2162,1.7423,0.00,29.38
Keran Mentah,6.68,233.0,NETRAL,TIDAK LAYAK,Air Mentah,47396.60,2.3866,14691.10,0.7398,0.6802,2163,1.7431,0.00,29.38
Keran Mentah,6.68,233.0,NETRAL,TIDAK LAYAK,Air Mentah,47710.50,2.4025,14651.20,0.7378,0.6784,2162,1.7423,0.00,29.38
Keran Mentah,6.68,233.0,NETRAL,TIDAK LAYAK,Air Mentah,47612.90,2.3975,13305.20,0.6700,0.6161,2171,1.7495,0.00,29.38
Keran Mentah,6.68,233.0,NETRAL,TIDAK LAYAK,Air Mentah,47705.70,2.4022,14569.20,0.7336,0.6746,2163,1.7431,0.00,29.38
Keran Mentah,6.68,233.0,NETRAL,TIDAK LAYAK,Air Mentah,47180.80,2.3758,14662.40,0.7383,0.6789,2163,1.7431,0.00,29.38
Keran Mentah,6.68,233.0,NETRAL,TIDAK LAYAK,Air Mentah,47696.20,2.4017,13213.80,0.6654,0.6111,2163,1.7431,0.00,29.44
Keran Mentah,6.68,233.0,NETRAL,TIDAK LAYAK,Air Mentah,47760.00,2.4049,13129.10,0.6611,0.6079,2163,1.7431,0.00,29.38
Keran Mentah,6.68,233.0,NETRAL,TIDAK LAYAK,Air Mentah,47473.70,2.3905,14153.30,0.7127,0.6553,2163,1.7431,0.00,29.38
Keran Mentah,6.68,233.0,NETRAL,TIDAK LAYAK,Air Mentah,47484.70,2.3911,13859.10,0.6979,0.6410,2162,1.7423,0.00,29.44
Keran Mentah,6.68,233.0,NETRAL,TIDAK LAYAK,Air Mentah,47489.60,2.3913,12956.30,0.6524,0.5999,2163,1.7431,0.00,29.38
Keran Mentah,6.68,233.0,NETRAL,TIDAK LAYAK,Air Mentah,47185.60,2.3760,12958.10,0.6525,0.6000,2160,1.7407,0.00,29.38
Keran Mentah,6.68,233.0,NETRAL,TIDAK LAYAK,Air Mentah,47201.50,2.3768,14419.20,0.7261,0.6677,2154,1.7358,0.00,29.38
Keran Mentah,6.68,233.0,NETRAL,TIDAK LAYAK,Air Mentah,47579.20,2.3958,13377.30,0.6736,0.6194,2162,1.7423,0.00,29.38
Keran Mentah,6.68,233.0,NETRAL,TIDAK LAYAK,Air Mentah,47292.80,2.3814,13031.50,0.6562,0.6034,2165,1.7447,0.00,29.38
Keran Mentah,6.68,233.0,NETRAL,TIDAK LAYAK,Air Mentah,47752.00,2.4045,14168.00,0.7134,0.6553,2154,1.7358,0.00,29.44
Keran Mentah,6.68,233.0,NETRAL,TIDAK LAYAK,Air Mentah,47800.00,2.4070,13729.50,0.6913,0.6357,2162,1.7423,0.00,29.38
Keran Mentah,6.68,233.0,NETRAL,TIDAK LAYAK,Air Mentah,47561.60,2.3950,12903.50,0.6498,0.5975,2163,1.7431,0.00,29.38
Keran Mentah,6.68,233.0,NETRAL,TIDAK LAYAK,Air Mentah,47396.80,2.3867,13289.30,0.6692,0.6153,2162,1.7423,0.00,29.38
Keran Mentah,6.68,233.0,NETRAL,TIDAK LAYAK,Air Mentah,47235.30,2.3785,14731.20,0.7418,0.6821,2161,1.7415,0.00,29.38
Keran Mentah,6.68,233.0,NETRAL,TIDAK LAYAK,Air Mentah,47449.60,2.3893,14310.20,0.7206,0.6626,2163,1.7431,0.00,29.38
Keran Mentah,6.68,233.0,NETRAL,TIDAK LAYAK,Air Mentah,47829.00,2.4084,13641.20,0.6869,0.6316,2163,1.7431,0.00,29.38
Keran Mentah,6.68,233.0,NETRAL,TIDAK LAYAK,Air Mentah,47412.80,2.3875,13634.80,0.6866,0.6313,2164,1.7439,0.00,29.38
Keran Mentah,6.68,233.0,NETRAL,TIDAK LAYAK,Air Mentah,47702.60,2.4021,14884.70,0.7495,0.6892,2163,1.7431,0.00,29.38
Keran Mentah,6.68,233.0,NETRAL,TIDAK LAYAK,Air Mentah,47388.90,2.3863,14990.40,0.7548,0.6941,2160,1.7407,0.00,29.38
Keran Mentah,6.68,233.0,NETRAL,TIDAK LAYAK,Air Mentah,47791.90,2.4066,14346.90,0.7224,0.6643,2160,1.7407,0.00,29.38
Keran Mentah,6.68,233.0,NETRAL,TIDAK LAYAK,Air Mentah,47204.80,2.3770,14260.80,0.7181,0.6596,2169,1.7479,0.00,29.44
Keran Mentah,6.68,233.0,NETRAL,TIDAK LAYAK,Air Mentah,47377.70,2.3857,15079.90,0.7593,0.6982,2185,1.7608,0.00,29.38
Keran Mentah,6.68,233.0,NETRAL,TIDAK LAYAK,Air Mentah,47268.90,2.3802,15319.90,0.7714,0.7085,2162,1.7423,0.00,29.44
Keran Mentah,6.68,233.0,NETRAL,TIDAK LAYAK,Air Mentah,47299.20,2.3817,14492.60,0.7298,0.6711,2163,1.7431,0.00,29.38
Keran Mentah,6.68,233.0,NETRAL,TIDAK LAYAK,Air Mentah,47709.00,2.4024,13812.50,0.6955,0.6396,2184,1.7600,0.00,29.38
Keran Mentah,6.68,233.0,NETRAL,TIDAK LAYAK,Air Mentah,47761.80,2.4050,15004.80,0.7556,0.6948,2163,1.7431,0.00,29.38
Keran Mentah,6.68,233.0,NETRAL,TIDAK LAYAK,Air Mentah,47310.50,2.3823,14284.60,0.7193,0.6614,2158,1.7390,0.00,29.38
Keran Mentah,6.68,233.0,NETRAL,TIDAK LAYAK,Air Mentah,47913.70,2.4127,13585.20,0.6841,0.6283,2162,1.7423,0.00,29.44
Keran Mentah,6.68,233.0,NETRAL,TIDAK LAYAK,Air Mentah,48115.50,2.4228,14663.60,0.7384,0.6782,2173,1.7511,0.00,29.44
Keran Mentah,6.68,233.0,NETRAL,TIDAK LAYAK,Air Mentah,47984.20,2.4162,15073.60,0.7590,0.6972,2161,1.7415,0.00,29.44
Keran Mentah,6.68,233.0,NETRAL,TIDAK LAYAK,Air Mentah,47952.10,2.4146,14161.40,0.7131,0.6557,2160,1.7407,0.00,29.38
Keran Mentah,6.68,233.0,NETRAL,TIDAK LAYAK,Air Mentah,47873.90,2.4107,13578.60,0.6837,0.6287,2176,1.7536,0.00,29.38
Keran Mentah,6.68,233.0,NETRAL,TIDAK LAYAK,Air Mentah,47873.80,2.4107,14658.90,0.7381,0.6788,2162,1.7423,0.00,29.38
Keran Mentah,6.68,233.0,NETRAL,TIDAK LAYAK,Air Mentah,47796.90,2.4068,14070.00,0.7085,0.6515,2164,1.7439,0.00,29.38
Keran Mentah,6.68,233.0,NETRAL,TIDAK LAYAK,Air Mentah,48070.70,2.4206,13617.20,0.6857,0.6305,2161,1.7415,0.00,29.38
Keran Mentah,6.68,233.0,NETRAL,TIDAK LAYAK,Air Mentah,47721.80,2.4030,14526.00,0.7315,0.6726,2161,1.7415,0.00,29.38
Keran Mentah,6.68,233.0,NETRAL,TIDAK LAYAK,Air Mentah,47517.00,2.3927,14531.10,0.7317,0.6728,2158,1.7390,0.00,29.38
Keran Mentah,6.68,233.0,NETRAL,TIDAK LAYAK,Air Mentah,47997.10,2.4169,12983.40,0.6538,0.6012,2147,1.7302,0.15,29.38
Keran Mentah,6.68,233.0,NETRAL,TIDAK LAYAK,Air Mentah,47700.80,2.4020,13026.80,0.6560,0.6032,2169,1.7479,0.00,29.38
Keran Mentah,6.68,233.0,NETRAL,TIDAK LAYAK,Air Mentah,47683.40,2.4011,14398.20,0.7250,0.6667,2162,1.7423,0.00,29.38
Keran Mentah,6.68,233.0,NETRAL,TIDAK LAYAK,Air Mentah,47609.80,2.3974,14209.40,0.7155,0.6572,2163,1.7431,0.00,29.44
Keran Mentah,6.68,233.0,NETRAL,TIDAK LAYAK,Air Mentah,47648.10,2.3993,13522.80,0.6809,0.6261,2161,1.7415,0.00,29.38
Keran Mentah,6.68,233.0,NETRAL,TIDAK LAYAK,Air Mentah,47848.10,2.4094,14049.60,0.7075,0.6505,2162,1.7423,0.00,29.38
Keran Mentah,6.68,233.0,NETRAL,TIDAK LAYAK,Air Mentah,47496.10,2.3917,14050.80,0.7075,0.6506,2160,1.7407,0.00,29.38
Keran Mentah,6.68,233.0,NETRAL,TIDAK LAYAK,Air Mentah,47790.60,2.4065,13409.20,0.6752,0.6209,2159,1.7399,0.00,29.38
Keran Mentah,6.68,233.0,NETRAL,TIDAK LAYAK,Air Mentah,48155.50,2.4249,14303.80,0.7203,0.6623,2162,1.7423,0.00,29.38
Keran Mentah,6.68,233.0,NETRAL,TIDAK LAYAK,Air Mentah,47963.50,2.4152,14804.50,0.7455,0.6855,2159,1.7399,0.00,29.38
Keran Mentah,6.68,233.0,NETRAL,TIDAK LAYAK,Air Mentah,47958.70,2.4149,13569.20,0.6833,0.6283,2163,1.7431,0.00,29.38
Keran Mentah,6.68,233.0,NETRAL,TIDAK LAYAK,Air Mentah,48293.20,2.4318,12972.20,0.6532,0.6007,2162,1.7423,0.00,29.38
Keran Mentah,6.68,233.0,NETRAL,TIDAK LAYAK,Air Mentah,47537.80,2.3938,13876.70,0.6988,0.6425,2163,1.7431,0.00,29.38
Keran Mentah,6.68,233.0,NETRAL,TIDAK LAYAK,Air Mentah,47797.10,2.4068,13628.40,0.6863,0.6310,2161,1.7415,0.00,29.38
Keran Mentah,6.68,233.0,NETRAL,TIDAK LAYAK,Air Mentah,48091.40,2.4216,12805.80,0.6448,0.5923,2162,1.7423,0.00,29.44
Keran Mentah,6.68,233.0,NETRAL,TIDAK LAYAK,Air Mentah,48037.10,2.4189,13154.90,0.6624,0.6091,2162,1.7423,0.00,29.38
Keran Mentah,6.68,233.0,NETRAL,TIDAK LAYAK,Air Mentah,47688.20,2.4013,14530.90,0.7317,0.6728,2162,1.7423,0.00,29.38
Keran Mentah,6.68,233.0,NETRAL,TIDAK LAYAK,Air Mentah,47985.80,2.4163,14172.60,0.7137,0.6562,2163,1.7431,0.00,29.38
Keran Mentah,6.68,233.0,NETRAL,TIDAK LAYAK,Air Mentah,47837.00,2.4088,13679.60,0.6888,0.6334,2162,1.7423,0.00,29.38
Keran Mentah,6.68,233.0,NETRAL,TIDAK LAYAK,Air Mentah,47925.00,2.4133,14486.00,0.7294,0.6707,2163,1.7431,0.00,29.38
Keran Mentah,6.68,233.0,NETRAL,TIDAK LAYAK,Air Mentah,48352.40,2.4348,14590.10,0.7347,0.6756,2157,1.7382,0.00,29.38
Keran Mentah,6.68,233.0,NETRAL,TIDAK LAYAK,Air Mentah,48488.30,2.4416,13338.80,0.6717,0.6176,2163,1.7431,0.00,29.38
Keran Mentah,6.68,233.0,NETRAL,TIDAK LAYAK,Air Mentah,48531.50,2.4438,13061.80,0.6577,0.6048,2163,1.7431,0.00,29.38
Keran Mentah,6.68,233.0,NETRAL,TIDAK LAYAK,Air Mentah,48573.10,2.4459,14948.70,0.7527,0.6922,2163,1.7431,0.00,29.38
Keran Mentah,6.68,233.0,NETRAL,TIDAK LAYAK,Air Mentah,48102.60,2.4222,14115.00,0.7108,0.6536,2162,1.7423,0.00,29.38
Keran Mentah,6.68,233.0,NETRAL,TIDAK LAYAK,Air Mentah,48342.70,2.4343,13554.80,0.6825,0.6276,2163,1.7431,0.00,29.38
Keran Mentah,6.68,233.0,NETRAL,TIDAK LAYAK,Air Mentah,48062.60,2.4202,14489.40,0.7296,0.6709,2161,1.7415,0.00,29.38
Keran Mentah,6.68,233.0,NETRAL,TIDAK LAYAK,Air Mentah,48576.20,2.4460,14841.30,0.7473,0.6864,2163,1.7431,0.00,29.44
Keran Mentah,6.68,233.0,NETRAL,TIDAK LAYAK,Air Mentah,48819.50,2.4583,13742.00,0.6920,0.6356,2150,1.7326,0.00,29.44
Keran Mentah,6.68,233.0,NETRAL,TIDAK LAYAK,Air Mentah,48904.40,2.4626,13295.60,0.6695,0.6156,2162,1.7423,0.00,29.38
Keran Mentah,6.68,233.0,NETRAL,TIDAK LAYAK,Air Mentah,48826.00,2.4586,14033.30,0.7066,0.6498,2156,1.7374,0.00,29.38
Keran Mentah,6.68,233.0,NETRAL,TIDAK LAYAK,Air Mentah,48893.20,2.4620,13783.70,0.6941,0.6382,2163,1.7431,0.00,29.38
Keran Mentah,6.68,233.0,NETRAL,TIDAK LAYAK,Air Mentah,48859.50,2.4603,13590.00,0.6843,0.6293,2161,1.7415,0.00,29.38
Keran Mentah,6.68,233.0,NETRAL,TIDAK LAYAK,Air Mentah,48573.10,2.4459,14319.80,0.7211,0.6631,2163,1.7431,0.00,29.38
Keran Mentah,6.68,233.0,NETRAL,TIDAK LAYAK,Air Mentah,48505.80,2.4425,14771.20,0.7438,0.6840,2161,1.7415,0.00,29.38
Keran Mentah,6.68,233.0,NETRAL,TIDAK LAYAK,Air Mentah,48611.50,2.4478,14159.80,0.7130,0.6556,2163,1.7431,0.00,29.38
Keran Mentah,6.68,233.0,NETRAL,TIDAK LAYAK,Air Mentah,48629.00,2.4487,13465.20,0.6780,0.6235,2171,1.7495,0.00,29.38
Keran Mentah,6.68,233.0,NETRAL,TIDAK LAYAK,Air Mentah,48507.40,2.4426,14334.10,0.7218,0.6637,2162,1.7423,0.00,29.38
Keran Mentah,6.68,233.0,NETRAL,TIDAK LAYAK,Air Mentah,48958.70,2.4653,14674.90,0.7390,0.6787,2161,1.7415,0.00,29.44
Keran Mentah,6.68,233.0,NETRAL,TIDAK LAYAK,Air Mentah,49025.90,2.4687,13604.40,0.6850,0.6299,2178,1.7552,0.00,29.38
Keran Mentah,6.68,233.0,NETRAL,TIDAK LAYAK,Air Mentah,48872.30,2.4610,13124.40,0.6609,0.6077,2163,1.7431,0.00,29.38
Keran Mentah,6.68,233.0,NETRAL,TIDAK LAYAK,Air Mentah,49323.60,2.4837,14411.00,0.7257,0.6673,2160,1.7407,0.00,29.38
Keran Mentah,6.68,233.0,NETRAL,TIDAK LAYAK,Air Mentah,48961.80,2.4655,13617.50,0.6857,0.6305,2162,1.7423,0.00,29.38
Keran Mentah,6.68,233.0,NETRAL,TIDAK LAYAK,Air Mentah,48741.00,2.4543,13028.20,0.6560,0.6032,2162,1.7423,0.00,29.38
Keran Mentah,6.68,233.0,NETRAL,TIDAK LAYAK,Air Mentah,48913.90,2.4630,13338.90,0.6717,0.6176,2175,1.7527,0.00,29.38
Keran Mentah,6.68,233.0,NETRAL,TIDAK LAYAK,Air Mentah,48760.20,2.4553,14438.10,0.7270,0.6685,2162,1.7423,0.00,29.38
Keran Mentah,6.68,233.0,NETRAL,TIDAK LAYAK,Air Mentah,48630.60,2.4488,14020.60,0.7060,0.6492,2160,1.7407,0.00,29.38
Keran Mentah,6.68,233.0,NETRAL,TIDAK LAYAK,Air Mentah,48942.70,2.4645,13454.00,0.6775,0.6230,2163,1.7431,0.00,29.38
Keran Mentah,6.68,233.0,NETRAL,TIDAK LAYAK,Air Mentah,48843.40,2.4595,14298.80,0.7200,0.6621,2163,1.7431,0.00,29.38
Keran Mentah,6.68,233.0,NETRAL,TIDAK LAYAK,Air Mentah,49053.10,2.4701,14836.80,0.7471,0.6870,2148,1.7310,0.10,29.38
Keran Mentah,6.68,233.0,NETRAL,TIDAK LAYAK,Air Mentah,49229.10,2.4789,13530.70,0.6813,0.6265,2162,1.7423,0.00,29.38
Keran Mentah,6.68,233.0,NETRAL,TIDAK LAYAK,Air Mentah,49430.80,2.4891,12986.60,0.6539,0.6013,2161,1.7415,0.00,29.38
Keran Mentah,6.68,233.0,NETRAL,TIDAK LAYAK,Air Mentah,48955.50,2.4651,13890.90,0.6995,0.6425,2162,1.7423,0.00,29.44
Keran Mentah,6.68,233.0,NETRAL,TIDAK LAYAK,Air Mentah,49027.50,2.4688,13686.10,0.6892,0.6337,2162,1.7423,0.00,29.38
Keran Mentah,6.68,233.0,NETRAL,TIDAK LAYAK,Air Mentah,49089.90,2.4719,13237.80,0.6666,0.6130,2163,1.7431,0.00,29.38
Keran Mentah,6.68,233.0,NETRAL,TIDAK LAYAK,Air Mentah,49067.40,2.4708,13746.70,0.6922,0.6365,2162,1.7423,0.00,29.38
Keran Mentah,6.68,233.0,NETRAL,TIDAK LAYAK,Air Mentah,48865.80,2.4606,14806.40,0.7456,0.6856,2176,1.7536,0.00,29.38
Keran Mentah,6.68,233.0,NETRAL,TIDAK LAYAK,Air Mentah,49029.10,2.4688,14022.20,0.7061,0.6493,2159,1.7399,0.00,29.38
Keran Mentah,6.68,233.0,NETRAL,TIDAK LAYAK,Air Mentah,49482.00,2.4917,12922.90,0.6507,0.5984,2166,1.7455,0.00,29.38
Keran Mentah,6.68,233.0,NETRAL,TIDAK LAYAK,Air Mentah,48947.50,2.4647,14468.50,0.7286,0.6692,2162,1.7423,0.00,29.44
Keran Mentah,6.68,233.0,NETRAL,TIDAK LAYAK,Air Mentah,49579.60,2.4966,13966.20,0.7033,0.6467,2162,1.7423,0.00,29.38
Keran Mentah,6.68,233.0,NETRAL,TIDAK LAYAK,Air Mentah,49554.00,2.4953,13550.00,0.6823,0.6274,2160,1.7407,0.00,29.38
Keran Mentah,6.68,233.0,NETRAL,TIDAK LAYAK,Air Mentah,49262.80,2.4806,14033.20,0.7066,0.6490,2161,1.7415,0.00,29.44
Keran Mentah,6.68,233.0,NETRAL,TIDAK LAYAK,Air Mentah,48926.70,2.4637,14800.00,0.7453,0.6845,2160,1.7407,0.00,29.44
Keran Mentah,6.68,233.0,NETRAL,TIDAK LAYAK,Air Mentah,49126.70,2.4738,13642.70,0.6870,0.6317,2182,1.7584,0.00,29.38
Keran Mentah,6.68,233.0,NETRAL,TIDAK LAYAK,Air Mentah,49240.30,2.4795,13132.20,0.6613,0.6081,2161,1.7415,0.00,29.38
Keran Mentah,6.68,233.0,NETRAL,TIDAK LAYAK,Air Mentah,49237.20,2.4793,13858.90,0.6979,0.6417,2161,1.7415,0.00,29.38
Keran Mentah,6.68,233.0,NETRAL,TIDAK LAYAK,Air Mentah,49197.10,2.4773,13937.10,0.7018,0.6453,2161,1.7415,0.00,29.38
Keran Mentah,6.68,233.0,NETRAL,TIDAK LAYAK,Air Mentah,49261.10,2.4805,13237.90,0.6666,0.6130,2162,1.7423,0.00,29.38
Keran Mentah,6.68,233.0,NETRAL,TIDAK LAYAK,Air Mentah,49211.50,2.4780,13924.50,0.7012,0.6447,2162,1.7423,0.00,29.38
Keran Mentah,6.68,233.0,NETRAL,TIDAK LAYAK,Air Mentah,49157.10,2.4753,13826.90,0.6963,0.6402,2162,1.7423,0.00,29.38
Keran Mentah,6.68,233.0,NETRAL,TIDAK LAYAK,Air Mentah,49208.30,2.4779,13209.00,0.6651,0.6116,2161,1.7415,0.00,29.38
Keran Mentah,6.68,233.0,NETRAL,TIDAK LAYAK,Air Mentah,48832.20,2.4589,12860.30,0.6476,0.5955,2164,1.7439,0.00,29.38
Keran Mentah,6.68,233.0,NETRAL,TIDAK LAYAK,Air Mentah,49045.10,2.4697,14025.30,0.7062,0.6494,2162,1.7423,0.00,29.38
Keran Mentah,6.68,233.0,NETRAL,TIDAK LAYAK,Air Mentah,48923.40,2.4635,13540.60,0.6818,0.6270,2162,1.7423,0.00,29.38
Keran Mentah,6.68,233.0,NETRAL,TIDAK LAYAK,Air Mentah,49776.40,2.5065,13100.20,0.6597,0.6066,2160,1.7407,0.00,29.38
Keran Mentah,6.68,233.0,NETRAL,TIDAK LAYAK,Air Mentah,49289.90,2.4820,14247.60,0.7174,0.6597,2161,1.7415,0.00,29.38
Keran Mentah,6.68,233.0,NETRAL,TIDAK LAYAK,Air Mentah,49217.90,2.4784,13918.10,0.7008,0.6445,2162,1.7423,0.00,29.38
Keran Mentah,6.68,233.0,NETRAL,TIDAK LAYAK,Air Mentah,49424.30,2.4887,12638.00,0.6364,0.5852,2162,1.7423,0.00,29.38
Keran Mentah,6.68,233.0,NETRAL,TIDAK LAYAK,Air Mentah,49405.20,2.4878,13292.30,0.6693,0.6155,2162,1.7423,0.00,29.38
Keran Mentah,6.68,233.0,NETRAL,TIDAK LAYAK,Air Mentah,48910.60,2.4629,14014.20,0.7057,0.6482,2172,1.7503,0.00,29.44
Keran Mentah,6.68,233.0,NETRAL,TIDAK LAYAK,Air Mentah,49357.10,2.4854,13510.10,0.6803,0.6256,2179,1.7560,0.00,29.38
Keran Mentah,6.68,233.0,NETRAL,TIDAK LAYAK,Air Mentah,49217.80,2.4784,12743.50,0.6417,0.5901,2160,1.7407,0.00,29.38
Keran Mentah,6.68,233.0,NETRAL,TIDAK LAYAK,Air Mentah,49190.70,2.4770,13090.70,0.6592,0.6061,2163,1.7431,0.00,29.38
Keran Mentah,6.68,233.0,NETRAL,TIDAK LAYAK,Air Mentah,49160.20,2.4755,14065.50,0.7083,0.6513,2162,1.7423,0.00,29.38
Keran Mentah,6.68,233.0,NETRAL,TIDAK LAYAK,Air Mentah,49331.50,2.4841,14374.10,0.7238,0.6656,2161,1.7415,0.00,29.38
Keran Mentah,6.68,233.0,NETRAL,TIDAK LAYAK,Air Mentah,49147.40,2.4748,12949.80,0.6521,0.5996,2163,1.7431,0.00,29.38
Keran Mentah,6.68,233.0,NETRAL,TIDAK LAYAK,Air Mentah,49526.80,2.4939,12789.70,0.6440,0.5922,2163,1.7431,0.00,29.38
Keran Mentah,6.68,233.0,NETRAL,TIDAK LAYAK,Air Mentah,49736.40,2.5045,14031.70,0.7066,0.6497,2161,1.7415,0.00,29.38
Keran Mentah,6.68,233.0,NETRAL,TIDAK LAYAK,Air Mentah,49648.40,2.5000,13823.60,0.6961,0.6401,2159,1.7399,0.00,29.38
Keran Mentah,6.68,233.0,NETRAL,TIDAK LAYAK,Air Mentah,50181.20,2.5269,13327.60,0.6711,0.6171,2163,1.7431,0.00,29.38
Keran Mentah,6.68,233.0,NETRAL,TIDAK LAYAK,Air Mentah,49595.50,2.4974,13722.70,0.6910,0.6354,2162,1.7423,0.00,29.38
Keran Mentah,6.68,233.0,NETRAL,TIDAK LAYAK,Air Mentah,49670.80,2.5012,14737.60,0.7421,0.6824,2162,1.7423,0.00,29.38
Keran Mentah,6.68,233.0,NETRAL,TIDAK LAYAK,Air Mentah,49552.30,2.4952,12623.60,0.6357,0.5845,2170,1.7487,0.00,29.38
Keran Mentah,6.68,233.0,NETRAL,TIDAK LAYAK,Air Mentah,49613.10,2.4983,13497.10,0.6796,0.6250,2160,1.7407,0.00,29.38
Keran Mentah,6.68,233.0,NETRAL,TIDAK LAYAK,Air Mentah,50075.60,2.5215,14582.40,0.7343,0.6752,2162,1.7423,0.00,29.38
Keran Mentah,6.68,233.0,NETRAL,TIDAK LAYAK,Air Mentah,49552.30,2.4952,13939.00,0.7019,0.6454,2163,1.7431,0.00,29.38
Keran Mentah,6.68,233.0,NETRAL,TIDAK LAYAK,Air Mentah,49805.10,2.5079,13391.40,0.6743,0.6201,2161,1.7415,0.00,29.38
Keran Mentah,6.68,233.0,NETRAL,TIDAK LAYAK,Air Mentah,49601.90,2.4977,14129.20,0.7115,0.6542,2159,1.7399,0.00,29.38
Keran Mentah,6.68,233.0,NETRAL,TIDAK LAYAK,Air Mentah,49782.70,2.5068,14569.30,0.7336,0.6746,2164,1.7439,0.00,29.38
Keran Mentah,6.68,233.0,NETRAL,TIDAK LAYAK,Air Mentah,49922.00,2.5138,13897.20,0.6998,0.6435,2162,1.7423,0.00,29.38
Keran Mentah,6.68,233.0,NETRAL,TIDAK LAYAK,Air Mentah,49814.60,2.5084,13268.20,0.6681,0.6144,2163,1.7431,0.00,29.38
Keran Mentah,6.68,233.0,NETRAL,TIDAK LAYAK,Air Mentah,50011.60,2.5183,14542.20,0.7323,0.6734,2170,1.7487,0.00,29.38
Keran Mentah,6.68,233.0,NETRAL,TIDAK LAYAK,Air Mentah,49888.30,2.5121,13828.60,0.6963,0.6403,2161,1.7415,0.00,29.38
Keran Mentah,6.68,233.0,NETRAL,TIDAK LAYAK,Air Mentah,49627.50,2.4990,13178.60,0.6636,0.6102,2156,1.7374,0.00,29.38
Keran Mentah,6.68,233.0,NETRAL,TIDAK LAYAK,Air Mentah,49913.90,2.5134,14100.50,0.7100,0.6529,2162,1.7423,0.00,29.38
Keran Mentah,6.68,233.0,NETRAL,TIDAK LAYAK,Air Mentah,50179.60,2.5268,13625.30,0.6861,0.6309,2161,1.7415,0.00,29.38
Keran Mentah,6.68,233.0,NETRAL,TIDAK LAYAK,Air Mentah,49581.00,2.4966,12657.10,0.6373,0.5861,2166,1.7455,0.00,29.38
Keran Mentah,6.68,233.0,NETRAL,TIDAK LAYAK,Air Mentah,50059.50,2.5207,13169.10,0.6631,0.6098,2162,1.7423,0.00,29.38
Keran Mentah,6.68,233.0,NETRAL,TIDAK LAYAK,Air Mentah,49909.10,2.5132,14521.30,0.7312,0.6724,2160,1.7407,0.00,29.38
Keran Mentah,6.68,233.0,NETRAL,TIDAK LAYAK,Air Mentah,50166.80,2.5261,13826.80,0.6962,0.6402,2160,1.7407,0.00,29.38
Sumur Mentah,6.55,216.0,NETRAL,TIDAK LAYAK,Air Mentah,46236.20,2.3282,12749.80,0.6420,0.5931,2138,1.7229,0.62,29.13
Sumur Mentah,6.55,216.0,NETRAL,TIDAK LAYAK,Air Mentah,46021.70,2.3174,13434.80,0.6765,0.6249,2143,1.7270,0.36,29.13
Sumur Mentah,6.55,216.0,NETRAL,TIDAK LAYAK,Air Mentah,46460.20,2.3395,12676.20,0.6383,0.5897,2142,1.7262,0.41,29.13
Sumur Mentah,6.55,216.0,NETRAL,TIDAK LAYAK,Air Mentah,46205.80,2.3267,13506.80,0.6801,0.6283,2144,1.7278,0.31,29.13
Sumur Mentah,6.55,216.0,NETRAL,TIDAK LAYAK,Air Mentah,46167.30,2.3247,13301.90,0.6698,0.6188,2142,1.7262,0.41,29.13
Sumur Mentah,6.55,216.0,NETRAL,TIDAK LAYAK,Air Mentah,46502.00,2.3416,12223.20,0.6155,0.5686,2142,1.7262,0.41,29.13
Sumur Mentah,6.55,216.0,NETRAL,TIDAK LAYAK,Air Mentah,46741.90,2.3537,12295.30,0.6191,0.5719,2141,1.7253,0.46,29.13
Sumur Mentah,6.55,216.0,NETRAL,TIDAK LAYAK,Air Mentah,47042.80,2.3688,13910.10,0.7004,0.6471,2141,1.7253,0.46,29.13
Sumur Mentah,6.55,216.0,NETRAL,TIDAK LAYAK,Air Mentah,46646.10,2.3489,13403.00,0.6749,0.6235,2142,1.7262,0.41,29.13
Sumur Mentah,6.55,216.0,NETRAL,TIDAK LAYAK,Air Mentah,46825.40,2.3579,12116.00,0.6101,0.5636,2144,1.7278,0.31,29.13
Sumur Mentah,6.55,216.0,NETRAL,TIDAK LAYAK,Air Mentah,47305.40,2.3821,12780.30,0.6435,0.5945,2144,1.7278,0.31,29.13
Sumur Mentah,6.55,216.0,NETRAL,TIDAK LAYAK,Air Mentah,46795.00,2.3564,14073.60,0.7087,0.6547,2144,1.7278,0.31,29.13
Sumur Mentah,6.55,216.0,NETRAL,TIDAK LAYAK,Air Mentah,46926.20,2.3630,13266.70,0.6680,0.6171,2142,1.7262,0.41,29.13
Sumur Mentah,6.55,216.0,NETRAL,TIDAK LAYAK,Air Mentah,47004.60,2.3669,12796.40,0.6444,0.5953,2142,1.7262,0.41,29.13
Sumur Mentah,6.55,216.0,NETRAL,TIDAK LAYAK,Air Mentah,47058.90,2.3696,13414.10,0.6755,0.6240,2122,1.7100,1.44,29.13
Sumur Mentah,6.55,216.0,NETRAL,TIDAK LAYAK,Air Mentah,46893.90,2.3613,13278.10,0.6686,0.6177,2128,1.7149,1.13,29.13
Sumur Mentah,6.55,216.0,NETRAL,TIDAK LAYAK,Air Mentah,46980.40,2.3657,12249.20,0.6168,0.5698,2132,1.7181,0.92,29.13
Sumur Mentah,6.55,216.0,NETRAL,TIDAK LAYAK,Air Mentah,46838.20,2.3585,12561.30,0.6325,0.5843,2130,1.7165,1.03,29.13
Sumur Mentah,6.55,216.0,NETRAL,TIDAK LAYAK,Air Mentah,46990.20,2.3662,13710.10,0.6904,0.6378,2131,1.7173,0.97,29.13
Sumur Mentah,6.55,216.0,NETRAL,TIDAK LAYAK,Air Mentah,46612.50,2.3472,12255.40,0.6171,0.5701,2130,1.7165,1.03,29.13
Sumur Mentah,6.55,216.0,NETRAL,TIDAK LAYAK,Air Mentah,47236.60,2.3786,13317.90,0.6706,0.6195,2133,1.7189,0.87,29.13
Sumur Mentah,6.55,216.0,NETRAL,TIDAK LAYAK,Air Mentah,47292.60,2.3814,14491.20,0.7297,0.6741,2130,1.7165,1.03,29.13
Sumur Mentah,6.55,216.0,NETRAL,TIDAK LAYAK,Air Mentah,47534.30,2.3936,13282.70,0.6688,0.6179,2133,1.7189,0.87,29.13
Sumur Mentah,6.55,216.0,NETRAL,TIDAK LAYAK,Air Mentah,47174.20,2.3754,12509.80,0.6299,0.5819,2131,1.7173,0.97,29.13
Sumur Mentah,6.55,216.0,NETRAL,TIDAK LAYAK,Air Mentah,46975.90,2.3655,13481.20,0.6788,0.6271,2131,1.7173,0.97,29.13
Sumur Mentah,6.55,216.0,NETRAL,TIDAK LAYAK,Air Mentah,47399.90,2.3868,13554.80,0.6825,0.6305,2132,1.7181,0.92,29.13
Sumur Mentah,6.55,216.0,NETRAL,TIDAK LAYAK,Air Mentah,47709.00,2.4024,12613.80,0.6352,0.5868,2147,1.7302,0.15,29.13
Sumur Mentah,6.55,216.0,NETRAL,TIDAK LAYAK,Air Mentah,47949.10,2.4145,13500.50,0.6798,0.6280,2134,1.7197,0.82,29.13
Sumur Mentah,6.55,216.0,NETRAL,TIDAK LAYAK,Air Mentah,47862.60,2.4101,13706.80,0.6902,0.6376,2135,1.7205,0.77,29.13
Sumur Mentah,6.55,216.0,NETRAL,TIDAK LAYAK,Air Mentah,47619.30,2.3979,13014.00,0.6553,0.6054,2136,1.7213,0.72,29.13
Sumur Mentah,6.55,216.0,NETRAL,TIDAK LAYAK,Air Mentah,48027.50,2.4184,13926.00,0.7012,0.6478,2134,1.7197,0.82,29.13
Sumur Mentah,6.55,216.0,NETRAL,TIDAK LAYAK,Air Mentah,47961.80,2.4151,13418.90,0.6757,0.6242,2134,1.7197,0.82,29.13
Sumur Mentah,6.55,216.0,NETRAL,TIDAK LAYAK,Air Mentah,48113.90,2.4228,12332.40,0.6210,0.5737,2132,1.7181,0.92,29.13
Sumur Mentah,6.55,216.0,NETRAL,TIDAK LAYAK,Air Mentah,48109.10,2.4225,13477.90,0.6787,0.6270,2131,1.7173,0.97,29.13
Sumur Mentah,6.55,216.0,NETRAL,TIDAK LAYAK,Air Mentah,48001.90,2.4171,15552.00,0.7831,0.7234,2133,1.7189,0.87,29.13
Sumur Mentah,6.55,216.0,NETRAL,TIDAK LAYAK,Air Mentah,48305.80,2.4324,12316.20,0.6202,0.5729,2138,1.7229,0.62,29.13
Sumur Mentah,6.55,216.0,NETRAL,TIDAK LAYAK,Air Mentah,48009.90,2.4175,13530.50,0.6813,0.6294,2139,1.7237,0.56,29.13
Sumur Mentah,6.55,216.0,NETRAL,TIDAK LAYAK,Air Mentah,48581.20,2.4463,14600.00,0.7352,0.6791,2139,1.7237,0.56,29.13
Sumur Mentah,6.55,216.0,NETRAL,TIDAK LAYAK,Air Mentah,48168.20,2.4255,13158.10,0.6626,0.6121,2138,1.7229,0.62,29.13
Sumur Mentah,6.55,216.0,NETRAL,TIDAK LAYAK,Air Mentah,48454.70,2.4399,12461.80,0.6275,0.5797,2162,1.7423,0.00,29.13
Sumur Mentah,6.55,216.0,NETRAL,TIDAK LAYAK,Air Mentah,48141.00,2.4241,13606.10,0.6851,0.6329,2139,1.7237,0.56,29.13
Sumur Mentah,6.55,216.0,NETRAL,TIDAK LAYAK,Air Mentah,48355.50,2.4349,13678.20,0.6888,0.6363,2140,1.7245,0.51,29.13
Sumur Mentah,6.55,216.0,NETRAL,TIDAK LAYAK,Air Mentah,48200.20,2.4271,12750.00,0.6420,0.5924,2140,1.7245,0.51,29.19
Sumur Mentah,6.55,216.0,NETRAL,TIDAK LAYAK,Air Mentah,48413.00,2.4378,13948.60,0.7024,0.6488,2139,1.7237,0.56,29.13
Sumur Mentah,6.55,216.0,NETRAL,TIDAK LAYAK,Air Mentah,48885.20,2.4616,14628.80,0.7366,0.6805,2140,1.7245,0.51,29.13
Sumur Mentah,6.55,216.0,NETRAL,TIDAK LAYAK,Air Mentah,48478.80,2.4411,13239.70,0.6667,0.6159,2140,1.7245,0.51,29.13
Sumur Mentah,6.55,216.0,NETRAL,TIDAK LAYAK,Air Mentah,48992.40,2.4670,12484.20,0.6286,0.5807,2140,1.7245,0.51,29.13
Sumur Mentah,6.55,216.0,NETRAL,TIDAK LAYAK,Air Mentah,48656.30,2.4501,14115.10,0.7108,0.6566,2140,1.7245,0.51,29.13
Sumur Mentah,6.55,216.0,NETRAL,TIDAK LAYAK,Air Mentah,48728.30,2.4537,13782.20,0.6940,0.6411,2140,1.7245,0.51,29.13
Sumur Mentah,6.55,216.0,NETRAL,TIDAK LAYAK,Air Mentah,48603.40,2.4474,13021.90,0.6557,0.6057,2140,1.7245,0.51,29.13
Sumur Mentah,6.55,216.0,NETRAL,TIDAK LAYAK,Air Mentah,48728.30,2.4537,13614.10,0.6855,0.6333,2139,1.7237,0.56,29.13
Sumur Mentah,6.55,216.0,NETRAL,TIDAK LAYAK,Air Mentah,48453.00,2.4398,13510.20,0.6803,0.6285,2137,1.7221,0.67,29.13
Sumur Mentah,6.55,216.0,NETRAL,TIDAK LAYAK,Air Mentah,48792.30,2.4569,13028.40,0.6560,0.6060,2142,1.7262,0.41,29.13
Sumur Mentah,6.55,216.0,NETRAL,TIDAK LAYAK,Air Mentah,48763.40,2.4555,13583.70,0.6840,0.6319,2140,1.7245,0.51,29.13
Sumur Mentah,6.55,216.0,NETRAL,TIDAK LAYAK,Air Mentah,48429.00,2.4386,15155.10,0.7631,0.7050,2140,1.7245,0.51,29.13
Sumur Mentah,6.55,216.0,NETRAL,TIDAK LAYAK,Air Mentah,48846.70,2.4597,13967.80,0.7033,0.6497,2140,1.7245,0.51,29.13
Sumur Mentah,6.55,216.0,NETRAL,TIDAK LAYAK,Air Mentah,48470.70,2.4407,13786.80,0.6942,0.6413,2139,1.7237,0.56,29.13
Sumur Mentah,6.55,216.0,NETRAL,TIDAK LAYAK,Air Mentah,48818.00,2.4582,15425.60,0.7768,0.7176,2142,1.7262,0.41,29.13
Sumur Mentah,6.55,216.0,NETRAL,TIDAK LAYAK,Air Mentah,48837.10,2.4592,14222.50,0.7162,0.6616,2141,1.7253,0.46,29.13
Sumur Mentah,6.55,216.0,NETRAL,TIDAK LAYAK,Air Mentah,48861.20,2.4604,12237.60,0.6162,0.5693,2141,1.7253,0.46,29.13
Sumur Mentah,6.55,216.0,NETRAL,TIDAK LAYAK,Air Mentah,48826.00,2.4586,14023.70,0.7062,0.6523,2140,1.7245,0.51,29.13
Sumur Mentah,6.55,216.0,NETRAL,TIDAK LAYAK,Air Mentah,48246.60,2.4294,14784.00,0.7444,0.6877,2155,1.7366,0.00,29.13
Sumur Mentah,6.55,216.0,NETRAL,TIDAK LAYAK,Air Mentah,48389.10,2.4366,12388.30,0.6238,0.5763,2139,1.7237,0.56,29.13
Sumur Mentah,6.55,216.0,NETRAL,TIDAK LAYAK,Air Mentah,48669.10,2.4507,14178.90,0.7140,0.6596,2138,1.7229,0.62,29.13
Sumur Mentah,6.55,216.0,NETRAL,TIDAK LAYAK,Air Mentah,48435.50,2.4390,15179.00,0.7643,0.7069,2140,1.7245,0.51,29.06
Sumur Mentah,6.55,216.0,NETRAL,TIDAK LAYAK,Air Mentah,48689.90,2.4518,13298.70,0.6697,0.6186,2142,1.7262,0.41,29.13
Sumur Mentah,6.55,216.0,NETRAL,TIDAK LAYAK,Air Mentah,48782.80,2.4564,13723.00,0.6910,0.6384,2141,1.7253,0.46,29.13
Sumur Mentah,6.55,216.0,NETRAL,TIDAK LAYAK,Air Mentah,48758.80,2.4552,14684.50,0.7394,0.6831,2144,1.7278,0.31,29.13
Sumur Mentah,6.55,216.0,NETRAL,TIDAK LAYAK,Air Mentah,48682.00,2.4514,13465.20,0.6780,0.6264,2142,1.7262,0.41,29.13
Sumur Mentah,6.55,216.0,NETRAL,TIDAK LAYAK,Air Mentah,48285.10,2.4314,13703.60,0.6900,0.6375,2142,1.7262,0.41,29.13
Sumur Mentah,6.55,216.0,NETRAL,TIDAK LAYAK,Air Mentah,48355.40,2.4349,15545.90,0.7828,0.7232,2143,1.7270,0.36,29.13
Sumur Mentah,6.55,216.0,NETRAL,TIDAK LAYAK,Air Mentah,48365.10,2.4354,13508.40,0.6802,0.6284,2144,1.7278,0.31,29.13
Sumur Mentah,6.55,216.0,NETRAL,TIDAK LAYAK,Air Mentah,48597.10,2.4471,14127.70,0.7114,0.6572,2142,1.7262,0.41,29.13
Sumur Mentah,6.55,216.0,NETRAL,TIDAK LAYAK,Air Mentah,48467.50,2.4406,15356.90,0.7733,0.7144,2141,1.7253,0.46,29.13
Sumur Mentah,6.55,216.0,NETRAL,TIDAK LAYAK,Air Mentah,48019.40,2.4180,14116.70,0.7108,0.6567,2139,1.7237,0.56,29.13
Sumur Mentah,6.55,216.0,NETRAL,TIDAK LAYAK,Air Mentah,48285.10,2.4314,13836.60,0.6967,0.6436,2137,1.7221,0.67,29.13
Sumur Mentah,6.55,216.0,NETRAL,TIDAK LAYAK,Air Mentah,48046.60,2.4194,15908.90,0.8011,0.7400,2133,1.7189,0.87,29.13
Sumur Mentah,6.55,216.0,NETRAL,TIDAK LAYAK,Air Mentah,48369.80,2.4357,14598.40,0.7351,0.6791,2132,1.7181,0.92,29.13
Sumur Mentah,6.55,216.0,NETRAL,TIDAK LAYAK,Air Mentah,48741.20,2.4544,12713.00,0.6402,0.5914,2137,1.7221,0.67,29.13
Sumur Mentah,6.55,216.0,NETRAL,TIDAK LAYAK,Air Mentah,48417.90,2.4381,13998.10,0.7049,0.6512,2142,1.7262,0.41,29.13
Sumur Mentah,6.55,216.0,NETRAL,TIDAK LAYAK,Air Mentah,48353.90,2.4348,15009.70,0.7558,0.6982,2145,1.7286,0.26,29.13
Sumur Mentah,6.55,216.0,NETRAL,TIDAK LAYAK,Air Mentah,48099.40,2.4220,13477.80,0.6787,0.6269,2143,1.7270,0.36,29.13
Sumur Mentah,6.55,216.0,NETRAL,TIDAK LAYAK,Air Mentah,48126.60,2.4234,13527.60,0.6812,0.6293,2134,1.7197,0.82,29.13
Sumur Mentah,6.55,216.0,NETRAL,TIDAK LAYAK,Air Mentah,48566.80,2.4456,15407.90,0.7759,0.7167,2141,1.7253,0.46,29.13
Sumur Mentah,6.55,216.0,NETRAL,TIDAK LAYAK,Air Mentah,48712.40,2.4529,14929.60,0.7518,0.6945,2141,1.7253,0.46,29.13
Sumur Mentah,6.55,216.0,NETRAL,TIDAK LAYAK,Air Mentah,48365.10,2.4354,12823.50,0.6457,0.5965,2142,1.7262,0.41,29.13
Sumur Mentah,6.55,216.0,NETRAL,TIDAK LAYAK,Air Mentah,48102.60,2.4222,13338.90,0.6717,0.6205,2142,1.7262,0.41,29.13
Sumur Mentah,6.55,216.0,NETRAL,TIDAK LAYAK,Air Mentah,48421.10,2.4382,14753.50,0.7429,0.6863,2143,1.7270,0.36,29.13
Sumur Mentah,6.55,216.0,NETRAL,TIDAK LAYAK,Air Mentah,48251.40,2.4297,13266.70,0.6680,0.6171,2142,1.7262,0.41,29.13
Sumur Mentah,6.55,216.0,NETRAL,TIDAK LAYAK,Air Mentah,48099.50,2.4220,13873.20,0.6986,0.6453,2143,1.7270,0.36,29.13
Sumur Mentah,6.55,216.0,NETRAL,TIDAK LAYAK,Air Mentah,48493.20,2.4419,15092.90,0.7600,0.7021,2140,1.7245,0.51,29.13
Sumur Mentah,6.55,216.0,NETRAL,TIDAK LAYAK,Air Mentah,48406.70,2.4375,13631.50,0.6864,0.6341,2141,1.7253,0.46,29.13
Sumur Mentah,6.55,216.0,NETRAL,TIDAK LAYAK,Air Mentah,48459.50,2.4402,13985.10,0.7042,0.6505,2142,1.7262,0.41,29.13
Sumur Mentah,6.55,216.0,NETRAL,TIDAK LAYAK,Air Mentah,48129.80,2.4236,15310.50,0.7710,0.7122,2144,1.7278,0.31,29.13
Sumur Mentah,6.55,216.0,NETRAL,TIDAK LAYAK,Air Mentah,48126.60,2.4234,13340.40,0.6718,0.6206,2143,1.7270,0.36,29.13
Sumur Mentah,6.55,216.0,NETRAL,TIDAK LAYAK,Air Mentah,48216.20,2.4279,12381.50,0.6235,0.5760,2142,1.7262,0.41,29.13
Sumur Mentah,6.55,216.0,NETRAL,TIDAK LAYAK,Air Mentah,48760.40,2.4553,15049.60,0.7578,0.7001,2144,1.7278,0.31,29.13
Sumur Mentah,6.55,216.0,NETRAL,TIDAK LAYAK,Air Mentah,48643.60,2.4494,14134.00,0.7117,0.6575,2141,1.7253,0.46,29.13
Sumur Mentah,6.55,216.0,NETRAL,TIDAK LAYAK,Air Mentah,48147.40,2.4245,15853.00,0.7983,0.7374,2139,1.7237,0.56,29.13
Sumur Mentah,6.55,216.0,NETRAL,TIDAK LAYAK,Air Mentah,47933.00,2.4137,15971.30,0.8042,0.7429,2140,1.7245,0.51,29.13
Sumur Mentah,6.55,216.0,NETRAL,TIDAK LAYAK,Air Mentah,48432.30,2.4388,14539.10,0.7321,0.6763,2139,1.7237,0.56,29.13
Sumur Mentah,6.55,216.0,NETRAL,TIDAK LAYAK,Air Mentah,48253.00,2.4298,13074.80,0.6584,0.6082,2141,1.7253,0.46,29.13
Sumur Mentah,6.55,216.0,NETRAL,TIDAK LAYAK,Air Mentah,48248.30,2.4295,15837.10,0.7975,0.7367,2141,1.7253,0.46,29.13
Sumur Mentah,6.55,216.0,NETRAL,TIDAK LAYAK,Air Mentah,48141.00,2.4241,15201.50,0.7655,0.7071,2142,1.7262,0.41,29.13
Sumur Mentah,6.55,216.0,NETRAL,TIDAK LAYAK,Air Mentah,48312.30,2.4328,13058.70,0.6576,0.6075,2143,1.7270,0.36,29.13
Sumur Mentah,6.55,216.0,NETRAL,TIDAK LAYAK,Air Mentah,47995.40,2.4168,14417.50,0.7260,0.6707,2148,1.7310,0.10,29.13
Sumur Mentah,6.55,216.0,NETRAL,TIDAK LAYAK,Air Mentah,48238.60,2.4290,14105.40,0.7103,0.6561,2143,1.7270,0.36,29.13
Sumur Mentah,6.55,216.0,NETRAL,TIDAK LAYAK,Air Mentah,48373.10,2.4358,12985.20,0.6539,0.6040,2142,1.7262,0.41,29.13
Sumur Mentah,6.55,216.0,NETRAL,TIDAK LAYAK,Air Mentah,48587.60,2.4466,15691.50,0.7901,0.7299,2143,1.7270,0.36,29.13
Sumur Mentah,6.55,216.0,NETRAL,TIDAK LAYAK,Air Mentah,48365.10,2.4354,18380.00,0.9255,0.8550,2143,1.7270,0.36,29.13
Sumur Mentah,6.55,216.0,NETRAL,TIDAK LAYAK,Air Mentah,48417.90,2.4381,14079.90,0.7090,0.6550,2142,1.7262,0.41,29.13
Sumur Mentah,6.55,216.0,NETRAL,TIDAK LAYAK,Air Mentah,48784.40,2.4565,14201.30,0.7151,0.6606,2141,1.7253,0.46,29.13
Sumur Mentah,6.55,216.0,NETRAL,TIDAK LAYAK,Air Mentah,48840.40,2.4593,16741.20,0.8430,0.7788,2157,1.7382,0.00,29.13
Sumur Mentah,6.55,216.0,NETRAL,TIDAK LAYAK,Air Mentah,48770.00,2.4558,14854.40,0.7480,0.6910,2141,1.7253,0.46,29.13
Sumur Mentah,6.55,216.0,NETRAL,TIDAK LAYAK,Air Mentah,48752.30,2.4549,15648.20,0.7880,0.7279,2140,1.7245,0.51,29.13
Sumur Mentah,6.55,216.0,NETRAL,TIDAK LAYAK,Air Mentah,48392.30,2.4368,18103.00,0.9116,0.8421,2142,1.7262,0.41,29.13
Sumur Mentah,6.55,216.0,NETRAL,TIDAK LAYAK,Air Mentah,48763.60,2.4555,16377.90,0.8247,0.7619,2141,1.7253,0.46,29.13
Sumur Mentah,6.55,216.0,NETRAL,TIDAK LAYAK,Air Mentah,48470.70,2.4407,14035.00,0.7067,0.6529,2142,1.7262,0.41,29.13
Sumur Mentah,6.55,216.0,NETRAL,TIDAK LAYAK,Air Mentah,48153.80,2.4248,15557.00,0.7834,0.7237,2142,1.7262,0.41,29.13
Sumur Mentah,6.55,216.0,NETRAL,TIDAK LAYAK,Air Mentah,48437.00,2.4390,16709.00,0.8414,0.7773,2142,1.7262,0.41,29.13
Sumur Mentah,6.55,216.0,NETRAL,TIDAK LAYAK,Air Mentah,48390.60,2.4367,14992.00,0.7549,0.6974,2143,1.7270,0.36,29.13
Sumur Mentah,6.55,216.0,NETRAL,TIDAK LAYAK,Air Mentah,48861.20,2.4604,14302.10,0.7202,0.6653,2142,1.7262,0.41,29.13
Sumur Mentah,6.55,216.0,NETRAL,TIDAK LAYAK,Air Mentah,48691.50,2.4518,17210.10,0.8666,0.8006,2142,1.7262,0.41,29.13
Sumur Mentah,6.55,216.0,NETRAL,TIDAK LAYAK,Air Mentah,48907.60,2.4627,14631.90,0.7368,0.6806,2142,1.7262,0.41,29.13
Sumur Mentah,6.55,216.0,NETRAL,TIDAK LAYAK,Air Mentah,48504.30,2.4424,14675.20,0.7390,0.6826,2141,1.7253,0.46,29.13
Sumur Mentah,6.55,216.0,NETRAL,TIDAK LAYAK,Air Mentah,48630.70,2.4488,17131.50,0.8627,0.7969,2141,1.7253,0.46,29.13
Sumur Mentah,6.55,216.0,NETRAL,TIDAK LAYAK,Air Mentah,48696.30,2.4521,14952.00,0.7529,0.6955,2142,1.7262,0.41,29.13
Sumur Mentah,6.55,216.0,NETRAL,TIDAK LAYAK,Air Mentah,48496.20,2.4420,13246.10,0.6670,0.6162,2141,1.7253,0.46,29.13
Sumur Mentah,6.55,216.0,NETRAL,TIDAK LAYAK,Air Mentah,48448.20,2.4396,15872.20,0.7992,0.7383,2141,1.7253,0.46,29.13
Sumur Mentah,6.55,216.0,NETRAL,TIDAK LAYAK,Air Mentah,48888.30,2.4618,16113.70,0.8114,0.7496,2141,1.7253,0.46,29.13
Sumur Mentah,6.55,216.0,NETRAL,TIDAK LAYAK,Air Mentah,49128.30,2.4738,14389.90,0.7246,0.6694,2141,1.7253,0.46,29.13
Sumur Mentah,6.55,216.0,NETRAL,TIDAK LAYAK,Air Mentah,48773.10,2.4560,14641.30,0.7373,0.6811,2139,1.7237,0.56,29.13
Sumur Mentah,6.55,216.0,NETRAL,TIDAK LAYAK,Air Mentah,48979.50,2.4664,15664.00,0.7888,0.7286,2139,1.7237,0.56,29.13
Sumur Mentah,6.55,216.0,NETRAL,TIDAK LAYAK,Air Mentah,48904.30,2.4626,13666.70,0.6882,0.6357,2139,1.7237,0.56,29.13
Sumur Mentah,6.55,216.0,NETRAL,TIDAK LAYAK,Air Mentah,48905.90,2.4626,14409.40,0.7256,0.6703,2139,1.7237,0.56,29.13
Sumur Mentah,6.55,216.0,NETRAL,TIDAK LAYAK,Air Mentah,48792.20,2.4569,15587.30,0.7849,0.7242,2138,1.7229,0.62,29.19
Sumur Mentah,6.55,216.0,NETRAL,TIDAK LAYAK,Air Mentah,48904.30,2.4626,13947.00,0.7023,0.6488,2140,1.7245,0.51,29.13
Sumur Mentah,6.55,216.0,NETRAL,TIDAK LAYAK,Air Mentah,48821.00,2.4584,14484.70,0.7294,0.6738,2143,1.7270,0.36,29.13
Sumur Mentah,6.55,216.0,NETRAL,TIDAK LAYAK,Air Mentah,49341.20,2.4846,15827.60,0.7970,0.7363,2141,1.7253,0.46,29.13
Sumur Mentah,6.55,216.0,NETRAL,TIDAK LAYAK,Air Mentah,49216.30,2.4783,13993.50,0.7046,0.6509,2142,1.7262,0.41,29.13
Sumur Mentah,6.55,216.0,NETRAL,TIDAK LAYAK,Air Mentah,49643.70,2.4998,12692.30,0.6391,0.5911,2138,1.7229,0.62,29.06
Sumur Mentah,6.55,216.0,NETRAL,TIDAK LAYAK,Air Mentah,48833.90,2.4590,15934.80,0.8024,0.7412,2138,1.7229,0.62,29.13
Sumur Mentah,6.55,216.0,NETRAL,TIDAK LAYAK,Air Mentah,49381.20,2.4866,13959.80,0.7029,0.6494,2138,1.7229,0.62,29.13
Sumur Mentah,6.55,216.0,NETRAL,TIDAK LAYAK,Air Mentah,49338.00,2.4844,13549.90,0.6823,0.6303,2136,1.7213,0.72,29.13
Sumur Mentah,6.55,216.0,NETRAL,TIDAK LAYAK,Air Mentah,49411.50,2.4881,16165.00,0.8140,0.7519,2136,1.7213,0.72,29.13
Sumur Mentah,6.55,216.0,NETRAL,TIDAK LAYAK,Air Mentah,49224.30,2.4787,15712.20,0.7912,0.7309,2135,1.7205,0.77,29.13
Sumur Mentah,6.55,216.0,NETRAL,TIDAK LAYAK,Air Mentah,49126.70,2.4738,13286.10,0.6690,0.6180,2136,1.7213,0.72,29.13
Sumur Mentah,6.55,216.0,NETRAL,TIDAK LAYAK,Air Mentah,48833.80,2.4590,14638.20,0.7371,0.6809,2138,1.7229,0.62,29.13
Sumur Mentah,6.55,216.0,NETRAL,TIDAK LAYAK,Air Mentah,49176.30,2.4763,16176.10,0.8145,0.7525,2139,1.7237,0.56,29.13
Sumur Mentah,6.55,216.0,NETRAL,TIDAK LAYAK,Air Mentah,49506.00,2.4929,14167.80,0.7134,0.6590,2141,1.7253,0.46,29.13
Sumur Mentah,6.55,216.0,NETRAL,TIDAK LAYAK,Air Mentah,49187.50,2.4768,14425.50,0.7264,0.6710,2141,1.7253,0.46,29.13
Sumur Mentah,6.55,216.0,NETRAL,TIDAK LAYAK,Air Mentah,49102.60,2.4726,16490.00,0.8304,0.7671,2140,1.7245,0.51,29.13
Sumur Mentah,6.55,216.0,NETRAL,TIDAK LAYAK,Air Mentah,49209.90,2.4780,15433.60,0.7772,0.7179,2144,1.7278,0.31,29.13
Sumur Mentah,6.55,216.0,NETRAL,TIDAK LAYAK,Air Mentah,49237.00,2.4793,12940.30,0.6516,0.6019,2137,1.7221,0.67,29.13
Sumur Mentah,6.55,216.0,NETRAL,TIDAK LAYAK,Air Mentah,49942.90,2.5149,14145.30,0.7123,0.6580,2139,1.7237,0.56,29.13
Sumur Mentah,6.55,216.0,NETRAL,TIDAK LAYAK,Air Mentah,49193.80,2.4771,15352.20,0.7731,0.7141,2139,1.7237,0.56,29.13
Sumur Mentah,6.55,216.0,NETRAL,TIDAK LAYAK,Air Mentah,49598.70,2.4975,14260.90,0.7181,0.6634,2140,1.7245,0.51,29.13
Sumur Mentah,6.55,216.0,NETRAL,TIDAK LAYAK,Air Mentah,49616.30,2.4984,13735.70,0.6917,0.6389,2140,1.7245,0.51,29.13
Sumur Mentah,6.55,216.0,NETRAL,TIDAK LAYAK,Air Mentah,49219.40,2.4784,15209.70,0.7659,0.7075,2141,1.7253,0.46,29.13
Sumur Mentah,6.55,216.0,NETRAL,TIDAK LAYAK,Air Mentah,49704.40,2.5029,13850.90,0.6975,0.6443,2140,1.7245,0.51,29.13
Sumur Mentah,6.55,216.0,NETRAL,TIDAK LAYAK,Air Mentah,49509.10,2.4930,14179.00,0.7140,0.6596,2141,1.7253,0.46,29.13
Sumur Mentah,6.55,216.0,NETRAL,TIDAK LAYAK,Air Mentah,49291.40,2.4821,16076.90,0.8095,0.7479,2142,1.7262,0.41,29.13
Sumur Mentah,6.55,216.0,NETRAL,TIDAK LAYAK,Air Mentah,49510.60,2.4931,14363.00,0.7232,0.6681,2139,1.7237,0.56,29.13
Sumur Mentah,6.55,216.0,NETRAL,TIDAK LAYAK,Air Mentah,49810.00,2.5082,13898.90,0.6999,0.6465,2140,1.7245,0.51,29.13
Sumur Mentah,6.55,216.0,NETRAL,TIDAK LAYAK,Air Mentah,49944.40,2.5149,15945.60,0.8029,0.7417,2138,1.7229,0.62,29.13
Sumur Mentah,6.55,216.0,NETRAL,TIDAK LAYAK,Air Mentah,49246.60,2.4798,15811.30,0.7962,0.7355,2138,1.7229,0.62,29.13
Sumur Mentah,6.55,216.0,NETRAL,TIDAK LAYAK,Air Mentah,49424.20,2.4887,15187.30,0.7648,0.7065,2140,1.7245,0.51,29.13
Sumur Mentah,6.55,216.0,NETRAL,TIDAK LAYAK,Air Mentah,49489.80,2.4920,16364.90,0.8241,0.7612,2140,1.7245,0.51,29.13
Sumur Mentah,6.55,216.0,NETRAL,TIDAK LAYAK,Air Mentah,49712.30,2.5033,15256.00,0.7682,0.7097,2139,1.7237,0.56,29.13
Sumur Mentah,6.55,216.0,NETRAL,TIDAK LAYAK,Air Mentah,49421.10,2.4886,13068.30,0.6581,0.6079,2139,1.7237,0.56,29.13
Sumur Mentah,6.55,216.0,NETRAL,TIDAK LAYAK,Air Mentah,49616.30,2.4984,16661.20,0.8390,0.7750,2143,1.7270,0.36,29.13
Sumur Mentah,6.55,216.0,NETRAL,TIDAK LAYAK,Air Mentah,49513.90,2.4933,14454.20,0.7278,0.6724,2137,1.7221,0.67,29.13
Sumur Mentah,6.55,216.0,NETRAL,TIDAK LAYAK,Air Mentah,49897.90,2.5126,13954.90,0.7027,0.6491,2142,1.7262,0.41,29.13
Sumur Mentah,6.55,216.0,NETRAL,TIDAK LAYAK,Air Mentah,49883.60,2.5119,14839.90,0.7473,0.6903,2141,1.7253,0.46,29.13
Sumur Mentah,6.55,216.0,NETRAL,TIDAK LAYAK,Air Mentah,49942.80,2.5149,17098.10,0.8610,0.7954,2145,1.7286,0.26,29.13
Sumur Mentah,6.55,216.0,NETRAL,TIDAK LAYAK,Air Mentah,49456.20,2.4904,14791.80,0.7448,0.6881,2141,1.7253,0.46,29.13
Sumur Mentah,6.55,216.0,NETRAL,TIDAK LAYAK,Air Mentah,49537.90,2.4945,15182.50,0.7645,0.7062,2157,1.7382,0.00,29.13
Sumur Mentah,6.55,216.0,NETRAL,TIDAK LAYAK,Air Mentah,49755.50,2.5054,16787.40,0.8453,0.7809,2139,1.7237,0.56,29.13
Sumur Mentah,6.55,216.0,NETRAL,TIDAK LAYAK,Air Mentah,49936.30,2.5145,14436.80,0.7270,0.6716,2148,1.7310,0.10,29.13
Sumur Mentah,6.55,216.0,NETRAL,TIDAK LAYAK,Air Mentah,49904.40,2.5129,14046.10,0.7073,0.6526,2140,1.7245,0.51,29.19
Sumur Mentah,6.55,216.0,NETRAL,TIDAK LAYAK,Air Mentah,49744.30,2.5049,15132.80,0.7620,0.7039,2142,1.7262,0.41,29.13
Sumur Mentah,6.55,216.0,NETRAL,TIDAK LAYAK,Air Mentah,50000.30,2.5178,13791.70,0.6945,0.6416,2143,1.7270,0.36,29.13
Sumur Mentah,6.55,216.0,NETRAL,TIDAK LAYAK,Air Mentah,49987.60,2.5171,13089.20,0.6591,0.6089,2142,1.7262,0.41,29.13
Sumur Mentah,6.55,216.0,NETRAL,TIDAK LAYAK,Air Mentah,49971.60,2.5163,15288.00,0.7698,0.7112,2142,1.7262,0.41,29.13
Sumur Mentah,6.55,216.0,NETRAL,TIDAK LAYAK,Air Mentah,50101.20,2.5228,15076.90,0.7592,0.7013,2142,1.7262,0.41,29.13
Sumur Mentah,6.55,216.0,NETRAL,TIDAK LAYAK,Air Mentah,49582.60,2.4967,13474.60,0.6785,0.6268,2143,1.7270,0.36,29.13
Sumur Mentah,6.55,216.0,NETRAL,TIDAK LAYAK,Air Mentah,50266.00,2.5311,14232.00,0.7166,0.6620,2141,1.7253,0.46,29.13
Sumur Mentah,6.55,216.0,NETRAL,TIDAK LAYAK,Air Mentah,50046.80,2.5201,16120.20,0.8117,0.7499,2148,1.7310,0.10,29.13
Sumur Mentah,6.55,216.0,NETRAL,TIDAK LAYAK,Air Mentah,49957.10,2.5156,14475.20,0.7289,0.6733,2142,1.7262,0.41,29.13
Sumur Mentah,6.55,216.0,NETRAL,TIDAK LAYAK,Air Mentah,49689.90,2.5021,14811.10,0.7458,0.6890,2141,1.7253,0.46,29.13
Sumur Mentah,6.55,216.0,NETRAL,TIDAK LAYAK,Air Mentah,50368.40,2.5363,17023.00,0.8572,0.7919,2142,1.7262,0.41,29.13
Sumur Mentah,6.55,216.0,NETRAL,TIDAK LAYAK,Air Mentah,50194.00,2.5275,12996.40,0.6544,0.6046,2142,1.7262,0.41,29.13
Sumur Mentah,6.55,216.0,NETRAL,TIDAK LAYAK,Air Mentah,50099.50,2.5227,13340.50,0.6718,0.6206,2141,1.7253,0.46,29.13
Sumur Mentah,6.55,216.0,NETRAL,TIDAK LAYAK,Air Mentah,49753.90,2.5053,15893.10,0.8003,0.7393,2143,1.7270,0.36,29.13
Sumur Mentah,6.55,216.0,NETRAL,TIDAK LAYAK,Air Mentah,50187.60,2.5272,14337.30,0.7220,0.6669,2143,1.7270,0.36,29.13
Sumur Mentah,6.55,216.0,NETRAL,TIDAK LAYAK,Air Mentah,49643.50,2.4998,14937.40,0.7522,0.6948,2145,1.7286,0.26,29.13
Sumur Mentah,6.55,216.0,NETRAL,TIDAK LAYAK,Air Mentah,49713.80,2.5033,14292.60,0.7197,0.6649,2141,1.7253,0.46,29.13
Sumur Mentah,6.55,216.0,NETRAL,TIDAK LAYAK,Air Mentah,50242.00,2.5299,13177.20,0.6635,0.6130,2141,1.7253,0.46,29.13
Sumur Mentah,6.55,216.0,NETRAL,TIDAK LAYAK,Air Mentah,49954.00,2.5154,14439.80,0.7271,0.6717,2143,1.7270,0.36,29.13
Sumur Mentah,6.55,216.0,NETRAL,TIDAK LAYAK,Air Mentah,50304.40,2.5331,13978.90,0.7039,0.6503,2142,1.7262,0.41,29.13
Hujan,6.58,26.0,NETRAL,TIDAK LAYAK,Air Mentah,44748.00,2.2533,12252.00,0.6169,0.5693,2143,1.7270,0.36,29.19
Hujan,6.58,26.0,NETRAL,TIDAK LAYAK,Air Mentah,44986.50,2.2653,12791.40,0.6441,0.5943,2143,1.7270,0.36,29.19
Hujan,6.58,26.0,NETRAL,TIDAK LAYAK,Air Mentah,44837.70,2.2578,13702.00,0.6900,0.6366,2142,1.7262,0.41,29.19
Hujan,6.58,26.0,NETRAL,TIDAK LAYAK,Air Mentah,44914.50,2.2617,11832.70,0.5958,0.5498,2141,1.7253,0.46,29.19
Hujan,6.58,26.0,NETRAL,TIDAK LAYAK,Air Mentah,44698.40,2.2508,13197.80,0.6646,0.6132,2142,1.7262,0.41,29.19
Hujan,6.58,26.0,NETRAL,TIDAK LAYAK,Air Mentah,44986.50,2.2653,12764.30,0.6427,0.5931,2141,1.7253,0.46,29.19
Hujan,6.58,26.0,NETRAL,TIDAK LAYAK,Air Mentah,45056.90,2.2688,11524.10,0.5803,0.5354,2141,1.7253,0.46,29.19
Hujan,6.58,26.0,NETRAL,TIDAK LAYAK,Air Mentah,45276.20,2.2799,12520.90,0.6305,0.5818,2143,1.7270,0.36,29.19
Hujan,6.58,26.0,NETRAL,TIDAK LAYAK,Air Mentah,45007.40,2.2663,13710.00,0.6904,0.6370,2144,1.7278,0.31,29.19
Hujan,6.58,26.0,NETRAL,TIDAK LAYAK,Air Mentah,45119.30,2.2720,12964.30,0.6528,0.6024,2141,1.7253,0.46,29.19
Hujan,6.58,26.0,NETRAL,TIDAK LAYAK,Air Mentah,45361.00,2.2841,11920.70,0.6003,0.5539,2144,1.7278,0.31,29.19
Hujan,6.58,26.0,NETRAL,TIDAK LAYAK,Air Mentah,45034.50,2.2677,12799.50,0.6445,0.5947,2143,1.7270,0.36,29.19
Hujan,6.58,26.0,NETRAL,TIDAK LAYAK,Air Mentah,45200.90,2.2761,12536.80,0.6313,0.5825,2143,1.7270,0.36,29.19
Hujan,6.58,26.0,NETRAL,TIDAK LAYAK,Air Mentah,45064.80,2.2692,11564.10,0.5823,0.5373,2144,1.7278,0.31,29.19
Hujan,6.58,26.0,NETRAL,TIDAK LAYAK,Air Mentah,44952.90,2.2636,13645.90,0.6871,0.6340,2144,1.7278,0.31,29.19
Hujan,6.58,26.0,NETRAL,TIDAK LAYAK,Air Mentah,45237.70,2.2779,12716.00,0.6403,0.5908,2143,1.7270,0.36,29.19
Hujan,6.58,26.0,NETRAL,TIDAK LAYAK,Air Mentah,45002.40,2.2661,11591.30,0.5837,0.5380,2156,1.7374,0.00,29.25
Hujan,6.58,26.0,NETRAL,TIDAK LAYAK,Air Mentah,45103.30,2.2712,13596.50,0.6846,0.6317,2141,1.7253,0.46,29.19
Hujan,6.58,26.0,NETRAL,TIDAK LAYAK,Air Mentah,45188.10,2.2754,13137.00,0.6615,0.6104,2142,1.7262,0.41,29.19
Hujan,6.58,26.0,NETRAL,TIDAK LAYAK,Air Mentah,45117.60,2.2719,12216.70,0.6152,0.5676,2155,1.7366,0.00,29.19
Hujan,6.58,26.0,NETRAL,TIDAK LAYAK,Air Mentah,45044.10,2.2682,12822.00,0.6456,0.5958,2143,1.7270,0.36,29.19
Hujan,6.58,26.0,NETRAL,TIDAK LAYAK,Air Mentah,45252.10,2.2787,12573.80,0.6332,0.5842,2142,1.7262,0.41,29.19
Hujan,6.58,26.0,NETRAL,TIDAK LAYAK,Air Mentah,45373.70,2.2848,11864.90,0.5975,0.5513,2144,1.7278,0.31,29.19
Hujan,6.58,26.0,NETRAL,TIDAK LAYAK,Air Mentah,45473.00,2.2898,13457.00,0.6776,0.6253,2141,1.7253,0.46,29.19
Hujan,6.58,26.0,NETRAL,TIDAK LAYAK,Air Mentah,45287.20,2.2804,12998.10,0.6545,0.6039,2144,1.7278,0.31,29.19
Hujan,6.58,26.0,NETRAL,TIDAK LAYAK,Air Mentah,45402.60,2.2862,12026.50,0.6056,0.5588,2142,1.7262,0.41,29.19
Hujan,6.58,26.0,NETRAL,TIDAK LAYAK,Air Mentah,45332.20,2.2827,14596.70,0.7350,0.6782,2141,1.7253,0.46,29.19
Hujan,6.58,26.0,NETRAL,TIDAK LAYAK,Air Mentah,45538.60,2.2931,14327.60,0.7215,0.6657,2141,1.7253,0.46,29.19
Hujan,6.58,26.0,NETRAL,TIDAK LAYAK,Air Mentah,45727.40,2.3026,19577.00,0.9858,0.9096,2142,1.7262,0.41,29.19
Hujan,6.58,26.0,NETRAL,TIDAK LAYAK,Air Mentah,45458.50,2.2891,16365.30,0.8241,0.7604,2142,1.7262,0.41,29.19
Hujan,6.58,26.0,NETRAL,TIDAK LAYAK,Air Mentah,45785.10,2.3055,15259.20,0.7684,0.7090,2145,1.7286,0.26,29.19
Hujan,6.58,26.0,NETRAL,TIDAK LAYAK,Air Mentah,45713.10,2.3019,12711.50,0.6401,0.5906,2128,1.7149,1.13,29.19
Hujan,6.58,26.0,NETRAL,TIDAK LAYAK,Air Mentah,45697.20,2.3011,13626.60,0.6862,0.6331,2144,1.7278,0.31,29.19
Hujan,6.58,26.0,NETRAL,TIDAK LAYAK,Air Mentah,45460.20,2.2891,13245.80,0.6670,0.6154,2128,1.7149,1.13,29.19
Hujan,6.58,26.0,NETRAL,TIDAK LAYAK,Air Mentah,45767.40,2.3046,12280.90,0.6184,0.5706,2144,1.7278,0.31,29.19
Hujan,6.58,26.0,NETRAL,TIDAK LAYAK,Air Mentah,45447.40,2.2885,14025.20,0.7062,0.6517,2144,1.7278,0.31,29.19
Hujan,6.58,26.0,NETRAL,TIDAK LAYAK,Air Mentah,45479.30,2.2901,14068.60,0.7084,0.6537,2144,1.7278,0.31,29.19
Hujan,6.58,26.0,NETRAL,TIDAK LAYAK,Air Mentah,45509.80,2.2916,13863.90,0.6981,0.6442,2143,1.7270,0.36,29.19
Hujan,6.58,26.0,NETRAL,TIDAK LAYAK,Air Mentah,45567.50,2.2945,14241.50,0.7171,0.6617,2143,1.7270,0.36,29.19
Hujan,6.58,26.0,NETRAL,TIDAK LAYAK,Air Mentah,45802.90,2.3064,17289.90,0.8706,0.8033,2142,1.7262,0.41,29.19
Hujan,6.58,26.0,NETRAL,TIDAK LAYAK,Air Mentah,45905.10,2.3115,13128.80,0.6611,0.6100,2140,1.7245,0.51,29.19
Hujan,6.58,26.0,NETRAL,TIDAK LAYAK,Air Mentah,45620.10,2.2972,13218.80,0.6656,0.6142,2141,1.7253,0.46,29.19
Hujan,6.58,26.0,NETRAL,TIDAK LAYAK,Air Mentah,45916.50,2.3121,14002.90,0.7051,0.6506,2142,1.7262,0.41,29.19
Hujan,6.58,26.0,NETRAL,TIDAK LAYAK,Air Mentah,45586.60,2.2955,11913.00,0.5999,0.5535,2142,1.7262,0.41,29.19
Hujan,6.58,26.0,NETRAL,TIDAK LAYAK,Air Mentah,45940.40,2.3133,12183.50,0.6135,0.5661,2147,1.7302,0.15,29.19
Hujan,6.58,26.0,NETRAL,TIDAK LAYAK,Air Mentah,46090.90,2.3209,14086.20,0.7093,0.6545,2146,1.7294,0.21,29.19
Hujan,6.58,26.0,NETRAL,TIDAK LAYAK,Air Mentah,45794.80,2.3060,13005.80,0.6549,0.6043,2148,1.7310,0.10,29.19
Hujan,6.58,26.0,NETRAL,TIDAK LAYAK,Air Mentah,46002.80,2.3165,12282.50,0.6185,0.5707,2146,1.7294,0.21,29.19
Hujan,6.58,26.0,NETRAL,TIDAK LAYAK,Air Mentah,45684.20,2.3004,13050.90,0.6572,0.6057,2147,1.7302,0.15,29.25
Hujan,6.58,26.0,NETRAL,TIDAK LAYAK,Air Mentah,46006.00,2.3166,12809.20,0.6450,0.5952,2147,1.7302,0.15,29.19
Hujan,6.58,26.0,NETRAL,TIDAK LAYAK,Air Mentah,45958.10,2.3142,12084.20,0.6085,0.5615,2143,1.7270,0.36,29.19
Hujan,6.58,26.0,NETRAL,TIDAK LAYAK,Air Mentah,45830.00,2.3078,13423.70,0.6759,0.6237,2144,1.7278,0.31,29.19
Hujan,6.58,26.0,NETRAL,TIDAK LAYAK,Air Mentah,46106.90,2.3217,13058.70,0.6576,0.6068,2145,1.7286,0.26,29.19
Hujan,6.58,26.0,NETRAL,TIDAK LAYAK,Air Mentah,46065.30,2.3196,12503.30,0.6296,0.5809,2145,1.7286,0.26,29.19
Hujan,6.58,26.0,NETRAL,TIDAK LAYAK,Air Mentah,46028.50,2.3178,13391.60,0.6743,0.6222,2146,1.7294,0.21,29.19
Hujan,6.58,26.0,NETRAL,TIDAK LAYAK,Air Mentah,45913.00,2.3119,13942.00,0.7020,0.6478,2147,1.7302,0.15,29.19
Hujan,6.58,26.0,NETRAL,TIDAK LAYAK,Air Mentah,46158.10,2.3243,11900.20,0.5992,0.5529,2145,1.7286,0.26,29.19
Hujan,6.58,26.0,NETRAL,TIDAK LAYAK,Air Mentah,45902.20,2.3114,12012.10,0.6049,0.5581,2144,1.7278,0.31,29.19
Hujan,6.58,26.0,NETRAL,TIDAK LAYAK,Air Mentah,45959.60,2.3143,14005.90,0.7053,0.6508,2143,1.7270,0.36,29.19
Hujan,6.58,26.0,NETRAL,TIDAK LAYAK,Air Mentah,45986.90,2.3157,13021.90,0.6557,0.6050,2145,1.7286,0.26,29.19
Hujan,6.58,26.0,NETRAL,TIDAK LAYAK,Air Mentah,46183.70,2.3256,11679.40,0.5881,0.5427,2146,1.7294,0.21,29.19
Hujan,6.58,26.0,NETRAL,TIDAK LAYAK,Air Mentah,46270.20,2.3299,12512.90,0.6301,0.5814,2146,1.7294,0.21,29.19
Hujan,6.58,26.0,NETRAL,TIDAK LAYAK,Air Mentah,46015.60,2.3171,13838.10,0.6968,0.6422,2146,1.7294,0.21,29.25
Hujan,6.58,26.0,NETRAL,TIDAK LAYAK,Air Mentah,46162.90,2.3245,13193.10,0.6643,0.6130,2146,1.7294,0.21,29.19
Hujan,6.58,26.0,NETRAL,TIDAK LAYAK,Air Mentah,46025.40,2.3176,12367.30,0.6228,0.5746,2145,1.7286,0.26,29.19
Hujan,6.58,26.0,NETRAL,TIDAK LAYAK,Air Mentah,46217.40,2.3273,13366.00,0.6730,0.6210,2145,1.7286,0.26,29.19
Hujan,6.58,26.0,NETRAL,TIDAK LAYAK,Air Mentah,46198.20,2.3263,12761.30,0.6426,0.5923,2145,1.7286,0.26,29.25
Hujan,6.58,26.0,NETRAL,TIDAK LAYAK,Air Mentah,46249.30,2.3289,11996.10,0.6041,0.5574,2144,1.7278,0.31,29.19
Hujan,6.58,26.0,NETRAL,TIDAK LAYAK,Air Mentah,46135.80,2.3232,13311.60,0.6703,0.6185,2146,1.7294,0.21,29.19
Hujan,6.58,26.0,NETRAL,TIDAK LAYAK,Air Mentah,46316.60,2.3323,13076.10,0.6584,0.6076,2144,1.7278,0.31,29.19
Hujan,6.58,26.0,NETRAL,TIDAK LAYAK,Air Mentah,46287.80,2.3308,12290.30,0.6189,0.5710,2154,1.7358,0.00,29.19
Hujan,6.58,26.0,NETRAL,TIDAK LAYAK,Air Mentah,45741.90,2.3033,12930.80,0.6511,0.6008,2144,1.7278,0.31,29.19
Hujan,6.58,26.0,NETRAL,TIDAK LAYAK,Air Mentah,46140.60,2.3234,12687.60,0.6389,0.5895,2149,1.7318,0.05,29.19
Hujan,6.58,26.0,NETRAL,TIDAK LAYAK,Air Mentah,46036.50,2.3182,11925.70,0.6005,0.5541,2149,1.7318,0.05,29.19
Hujan,6.58,26.0,NETRAL,TIDAK LAYAK,Air Mentah,45978.90,2.3153,12839.40,0.6465,0.5966,2148,1.7310,0.10,29.19
Hujan,6.58,26.0,NETRAL,TIDAK LAYAK,Air Mentah,45906.90,2.3116,13911.50,0.7005,0.6464,2145,1.7286,0.26,29.19
Hujan,6.58,26.0,NETRAL,TIDAK LAYAK,Air Mentah,46244.60,2.3286,12012.20,0.6049,0.5581,2145,1.7286,0.26,29.19
Hujan,6.58,26.0,NETRAL,TIDAK LAYAK,Air Mentah,46129.30,2.3228,11943.20,0.6014,0.5549,2155,1.7366,0.00,29.19
Hujan,6.58,26.0,NETRAL,TIDAK LAYAK,Air Mentah,46219.00,2.3273,14009.30,0.7054,0.6509,2158,1.7390,0.00,29.19
Hujan,6.58,26.0,NETRAL,TIDAK LAYAK,Air Mentah,46417.30,2.3373,11759.30,0.5921,0.5464,2150,1.7326,0.00,29.19
Hujan,6.58,26.0,NETRAL,TIDAK LAYAK,Air Mentah,46111.80,2.3219,12629.90,0.6360,0.5868,2146,1.7294,0.21,29.19
Hujan,6.58,26.0,NETRAL,TIDAK LAYAK,Air Mentah,46259.00,2.3294,13945.40,0.7022,0.6480,2149,1.7318,0.05,29.19
Hujan,6.58,26.0,NETRAL,TIDAK LAYAK,Air Mentah,46198.10,2.3263,12682.50,0.6386,0.5893,2147,1.7302,0.15,29.19
Hujan,6.58,26.0,NETRAL,TIDAK LAYAK,Air Mentah,46287.80,2.3308,12146.30,0.6116,0.5637,2147,1.7302,0.15,29.25
Hujan,6.58,26.0,NETRAL,TIDAK LAYAK,Air Mentah,46251.00,2.3290,13004.30,0.6548,0.6042,2150,1.7326,0.00,29.19
Hujan,6.58,26.0,NETRAL,TIDAK LAYAK,Air Mentah,46423.80,2.3377,13265.20,0.6680,0.6156,2146,1.7294,0.21,29.25
Hujan,6.58,26.0,NETRAL,TIDAK LAYAK,Air Mentah,46438.20,2.3384,12469.70,0.6279,0.5794,2146,1.7294,0.21,29.19
Hujan,6.58,26.0,NETRAL,TIDAK LAYAK,Air Mentah,46385.40,2.3357,13481.20,0.6788,0.6264,2146,1.7294,0.21,29.19
Hujan,6.58,26.0,NETRAL,TIDAK LAYAK,Air Mentah,46643.00,2.3487,13087.50,0.6590,0.6081,2145,1.7286,0.26,29.19
Hujan,6.58,26.0,NETRAL,TIDAK LAYAK,Air Mentah,46270.20,2.3299,12455.10,0.6272,0.5787,2147,1.7302,0.15,29.19
Hujan,6.58,26.0,NETRAL,TIDAK LAYAK,Air Mentah,45962.90,2.3145,13460.30,0.6778,0.6254,2144,1.7278,0.31,29.19
Hujan,6.58,26.0,NETRAL,TIDAK LAYAK,Air Mentah,45945.30,2.3136,12876.40,0.6484,0.5983,2146,1.7294,0.21,29.19
Hujan,6.58,26.0,NETRAL,TIDAK LAYAK,Air Mentah,46249.30,2.3289,11616.90,0.5850,0.5391,2148,1.7310,0.10,29.25
Hujan,6.58,26.0,NETRAL,TIDAK LAYAK,Air Mentah,46127.80,2.3228,13052.40,0.6573,0.6058,2147,1.7302,0.15,29.25
Hujan,6.58,26.0,NETRAL,TIDAK LAYAK,Air Mentah,46313.40,2.3321,13689.10,0.6893,0.6360,2145,1.7286,0.26,29.19
Hujan,6.58,26.0,NETRAL,TIDAK LAYAK,Air Mentah,46244.60,2.3286,11801.00,0.5942,0.5483,2146,1.7294,0.21,29.19
Hujan,6.58,26.0,NETRAL,TIDAK LAYAK,Air Mentah,46687.80,2.3510,12010.70,0.6048,0.5581,2145,1.7286,0.26,29.19
Hujan,6.58,26.0,NETRAL,TIDAK LAYAK,Air Mentah,46812.60,2.3572,13827.00,0.6963,0.6425,2146,1.7294,0.21,29.19
Hujan,6.58,26.0,NETRAL,TIDAK LAYAK,Air Mentah,46100.50,2.3214,12662.00,0.6376,0.5883,2143,1.7270,0.36,29.19
Hujan,6.58,26.0,NETRAL,TIDAK LAYAK,Air Mentah,46478.20,2.3404,12288.90,0.6188,0.5710,2146,1.7294,0.21,29.19
Hujan,6.58,26.0,NETRAL,TIDAK LAYAK,Air Mentah,46578.90,2.3455,13039.40,0.6566,0.6059,2157,1.7382,0.00,29.19
Hujan,6.58,26.0,NETRAL,TIDAK LAYAK,Air Mentah,46375.80,2.3352,12850.70,0.6471,0.5971,2145,1.7286,0.26,29.19
Hujan,6.58,26.0,NETRAL,TIDAK LAYAK,Air Mentah,46643.00,2.3487,11495.30,0.5788,0.5341,2143,1.7270,0.36,29.19
Hujan,6.58,26.0,NETRAL,TIDAK LAYAK,Air Mentah,46777.40,2.3555,12352.90,0.6220,0.5740,2146,1.7294,0.21,29.19
Hujan,6.58,26.0,NETRAL,TIDAK LAYAK,Air Mentah,46809.40,2.3571,13865.40,0.6982,0.6442,2152,1.7342,0.00,29.19
Hujan,6.58,26.0,NETRAL,TIDAK LAYAK,Air Mentah,46825.40,2.3579,12324.10,0.6206,0.5726,2145,1.7286,0.26,29.19
Hujan,6.58,26.0,NETRAL,TIDAK LAYAK,Air Mentah,46673.40,2.3502,11597.70,0.5840,0.5389,2145,1.7286,0.26,29.19
Hujan,6.58,26.0,NETRAL,TIDAK LAYAK,Air Mentah,45986.90,2.3157,13193.00,0.6643,0.6130,2146,1.7294,0.21,29.19
Hujan,6.58,26.0,NETRAL,TIDAK LAYAK,Air Mentah,47011.00,2.3672,11491.90,0.5787,0.5340,2148,1.7310,0.10,29.19
Hujan,6.58,26.0,NETRAL,TIDAK LAYAK,Air Mentah,46974.20,2.3654,12974.00,0.6533,0.6028,2147,1.7302,0.15,29.19
Hujan,6.58,26.0,NETRAL,TIDAK LAYAK,Air Mentah,46727.80,2.3530,13729.10,0.6913,0.6379,2149,1.7318,0.05,29.19
Hujan,6.58,26.0,NETRAL,TIDAK LAYAK,Air Mentah,46631.80,2.3481,11732.20,0.5908,0.5451,2148,1.7310,0.10,29.19
Hujan,6.58,26.0,NETRAL,TIDAK LAYAK,Air Mentah,46507.00,2.3418,12037.70,0.6062,0.5593,2148,1.7310,0.10,29.19
Hujan,6.58,26.0,NETRAL,TIDAK LAYAK,Air Mentah,46268.60,2.3298,13774.20,0.6936,0.6400,2148,1.7310,0.10,29.19
Hujan,6.58,26.0,NETRAL,TIDAK LAYAK,Air Mentah,47116.60,2.3725,12338.40,0.6213,0.5733,2148,1.7310,0.10,29.19
Hujan,6.58,26.0,NETRAL,TIDAK LAYAK,Air Mentah,46350.20,2.3340,11570.60,0.5826,0.5376,2149,1.7318,0.05,29.19
Hujan,6.58,26.0,NETRAL,TIDAK LAYAK,Air Mentah,46345.40,2.3337,12988.20,0.6540,0.6035,2148,1.7310,0.10,29.19
Hujan,6.58,26.0,NETRAL,TIDAK LAYAK,Air Mentah,46311.80,2.3320,11546.60,0.5814,0.5365,2148,1.7310,0.10,29.19
Hujan,6.58,26.0,NETRAL,TIDAK LAYAK,Air Mentah,46419.00,2.3374,12629.70,0.6360,0.5868,2149,1.7318,0.05,29.19
Hujan,6.58,26.0,NETRAL,TIDAK LAYAK,Air Mentah,46510.20,2.3420,14079.70,0.7090,0.6542,2148,1.7310,0.10,29.19
Hujan,6.58,26.0,NETRAL,TIDAK LAYAK,Air Mentah,47555.00,2.3946,12508.00,0.6298,0.5812,2150,1.7326,0.00,29.19
Hujan,6.58,26.0,NETRAL,TIDAK LAYAK,Air Mentah,46601.40,2.3466,11616.70,0.5850,0.5398,2143,1.7270,0.36,29.19
Hujan,6.58,26.0,NETRAL,TIDAK LAYAK,Air Mentah,46114.90,2.3221,14335.80,0.7219,0.6661,2136,1.7213,0.72,29.19
Hujan,6.58,26.0,NETRAL,TIDAK LAYAK,Air Mentah,46390.20,2.3360,12898.40,0.6495,0.5993,2161,1.7415,0.00,29.19
Hujan,6.58,26.0,NETRAL,TIDAK LAYAK,Air Mentah,46220.60,2.3274,11671.20,0.5877,0.5423,2140,1.7245,0.51,29.19
Hujan,6.58,26.0,NETRAL,TIDAK LAYAK,Air Mentah,46049.30,2.3188,13958.20,0.7029,0.6485,2140,1.7245,0.51,29.19
Hujan,6.58,26.0,NETRAL,TIDAK LAYAK,Air Mentah,46787.00,2.3559,11876.20,0.5980,0.5512,2139,1.7237,0.56,29.25
Hujan,6.58,26.0,NETRAL,TIDAK LAYAK,Air Mentah,46763.00,2.3547,12677.90,0.6384,0.5891,2146,1.7294,0.21,29.19
Hujan,6.58,26.0,NETRAL,TIDAK LAYAK,Air Mentah,46505.40,2.3418,14548.60,0.7326,0.6760,2139,1.7237,0.56,29.19
Hujan,6.58,26.0,NETRAL,TIDAK LAYAK,Air Mentah,46607.80,2.3469,12512.90,0.6301,0.5814,2142,1.7262,0.41,29.19
Hujan,6.58,26.0,NETRAL,TIDAK LAYAK,Air Mentah,46435.00,2.3382,11883.90,0.5984,0.5522,2142,1.7262,0.41,29.19
Hujan,6.58,26.0,NETRAL,TIDAK LAYAK,Air Mentah,46726.20,2.3529,14832.10,0.7469,0.6892,2142,1.7262,0.41,29.19
Hujan,6.58,26.0,NETRAL,TIDAK LAYAK,Air Mentah,46740.60,2.3536,13453.90,0.6775,0.6244,2153,1.7350,0.00,29.25
Hujan,6.58,26.0,NETRAL,TIDAK LAYAK,Air Mentah,46612.60,2.3472,12240.90,0.6164,0.5688,2155,1.7366,0.00,29.19
Hujan,6.58,26.0,NETRAL,TIDAK LAYAK,Air Mentah,46731.00,2.3531,14854.30,0.7480,0.6902,2142,1.7262,0.41,29.19
Hujan,6.58,26.0,NETRAL,TIDAK LAYAK,Air Mentah,46633.40,2.3482,14063.70,0.7082,0.6534,2144,1.7278,0.31,29.19
Hujan,6.58,26.0,NETRAL,TIDAK LAYAK,Air Mentah,47031.80,2.3683,12997.60,0.6545,0.6039,2142,1.7262,0.41,29.19
Hujan,6.58,26.0,NETRAL,TIDAK LAYAK,Air Mentah,46516.60,2.3423,14513.20,0.7308,0.6743,2143,1.7270,0.36,29.19
Hujan,6.58,26.0,NETRAL,TIDAK LAYAK,Air Mentah,46947.00,2.3640,14371.00,0.7236,0.6677,2144,1.7278,0.31,29.19
Hujan,6.58,26.0,NETRAL,TIDAK LAYAK,Air Mentah,46697.40,2.3514,13234.60,0.6664,0.6149,2142,1.7262,0.41,29.19
Hujan,6.58,26.0,NETRAL,TIDAK LAYAK,Air Mentah,46939.00,2.3636,14620.80,0.7362,0.6786,2144,1.7278,0.31,29.25
Hujan,6.58,26.0,NETRAL,TIDAK LAYAK,Air Mentah,46329.40,2.3329,14844.90,0.7475,0.6890,2149,1.7318,0.05,29.25
Hujan,6.58,26.0,NETRAL,TIDAK LAYAK,Air Mentah,47025.40,2.3680,12687.20,0.6389,0.5895,2143,1.7270,0.36,29.19
Hujan,6.58,26.0,NETRAL,TIDAK LAYAK,Air Mentah,46820.60,2.3576,13314.60,0.6705,0.6186,2154,1.7358,0.00,29.19
Hujan,6.58,26.0,NETRAL,TIDAK LAYAK,Air Mentah,46825.40,2.3579,16137.60,0.8126,0.7498,2142,1.7262,0.41,29.19
Hujan,6.58,26.0,NETRAL,TIDAK LAYAK,Air Mentah,47391.80,2.3864,12906.40,0.6499,0.5997,2141,1.7253,0.46,29.19
Hujan,6.58,26.0,NETRAL,TIDAK LAYAK,Air Mentah,46622.20,2.3477,14772.60,0.7439,0.6864,2146,1.7294,0.21,29.19
Hujan,6.58,26.0,NETRAL,TIDAK LAYAK,Air Mentah,47033.40,2.3684,14740.70,0.7423,0.6849,2144,1.7278,0.31,29.19
Hujan,6.58,26.0,NETRAL,TIDAK LAYAK,Air Mentah,46975.80,2.3655,12930.70,0.6511,0.6001,2143,1.7270,0.36,29.25
Hujan,6.58,26.0,NETRAL,TIDAK LAYAK,Air Mentah,46631.80,2.3481,14572.30,0.7338,0.6771,2143,1.7270,0.36,29.19
Hujan,6.58,26.0,NETRAL,TIDAK LAYAK,Air Mentah,46659.00,2.3495,14995.10,0.7551,0.6967,2144,1.7278,0.31,29.19
Hujan,6.58,26.0,NETRAL,TIDAK LAYAK,Air Mentah,46763.00,2.3547,13015.50,0.6554,0.6047,2145,1.7286,0.26,29.19
Hujan,6.58,26.0,NETRAL,TIDAK LAYAK,Air Mentah,46582.20,2.3456,14732.30,0.7418,0.6845,2143,1.7270,0.36,29.19
Hujan,6.58,26.0,NETRAL,TIDAK LAYAK,Air Mentah,46596.60,2.3464,15630.60,0.7871,0.7263,2145,1.7286,0.26,29.19
Hujan,6.58,26.0,NETRAL,TIDAK LAYAK,Air Mentah,46777.40,2.3555,13418.70,0.6757,0.6235,2145,1.7286,0.26,29.19
Hujan,6.58,26.0,NETRAL,TIDAK LAYAK,Air Mentah,46415.80,2.3373,12855.70,0.6473,0.5973,2137,1.7221,0.67,29.19
Hujan,6.58,26.0,NETRAL,TIDAK LAYAK,Air Mentah,46609.40,2.3470,14148.40,0.7124,0.6574,2140,1.7245,0.51,29.19
Hujan,6.58,26.0,NETRAL,TIDAK LAYAK,Air Mentah,46878.20,2.3605,12709.90,0.6400,0.5905,2140,1.7245,0.51,29.19
Hujan,6.58,26.0,NETRAL,TIDAK LAYAK,Air Mentah,46702.20,2.3517,14177.40,0.7139,0.6587,2139,1.7237,0.56,29.19
Hujan,6.58,26.0,NETRAL,TIDAK LAYAK,Air Mentah,47062.20,2.3698,14743.90,0.7424,0.6851,2140,1.7245,0.51,29.19
Hujan,6.58,26.0,NETRAL,TIDAK LAYAK,Air Mentah,47083.00,2.3709,13394.70,0.6745,0.6224,2142,1.7262,0.41,29.19
Hujan,6.58,26.0,NETRAL,TIDAK LAYAK,Air Mentah,46895.80,2.3614,13775.70,0.6937,0.6393,2144,1.7278,0.31,29.25
Hujan,6.58,26.0,NETRAL,TIDAK LAYAK,Air Mentah,46891.00,2.3612,14934.40,0.7520,0.6939,2144,1.7278,0.31,29.19
Hujan,6.58,26.0,NETRAL,TIDAK LAYAK,Air Mentah,46873.40,2.3603,13662.10,0.6880,0.6348,2145,1.7286,0.26,29.19
Hujan,6.58,26.0,NETRAL,TIDAK LAYAK,Air Mentah,47014.20,2.3674,15971.60,0.8042,0.7421,2152,1.7342,0.00,29.19
Hujan,6.58,26.0,NETRAL,TIDAK LAYAK,Air Mentah,46918.20,2.3626,14148.30,0.7124,0.6574,2144,1.7278,0.31,29.19
Hujan,6.58,26.0,NETRAL,TIDAK LAYAK,Air Mentah,46641.40,2.3486,12173.30,0.6130,0.5650,2142,1.7262,0.41,29.25
Hujan,6.58,26.0,NETRAL,TIDAK LAYAK,Air Mentah,46590.20,2.3460,15060.90,0.7584,0.6990,2165,1.7447,0.00,29.25
Hujan,6.58,26.0,NETRAL,TIDAK LAYAK,Air Mentah,46857.40,2.3595,13156.20,0.6625,0.6113,2144,1.7278,0.31,29.19
Hujan,6.58,26.0,NETRAL,TIDAK LAYAK,Air Mentah,46963.00,2.3648,11896.70,0.5991,0.5528,2144,1.7278,0.31,29.19
Hujan,6.58,26.0,NETRAL,TIDAK LAYAK,Air Mentah,47131.00,2.3733,14463.80,0.7283,0.6720,2142,1.7262,0.41,29.19
Hujan,6.58,26.0,NETRAL,TIDAK LAYAK,Air Mentah,47121.40,2.3728,13756.60,0.6927,0.6392,2145,1.7286,0.26,29.19
Hujan,6.58,26.0,NETRAL,TIDAK LAYAK,Air Mentah,46764.60,2.3548,12698.50,0.6394,0.5900,2144,1.7278,0.31,29.19
Hujan,6.58,26.0,NETRAL,TIDAK LAYAK,Air Mentah,46983.80,2.3659,13723.00,0.6910,0.6376,2137,1.7221,0.67,29.19
Hujan,6.58,26.0,NETRAL,TIDAK LAYAK,Air Mentah,46991.80,2.3663,14158.20,0.7129,0.6578,2145,1.7286,0.26,29.19
Hujan,6.58,26.0,NETRAL,TIDAK LAYAK,Air Mentah,46596.60,2.3464,11895.00,0.5990,0.5520,2145,1.7286,0.26,29.25
Hujan,6.58,26.0,NETRAL,TIDAK LAYAK,Air Mentah,46892.60,2.3613,13563.00,0.6830,0.6302,2144,1.7278,0.31,29.19
Hujan,6.58,26.0,NETRAL,TIDAK LAYAK,Air Mentah,46940.60,2.3637,14409.40,0.7256,0.6695,2145,1.7286,0.26,29.19
Hujan,6.58,26.0,NETRAL,TIDAK LAYAK,Air Mentah,47004.60,2.3669,11967.10,0.6026,0.5560,2143,1.7270,0.36,29.19
Hujan,6.58,26.0,NETRAL,TIDAK LAYAK,Air Mentah,47230.20,2.3783,13218.70,0.6656,0.6142,2144,1.7278,0.31,29.19
Hujan,6.58,26.0,NETRAL,TIDAK LAYAK,Air Mentah,47139.00,2.3737,14545.70,0.7324,0.6758,2147,1.7302,0.15,29.19
Hujan,6.58,26.0,NETRAL,TIDAK LAYAK,Air Mentah,46939.00,2.3636,12090.30,0.6088,0.5618,2145,1.7286,0.26,29.19
Hujan,6.58,26.0,NETRAL,TIDAK LAYAK,Air Mentah,47262.20,2.3799,12797.80,0.6444,0.5946,2144,1.7278,0.31,29.19
Hujan,6.58,26.0,NETRAL,TIDAK LAYAK,Air Mentah,47158.20,2.3746,13068.00,0.6580,0.6072,2144,1.7278,0.31,29.19
Hujan,6.58,26.0,NETRAL,TIDAK LAYAK,Air Mentah,47262.20,2.3799,12175.30,0.6131,0.5651,2143,1.7270,0.36,29.25
Hujan,6.58,26.0,NETRAL,TIDAK LAYAK,Air Mentah,47164.60,2.3750,13745.20,0.6921,0.6386,2145,1.7286,0.26,29.19
Hujan,6.58,26.0,NETRAL,TIDAK LAYAK,Air Mentah,47031.80,2.3683,13996.50,0.7048,0.6503,2145,1.7286,0.26,29.19
Hujan,6.58,26.0,NETRAL,TIDAK LAYAK,Air Mentah,46905.40,2.3619,11837.60,0.5961,0.5500,2148,1.7310,0.10,29.19
Hujan,6.58,26.0,NETRAL,TIDAK LAYAK,Air Mentah,47188.60,2.3762,12297.00,0.6192,0.5714,2144,1.7278,0.31,29.19
Hujan,6.58,26.0,NETRAL,TIDAK LAYAK,Air Mentah,46980.60,2.3657,14628.60,0.7366,0.6797,2143,1.7270,0.36,29.19
Hujan,6.58,26.0,NETRAL,TIDAK LAYAK,Air Mentah,47278.20,2.3807,12580.20,0.6335,0.5845,2143,1.7270,0.36,29.19
Hujan,6.58,26.0,NETRAL,TIDAK LAYAK,Air Mentah,47215.80,2.3775,12239.20,0.6163,0.5687,2145,1.7286,0.26,29.19
Hujan,6.58,26.0,NETRAL,TIDAK LAYAK,Air Mentah,47187.00,2.3761,14167.80,0.7134,0.6583,2146,1.7294,0.21,29.19
Hujan,6.58,26.0,NETRAL,TIDAK LAYAK,Air Mentah,47291.00,2.3813,12040.90,0.6063,0.5588,2144,1.7278,0.31,29.25
Hujan,6.58,26.0,NETRAL,TIDAK LAYAK,Air Mentah,47423.80,2.3880,13103.50,0.6598,0.6088,2144,1.7278,0.31,29.19
Hujan,6.58,26.0,NETRAL,TIDAK LAYAK,Air Mentah,46988.60,2.3661,14609.60,0.7357,0.6788,2144,1.7278,0.31,29.19
Hujan,6.58,26.0,NETRAL,TIDAK LAYAK,Air Mentah,47276.60,2.3806,12892.20,0.6492,0.5990,2144,1.7278,0.31,29.19
Hujan,6.58,26.0,NETRAL,TIDAK LAYAK,Air Mentah,46788.60,2.3560,12083.80,0.6085,0.5608,2146,1.7294,0.21,29.25
Hujan,6.58,26.0,NETRAL,TIDAK LAYAK,Air Mentah,46644.60,2.3488,14596.70,0.7350,0.6782,2144,1.7278,0.31,29.19
Hujan,6.58,26.0,NETRAL,TIDAK LAYAK,Air Mentah,46820.60,2.3576,12885.80,0.6489,0.5987,2143,1.7270,0.36,29.19
Danau,6.65,167.0,NETRAL,TIDAK LAYAK,Air Mentah,50490.00,2.5424,12013.60,0.6049,0.5601,2147,1.7302,0.15,29.00
Danau,6.65,167.0,NETRAL,TIDAK LAYAK,Air Mentah,50054.90,2.5205,13681.30,0.6889,0.6379,2130,1.7165,1.03,29.00
Danau,6.65,167.0,NETRAL,TIDAK LAYAK,Air Mentah,50810.00,2.5585,12351.20,0.6219,0.5759,2120,1.7084,1.54,29.00
Danau,6.65,167.0,NETRAL,TIDAK LAYAK,Air Mentah,50792.70,2.5577,11968.80,0.6027,0.5580,2124,1.7116,1.33,29.00
Danau,6.65,167.0,NETRAL,TIDAK LAYAK,Air Mentah,50600.50,2.5480,12957.90,0.6525,0.6042,2131,1.7173,0.97,29.00
Danau,6.65,167.0,NETRAL,TIDAK LAYAK,Air Mentah,50744.70,2.5552,13017.20,0.6555,0.6069,2123,1.7108,1.38,29.00
Danau,6.65,167.0,NETRAL,TIDAK LAYAK,Air Mentah,50789.20,2.5575,12401.10,0.6245,0.5782,2124,1.7116,1.33,29.00
Danau,6.65,167.0,NETRAL,TIDAK LAYAK,Air Mentah,50666.20,2.5513,13118.00,0.6606,0.6116,2123,1.7108,1.38,29.00
Danau,6.65,167.0,NETRAL,TIDAK LAYAK,Air Mentah,50591.00,2.5475,12714.60,0.6402,0.5928,2124,1.7116,1.33,29.00
Danau,6.65,167.0,NETRAL,TIDAK LAYAK,Air Mentah,50464.50,2.5411,12237.80,0.6162,0.5706,2133,1.7189,0.87,29.00
Danau,6.65,167.0,NETRAL,TIDAK LAYAK,Air Mentah,50835.80,2.5598,13252.40,0.6673,0.6179,2104,1.6955,2.36,29.00
Danau,6.65,167.0,NETRAL,TIDAK LAYAK,Air Mentah,50685.50,2.5523,13497.30,0.6797,0.6293,2075,1.6722,3.85,29.00
Danau,6.65,167.0,NETRAL,TIDAK LAYAK,Air Mentah,50613.50,2.5486,11920.80,0.6003,0.5558,2077,1.6738,3.74,29.00
Danau,6.65,167.0,NETRAL,TIDAK LAYAK,Air Mentah,50780.00,2.5570,12623.40,0.6356,0.5879,2120,1.7084,1.54,29.06
Danau,6.65,167.0,NETRAL,TIDAK LAYAK,Air Mentah,50495.00,2.5427,13700.50,0.6899,0.6388,2120,1.7084,1.54,29.00
Danau,6.65,167.0,NETRAL,TIDAK LAYAK,Air Mentah,51074.30,2.5718,12348.00,0.6218,0.5757,2116,1.7052,1.74,29.00
Danau,6.65,167.0,NETRAL,TIDAK LAYAK,Air Mentah,50845.30,2.5603,11984.80,0.6035,0.5588,2121,1.7092,1.49,29.00
Danau,6.65,167.0,NETRAL,TIDAK LAYAK,Air Mentah,50403.70,2.5381,12996.30,0.6544,0.6052,2124,1.7116,1.33,29.06
Danau,6.65,167.0,NETRAL,TIDAK LAYAK,Air Mentah,50539.80,2.5449,13012.40,0.6552,0.6060,2122,1.7100,1.44,29.06
Danau,6.65,167.0,NETRAL,TIDAK LAYAK,Air Mentah,50495.00,2.5427,12458.60,0.6273,0.5809,2131,1.7173,0.97,29.00
Danau,6.65,167.0,NETRAL,TIDAK LAYAK,Air Mentah,50821.40,2.5591,13734.10,0.6916,0.6396,2125,1.7125,1.28,29.06
Danau,6.65,167.0,NETRAL,TIDAK LAYAK,Air Mentah,50803.80,2.5582,12839.50,0.6465,0.5986,2120,1.7084,1.54,29.00
Danau,6.65,167.0,NETRAL,TIDAK LAYAK,Air Mentah,50472.60,2.5415,12028.00,0.6057,0.5608,2122,1.7100,1.44,29.00
Danau,6.65,167.0,NETRAL,TIDAK LAYAK,Air Mentah,50667.70,2.5514,13074.80,0.6584,0.6089,2114,1.7036,1.85,29.06
Danau,6.65,167.0,NETRAL,TIDAK LAYAK,Air Mentah,51141.50,2.5752,12949.80,0.6521,0.6031,2128,1.7149,1.13,29.06
Danau,6.65,167.0,NETRAL,TIDAK LAYAK,Air Mentah,50757.40,2.5559,12279.40,0.6183,0.5725,2100,1.6923,2.56,29.00
Danau,6.65,167.0,NETRAL,TIDAK LAYAK,Air Mentah,50647.00,2.5503,13230.00,0.6662,0.6161,2130,1.7165,1.03,29.06
Danau,6.65,167.0,NETRAL,TIDAK LAYAK,Air Mentah,50816.80,2.5589,13412.50,0.6754,0.6246,2131,1.7173,0.97,29.06
Danau,6.65,167.0,NETRAL,TIDAK LAYAK,Air Mentah,50712.60,2.5536,11970.40,0.6028,0.5581,2133,1.7189,0.87,29.00
Danau,6.65,167.0,NETRAL,TIDAK LAYAK,Air Mentah,50845.40,2.5603,12141.80,0.6114,0.5655,2128,1.7149,1.13,29.06
Danau,6.65,167.0,NETRAL,TIDAK LAYAK,Air Mentah,50941.50,2.5651,13364.50,0.6730,0.6231,2131,1.7173,0.97,29.00
Danau,6.65,167.0,NETRAL,TIDAK LAYAK,Air Mentah,51024.70,2.5693,11831.20,0.5958,0.5510,2125,1.7125,1.28,29.06
Danau,6.65,167.0,NETRAL,TIDAK LAYAK,Air Mentah,50967.00,2.5664,12612.30,0.6351,0.5880,2125,1.7125,1.28,29.00
Danau,6.65,167.0,NETRAL,TIDAK LAYAK,Air Mentah,50720.70,2.5540,13647.70,0.6872,0.6363,2125,1.7125,1.28,29.00
Danau,6.65,167.0,NETRAL,TIDAK LAYAK,Air Mentah,50518.90,2.5439,12477.90,0.6283,0.5818,2127,1.7141,1.18,29.00
Danau,6.65,167.0,NETRAL,TIDAK LAYAK,Air Mentah,51239.20,2.5801,11852.00,0.5968,0.5526,2129,1.7157,1.08,29.00
Danau,6.65,167.0,NETRAL,TIDAK LAYAK,Air Mentah,50599.00,2.5479,13390.00,0.6743,0.6243,2131,1.7173,0.97,29.00
Danau,6.65,167.0,NETRAL,TIDAK LAYAK,Air Mentah,50783.10,2.5572,12921.10,0.6506,0.6024,2132,1.7181,0.92,29.00
Danau,6.65,167.0,NETRAL,TIDAK LAYAK,Air Mentah,50803.80,2.5582,12306.50,0.6197,0.5731,2133,1.7189,0.87,29.06
Danau,6.65,167.0,NETRAL,TIDAK LAYAK,Air Mentah,50803.80,2.5582,13641.30,0.6869,0.6353,2133,1.7189,0.87,29.06
Danau,6.65,167.0,NETRAL,TIDAK LAYAK,Air Mentah,50906.20,2.5634,12164.00,0.6125,0.5671,2133,1.7189,0.87,29.00
Danau,6.65,167.0,NETRAL,TIDAK LAYAK,Air Mentah,51021.40,2.5692,11960.80,0.6023,0.5570,2135,1.7205,0.77,29.06
Danau,6.65,167.0,NETRAL,TIDAK LAYAK,Air Mentah,50747.80,2.5554,13454.00,0.6775,0.6266,2133,1.7189,0.87,29.06
Danau,6.65,167.0,NETRAL,TIDAK LAYAK,Air Mentah,50786.20,2.5573,12831.50,0.6461,0.5976,2132,1.7181,0.92,29.06
Danau,6.65,167.0,NETRAL,TIDAK LAYAK,Air Mentah,50869.60,2.5615,12116.00,0.6101,0.5643,2138,1.7229,0.62,29.06
Danau,6.65,167.0,NETRAL,TIDAK LAYAK,Air Mentah,50656.80,2.5508,12818.60,0.6455,0.5977,2132,1.7181,0.92,29.00
Danau,6.65,167.0,NETRAL,TIDAK LAYAK,Air Mentah,50959.20,2.5660,12605.80,0.6348,0.5877,2132,1.7181,0.92,29.00
Danau,6.65,167.0,NETRAL,TIDAK LAYAK,Air Mentah,50515.90,2.5437,12041.00,0.6063,0.5614,2141,1.7253,0.46,29.00
Danau,6.65,167.0,NETRAL,TIDAK LAYAK,Air Mentah,50722.30,2.5541,11928.80,0.6007,0.5562,2132,1.7181,0.92,29.00
Danau,6.65,167.0,NETRAL,TIDAK LAYAK,Air Mentah,50712.60,2.5536,13119.70,0.6606,0.6117,2136,1.7213,0.72,29.00
Danau,6.65,167.0,NETRAL,TIDAK LAYAK,Air Mentah,51304.80,2.5834,12938.90,0.6515,0.6026,2135,1.7205,0.77,29.06
Danau,6.65,167.0,NETRAL,TIDAK LAYAK,Air Mentah,51063.10,2.5713,12289.00,0.6188,0.5723,2139,1.7237,0.56,29.06
Danau,6.65,167.0,NETRAL,TIDAK LAYAK,Air Mentah,50853.50,2.5607,12890.60,0.6491,0.6010,2139,1.7237,0.56,29.00
Danau,6.65,167.0,NETRAL,TIDAK LAYAK,Air Mentah,50453.30,2.5406,12580.20,0.6335,0.5865,2138,1.7229,0.62,29.00
Danau,6.65,167.0,NETRAL,TIDAK LAYAK,Air Mentah,51287.20,2.5826,12138.60,0.6112,0.5653,2136,1.7213,0.72,29.06
Danau,6.65,167.0,NETRAL,TIDAK LAYAK,Air Mentah,51258.40,2.5811,13039.70,0.6566,0.6073,2098,1.6907,2.67,29.06
Danau,6.65,167.0,NETRAL,TIDAK LAYAK,Air Mentah,50559.00,2.5459,13578.90,0.6838,0.6324,2100,1.6923,2.56,29.06
Danau,6.65,167.0,NETRAL,TIDAK LAYAK,Air Mentah,50818.40,2.5589,12375.30,0.6232,0.5770,2074,1.6714,3.90,29.00
Danau,6.65,167.0,NETRAL,TIDAK LAYAK,Air Mentah,51178.40,2.5771,13092.50,0.6593,0.6104,2133,1.7189,0.87,29.00
Danau,6.65,167.0,NETRAL,TIDAK LAYAK,Air Mentah,50955.90,2.5659,13364.50,0.6730,0.6231,2145,1.7286,0.26,29.00
Danau,6.65,167.0,NETRAL,TIDAK LAYAK,Air Mentah,50779.90,2.5570,11973.60,0.6029,0.5583,2136,1.7213,0.72,29.00
Danau,6.65,167.0,NETRAL,TIDAK LAYAK,Air Mentah,50954.20,2.5658,11940.00,0.6012,0.5567,2136,1.7213,0.72,29.00
Danau,6.65,167.0,NETRAL,TIDAK LAYAK,Air Mentah,50778.20,2.5569,13503.60,0.6800,0.6289,2139,1.7237,0.56,29.06
Danau,6.65,167.0,NETRAL,TIDAK LAYAK,Air Mentah,50992.70,2.5677,12927.60,0.6510,0.6020,2034,1.6391,5.95,29.06
Danau,6.65,167.0,NETRAL,TIDAK LAYAK,Air Mentah,50839.20,2.5600,12167.40,0.6127,0.5666,2141,1.7253,0.46,29.06
Danau,6.65,167.0,NETRAL,TIDAK LAYAK,Air Mentah,51098.40,2.5730,13033.40,0.6563,0.6070,2147,1.7302,0.15,29.06
Danau,6.65,167.0,NETRAL,TIDAK LAYAK,Air Mentah,50568.70,2.5464,13463.70,0.6780,0.6270,2150,1.7326,0.00,29.06
Danau,6.65,167.0,NETRAL,TIDAK LAYAK,Air Mentah,50861.60,2.5611,12508.40,0.6299,0.5832,2143,1.7270,0.36,29.00
Danau,6.65,167.0,NETRAL,TIDAK LAYAK,Air Mentah,50781.50,2.5571,13362.80,0.6729,0.6223,2149,1.7318,0.05,29.06
Danau,6.65,167.0,NETRAL,TIDAK LAYAK,Air Mentah,50707.80,2.5534,13100.20,0.6597,0.6108,2148,1.7310,0.10,29.00
Danau,6.65,167.0,NETRAL,TIDAK LAYAK,Air Mentah,51179.90,2.5772,11959.40,0.6022,0.5576,2147,1.7302,0.15,29.00
Danau,6.65,167.0,NETRAL,TIDAK LAYAK,Air Mentah,51348.00,2.5856,13010.60,0.6551,0.6059,2146,1.7294,0.21,29.06
Danau,6.65,167.0,NETRAL,TIDAK LAYAK,Air Mentah,50613.60,2.5486,13710.10,0.6904,0.6392,2147,1.7302,0.15,29.00
Danau,6.65,167.0,NETRAL,TIDAK LAYAK,Air Mentah,50735.20,2.5548,12380.00,0.6234,0.5765,2146,1.7294,0.21,29.06
Danau,6.65,167.0,NETRAL,TIDAK LAYAK,Air Mentah,51431.20,2.5898,12208.80,0.6148,0.5692,2147,1.7302,0.15,29.00
Danau,6.65,167.0,NETRAL,TIDAK LAYAK,Air Mentah,50768.80,2.5565,13415.50,0.6755,0.6255,2144,1.7278,0.31,29.00
Danau,6.65,167.0,NETRAL,TIDAK LAYAK,Air Mentah,50911.10,2.5636,12868.40,0.6480,0.6000,2146,1.7294,0.21,29.00
Danau,6.65,167.0,NETRAL,TIDAK LAYAK,Air Mentah,50744.80,2.5552,12101.60,0.6094,0.5636,2147,1.7302,0.15,29.06
Danau,6.65,167.0,NETRAL,TIDAK LAYAK,Air Mentah,51087.20,2.5725,13310.00,0.6702,0.6206,2146,1.7294,0.21,29.00
Danau,6.65,167.0,NETRAL,TIDAK LAYAK,Air Mentah,50880.80,2.5621,13233.20,0.6664,0.6163,2148,1.7310,0.10,29.06
Danau,6.65,167.0,NETRAL,TIDAK LAYAK,Air Mentah,51026.40,2.5694,12583.40,0.6336,0.5867,2147,1.7302,0.15,29.00
Danau,6.65,167.0,NETRAL,TIDAK LAYAK,Air Mentah,51389.60,2.5877,13313.00,0.6704,0.6207,2148,1.7310,0.10,29.00
Danau,6.65,167.0,NETRAL,TIDAK LAYAK,Air Mentah,51308.00,2.5836,12850.60,0.6471,0.5985,2149,1.7318,0.05,29.06
Danau,6.65,167.0,NETRAL,TIDAK LAYAK,Air Mentah,51111.20,2.5737,12015.20,0.6050,0.5596,2149,1.7318,0.05,29.06
Danau,6.65,167.0,NETRAL,TIDAK LAYAK,Air Mentah,51333.60,2.5849,12184.80,0.6136,0.5681,2147,1.7302,0.15,29.00
Danau,6.65,167.0,NETRAL,TIDAK LAYAK,Air Mentah,51007.20,2.5685,13767.60,0.6933,0.6419,2148,1.7310,0.10,29.00
Danau,6.65,167.0,NETRAL,TIDAK LAYAK,Air Mentah,51644.00,2.6005,13071.60,0.6582,0.6088,2145,1.7286,0.26,29.06
Danau,6.65,167.0,NETRAL,TIDAK LAYAK,Air Mentah,51684.00,2.6025,12761.20,0.6426,0.5943,2145,1.7286,0.26,29.06
Danau,6.65,167.0,NETRAL,TIDAK LAYAK,Air Mentah,51368.80,2.5867,13550.00,0.6823,0.6310,2143,1.7270,0.36,29.06
Danau,6.65,167.0,NETRAL,TIDAK LAYAK,Air Mentah,51362.40,2.5863,13516.30,0.6806,0.6295,2145,1.7286,0.26,29.06
Danau,6.65,167.0,NETRAL,TIDAK LAYAK,Air Mentah,51322.50,2.5843,12328.80,0.6208,0.5748,2147,1.7302,0.15,29.00
Danau,6.65,167.0,NETRAL,TIDAK LAYAK,Air Mentah,51562.40,2.5964,12545.10,0.6317,0.5849,2148,1.7310,0.10,29.00
Danau,6.65,167.0,NETRAL,TIDAK LAYAK,Air Mentah,51613.80,2.5990,14071.60,0.7086,0.6553,2149,1.7318,0.05,29.06
Danau,6.65,167.0,NETRAL,TIDAK LAYAK,Air Mentah,51511.40,2.5938,13383.70,0.6739,0.6240,2149,1.7318,0.05,29.00
Danau,6.65,167.0,NETRAL,TIDAK LAYAK,Air Mentah,51752.90,2.6060,12517.80,0.6303,0.5830,2150,1.7326,0.00,29.06
Danau,6.65,167.0,NETRAL,TIDAK LAYAK,Air Mentah,51383.20,2.5874,14105.60,0.7103,0.6577,2149,1.7318,0.05,29.00
Danau,6.65,167.0,NETRAL,TIDAK LAYAK,Air Mentah,51266.50,2.5815,12836.30,0.6464,0.5978,2149,1.7318,0.05,29.06
Danau,6.65,167.0,NETRAL,TIDAK LAYAK,Air Mentah,51586.50,2.5976,12165.60,0.6126,0.5666,2149,1.7318,0.05,29.06
Danau,6.65,167.0,NETRAL,TIDAK LAYAK,Air Mentah,51538.40,2.5952,13189.80,0.6642,0.6150,2147,1.7302,0.15,29.00
Danau,6.65,167.0,NETRAL,TIDAK LAYAK,Air Mentah,51593.00,2.5980,13130.80,0.6612,0.6122,2150,1.7326,0.00,29.00
Danau,6.65,167.0,NETRAL,TIDAK LAYAK,Air Mentah,51973.80,2.6171,12660.40,0.6375,0.5903,2140,1.7245,0.51,29.00
Danau,6.65,167.0,NETRAL,TIDAK LAYAK,Air Mentah,51533.70,2.5950,13666.80,0.6882,0.6372,2144,1.7278,0.31,29.00
Danau,6.65,167.0,NETRAL,TIDAK LAYAK,Air Mentah,51749.80,2.6058,13277.80,0.6686,0.6184,2144,1.7278,0.31,29.06
Danau,6.65,167.0,NETRAL,TIDAK LAYAK,Air Mentah,51527.50,2.5947,12120.80,0.6103,0.5645,2143,1.7270,0.36,29.06
Danau,6.65,167.0,NETRAL,TIDAK LAYAK,Air Mentah,51644.20,2.6005,12850.70,0.6471,0.5985,2144,1.7278,0.31,29.06
Danau,6.65,167.0,NETRAL,TIDAK LAYAK,Air Mentah,51801.00,2.6084,13662.10,0.6880,0.6363,2144,1.7278,0.31,29.06
Danau,6.65,167.0,NETRAL,TIDAK LAYAK,Air Mentah,51601.00,2.5984,12210.60,0.6149,0.5693,2142,1.7262,0.41,29.00
Danau,6.65,167.0,NETRAL,TIDAK LAYAK,Air Mentah,51853.80,2.6111,12647.50,0.6369,0.5890,2144,1.7278,0.31,29.06
Danau,6.65,167.0,NETRAL,TIDAK LAYAK,Air Mentah,51628.10,2.5997,14022.10,0.7061,0.6538,2146,1.7294,0.21,29.00
Danau,6.65,167.0,NETRAL,TIDAK LAYAK,Air Mentah,51799.50,2.6084,13173.90,0.6634,0.6142,2146,1.7294,0.21,29.00
Danau,6.65,167.0,NETRAL,TIDAK LAYAK,Air Mentah,51935.40,2.6152,12569.10,0.6329,0.5860,2149,1.7318,0.05,29.00
Danau,6.65,167.0,NETRAL,TIDAK LAYAK,Air Mentah,51882.60,2.6125,13468.40,0.6782,0.6272,2134,1.7197,0.82,29.06
Danau,6.65,167.0,NETRAL,TIDAK LAYAK,Air Mentah,51496.80,2.5931,13548.40,0.6822,0.6317,2134,1.7197,0.82,29.00
Danau,6.65,167.0,NETRAL,TIDAK LAYAK,Air Mentah,51658.70,2.6013,12544.90,0.6317,0.5849,2134,1.7197,0.82,29.00
Danau,6.65,167.0,NETRAL,TIDAK LAYAK,Air Mentah,51487.30,2.5926,13385.30,0.6740,0.6234,2137,1.7221,0.67,29.06
Danau,6.65,167.0,NETRAL,TIDAK LAYAK,Air Mentah,51764.10,2.6066,14106.90,0.7103,0.6570,2143,1.7270,0.36,29.06
Danau,6.65,167.0,NETRAL,TIDAK LAYAK,Air Mentah,51493.90,2.5930,12604.30,0.6347,0.5877,2144,1.7278,0.31,29.00
Danau,6.65,167.0,NETRAL,TIDAK LAYAK,Air Mentah,51543.40,2.5955,12204.20,0.6145,0.5690,2146,1.7294,0.21,29.00
Danau,6.65,167.0,NETRAL,TIDAK LAYAK,Air Mentah,51751.50,2.6059,13311.70,0.6703,0.6199,2146,1.7294,0.21,29.06
Danau,6.65,167.0,NETRAL,TIDAK LAYAK,Air Mentah,52020.30,2.6195,13226.80,0.6660,0.6167,2145,1.7286,0.26,29.00
Danau,6.65,167.0,NETRAL,TIDAK LAYAK,Air Mentah,52150.00,2.6260,12303.60,0.6195,0.5737,2143,1.7270,0.36,29.00
Danau,6.65,167.0,NETRAL,TIDAK LAYAK,Air Mentah,51973.80,2.6171,13143.60,0.6618,0.6121,2141,1.7253,0.46,29.06
Danau,6.65,167.0,NETRAL,TIDAK LAYAK,Air Mentah,51817.00,2.6092,14313.30,0.7207,0.6674,2149,1.7318,0.05,29.00
Danau,6.65,167.0,NETRAL,TIDAK LAYAK,Air Mentah,51344.80,2.5855,14209.40,0.7155,0.6617,2128,1.7149,1.13,29.06
Danau,6.65,167.0,NETRAL,TIDAK LAYAK,Air Mentah,50903.20,2.5632,12780.30,0.6435,0.5959,2115,1.7044,1.79,29.00
Danau,6.65,167.0,NETRAL,TIDAK LAYAK,Air Mentah,50837.60,2.5599,13689.30,0.6893,0.6375,2138,1.7229,0.62,29.06
Danau,6.65,167.0,NETRAL,TIDAK LAYAK,Air Mentah,51048.70,2.5705,13943.90,0.7021,0.6494,2139,1.7237,0.56,29.06
Danau,6.65,167.0,NETRAL,TIDAK LAYAK,Air Mentah,50925.50,2.5643,13215.60,0.6655,0.6155,2144,1.7278,0.31,29.06
Danau,6.65,167.0,NETRAL,TIDAK LAYAK,Air Mentah,50544.60,2.5452,14095.80,0.7098,0.6565,2146,1.7294,0.21,29.06
Danau,6.65,167.0,NETRAL,TIDAK LAYAK,Air Mentah,50610.30,2.5485,14580.80,0.7342,0.6790,2149,1.7318,0.05,29.06
Danau,6.65,167.0,NETRAL,TIDAK LAYAK,Air Mentah,51098.30,2.5730,13484.50,0.6790,0.6280,2150,1.7326,0.00,29.06
Danau,6.65,167.0,NETRAL,TIDAK LAYAK,Air Mentah,50823.20,2.5592,12802.80,0.6447,0.5969,2151,1.7334,0.00,29.00
Danau,6.65,167.0,NETRAL,TIDAK LAYAK,Air Mentah,51002.40,2.5682,14025.30,0.7062,0.6539,2149,1.7318,0.05,29.00
Danau,6.65,167.0,NETRAL,TIDAK LAYAK,Air Mentah,51167.20,2.5765,13399.70,0.6747,0.6240,2150,1.7326,0.00,29.06
Danau,6.65,167.0,NETRAL,TIDAK LAYAK,Air Mentah,51069.60,2.5716,12789.80,0.6440,0.5963,2152,1.7342,0.00,29.00
Danau,6.65,167.0,NETRAL,TIDAK LAYAK,Air Mentah,50983.20,2.5672,14459.20,0.7281,0.6742,2153,1.7350,0.00,29.00
Danau,6.65,167.0,NETRAL,TIDAK LAYAK,Air Mentah,51365.60,2.5865,14305.50,0.7204,0.6670,2153,1.7350,0.00,29.00
Danau,6.65,167.0,NETRAL,TIDAK LAYAK,Air Mentah,51508.00,2.5937,13270.00,0.6682,0.6180,2152,1.7342,0.00,29.06
Danau,6.65,167.0,NETRAL,TIDAK LAYAK,Air Mentah,51325.70,2.5845,14094.30,0.7097,0.6571,2151,1.7334,0.00,29.00
Danau,6.65,167.0,NETRAL,TIDAK LAYAK,Air Mentah,51367.20,2.5866,14588.80,0.7346,0.6802,2153,1.7350,0.00,29.00
Danau,6.65,167.0,NETRAL,TIDAK LAYAK,Air Mentah,51468.20,2.5917,13196.50,0.6645,0.6153,2152,1.7342,0.00,29.00
Danau,6.65,167.0,NETRAL,TIDAK LAYAK,Air Mentah,51213.70,2.5789,12989.80,0.6541,0.6049,2153,1.7350,0.00,29.06
Danau,6.65,167.0,NETRAL,TIDAK LAYAK,Air Mentah,51583.30,2.5975,14328.00,0.7215,0.6673,2150,1.7326,0.00,29.06
Danau,6.65,167.0,NETRAL,TIDAK LAYAK,Air Mentah,51460.00,2.5913,12970.90,0.6531,0.6048,2148,1.7310,0.10,29.00
Danau,6.65,167.0,NETRAL,TIDAK LAYAK,Air Mentah,51978.60,2.6174,13111.50,0.6602,0.6106,2149,1.7318,0.05,29.06
Danau,6.65,167.0,NETRAL,TIDAK LAYAK,Air Mentah,51572.00,2.5969,14322.90,0.7212,0.6670,2148,1.7310,0.10,29.06
Danau,6.65,167.0,NETRAL,TIDAK LAYAK,Air Mentah,51831.40,2.6100,14535.90,0.7320,0.6777,2149,1.7318,0.05,29.00
Danau,6.65,167.0,NETRAL,TIDAK LAYAK,Air Mentah,51685.70,2.6026,13271.60,0.6683,0.6188,2149,1.7318,0.05,29.00
Danau,6.65,167.0,NETRAL,TIDAK LAYAK,Air Mentah,51455.30,2.5910,13903.70,0.7001,0.6475,2151,1.7334,0.00,29.06
Danau,6.65,167.0,NETRAL,TIDAK LAYAK,Air Mentah,51460.20,2.5913,15032.00,0.7569,0.7001,2165,1.7447,0.00,29.06
Danau,6.65,167.0,NETRAL,TIDAK LAYAK,Air Mentah,51727.40,2.6047,13548.60,0.6822,0.6310,2150,1.7326,0.00,29.06
Danau,6.65,167.0,NETRAL,TIDAK LAYAK,Air Mentah,51821.90,2.6095,12702.10,0.6396,0.5915,2154,1.7358,0.00,29.06
Danau,6.65,167.0,NETRAL,TIDAK LAYAK,Air Mentah,51933.70,2.6151,15104.30,0.7606,0.7034,2150,1.7326,0.00,29.06
Danau,6.65,167.0,NETRAL,TIDAK LAYAK,Air Mentah,51408.80,2.5887,14131.00,0.7116,0.6581,2160,1.7407,0.00,29.06
Danau,6.65,167.0,NETRAL,TIDAK LAYAK,Air Mentah,51951.40,2.6160,12767.60,0.6429,0.5953,2149,1.7318,0.05,29.00
Danau,6.65,167.0,NETRAL,TIDAK LAYAK,Air Mentah,51433.00,2.5899,13931.00,0.7015,0.6488,2150,1.7326,0.00,29.06
Danau,6.65,167.0,NETRAL,TIDAK LAYAK,Air Mentah,51866.70,2.6117,14155.00,0.7128,0.6600,2150,1.7326,0.00,29.00
Danau,6.65,167.0,NETRAL,TIDAK LAYAK,Air Mentah,51855.60,2.6112,12972.50,0.6532,0.6041,2153,1.7350,0.00,29.06
Danau,6.65,167.0,NETRAL,TIDAK LAYAK,Air Mentah,51676.20,2.6021,13276.50,0.6685,0.6183,2152,1.7342,0.00,29.06
Danau,6.65,167.0,NETRAL,TIDAK LAYAK,Air Mentah,51634.70,2.6001,14996.90,0.7552,0.6984,2150,1.7326,0.00,29.06
Danau,6.65,167.0,NETRAL,TIDAK LAYAK,Air Mentah,51757.70,2.6062,14113.40,0.7107,0.6580,2148,1.7310,0.10,29.00
Danau,6.65,167.0,NETRAL,TIDAK LAYAK,Air Mentah,52158.00,2.6264,13263.60,0.6679,0.6177,2146,1.7294,0.21,29.06
Danau,6.65,167.0,NETRAL,TIDAK LAYAK,Air Mentah,51838.00,2.6103,14060.60,0.7080,0.6548,2145,1.7286,0.26,29.06
Danau,6.65,167.0,NETRAL,TIDAK LAYAK,Air Mentah,51924.30,2.6146,14324.80,0.7213,0.6671,2160,1.7407,0.00,29.06
Danau,6.65,167.0,NETRAL,TIDAK LAYAK,Air Mentah,52084.50,2.6227,12825.20,0.6458,0.5973,2150,1.7326,0.00,29.06
Danau,6.65,167.0,NETRAL,TIDAK LAYAK,Air Mentah,51831.50,2.6100,13316.50,0.6705,0.6209,2149,1.7318,0.05,29.00
Danau,6.65,167.0,NETRAL,TIDAK LAYAK,Air Mentah,51868.30,2.6118,14846.40,0.7476,0.6922,2149,1.7318,0.05,29.00
Danau,6.65,167.0,NETRAL,TIDAK LAYAK,Air Mentah,52249.20,2.6310,12749.80,0.6420,0.5938,2157,1.7382,0.00,29.06
Danau,6.65,167.0,NETRAL,TIDAK LAYAK,Air Mentah,52004.30,2.6187,14801.60,0.7453,0.6893,2148,1.7310,0.10,29.06
Danau,6.65,167.0,NETRAL,TIDAK LAYAK,Air Mentah,51730.70,2.6049,14108.50,0.7104,0.6570,2148,1.7310,0.10,29.06
Danau,6.65,167.0,NETRAL,TIDAK LAYAK,Air Mentah,51682.70,2.6025,12604.40,0.6347,0.5877,2149,1.7318,0.05,29.00
Danau,6.65,167.0,NETRAL,TIDAK LAYAK,Air Mentah,51756.30,2.6062,14079.70,0.7090,0.6565,2151,1.7334,0.00,29.00
Danau,6.65,167.0,NETRAL,TIDAK LAYAK,Air Mentah,52161.20,2.6266,13945.50,0.7022,0.6502,2152,1.7342,0.00,29.00
Danau,6.65,167.0,NETRAL,TIDAK LAYAK,Air Mentah,51953.10,2.6161,13406.00,0.6751,0.6243,2154,1.7358,0.00,29.06
Danau,6.65,167.0,NETRAL,TIDAK LAYAK,Air Mentah,52138.80,2.6254,13865.40,0.6982,0.6465,2150,1.7326,0.00,29.00
Danau,6.65,167.0,NETRAL,TIDAK LAYAK,Air Mentah,52094.00,2.6232,13956.50,0.7028,0.6500,2152,1.7342,0.00,29.06
Danau,6.65,167.0,NETRAL,TIDAK LAYAK,Air Mentah,52483.00,2.6428,12481.00,0.6285,0.5813,2152,1.7342,0.00,29.06
Danau,6.65,167.0,NETRAL,TIDAK LAYAK,Air Mentah,52278.10,2.6325,12442.60,0.6265,0.5795,2152,1.7342,0.00,29.06
Danau,6.65,167.0,NETRAL,TIDAK LAYAK,Air Mentah,51933.90,2.6151,13389.80,0.6742,0.6243,2150,1.7326,0.00,29.00
Danau,6.65,167.0,NETRAL,TIDAK LAYAK,Air Mentah,52340.40,2.6356,13234.90,0.6664,0.6171,2148,1.7310,0.10,29.00
Danau,6.65,167.0,NETRAL,TIDAK LAYAK,Air Mentah,52138.80,2.6254,12509.60,0.6299,0.5833,2150,1.7326,0.00,29.00
Danau,6.65,167.0,NETRAL,TIDAK LAYAK,Air Mentah,52350.20,2.6361,13337.00,0.6716,0.6218,2148,1.7310,0.10,29.00
Danau,6.65,167.0,NETRAL,TIDAK LAYAK,Air Mentah,52113.10,2.6241,13388.40,0.6742,0.6235,2155,1.7366,0.00,29.06
Danau,6.65,167.0,NETRAL,TIDAK LAYAK,Air Mentah,52230.10,2.6300,12833.20,0.6462,0.5983,2150,1.7326,0.00,29.00
Danau,6.65,167.0,NETRAL,TIDAK LAYAK,Air Mentah,52034.80,2.6202,13766.00,0.6932,0.6418,2168,1.7471,0.00,29.00
Danau,6.65,167.0,NETRAL,TIDAK LAYAK,Air Mentah,52466.90,2.6420,14401.30,0.7252,0.6707,2151,1.7334,0.00,29.06
Danau,6.65,167.0,NETRAL,TIDAK LAYAK,Air Mentah,52145.30,2.6258,13479.50,0.6788,0.6278,2151,1.7334,0.00,29.06
Danau,6.65,167.0,NETRAL,TIDAK LAYAK,Air Mentah,52268.40,2.6320,12588.20,0.6339,0.5862,2151,1.7334,0.00,29.06
Danau,6.65,167.0,NETRAL,TIDAK LAYAK,Air Mentah,52231.70,2.6301,14887.90,0.7497,0.6933,2145,1.7286,0.26,29.06
Danau,6.65,167.0,NETRAL,TIDAK LAYAK,Air Mentah,52094.00,2.6232,14803.20,0.7454,0.6894,2145,1.7286,0.26,29.06
Danau,6.65,167.0,NETRAL,TIDAK LAYAK,Air Mentah,51871.50,2.6120,12951.60,0.6522,0.6032,2146,1.7294,0.21,29.06
Danau,6.65,167.0,NETRAL,TIDAK LAYAK,Air Mentah,52039.50,2.6204,14409.20,0.7256,0.6718,2148,1.7310,0.10,29.00
Danau,6.65,167.0,NETRAL,TIDAK LAYAK,Air Mentah,52311.70,2.6341,14969.50,0.7538,0.6971,2151,1.7334,0.00,29.06
Danau,6.65,167.0,NETRAL,TIDAK LAYAK,Air Mentah,52279.60,2.6325,13702.10,0.6900,0.6381,2147,1.7302,0.15,29.06
Danau,6.65,167.0,NETRAL,TIDAK LAYAK,Air Mentah,52126.00,2.6248,14452.70,0.7278,0.6739,2145,1.7286,0.26,29.00
Danau,6.65,167.0,NETRAL,TIDAK LAYAK,Air Mentah,51561.00,2.5963,14792.00,0.7448,0.6897,2156,1.7374,0.00,29.00
Danau,6.65,167.0,NETRAL,TIDAK LAYAK,Air Mentah,51797.90,2.6083,13342.10,0.6718,0.6221,2145,1.7286,0.26,29.00
Danau,6.65,167.0,NETRAL,TIDAK LAYAK,Air Mentah,51749.90,2.6059,14161.50,0.7131,0.6595,2148,1.7310,0.10,29.06
Danau,6.65,167.0,NETRAL,TIDAK LAYAK,Air Mentah,51884.20,2.6126,14268.70,0.7185,0.6653,2147,1.7302,0.15,29.00
Danau,6.65,167.0,NETRAL,TIDAK LAYAK,Air Mentah,52297.30,2.6334,14522.90,0.7313,0.6763,2152,1.7342,0.00,29.06
Selokan,6.83,356.0,NETRAL,TIDAK LAYAK,Air Mentah,50013.10,2.5184,15305.60,0.7707,0.7144,2111,1.7012,2.00,28.94
Selokan,6.83,356.0,NETRAL,TIDAK LAYAK,Air Mentah,50462.80,2.5410,13229.80,0.6662,0.6176,2113,1.7028,1.90,28.94
Selokan,6.83,356.0,NETRAL,TIDAK LAYAK,Air Mentah,50430.70,2.5394,13993.30,0.7046,0.6532,2112,1.7020,1.95,28.94
Selokan,6.83,356.0,NETRAL,TIDAK LAYAK,Air Mentah,50341.10,2.5349,15720.30,0.7916,0.7330,2113,1.7028,1.90,29.00
Selokan,6.83,356.0,NETRAL,TIDAK LAYAK,Air Mentah,50874.10,2.5618,14539.20,0.7321,0.6779,2116,1.7052,1.74,29.00
Selokan,6.83,356.0,NETRAL,TIDAK LAYAK,Air Mentah,50413.40,2.5386,13431.60,0.6763,0.6262,2113,1.7028,1.90,29.00
Selokan,6.83,356.0,NETRAL,TIDAK LAYAK,Air Mentah,50618.00,2.5489,14788.60,0.7447,0.6895,2108,1.6988,2.15,29.00
Selokan,6.83,356.0,NETRAL,TIDAK LAYAK,Air Mentah,51096.60,2.5730,14950.30,0.7528,0.6971,2101,1.6931,2.51,29.00
Selokan,6.83,356.0,NETRAL,TIDAK LAYAK,Air Mentah,50924.00,2.5643,13289.00,0.6692,0.6203,2102,1.6939,2.46,28.94
Selokan,6.83,356.0,NETRAL,TIDAK LAYAK,Air Mentah,51132.00,2.5747,15556.80,0.7834,0.7253,2102,1.6939,2.46,29.00
Selokan,6.83,356.0,NETRAL,TIDAK LAYAK,Air Mentah,50760.70,2.5560,14883.10,0.7494,0.6939,2101,1.6931,2.51,29.00
Selokan,6.83,356.0,NETRAL,TIDAK LAYAK,Air Mentah,51341.60,2.5853,13802.90,0.6950,0.6436,2102,1.6939,2.46,29.00
Selokan,6.83,356.0,NETRAL,TIDAK LAYAK,Air Mentah,50968.80,2.5665,14614.20,0.7359,0.6814,2102,1.6939,2.46,29.00
Selokan,6.83,356.0,NETRAL,TIDAK LAYAK,Air Mentah,51599.20,2.5983,14772.60,0.7439,0.6888,2103,1.6947,2.41,29.00
Selokan,6.83,356.0,NETRAL,TIDAK LAYAK,Air Mentah,51738.60,2.6053,13634.80,0.6866,0.6357,2103,1.6947,2.41,29.00
Selokan,6.83,356.0,NETRAL,TIDAK LAYAK,Air Mentah,51588.00,2.5977,14030.10,0.7065,0.6542,2110,1.7004,2.05,29.00
Selokan,6.83,356.0,NETRAL,TIDAK LAYAK,Air Mentah,51568.90,2.5967,15982.70,0.8048,0.7452,2102,1.6939,2.46,29.00
Selokan,6.83,356.0,NETRAL,TIDAK LAYAK,Air Mentah,51236.20,2.5800,13599.60,0.6848,0.6341,2101,1.6931,2.51,29.00
Selokan,6.83,356.0,NETRAL,TIDAK LAYAK,Air Mentah,51713.10,2.6040,14715.20,0.7410,0.6861,2102,1.6939,2.46,29.00
Selokan,6.83,356.0,NETRAL,TIDAK LAYAK,Air Mentah,51196.10,2.5780,16036.80,0.8075,0.7477,2103,1.6947,2.41,29.00
Selokan,6.83,356.0,NETRAL,TIDAK LAYAK,Air Mentah,51601.10,2.5984,14556.60,0.7330,0.6795,2104,1.6955,2.36,28.94
Selokan,6.83,356.0,NETRAL,TIDAK LAYAK,Air Mentah,51940.40,2.6154,13500.30,0.6798,0.6302,2105,1.6963,2.31,28.94
Selokan,6.83,356.0,NETRAL,TIDAK LAYAK,Air Mentah,52036.40,2.6203,15300.80,0.7705,0.7134,2110,1.7004,2.05,29.00
Selokan,6.83,356.0,NETRAL,TIDAK LAYAK,Air Mentah,52127.60,2.6249,15227.30,0.7668,0.7100,2101,1.6931,2.51,29.00
Selokan,6.83,356.0,NETRAL,TIDAK LAYAK,Air Mentah,51895.60,2.6132,14252.60,0.7177,0.6638,2115,1.7044,1.79,29.06
Selokan,6.83,356.0,NETRAL,TIDAK LAYAK,Air Mentah,51836.50,2.6102,14840.00,0.7473,0.6919,2101,1.6931,2.51,29.00
Selokan,6.83,356.0,NETRAL,TIDAK LAYAK,Air Mentah,51650.80,2.6009,14828.70,0.7467,0.6914,2102,1.6939,2.46,29.00
Selokan,6.83,356.0,NETRAL,TIDAK LAYAK,Air Mentah,52215.70,2.6293,14169.40,0.7135,0.6614,2121,1.7092,1.49,28.94
Selokan,6.83,356.0,NETRAL,TIDAK LAYAK,Air Mentah,51993.30,2.6181,15076.90,0.7592,0.7038,2100,1.6923,2.56,28.94
Selokan,6.83,356.0,NETRAL,TIDAK LAYAK,Air Mentah,52097.30,2.6233,15083.20,0.7595,0.7033,2102,1.6939,2.46,29.00
Selokan,6.83,356.0,NETRAL,TIDAK LAYAK,Air Mentah,52287.70,2.6329,13476.20,0.6786,0.6283,2109,1.6996,2.10,29.00
Selokan,6.83,356.0,NETRAL,TIDAK LAYAK,Air Mentah,51828.30,2.6098,14436.50,0.7269,0.6731,2108,1.6988,2.15,29.00
Selokan,6.83,356.0,NETRAL,TIDAK LAYAK,Air Mentah,52129.20,2.6250,15992.30,0.8053,0.7456,2109,1.6996,2.10,29.00
Selokan,6.83,356.0,NETRAL,TIDAK LAYAK,Air Mentah,52641.40,2.6507,14587.20,0.7345,0.6801,2109,1.6996,2.10,29.00
Selokan,6.83,356.0,NETRAL,TIDAK LAYAK,Air Mentah,52575.70,2.6474,13337.20,0.6716,0.6218,2106,1.6971,2.26,29.00
Selokan,6.83,356.0,NETRAL,TIDAK LAYAK,Air Mentah,52431.70,2.6402,15110.30,0.7609,0.7045,2118,1.7068,1.64,29.00
Selokan,6.83,356.0,NETRAL,TIDAK LAYAK,Air Mentah,52438.10,2.6405,14689.40,0.7397,0.6849,2098,1.6907,2.67,29.00
Selokan,6.83,356.0,NETRAL,TIDAK LAYAK,Air Mentah,52281.30,2.6326,13868.60,0.6984,0.6466,2094,1.6875,2.87,29.00
Selokan,6.83,356.0,NETRAL,TIDAK LAYAK,Air Mentah,52228.40,2.6299,14999.90,0.7553,0.6994,2093,1.6867,2.92,29.00
Selokan,6.83,356.0,NETRAL,TIDAK LAYAK,Air Mentah,52297.30,2.6334,15272.00,0.7690,0.7121,2093,1.6867,2.92,29.00
Selokan,6.83,356.0,NETRAL,TIDAK LAYAK,Air Mentah,52126.00,2.6248,13481.00,0.6788,0.6285,2094,1.6875,2.87,29.00
Selokan,6.83,356.0,NETRAL,TIDAK LAYAK,Air Mentah,52545.30,2.6459,14209.30,0.7155,0.6625,2097,1.6899,2.72,29.00
Selokan,6.83,356.0,NETRAL,TIDAK LAYAK,Air Mentah,52286.00,2.6328,15933.10,0.8023,0.7429,2100,1.6923,2.56,29.00
Selokan,6.83,356.0,NETRAL,TIDAK LAYAK,Air Mentah,52723.00,2.6549,14868.70,0.7487,0.6933,2100,1.6923,2.56,29.00
Selokan,6.83,356.0,NETRAL,TIDAK LAYAK,Air Mentah,52222.00,2.6296,13652.40,0.6875,0.6365,2103,1.6947,2.41,29.00
Selokan,6.83,356.0,NETRAL,TIDAK LAYAK,Air Mentah,52739.00,2.6557,15836.80,0.7975,0.7384,2106,1.6971,2.26,29.00
Selokan,6.83,356.0,NETRAL,TIDAK LAYAK,Air Mentah,52743.70,2.6559,13929.30,0.7014,0.6495,2107,1.6979,2.21,29.00
Selokan,6.83,356.0,NETRAL,TIDAK LAYAK,Air Mentah,52202.80,2.6287,13417.00,0.6756,0.6256,2109,1.6996,2.10,29.00
Selokan,6.83,356.0,NETRAL,TIDAK LAYAK,Air Mentah,52734.20,2.6554,15643.50,0.7877,0.7294,2107,1.6979,2.21,29.00
Selokan,6.83,356.0,NETRAL,TIDAK LAYAK,Air Mentah,52420.50,2.6396,14860.80,0.7483,0.6929,2106,1.6971,2.26,29.00
Selokan,6.83,356.0,NETRAL,TIDAK LAYAK,Air Mentah,52660.50,2.6517,13466.80,0.6781,0.6279,2106,1.6971,2.26,29.00
Selokan,6.83,356.0,NETRAL,TIDAK LAYAK,Air Mentah,52567.70,2.6470,14652.70,0.7378,0.6832,2116,1.7052,1.74,29.00
Selokan,6.83,356.0,NETRAL,TIDAK LAYAK,Air Mentah,52714.90,2.6544,14799.90,0.7452,0.6900,2103,1.6947,2.41,29.00
Selokan,6.83,356.0,NETRAL,TIDAK LAYAK,Air Mentah,52522.90,2.6448,14140.60,0.7120,0.6593,2103,1.6947,2.41,29.00
Selokan,6.83,356.0,NETRAL,TIDAK LAYAK,Air Mentah,52398.00,2.6385,15366.40,0.7738,0.7165,2106,1.6971,2.26,29.00
Selokan,6.83,356.0,NETRAL,TIDAK LAYAK,Air Mentah,52626.90,2.6500,15088.10,0.7598,0.7035,2113,1.7028,1.90,29.00
Selokan,6.83,356.0,NETRAL,TIDAK LAYAK,Air Mentah,52985.30,2.6681,13737.40,0.6917,0.6398,2115,1.7044,1.79,29.06
Selokan,6.83,356.0,NETRAL,TIDAK LAYAK,Air Mentah,52434.80,2.6403,14599.70,0.7352,0.6807,2113,1.7028,1.90,29.00
Selokan,6.83,356.0,NETRAL,TIDAK LAYAK,Air Mentah,53027.00,2.6702,14706.90,0.7406,0.6857,2106,1.6971,2.26,29.00
Selokan,6.83,356.0,NETRAL,TIDAK LAYAK,Air Mentah,52786.90,2.6581,13756.40,0.6927,0.6414,2103,1.6947,2.41,29.00
Selokan,6.83,356.0,NETRAL,TIDAK LAYAK,Air Mentah,52689.30,2.6532,14822.40,0.7464,0.6911,2104,1.6955,2.36,29.00
Selokan,6.83,356.0,NETRAL,TIDAK LAYAK,Air Mentah,53015.80,2.6696,15645.10,0.7878,0.7294,2103,1.6947,2.41,29.00
Selokan,6.83,356.0,NETRAL,TIDAK LAYAK,Air Mentah,52826.90,2.6601,14497.60,0.7300,0.6759,2101,1.6931,2.51,29.00
Selokan,6.83,356.0,NETRAL,TIDAK LAYAK,Air Mentah,52810.90,2.6593,14372.50,0.7237,0.6701,2098,1.6907,2.67,29.00
Selokan,6.83,356.0,NETRAL,TIDAK LAYAK,Air Mentah,53038.20,2.6707,15798.40,0.7955,0.7366,2101,1.6931,2.51,29.00
Selokan,6.83,356.0,NETRAL,TIDAK LAYAK,Air Mentah,52743.70,2.6559,14302.20,0.7202,0.6668,2120,1.7084,1.54,29.00
Selokan,6.83,356.0,NETRAL,TIDAK LAYAK,Air Mentah,52599.60,2.6486,13333.80,0.6714,0.6217,2102,1.6939,2.46,29.00
Selokan,6.83,356.0,NETRAL,TIDAK LAYAK,Air Mentah,52777.30,2.6576,14764.50,0.7435,0.6884,2096,1.6891,2.77,29.00
Selokan,6.83,356.0,NETRAL,TIDAK LAYAK,Air Mentah,52410.80,2.6391,15148.70,0.7628,0.7063,2100,1.6923,2.56,29.00
Selokan,6.83,356.0,NETRAL,TIDAK LAYAK,Air Mentah,52727.70,2.6551,14075.00,0.7087,0.6562,2094,1.6875,2.87,29.00
Selokan,6.83,356.0,NETRAL,TIDAK LAYAK,Air Mentah,52903.80,2.6640,14980.70,0.7543,0.6985,2091,1.6851,3.03,29.00
Selokan,6.83,356.0,NETRAL,TIDAK LAYAK,Air Mentah,52758.10,2.6566,15150.40,0.7629,0.7064,2090,1.6842,3.08,29.00
Selokan,6.83,356.0,NETRAL,TIDAK LAYAK,Air Mentah,52759.70,2.6567,14795.20,0.7450,0.6898,2090,1.6842,3.08,29.00
Selokan,6.83,356.0,NETRAL,TIDAK LAYAK,Air Mentah,52820.50,2.6598,13479.60,0.6788,0.6285,2088,1.6826,3.18,29.00
Selokan,6.83,356.0,NETRAL,TIDAK LAYAK,Air Mentah,52722.90,2.6548,15198.40,0.7653,0.7086,2091,1.6851,3.03,29.00
Selokan,6.83,356.0,NETRAL,TIDAK LAYAK,Air Mentah,52767.70,2.6571,15086.50,0.7597,0.7034,2089,1.6834,3.13,29.00
Selokan,6.83,356.0,NETRAL,TIDAK LAYAK,Air Mentah,52676.50,2.6525,13927.80,0.7013,0.6494,2094,1.6875,2.87,29.00
Selokan,6.83,356.0,NETRAL,TIDAK LAYAK,Air Mentah,52705.30,2.6540,14678.10,0.7391,0.6844,2092,1.6859,2.97,29.00
Selokan,6.83,356.0,NETRAL,TIDAK LAYAK,Air Mentah,52702.10,2.6538,15012.70,0.7560,0.7000,2094,1.6875,2.87,29.00
Selokan,6.83,356.0,NETRAL,TIDAK LAYAK,Air Mentah,52993.40,2.6685,14006.20,0.7053,0.6523,2095,1.6883,2.82,29.06
Selokan,6.83,356.0,NETRAL,TIDAK LAYAK,Air Mentah,52567.60,2.6470,14596.80,0.7350,0.6806,2096,1.6891,2.77,29.00
Selokan,6.83,356.0,NETRAL,TIDAK LAYAK,Air Mentah,52521.20,2.6447,14988.70,0.7548,0.6988,2098,1.6907,2.67,29.00
Selokan,6.83,356.0,NETRAL,TIDAK LAYAK,Air Mentah,52839.70,2.6607,13935.80,0.7017,0.6498,2102,1.6939,2.46,29.00
Selokan,6.83,356.0,NETRAL,TIDAK LAYAK,Air Mentah,52694.00,2.6534,14721.50,0.7413,0.6864,2099,1.6915,2.62,29.00
Selokan,6.83,356.0,NETRAL,TIDAK LAYAK,Air Mentah,52830.10,2.6602,14692.70,0.7398,0.6850,2097,1.6899,2.72,29.00
Selokan,6.83,356.0,NETRAL,TIDAK LAYAK,Air Mentah,52815.70,2.6595,13996.60,0.7048,0.6526,2098,1.6907,2.67,29.00
Selokan,6.83,356.0,NETRAL,TIDAK LAYAK,Air Mentah,52983.70,2.6680,14971.30,0.7539,0.6980,2096,1.6891,2.77,29.00
Selokan,6.83,356.0,NETRAL,TIDAK LAYAK,Air Mentah,52903.70,2.6640,15292.80,0.7701,0.7130,2099,1.6915,2.62,29.00
Selokan,6.83,356.0,NETRAL,TIDAK LAYAK,Air Mentah,52868.50,2.6622,13654.10,0.6875,0.6366,2097,1.6899,2.72,29.00
Selokan,6.83,356.0,NETRAL,TIDAK LAYAK,Air Mentah,52794.80,2.6585,14095.70,0.7098,0.6572,2096,1.6891,2.77,29.00
Selokan,6.83,356.0,NETRAL,TIDAK LAYAK,Air Mentah,52839.70,2.6607,15833.90,0.7973,0.7383,2105,1.6963,2.31,29.00
Selokan,6.83,356.0,NETRAL,TIDAK LAYAK,Air Mentah,52514.80,2.6444,13522.80,0.6809,0.6305,2094,1.6875,2.87,29.00
Selokan,6.83,356.0,NETRAL,TIDAK LAYAK,Air Mentah,52785.30,2.6580,14918.30,0.7512,0.6956,2103,1.6947,2.41,29.00
Selokan,6.83,356.0,NETRAL,TIDAK LAYAK,Air Mentah,52606.00,2.6490,15099.20,0.7603,0.7040,2106,1.6971,2.26,29.00
Selokan,6.83,356.0,NETRAL,TIDAK LAYAK,Air Mentah,52962.90,2.6669,13623.60,0.6860,0.6352,2109,1.6996,2.10,29.00
Selokan,6.83,356.0,NETRAL,TIDAK LAYAK,Air Mentah,52785.30,2.6580,15008.00,0.7557,0.6997,2105,1.6963,2.31,29.00
Selokan,6.83,356.0,NETRAL,TIDAK LAYAK,Air Mentah,52908.50,2.6642,15163.20,0.7635,0.7070,2106,1.6971,2.26,29.00
Selokan,6.83,356.0,NETRAL,TIDAK LAYAK,Air Mentah,52842.90,2.6609,13441.20,0.6768,0.6267,2103,1.6947,2.41,29.00
Selokan,6.83,356.0,NETRAL,TIDAK LAYAK,Air Mentah,52554.80,2.6464,14900.80,0.7503,0.6947,2106,1.6971,2.26,29.00
Selokan,6.83,356.0,NETRAL,TIDAK LAYAK,Air Mentah,52769.30,2.6572,15380.80,0.7745,0.7171,2107,1.6979,2.21,29.00
Selokan,6.83,356.0,NETRAL,TIDAK LAYAK,Air Mentah,53203.00,2.6790,13742.20,0.6920,0.6407,2108,1.6988,2.15,29.00
Selokan,6.83,356.0,NETRAL,TIDAK LAYAK,Air Mentah,52766.10,2.6570,14969.70,0.7538,0.6980,2107,1.6979,2.21,29.00
Selokan,6.83,356.0,NETRAL,TIDAK LAYAK,Air Mentah,52914.90,2.6645,14714.90,0.7410,0.6861,2108,1.6988,2.15,29.00
Selokan,6.83,356.0,NETRAL,TIDAK LAYAK,Air Mentah,52988.50,2.6682,13931.00,0.7015,0.6488,2108,1.6988,2.15,29.06
Selokan,6.83,356.0,NETRAL,TIDAK LAYAK,Air Mentah,52903.70,2.6640,15028.90,0.7568,0.7007,2107,1.6979,2.21,29.00
Selokan,6.83,356.0,NETRAL,TIDAK LAYAK,Air Mentah,52700.40,2.6537,14783.70,0.7444,0.6893,2110,1.7004,2.05,29.00
Selokan,6.83,356.0,NETRAL,TIDAK LAYAK,Air Mentah,52598.00,2.6486,14004.50,0.7052,0.6530,2107,1.6979,2.21,29.00
Selokan,6.83,356.0,NETRAL,TIDAK LAYAK,Air Mentah,52916.50,2.6646,15054.50,0.7581,0.7019,2106,1.6971,2.26,29.00
Selokan,6.83,356.0,NETRAL,TIDAK LAYAK,Air Mentah,52966.10,2.6671,14872.00,0.7489,0.6934,2106,1.6971,2.26,29.00
Selokan,6.83,356.0,NETRAL,TIDAK LAYAK,Air Mentah,52770.80,2.6573,13623.70,0.6860,0.6352,2106,1.6971,2.26,29.00
Selokan,6.83,356.0,NETRAL,TIDAK LAYAK,Air Mentah,53050.90,2.6714,13892.40,0.6995,0.6477,2105,1.6963,2.31,29.00
Selokan,6.83,356.0,NETRAL,TIDAK LAYAK,Air Mentah,52698.80,2.6536,15926.70,0.8020,0.7426,2111,1.7012,2.00,29.00
Selokan,6.83,356.0,NETRAL,TIDAK LAYAK,Air Mentah,52686.00,2.6530,14593.60,0.7349,0.6804,2107,1.6979,2.21,29.00
Selokan,6.83,356.0,NETRAL,TIDAK LAYAK,Air Mentah,52940.50,2.6658,13370.60,0.6733,0.6234,2110,1.7004,2.05,29.00
Selokan,6.83,356.0,NETRAL,TIDAK LAYAK,Air Mentah,53161.30,2.6769,15739.50,0.7926,0.7339,2109,1.6996,2.10,29.00
Selokan,6.83,356.0,NETRAL,TIDAK LAYAK,Air Mentah,53146.90,2.6762,14808.00,0.7457,0.6904,2110,1.7004,2.05,29.00
Selokan,6.83,356.0,NETRAL,TIDAK LAYAK,Air Mentah,52847.70,2.6611,13439.60,0.6767,0.6266,2125,1.7125,1.28,29.00
Selokan,6.83,356.0,NETRAL,TIDAK LAYAK,Air Mentah,52930.90,2.6653,15606.40,0.7859,0.7276,2112,1.7020,1.95,29.00
Selokan,6.83,356.0,NETRAL,TIDAK LAYAK,Air Mentah,53012.50,2.6694,13556.20,0.6826,0.6321,2116,1.7052,1.74,29.00
Selokan,6.83,356.0,NETRAL,TIDAK LAYAK,Air Mentah,52722.80,2.6548,14963.20,0.7535,0.6977,2091,1.6851,3.03,29.00
Selokan,6.83,356.0,NETRAL,TIDAK LAYAK,Air Mentah,52846.10,2.6611,15561.70,0.7836,0.7256,2107,1.6979,2.21,29.00
Selokan,6.83,356.0,NETRAL,TIDAK LAYAK,Air Mentah,53098.90,2.6738,13452.20,0.6774,0.6272,2115,1.7044,1.79,29.00
Selokan,6.83,356.0,NETRAL,TIDAK LAYAK,Air Mentah,53337.40,2.6858,14539.20,0.7321,0.6779,2113,1.7028,1.90,29.00
Selokan,6.83,356.0,NETRAL,TIDAK LAYAK,Air Mentah,52926.10,2.6651,15832.30,0.7972,0.7382,2112,1.7020,1.95,29.00
Selokan,6.83,356.0,NETRAL,TIDAK LAYAK,Air Mentah,52767.60,2.6571,13826.90,0.6963,0.6447,2111,1.7012,2.00,29.00
Selokan,6.83,356.0,NETRAL,TIDAK LAYAK,Air Mentah,52862.00,2.6619,13977.30,0.7038,0.6517,2112,1.7020,1.95,29.00
Selokan,6.83,356.0,NETRAL,TIDAK LAYAK,Air Mentah,53018.90,2.6698,15941.10,0.8027,0.7433,2111,1.7012,2.00,29.00
Selokan,6.83,356.0,NETRAL,TIDAK LAYAK,Air Mentah,53044.50,2.6710,13945.20,0.7022,0.6502,2112,1.7020,1.95,29.00
Selokan,6.83,356.0,NETRAL,TIDAK LAYAK,Air Mentah,53180.60,2.6779,14758.40,0.7432,0.6881,2112,1.7020,1.95,29.00
Selokan,6.83,356.0,NETRAL,TIDAK LAYAK,Air Mentah,52934.10,2.6655,15821.10,0.7967,0.7377,2111,1.7012,2.00,29.00
Selokan,6.83,356.0,NETRAL,TIDAK LAYAK,Air Mentah,53121.30,2.6749,14182.20,0.7141,0.6612,2112,1.7020,1.95,29.00
Selokan,6.83,356.0,NETRAL,TIDAK LAYAK,Air Mentah,53231.80,2.6805,13349.80,0.6722,0.6224,2111,1.7012,2.00,29.00
Selokan,6.83,356.0,NETRAL,TIDAK LAYAK,Air Mentah,52948.50,2.6662,15640.00,0.7875,0.7292,2107,1.6979,2.21,29.00
Selokan,6.83,356.0,NETRAL,TIDAK LAYAK,Air Mentah,52934.10,2.6655,14969.50,0.7538,0.6979,2128,1.7149,1.13,29.00
Selokan,6.83,356.0,NETRAL,TIDAK LAYAK,Air Mentah,52823.70,2.6599,13724.40,0.6911,0.6399,2111,1.7012,2.00,29.00
Selokan,6.83,356.0,NETRAL,TIDAK LAYAK,Air Mentah,52918.10,2.6647,14822.10,0.7464,0.6911,2110,1.7004,2.05,29.00
Selokan,6.83,356.0,NETRAL,TIDAK LAYAK,Air Mentah,53020.50,2.6698,15217.70,0.7663,0.7095,2110,1.7004,2.05,29.00
Selokan,6.83,356.0,NETRAL,TIDAK LAYAK,Air Mentah,52884.50,2.6630,13785.30,0.6942,0.6420,2109,1.6996,2.10,29.06
Selokan,6.83,356.0,NETRAL,TIDAK LAYAK,Air Mentah,53331.00,2.6855,15973.10,0.8043,0.7447,2110,1.7004,2.05,29.00
Selokan,6.83,356.0,NETRAL,TIDAK LAYAK,Air Mentah,53161.40,2.6769,14409.40,0.7256,0.6718,2110,1.7004,2.05,29.00
Selokan,6.83,356.0,NETRAL,TIDAK LAYAK,Air Mentah,53022.10,2.6699,13309.80,0.6702,0.6206,2110,1.7004,2.05,29.00
Selokan,6.83,356.0,NETRAL,TIDAK LAYAK,Air Mentah,52866.90,2.6621,14803.00,0.7454,0.6902,2109,1.6996,2.10,29.00
Selokan,6.83,356.0,NETRAL,TIDAK LAYAK,Air Mentah,53065.30,2.6721,15073.70,0.7590,0.7028,2110,1.7004,2.05,29.00
Selokan,6.83,356.0,NETRAL,TIDAK LAYAK,Air Mentah,53284.60,2.6831,14297.50,0.7199,0.6666,2111,1.7012,2.00,29.00
Selokan,6.83,356.0,NETRAL,TIDAK LAYAK,Air Mentah,52887.70,2.6631,15020.70,0.7564,0.6995,2110,1.7004,2.05,29.06
Selokan,6.83,356.0,NETRAL,TIDAK LAYAK,Air Mentah,52967.70,2.6672,14532.50,0.7318,0.6776,2110,1.7004,2.05,29.00
Selokan,6.83,356.0,NETRAL,TIDAK LAYAK,Air Mentah,53278.20,2.6828,13668.40,0.6883,0.6373,2112,1.7020,1.95,29.00
Selokan,6.83,356.0,NETRAL,TIDAK LAYAK,Air Mentah,52602.80,2.6488,15147.30,0.7627,0.7062,2110,1.7004,2.05,29.00
Selokan,6.83,356.0,NETRAL,TIDAK LAYAK,Air Mentah,52738.80,2.6557,14913.60,0.7510,0.6953,2103,1.6947,2.41,29.00
Selokan,6.83,356.0,NETRAL,TIDAK LAYAK,Air Mentah,52828.50,2.6602,13815.70,0.6957,0.6442,2110,1.7004,2.05,29.00
Selokan,6.83,356.0,NETRAL,TIDAK LAYAK,Air Mentah,52607.60,2.6490,15108.90,0.7608,0.7044,2110,1.7004,2.05,29.00
Selokan,6.83,356.0,NETRAL,TIDAK LAYAK,Air Mentah,52799.70,2.6587,14971.20,0.7539,0.6980,2111,1.7012,2.00,29.00
Selokan,6.83,356.0,NETRAL,TIDAK LAYAK,Air Mentah,52817.30,2.6596,13588.40,0.6842,0.6336,2111,1.7012,2.00,29.00
Selokan,6.83,356.0,NETRAL,TIDAK LAYAK,Air Mentah,52724.50,2.6549,14968.00,0.7537,0.6979,2113,1.7028,1.90,29.00
Selokan,6.83,356.0,NETRAL,TIDAK LAYAK,Air Mentah,52570.80,2.6472,15904.10,0.8008,0.7415,2114,1.7036,1.85,29.00
Selokan,6.83,356.0,NETRAL,TIDAK LAYAK,Air Mentah,52615.60,2.6494,14057.40,0.7079,0.6554,2112,1.7020,1.95,29.00
Selokan,6.83,356.0,NETRAL,TIDAK LAYAK,Air Mentah,52892.50,2.6634,14860.70,0.7483,0.6929,2115,1.7044,1.79,29.00
Selokan,6.83,356.0,NETRAL,TIDAK LAYAK,Air Mentah,52559.60,2.6466,15078.40,0.7593,0.7030,2114,1.7036,1.85,29.00
Selokan,6.83,356.0,NETRAL,TIDAK LAYAK,Air Mentah,52932.50,2.6654,13474.80,0.6785,0.6283,2113,1.7028,1.90,29.00
Selokan,6.83,356.0,NETRAL,TIDAK LAYAK,Air Mentah,52975.70,2.6676,14881.60,0.7494,0.6939,2114,1.7036,1.85,29.00
Selokan,6.83,356.0,NETRAL,TIDAK LAYAK,Air Mentah,52818.90,2.6597,15388.80,0.7749,0.7175,2112,1.7020,1.95,29.00
Selokan,6.83,356.0,NETRAL,TIDAK LAYAK,Air Mentah,52673.20,2.6523,13585.20,0.6841,0.6334,2111,1.7012,2.00,29.00
Selokan,6.83,356.0,NETRAL,TIDAK LAYAK,Air Mentah,52910.10,2.6643,14921.60,0.7514,0.6949,2110,1.7004,2.05,29.06
Selokan,6.83,356.0,NETRAL,TIDAK LAYAK,Air Mentah,53052.50,2.6714,15467.20,0.7788,0.7212,2110,1.7004,2.05,29.00
Selokan,6.83,356.0,NETRAL,TIDAK LAYAK,Air Mentah,52799.70,2.6587,14019.00,0.7059,0.6536,2085,1.6802,3.33,29.00
Selokan,6.83,356.0,NETRAL,TIDAK LAYAK,Air Mentah,52729.30,2.6552,14734.10,0.7419,0.6870,2105,1.6963,2.31,29.00
Selokan,6.83,356.0,NETRAL,TIDAK LAYAK,Air Mentah,52820.50,2.6598,14881.50,0.7494,0.6938,2108,1.6988,2.15,29.00
Selokan,6.83,356.0,NETRAL,TIDAK LAYAK,Air Mentah,53084.60,2.6731,14009.40,0.7054,0.6532,2112,1.7020,1.95,29.00
Selokan,6.83,356.0,NETRAL,TIDAK LAYAK,Air Mentah,52620.50,2.6497,15030.30,0.7568,0.7008,2112,1.7020,1.95,29.00
Selokan,6.83,356.0,NETRAL,TIDAK LAYAK,Air Mentah,52764.50,2.6569,14755.00,0.7430,0.6879,2110,1.7004,2.05,29.00
Selokan,6.83,356.0,NETRAL,TIDAK LAYAK,Air Mentah,52855.70,2.6615,14079.80,0.7090,0.6565,2115,1.7044,1.79,29.00
Selokan,6.83,356.0,NETRAL,TIDAK LAYAK,Air Mentah,52862.10,2.6619,15064.10,0.7585,0.7024,2097,1.6899,2.72,29.00
Selokan,6.83,356.0,NETRAL,TIDAK LAYAK,Air Mentah,52868.50,2.6622,14673.50,0.7389,0.6841,2087,1.6818,3.23,29.00
Selokan,6.83,356.0,NETRAL,TIDAK LAYAK,Air Mentah,52828.50,2.6602,13239.60,0.6667,0.6173,2061,1.6609,4.56,29.00
Selokan,6.83,356.0,NETRAL,TIDAK LAYAK,Air Mentah,53052.60,2.6715,14636.60,0.7370,0.6824,2110,1.7004,2.05,29.00
Selokan,6.83,356.0,NETRAL,TIDAK LAYAK,Air Mentah,52905.30,2.6640,13525.90,0.6811,0.6306,2117,1.7060,1.69,29.00
Selokan,6.83,356.0,NETRAL,TIDAK LAYAK,Air Mentah,52519.60,2.6446,13381.90,0.6738,0.6239,2115,1.7044,1.79,29.00
Selokan,6.83,356.0,NETRAL,TIDAK LAYAK,Air Mentah,52942.10,2.6659,14386.90,0.7244,0.6708,2113,1.7028,1.90,29.00
Selokan,6.83,356.0,NETRAL,TIDAK LAYAK,Air Mentah,53012.50,2.6694,13201.10,0.6647,0.6155,2113,1.7028,1.90,29.00
Selokan,6.83,356.0,NETRAL,TIDAK LAYAK,Air Mentah,52991.70,2.6684,13317.90,0.6706,0.6209,2114,1.7036,1.85,29.00
Selokan,6.83,356.0,NETRAL,TIDAK LAYAK,Air Mentah,52676.40,2.6525,14310.10,0.7206,0.6672,2128,1.7149,1.13,29.00
Selokan,6.83,356.0,NETRAL,TIDAK LAYAK,Air Mentah,53164.60,2.6771,13125.90,0.6610,0.6120,2112,1.7020,1.95,29.00
Selokan,6.83,356.0,NETRAL,TIDAK LAYAK,Air Mentah,52953.30,2.6665,13524.30,0.6810,0.6306,2113,1.7028,1.90,29.00
Selokan,6.83,356.0,NETRAL,TIDAK LAYAK,Air Mentah,53105.30,2.6741,14332.50,0.7217,0.6682,2114,1.7036,1.85,29.00
Selokan,6.83,356.0,NETRAL,TIDAK LAYAK,Air Mentah,53022.10,2.6699,13129.00,0.6611,0.6121,2113,1.7028,1.90,29.00
Selokan,6.83,356.0,NETRAL,TIDAK LAYAK,Air Mentah,52612.40,2.6493,13905.10,0.7002,0.6483,2117,1.7060,1.69,29.00
Selokan,6.83,356.0,NETRAL,TIDAK LAYAK,Air Mentah,52969.30,2.6673,13810.60,0.6954,0.6439,2113,1.7028,1.90,29.00
Selokan,6.83,356.0,NETRAL,TIDAK LAYAK,Air Mentah,52985.30,2.6681,13289.00,0.6692,0.6189,2114,1.7036,1.85,29.06
Selokan,6.83,356.0,NETRAL,TIDAK LAYAK,Air Mentah,52999.70,2.6688,13783.90,0.6941,0.6427,2114,1.7036,1.85,29.00
Selokan,6.83,356.0,NETRAL,TIDAK LAYAK,Air Mentah,53017.30,2.6697,13764.40,0.6931,0.6418,2114,1.7036,1.85,29.00
Selokan,6.83,356.0,NETRAL,TIDAK LAYAK,Air Mentah,53046.10,2.6711,13125.80,0.6609,0.6120,2116,1.7052,1.74,29.00
Selokan,6.83,356.0,NETRAL,TIDAK LAYAK,Air Mentah,52682.90,2.6528,14041.30,0.7070,0.6547,2116,1.7052,1.74,29.00
Selokan,6.83,356.0,NETRAL,TIDAK LAYAK,Air Mentah,52745.30,2.6560,13300.10,0.6697,0.6201,2117,1.7060,1.69,29.00
Selokan,6.83,356.0,NETRAL,TIDAK LAYAK,Air Mentah,52458.90,2.6416,13631.70,0.6864,0.6356,2123,1.7108,1.38,29.00
Selokan,6.83,356.0,NETRAL,TIDAK LAYAK,Air Mentah,52652.50,2.6513,13632.90,0.6865,0.6349,2104,1.6955,2.36,29.06
Selokan,6.83,356.0,NETRAL,TIDAK LAYAK,Air Mentah,52695.70,2.6535,12903.50,0.6498,0.6016,2116,1.7052,1.74,29.00
Selokan,6.83,356.0,NETRAL,TIDAK LAYAK,Air Mentah,52982.20,2.6679,13962.90,0.7031,0.6510,2113,1.7028,1.90,29.00
Selokan,6.83,356.0,NETRAL,TIDAK LAYAK,Air Mentah,52943.80,2.6660,12781.80,0.6436,0.5959,2116,1.7052,1.74,29.00
Selokan,6.83,356.0,NETRAL,TIDAK LAYAK,Air Mentah,52734.10,2.6554,13745.20,0.6921,0.6409,2129,1.7157,1.08,29.00
Selokan,6.83,356.0,NETRAL,TIDAK LAYAK,Air Mentah,52769.30,2.6572,13401.20,0.6748,0.6248,2116,1.7052,1.74,29.00
Genangan,8.02,303.0,NETRAL,TIDAK LAYAK,Air Mentah,46130.60,2.3229,12751.30,0.6421,0.5966,2216,1.7858,0.00,28.81
Genangan,8.02,303.0,NETRAL,TIDAK LAYAK,Air Mentah,46226.60,2.3277,12440.70,0.6264,0.5821,2217,1.7866,0.00,28.81
Genangan,8.02,303.0,NETRAL,TIDAK LAYAK,Air Mentah,46561.00,2.3446,12565.60,0.6327,0.5879,2217,1.7866,0.00,28.81
Genangan,8.02,303.0,NETRAL,TIDAK LAYAK,Air Mentah,46293.70,2.3311,13094.00,0.6593,0.6126,2216,1.7858,0.00,28.81
Genangan,8.02,303.0,NETRAL,TIDAK LAYAK,Air Mentah,46095.30,2.3211,13066.60,0.6580,0.6114,2218,1.7874,0.00,28.81
Genangan,8.02,303.0,NETRAL,TIDAK LAYAK,Air Mentah,46533.70,2.3432,12373.60,0.6231,0.5783,2217,1.7866,0.00,28.88
Genangan,8.02,303.0,NETRAL,TIDAK LAYAK,Air Mentah,46239.30,2.3284,13090.60,0.6592,0.6125,2216,1.7858,0.00,28.81
Genangan,8.02,303.0,NETRAL,TIDAK LAYAK,Air Mentah,46272.90,2.3301,13641.00,0.6869,0.6375,2217,1.7866,0.00,28.88
Genangan,8.02,303.0,NETRAL,TIDAK LAYAK,Air Mentah,46813.80,2.3573,12559.20,0.6324,0.5869,2213,1.7834,0.00,28.88
Genangan,8.02,303.0,NETRAL,TIDAK LAYAK,Air Mentah,46391.30,2.3360,13036.10,0.6564,0.6099,2216,1.7858,0.00,28.81
Genangan,8.02,303.0,NETRAL,TIDAK LAYAK,Air Mentah,46468.20,2.3399,12709.50,0.6400,0.5940,2215,1.7850,0.00,28.88
Genangan,8.02,303.0,NETRAL,TIDAK LAYAK,Air Mentah,46442.60,2.3386,12445.60,0.6267,0.5816,2215,1.7850,0.00,28.88
Genangan,8.02,303.0,NETRAL,TIDAK LAYAK,Air Mentah,45941.70,2.3134,12812.10,0.6452,0.5987,2216,1.7858,0.00,28.88
Genangan,8.02,303.0,NETRAL,TIDAK LAYAK,Air Mentah,46396.10,2.3363,12999.20,0.6546,0.6075,2218,1.7874,0.00,28.88
Genangan,8.02,303.0,NETRAL,TIDAK LAYAK,Air Mentah,46631.40,2.3481,11828.00,0.5956,0.5534,2216,1.7858,0.00,28.81
Genangan,8.02,303.0,NETRAL,TIDAK LAYAK,Air Mentah,46655.50,2.3493,12496.90,0.6293,0.5840,2212,1.7826,0.00,28.88
Genangan,8.02,303.0,NETRAL,TIDAK LAYAK,Air Mentah,46589.70,2.3460,13314.80,0.6705,0.6230,2223,1.7914,0.00,28.81
Genangan,8.02,303.0,NETRAL,TIDAK LAYAK,Air Mentah,46143.20,2.3235,12068.00,0.6077,0.5640,2216,1.7858,0.00,28.88
Genangan,8.02,303.0,NETRAL,TIDAK LAYAK,Air Mentah,46974.10,2.3654,12521.00,0.6305,0.5851,2216,1.7858,0.00,28.88
Genangan,8.02,303.0,NETRAL,TIDAK LAYAK,Air Mentah,46677.90,2.3505,13065.10,0.6579,0.6106,2215,1.7850,0.00,28.88
Genangan,8.02,303.0,NETRAL,TIDAK LAYAK,Air Mentah,46393.10,2.3361,12701.80,0.6396,0.5936,2217,1.7866,0.00,28.88
Genangan,8.02,303.0,NETRAL,TIDAK LAYAK,Air Mentah,46775.50,2.3554,13063.40,0.6578,0.6105,2215,1.7850,0.00,28.88
Genangan,8.02,303.0,NETRAL,TIDAK LAYAK,Air Mentah,46729.20,2.3530,12706.60,0.6398,0.5938,2216,1.7858,0.00,28.88
Genangan,8.02,303.0,NETRAL,TIDAK LAYAK,Air Mentah,46522.60,2.3426,12626.60,0.6358,0.5901,2217,1.7866,0.00,28.88
Genangan,8.02,303.0,NETRAL,TIDAK LAYAK,Air Mentah,46556.10,2.3443,12848.90,0.6470,0.6005,2217,1.7866,0.00,28.88
Genangan,8.02,303.0,NETRAL,TIDAK LAYAK,Air Mentah,46854.00,2.3593,12725.80,0.6408,0.5947,2219,1.7882,0.00,28.88
Genangan,8.02,303.0,NETRAL,TIDAK LAYAK,Air Mentah,46449.10,2.3389,12367.20,0.6227,0.5780,2218,1.7874,0.00,28.88
Genangan,8.02,303.0,NETRAL,TIDAK LAYAK,Air Mentah,46575.40,2.3453,12906.50,0.6499,0.6032,2219,1.7882,0.00,28.88
Genangan,8.02,303.0,NETRAL,TIDAK LAYAK,Air Mentah,46892.60,2.3613,12868.10,0.6480,0.6014,2208,1.7793,0.00,28.88
Genangan,8.02,303.0,NETRAL,TIDAK LAYAK,Air Mentah,46831.60,2.3582,12437.60,0.6263,0.5812,2219,1.7882,0.00,28.88
Genangan,8.02,303.0,NETRAL,TIDAK LAYAK,Air Mentah,46402.80,2.3366,12610.30,0.6350,0.5893,2218,1.7874,0.00,28.88
Genangan,8.02,303.0,NETRAL,TIDAK LAYAK,Air Mentah,46567.40,2.3449,12535.10,0.6312,0.5858,2224,1.7922,0.00,28.88
Genangan,8.02,303.0,NETRAL,TIDAK LAYAK,Air Mentah,46783.60,2.3558,12327.20,0.6207,0.5761,2219,1.7882,0.00,28.88
Genangan,8.02,303.0,NETRAL,TIDAK LAYAK,Air Mentah,46676.50,2.3504,13002.50,0.6547,0.6076,2218,1.7874,0.00,28.88
Genangan,8.02,303.0,NETRAL,TIDAK LAYAK,Air Mentah,46746.60,2.3539,12787.90,0.6439,0.5976,2218,1.7874,0.00,28.88
Genangan,8.02,303.0,NETRAL,TIDAK LAYAK,Air Mentah,46703.50,2.3517,12133.40,0.6110,0.5670,2213,1.7834,0.00,28.88
Genangan,8.02,303.0,NETRAL,TIDAK LAYAK,Air Mentah,46839.80,2.3586,12562.50,0.6326,0.5871,2206,1.7777,0.00,28.88
Genangan,8.02,303.0,NETRAL,TIDAK LAYAK,Air Mentah,46855.70,2.3594,12988.20,0.6540,0.6070,2217,1.7866,0.00,28.88
Genangan,8.02,303.0,NETRAL,TIDAK LAYAK,Air Mentah,46527.70,2.3429,12101.40,0.6094,0.5655,2215,1.7850,0.00,28.88
Genangan,8.02,303.0,NETRAL,TIDAK LAYAK,Air Mentah,47086.20,2.3710,12861.70,0.6476,0.6011,2219,1.7882,0.00,28.88
Genangan,8.02,303.0,NETRAL,TIDAK LAYAK,Air Mentah,46761.40,2.3547,13127.40,0.6610,0.6135,2203,1.7753,0.00,28.88
Genangan,8.02,303.0,NETRAL,TIDAK LAYAK,Air Mentah,46817.40,2.3575,12467.80,0.6278,0.5827,2218,1.7874,0.00,28.88
Genangan,8.02,303.0,NETRAL,TIDAK LAYAK,Air Mentah,47159.80,2.3747,12107.80,0.6097,0.5658,2217,1.7866,0.00,28.88
Genangan,8.02,303.0,NETRAL,TIDAK LAYAK,Air Mentah,46989.90,2.3662,12917.80,0.6505,0.6037,2217,1.7866,0.00,28.88
Genangan,8.02,303.0,NETRAL,TIDAK LAYAK,Air Mentah,46961.30,2.3647,12764.10,0.6427,0.5965,2219,1.7882,0.00,28.88
Genangan,8.02,303.0,NETRAL,TIDAK LAYAK,Air Mentah,47161.40,2.3748,12378.40,0.6233,0.5785,2219,1.7882,0.00,28.88
Genangan,8.02,303.0,NETRAL,TIDAK LAYAK,Air Mentah,47222.20,2.3779,12679.10,0.6385,0.5925,2219,1.7882,0.00,28.88
Genangan,8.02,303.0,NETRAL,TIDAK LAYAK,Air Mentah,47300.60,2.3818,12682.50,0.6386,0.5927,2218,1.7874,0.00,28.88
Genangan,8.02,303.0,NETRAL,TIDAK LAYAK,Air Mentah,46641.20,2.3486,12221.40,0.6154,0.5711,2219,1.7882,0.00,28.88
Genangan,8.02,303.0,NETRAL,TIDAK LAYAK,Air Mentah,46668.60,2.3500,12547.90,0.6318,0.5864,2218,1.7874,0.00,28.88
Genangan,8.02,303.0,NETRAL,TIDAK LAYAK,Air Mentah,47273.40,2.3804,12821.70,0.6456,0.5992,2218,1.7874,0.00,28.88
Genangan,8.02,303.0,NETRAL,TIDAK LAYAK,Air Mentah,47348.60,2.3842,12420.00,0.6254,0.5804,2233,1.7995,0.00,28.88
Genangan,8.02,303.0,NETRAL,TIDAK LAYAK,Air Mentah,47430.20,2.3883,12752.90,0.6422,0.5960,2218,1.7874,0.00,28.88
Genangan,8.02,303.0,NETRAL,TIDAK LAYAK,Air Mentah,46996.60,2.3665,12522.30,0.6306,0.5852,2217,1.7866,0.00,28.88
Genangan,8.02,303.0,NETRAL,TIDAK LAYAK,Air Mentah,47230.20,2.3783,12146.20,0.6116,0.5676,2219,1.7882,0.00,28.88
Genangan,8.02,303.0,NETRAL,TIDAK LAYAK,Air Mentah,46731.00,2.3531,12784.90,0.6438,0.5975,2213,1.7834,0.00,28.88
Genangan,8.02,303.0,NETRAL,TIDAK LAYAK,Air Mentah,47331.00,2.3833,12855.30,0.6473,0.6008,2217,1.7866,0.00,28.88
Genangan,8.02,303.0,NETRAL,TIDAK LAYAK,Air Mentah,47353.40,2.3845,12477.60,0.6283,0.5831,2219,1.7882,0.00,28.88
Genangan,8.02,303.0,NETRAL,TIDAK LAYAK,Air Mentah,47328.10,2.3832,12773.50,0.6432,0.5969,2217,1.7866,0.00,28.88
Genangan,8.02,303.0,NETRAL,TIDAK LAYAK,Air Mentah,46889.40,2.3611,12592.70,0.6341,0.5885,2225,1.7930,0.00,28.88
Genangan,8.02,303.0,NETRAL,TIDAK LAYAK,Air Mentah,47318.30,2.3827,12173.60,0.6130,0.5689,2219,1.7882,0.00,28.88
Genangan,8.02,303.0,NETRAL,TIDAK LAYAK,Air Mentah,47116.60,2.3725,12495.30,0.6292,0.5839,2219,1.7882,0.00,28.88
Genangan,8.02,303.0,NETRAL,TIDAK LAYAK,Air Mentah,47225.40,2.3780,13133.90,0.6614,0.6138,2218,1.7874,0.00,28.88
Genangan,8.02,303.0,NETRAL,TIDAK LAYAK,Air Mentah,46955.00,2.3644,13337.10,0.6716,0.6233,2219,1.7882,0.00,28.88
Genangan,8.02,303.0,NETRAL,TIDAK LAYAK,Air Mentah,47147.00,2.3741,12740.10,0.6415,0.5954,2209,1.7801,0.00,28.88
Genangan,8.02,303.0,NETRAL,TIDAK LAYAK,Air Mentah,47252.60,2.3794,13057.00,0.6575,0.6102,2218,1.7874,0.00,28.88
Genangan,8.02,303.0,NETRAL,TIDAK LAYAK,Air Mentah,47459.20,2.3898,13193.20,0.6643,0.6166,2217,1.7866,0.00,28.88
Genangan,8.02,303.0,NETRAL,TIDAK LAYAK,Air Mentah,46635.00,2.3483,12853.60,0.6472,0.6007,2218,1.7874,0.00,28.88
Genangan,8.02,303.0,NETRAL,TIDAK LAYAK,Air Mentah,47476.60,2.3907,13472.90,0.6784,0.6296,2217,1.7866,0.00,28.88
Genangan,8.02,303.0,NETRAL,TIDAK LAYAK,Air Mentah,47211.00,2.3773,13900.20,0.6999,0.6496,2217,1.7866,0.00,28.88
Genangan,8.02,303.0,NETRAL,TIDAK LAYAK,Air Mentah,47375.80,2.3856,13250.50,0.6672,0.6192,2218,1.7874,0.00,28.88
Genangan,8.02,303.0,NETRAL,TIDAK LAYAK,Air Mentah,47180.60,2.3758,12935.40,0.6514,0.6045,2218,1.7874,0.00,28.88
Genangan,8.02,303.0,NETRAL,TIDAK LAYAK,Air Mentah,47299.00,2.3817,13161.00,0.6627,0.6151,2216,1.7858,0.00,28.88
Genangan,8.02,303.0,NETRAL,TIDAK LAYAK,Air Mentah,47107.00,2.3721,13202.60,0.6648,0.6170,2219,1.7882,0.00,28.88
Genangan,8.02,303.0,NETRAL,TIDAK LAYAK,Air Mentah,47367.80,2.3852,12897.00,0.6494,0.6027,2218,1.7874,0.00,28.88
Genangan,8.02,303.0,NETRAL,TIDAK LAYAK,Air Mentah,47612.80,2.3975,13303.60,0.6699,0.6217,2219,1.7882,0.00,28.88
Genangan,8.02,303.0,NETRAL,TIDAK LAYAK,Air Mentah,46879.80,2.3606,13375.70,0.6735,0.6251,2219,1.7882,0.00,28.88
Genangan,8.02,303.0,NETRAL,TIDAK LAYAK,Air Mentah,47035.00,2.3684,12671.20,0.6381,0.5922,2218,1.7874,0.00,28.88
Genangan,8.02,303.0,NETRAL,TIDAK LAYAK,Air Mentah,47121.40,2.3728,13108.30,0.6601,0.6133,2218,1.7874,0.00,28.81
Genangan,8.02,303.0,NETRAL,TIDAK LAYAK,Air Mentah,46673.40,2.3502,13868.50,0.6983,0.6481,2219,1.7882,0.00,28.88
Genangan,8.02,303.0,NETRAL,TIDAK LAYAK,Air Mentah,47289.40,2.3812,12879.50,0.6485,0.6019,2219,1.7882,0.00,28.88
Genangan,8.02,303.0,NETRAL,TIDAK LAYAK,Air Mentah,47267.00,2.3801,12492.00,0.6290,0.5838,2235,1.8011,0.00,28.88
Genangan,8.02,303.0,NETRAL,TIDAK LAYAK,Air Mentah,46934.20,2.3634,12937.00,0.6514,0.6046,2218,1.7874,0.00,28.88
Genangan,8.02,303.0,NETRAL,TIDAK LAYAK,Air Mentah,46585.20,2.3458,12745.10,0.6418,0.5956,2217,1.7866,0.00,28.88
Genangan,8.02,303.0,NETRAL,TIDAK LAYAK,Air Mentah,47260.60,2.3798,12461.60,0.6275,0.5824,2220,1.7890,0.00,28.88
Genangan,8.02,303.0,NETRAL,TIDAK LAYAK,Air Mentah,47190.20,2.3763,12970.60,0.6531,0.6062,2219,1.7882,0.00,28.88
Genangan,8.02,303.0,NETRAL,TIDAK LAYAK,Air Mentah,47430.20,2.3883,13012.20,0.6552,0.6081,2218,1.7874,0.00,28.88
Genangan,8.02,303.0,NETRAL,TIDAK LAYAK,Air Mentah,46466.70,2.3398,12692.20,0.6391,0.5931,2218,1.7874,0.00,28.88
Genangan,8.02,303.0,NETRAL,TIDAK LAYAK,Air Mentah,47465.40,2.3901,13130.50,0.6612,0.6136,2218,1.7874,0.00,28.88
Genangan,8.02,303.0,NETRAL,TIDAK LAYAK,Air Mentah,47283.10,2.3809,13214.00,0.6654,0.6175,2232,1.7987,0.00,28.88
Genangan,8.02,303.0,NETRAL,TIDAK LAYAK,Air Mentah,47502.20,2.3920,12432.80,0.6261,0.5810,2218,1.7874,0.00,28.88
Genangan,8.02,303.0,NETRAL,TIDAK LAYAK,Air Mentah,47151.80,2.3743,12645.90,0.6368,0.5910,2218,1.7874,0.00,28.88
Genangan,8.02,303.0,NETRAL,TIDAK LAYAK,Air Mentah,47284.60,2.3810,13073.20,0.6583,0.6109,2217,1.7866,0.00,28.88
Genangan,8.02,303.0,NETRAL,TIDAK LAYAK,Air Mentah,46846.20,2.3589,12778.40,0.6435,0.5972,2230,1.7971,0.00,28.88
Genangan,8.02,303.0,NETRAL,TIDAK LAYAK,Air Mentah,46995.00,2.3664,13216.90,0.6655,0.6177,2217,1.7866,0.00,28.88
Genangan,8.02,303.0,NETRAL,TIDAK LAYAK,Air Mentah,47513.40,2.3925,13321.20,0.6708,0.6225,2217,1.7866,0.00,28.88
Genangan,8.02,303.0,NETRAL,TIDAK LAYAK,Air Mentah,46649.40,2.3490,12895.40,0.6493,0.6026,2218,1.7874,0.00,28.88
Genangan,8.02,303.0,NETRAL,TIDAK LAYAK,Air Mentah,46878.10,2.3605,13567.50,0.6832,0.6340,2217,1.7866,0.00,28.88
Genangan,8.02,303.0,NETRAL,TIDAK LAYAK,Air Mentah,47167.80,2.3751,13945.20,0.7022,0.6517,2217,1.7866,0.00,28.88
Genangan,8.02,303.0,NETRAL,TIDAK LAYAK,Air Mentah,47156.60,2.3746,13290.70,0.6693,0.6211,2216,1.7858,0.00,28.88
Genangan,8.02,303.0,NETRAL,TIDAK LAYAK,Air Mentah,46846.10,2.3589,13170.60,0.6632,0.6155,2220,1.7890,0.00,28.88
Genangan,8.02,303.0,NETRAL,TIDAK LAYAK,Air Mentah,47270.10,2.3803,14231.70,0.7166,0.6651,2224,1.7922,0.00,28.88
Genangan,8.02,303.0,NETRAL,TIDAK LAYAK,Air Mentah,47398.20,2.3867,13189.90,0.6642,0.6164,2219,1.7882,0.00,28.88
Genangan,8.02,303.0,NETRAL,TIDAK LAYAK,Air Mentah,47310.20,2.3823,13177.10,0.6635,0.6158,2219,1.7882,0.00,28.88
Genangan,8.02,303.0,NETRAL,TIDAK LAYAK,Air Mentah,46684.60,2.3508,14202.90,0.7152,0.6637,2218,1.7874,0.00,28.88
Genangan,8.02,303.0,NETRAL,TIDAK LAYAK,Air Mentah,47030.20,2.3682,13285.90,0.6690,0.6209,2219,1.7882,0.00,28.88
Genangan,8.02,303.0,NETRAL,TIDAK LAYAK,Air Mentah,47007.80,2.3671,12754.40,0.6422,0.5961,2220,1.7890,0.00,28.88
Genangan,8.02,303.0,NETRAL,TIDAK LAYAK,Air Mentah,47035.00,2.3684,13908.50,0.7004,0.6500,2218,1.7874,0.00,28.88
Genangan,8.02,303.0,NETRAL,TIDAK LAYAK,Air Mentah,46975.80,2.3655,13111.30,0.6602,0.6127,2217,1.7866,0.00,28.88
Genangan,8.02,303.0,NETRAL,TIDAK LAYAK,Air Mentah,47230.20,2.3783,12527.20,0.6308,0.5854,2219,1.7882,0.00,28.88
Genangan,8.02,303.0,NETRAL,TIDAK LAYAK,Air Mentah,46694.10,2.3513,13466.90,0.6781,0.6293,2217,1.7866,0.00,28.88
Genangan,8.02,303.0,NETRAL,TIDAK LAYAK,Air Mentah,46913.30,2.3623,12764.00,0.6427,0.5965,2225,1.7930,0.00,28.88
Genangan,8.02,303.0,NETRAL,TIDAK LAYAK,Air Mentah,46983.80,2.3659,13209.10,0.6651,0.6173,2218,1.7874,0.00,28.88
Genangan,8.02,303.0,NETRAL,TIDAK LAYAK,Air Mentah,47014.20,2.3674,18852.10,0.9493,0.8810,2218,1.7874,0.00,28.88
Genangan,8.02,303.0,NETRAL,TIDAK LAYAK,Air Mentah,47188.50,2.3762,14900.70,0.7503,0.6964,2217,1.7866,0.00,28.88
Genangan,8.02,303.0,NETRAL,TIDAK LAYAK,Air Mentah,46907.00,2.3620,12605.90,0.6348,0.5891,2218,1.7874,0.00,28.88
Genangan,8.02,303.0,NETRAL,TIDAK LAYAK,Air Mentah,46934.20,2.3634,14134.20,0.7117,0.6605,2219,1.7882,0.00,28.88
Genangan,8.02,303.0,NETRAL,TIDAK LAYAK,Air Mentah,47150.20,2.3742,12852.30,0.6472,0.6006,2217,1.7866,0.00,28.88
Genangan,8.02,303.0,NETRAL,TIDAK LAYAK,Air Mentah,46735.80,2.3534,12527.20,0.6308,0.5854,2206,1.7777,0.00,28.88
Genangan,8.02,303.0,NETRAL,TIDAK LAYAK,Air Mentah,47303.80,2.3820,14282.90,0.7192,0.6675,2219,1.7882,0.00,28.88
Genangan,8.02,303.0,NETRAL,TIDAK LAYAK,Air Mentah,46953.40,2.3643,12778.50,0.6435,0.5972,2219,1.7882,0.00,28.88
Genangan,8.02,303.0,NETRAL,TIDAK LAYAK,Air Mentah,47097.40,2.3716,13295.50,0.6695,0.6213,2218,1.7874,0.00,28.88
Genangan,8.02,303.0,NETRAL,TIDAK LAYAK,Air Mentah,47054.20,2.3694,14001.30,0.7050,0.6543,2218,1.7874,0.00,28.88
Genangan,8.02,303.0,NETRAL,TIDAK LAYAK,Air Mentah,47195.00,2.3765,12269.60,0.6178,0.5734,2219,1.7882,0.00,28.88
Genangan,8.02,303.0,NETRAL,TIDAK LAYAK,Air Mentah,47364.60,2.3850,12148.00,0.6117,0.5677,2219,1.7882,0.00,28.88
Genangan,8.02,303.0,NETRAL,TIDAK LAYAK,Air Mentah,47499.00,2.3918,12837.80,0.6464,0.5999,2222,1.7906,0.00,28.88
Genangan,8.02,303.0,NETRAL,TIDAK LAYAK,Air Mentah,46828.50,2.3580,12810.80,0.6451,0.5987,2219,1.7882,0.00,28.88
Genangan,8.02,303.0,NETRAL,TIDAK LAYAK,Air Mentah,47556.70,2.3947,12943.60,0.6518,0.6049,2223,1.7914,0.00,28.88
Genangan,8.02,303.0,NETRAL,TIDAK LAYAK,Air Mentah,47219.00,2.3777,13340.40,0.6718,0.6234,2217,1.7866,0.00,28.88
Genangan,8.02,303.0,NETRAL,TIDAK LAYAK,Air Mentah,47140.60,2.3738,12815.50,0.6453,0.5989,2219,1.7882,0.00,28.88
Genangan,8.02,303.0,NETRAL,TIDAK LAYAK,Air Mentah,47076.60,2.3705,12576.80,0.6333,0.5878,2214,1.7842,0.00,28.88
Genangan,8.02,303.0,NETRAL,TIDAK LAYAK,Air Mentah,47499.00,2.3918,13793.00,0.6945,0.6446,2217,1.7866,0.00,28.88
Genangan,8.02,303.0,NETRAL,TIDAK LAYAK,Air Mentah,47158.30,2.3746,12916.30,0.6504,0.6036,2221,1.7898,0.00,28.88
Genangan,8.02,303.0,NETRAL,TIDAK LAYAK,Air Mentah,47078.20,2.3706,12592.80,0.6341,0.5885,2218,1.7874,0.00,28.88
Genangan,8.02,303.0,NETRAL,TIDAK LAYAK,Air Mentah,47015.80,2.3675,13993.30,0.7046,0.6539,2219,1.7882,0.00,28.88
Genangan,8.02,303.0,NETRAL,TIDAK LAYAK,Air Mentah,47172.60,2.3754,13140.30,0.6617,0.6141,2212,1.7826,0.00,28.88
Genangan,8.02,303.0,NETRAL,TIDAK LAYAK,Air Mentah,46956.60,2.3645,12333.60,0.6211,0.5764,2212,1.7826,0.00,28.88
Genangan,8.02,303.0,NETRAL,TIDAK LAYAK,Air Mentah,47041.40,2.3688,13130.60,0.6612,0.6136,2218,1.7874,0.00,28.88
Genangan,8.02,303.0,NETRAL,TIDAK LAYAK,Air Mentah,47156.60,2.3746,12535.20,0.6312,0.5858,2217,1.7866,0.00,28.88
Genangan,8.02,303.0,NETRAL,TIDAK LAYAK,Air Mentah,47476.60,2.3907,12821.80,0.6456,0.5992,2217,1.7866,0.00,28.88
Genangan,8.02,303.0,NETRAL,TIDAK LAYAK,Air Mentah,47092.60,2.3713,13844.40,0.6971,0.6470,2219,1.7882,0.00,28.88
Genangan,8.02,303.0,NETRAL,TIDAK LAYAK,Air Mentah,47023.80,2.3679,13017.10,0.6555,0.6083,2218,1.7874,0.00,28.88
Genangan,8.02,303.0,NETRAL,TIDAK LAYAK,Air Mentah,47307.00,2.3821,12404.00,0.6246,0.5797,2235,1.8011,0.00,28.88
Genangan,8.02,303.0,NETRAL,TIDAK LAYAK,Air Mentah,47046.20,2.3690,13828.50,0.6963,0.6462,2213,1.7834,0.00,28.88
Genangan,8.02,303.0,NETRAL,TIDAK LAYAK,Air Mentah,47489.40,2.3913,13220.30,0.6657,0.6178,2219,1.7882,0.00,28.88
Genangan,8.02,303.0,NETRAL,TIDAK LAYAK,Air Mentah,47343.80,2.3840,12772.20,0.6431,0.5969,2219,1.7882,0.00,28.88
Genangan,8.02,303.0,NETRAL,TIDAK LAYAK,Air Mentah,47116.60,2.3725,13218.60,0.6656,0.6177,2220,1.7890,0.00,28.88
Genangan,8.02,303.0,NETRAL,TIDAK LAYAK,Air Mentah,47060.70,2.3697,13217.10,0.6655,0.6177,2216,1.7858,0.00,28.88
Genangan,8.02,303.0,NETRAL,TIDAK LAYAK,Air Mentah,47379.20,2.3858,12692.00,0.6391,0.5931,2217,1.7866,0.00,28.88
Genangan,8.02,303.0,NETRAL,TIDAK LAYAK,Air Mentah,47377.50,2.3857,13844.50,0.6971,0.6470,2217,1.7866,0.00,28.88
Genangan,8.02,303.0,NETRAL,TIDAK LAYAK,Air Mentah,47171.00,2.3753,12993.10,0.6543,0.6072,2229,1.7963,0.00,28.88
Genangan,8.02,303.0,NETRAL,TIDAK LAYAK,Air Mentah,46894.20,2.3613,12612.00,0.6351,0.5894,2229,1.7963,0.00,28.88
Genangan,8.02,303.0,NETRAL,TIDAK LAYAK,Air Mentah,47526.60,2.3932,13830.10,0.6964,0.6463,2220,1.7890,0.00,28.88
Genangan,8.02,303.0,NETRAL,TIDAK LAYAK,Air Mentah,47454.20,2.3895,13074.70,0.6584,0.6110,2221,1.7898,0.00,28.88
Genangan,8.02,303.0,NETRAL,TIDAK LAYAK,Air Mentah,47265.50,2.3800,12616.80,0.6353,0.5896,2222,1.7906,0.00,28.88
Genangan,8.02,303.0,NETRAL,TIDAK LAYAK,Air Mentah,46947.10,2.3640,13743.70,0.6921,0.6423,2216,1.7858,0.00,28.88
Genangan,8.02,303.0,NETRAL,TIDAK LAYAK,Air Mentah,47231.80,2.3783,12612.00,0.6351,0.5894,2217,1.7866,0.00,28.88
Genangan,8.02,303.0,NETRAL,TIDAK LAYAK,Air Mentah,47454.50,2.3896,13185.10,0.6639,0.6162,2217,1.7866,0.00,28.88
Genangan,8.02,303.0,NETRAL,TIDAK LAYAK,Air Mentah,47052.60,2.3693,13882.90,0.6991,0.6488,2216,1.7858,0.00,28.88
Genangan,8.02,303.0,NETRAL,TIDAK LAYAK,Air Mentah,47369.60,2.3853,13167.50,0.6630,0.6154,2213,1.7834,0.00,28.88
Genangan,8.02,303.0,NETRAL,TIDAK LAYAK,Air Mentah,47668.70,2.4003,12620.00,0.6355,0.5898,2217,1.7866,0.00,28.88
Genangan,8.02,303.0,NETRAL,TIDAK LAYAK,Air Mentah,47207.80,2.3771,13156.30,0.6625,0.6148,2217,1.7866,0.00,28.88
Genangan,8.02,303.0,NETRAL,TIDAK LAYAK,Air Mentah,47433.70,2.3885,13378.50,0.6737,0.6252,2218,1.7874,0.00,28.88
Genangan,8.02,303.0,NETRAL,TIDAK LAYAK,Air Mentah,47035.00,2.3684,12754.60,0.6423,0.5961,2219,1.7882,0.00,28.88
Genangan,8.02,303.0,NETRAL,TIDAK LAYAK,Air Mentah,46796.60,2.3564,13007.40,0.6550,0.6079,2218,1.7874,0.00,28.88
Genangan,8.02,303.0,NETRAL,TIDAK LAYAK,Air Mentah,46631.70,2.3481,12489.00,0.6289,0.5836,2219,1.7882,0.00,28.88
Genangan,8.02,303.0,NETRAL,TIDAK LAYAK,Air Mentah,47308.60,2.3822,13263.30,0.6679,0.6198,2217,1.7866,0.00,28.88
Genangan,8.02,303.0,NETRAL,TIDAK LAYAK,Air Mentah,47148.80,2.3742,13087.40,0.6590,0.6116,2220,1.7890,0.00,28.88
Genangan,8.02,303.0,NETRAL,TIDAK LAYAK,Air Mentah,47055.80,2.3695,12631.40,0.6361,0.5903,2215,1.7850,0.00,28.88
Genangan,8.02,303.0,NETRAL,TIDAK LAYAK,Air Mentah,47542.20,2.3940,13364.30,0.6730,0.6246,2217,1.7866,0.00,28.88
Genangan,8.02,303.0,NETRAL,TIDAK LAYAK,Air Mentah,47377.40,2.3857,13047.40,0.6570,0.6097,2220,1.7890,0.00,28.88
Genangan,8.02,303.0,NETRAL,TIDAK LAYAK,Air Mentah,47550.30,2.3944,12564.20,0.6327,0.5872,2211,1.7818,0.00,28.88
Genangan,8.02,303.0,NETRAL,TIDAK LAYAK,Air Mentah,47135.80,2.3735,13346.50,0.6721,0.6237,2217,1.7866,0.00,28.88
Genangan,8.02,303.0,NETRAL,TIDAK LAYAK,Air Mentah,47356.60,2.3846,13018.60,0.6555,0.6084,2220,1.7890,0.00,28.88
Genangan,8.02,303.0,NETRAL,TIDAK LAYAK,Air Mentah,47398.30,2.3867,12543.20,0.6316,0.5862,2220,1.7890,0.00,28.88
Genangan,8.02,303.0,NETRAL,TIDAK LAYAK,Air Mentah,47766.70,2.4053,13526.10,0.6811,0.6321,2219,1.7882,0.00,28.88
Genangan,8.02,303.0,NETRAL,TIDAK LAYAK,Air Mentah,47414.20,2.3875,12813.90,0.6452,0.5988,2218,1.7874,0.00,28.88
Genangan,8.02,303.0,NETRAL,TIDAK LAYAK,Air Mentah,47120.00,2.3727,12668.20,0.6379,0.5920,2218,1.7874,0.00,28.88
Genangan,8.02,303.0,NETRAL,TIDAK LAYAK,Air Mentah,47555.40,2.3946,13602.60,0.6850,0.6357,2219,1.7882,0.00,28.88
Genangan,8.02,303.0,NETRAL,TIDAK LAYAK,Air Mentah,47496.00,2.3917,12468.00,0.6278,0.5827,2215,1.7850,0.00,28.88
Genangan,8.02,303.0,NETRAL,TIDAK LAYAK,Air Mentah,47564.90,2.3951,13157.70,0.6626,0.6149,2224,1.7922,0.00,28.88
Genangan,8.02,303.0,NETRAL,TIDAK LAYAK,Air Mentah,47344.00,2.3840,13668.50,0.6883,0.6388,2217,1.7866,0.00,28.88
Genangan,8.02,303.0,NETRAL,TIDAK LAYAK,Air Mentah,47164.60,2.3750,12668.00,0.6379,0.5920,2219,1.7882,0.00,28.88
Genangan,8.02,303.0,NETRAL,TIDAK LAYAK,Air Mentah,47318.40,2.3827,13114.60,0.6604,0.6129,2218,1.7874,0.00,28.88
Genangan,8.02,303.0,NETRAL,TIDAK LAYAK,Air Mentah,47571.40,2.3954,13226.50,0.6660,0.6181,2217,1.7866,0.00,28.88
Genangan,8.02,303.0,NETRAL,TIDAK LAYAK,Air Mentah,47297.60,2.3817,12330.40,0.6209,0.5762,2219,1.7882,0.00,28.88
Genangan,8.02,303.0,NETRAL,TIDAK LAYAK,Air Mentah,47573.00,2.3955,12965.80,0.6529,0.6059,2220,1.7890,0.00,28.88
Genangan,8.02,303.0,NETRAL,TIDAK LAYAK,Air Mentah,47569.90,2.3954,13061.70,0.6577,0.6104,2221,1.7898,0.00,28.88
Genangan,8.02,303.0,NETRAL,TIDAK LAYAK,Air Mentah,47691.30,2.4015,12565.60,0.6327,0.5872,2218,1.7874,0.00,28.88
Genangan,8.02,303.0,NETRAL,TIDAK LAYAK,Air Mentah,48048.30,2.4195,12652.20,0.6371,0.5913,2222,1.7906,0.00,28.88
Genangan,8.02,303.0,NETRAL,TIDAK LAYAK,Air Mentah,47414.40,2.3875,13084.20,0.6589,0.6115,2218,1.7874,0.00,28.88
Genangan,8.02,303.0,NETRAL,TIDAK LAYAK,Air Mentah,47432.10,2.3884,12455.40,0.6272,0.5821,2217,1.7866,0.00,28.88
Genangan,8.02,303.0,NETRAL,TIDAK LAYAK,Air Mentah,47966.70,2.4154,12972.40,0.6532,0.6062,2218,1.7874,0.00,28.88
Genangan,8.02,303.0,NETRAL,TIDAK LAYAK,Air Mentah,47521.80,2.3929,12263.30,0.6175,0.5731,2225,1.7930,0.00,28.88
Genangan,8.02,303.0,NETRAL,TIDAK LAYAK,Air Mentah,47409.50,2.3873,13265.20,0.6680,0.6199,2232,1.7987,0.00,28.88
Genangan,8.02,303.0,NETRAL,TIDAK LAYAK,Air Mentah,47334.30,2.3835,16926.80,0.8523,0.7910,2216,1.7858,0.00,28.88
Genangan,8.02,303.0,NETRAL,TIDAK LAYAK,Air Mentah,47968.30,2.4154,14347.10,0.7224,0.6705,2218,1.7874,0.00,28.88
Genangan,8.02,303.0,NETRAL,TIDAK LAYAK,Air Mentah,47318.40,2.3827,15769.80,0.7941,0.7370,2219,1.7882,0.00,28.88
Genangan,8.02,303.0,NETRAL,TIDAK LAYAK,Air Mentah,47728.20,2.4033,16438.90,0.8278,0.7682,2219,1.7882,0.00,28.88
Genangan,8.02,303.0,NETRAL,TIDAK LAYAK,Air Mentah,47733.00,2.4036,14355.10,0.7228,0.6709,2218,1.7874,0.00,28.88
Kolam Renang,2.49,492.0,ASAM,TIDAK LAYAK,Air Mentah,52644.50,2.6509,26793.50,1.3492,1.2536,2185,1.7608,0.00,28.81
Kolam Renang,2.49,492.0,ASAM,TIDAK LAYAK,Air Mentah,52694.10,2.6534,26244.50,1.3215,1.2279,2169,1.7479,0.00,28.81
Kolam Renang,2.49,492.0,ASAM,TIDAK LAYAK,Air Mentah,52746.90,2.6561,17940.00,0.9034,0.8394,2166,1.7455,0.00,28.81
Kolam Renang,2.49,492.0,ASAM,TIDAK LAYAK,Air Mentah,52564.50,2.6469,26302.00,1.3244,1.2306,2165,1.7447,0.00,28.81
Kolam Renang,2.49,492.0,ASAM,TIDAK LAYAK,Air Mentah,52833.30,2.6604,26396.40,1.3292,1.2350,2164,1.7439,0.00,28.81
Kolam Renang,2.49,492.0,ASAM,TIDAK LAYAK,Air Mentah,53227.00,2.6802,19410.90,0.9774,0.9082,2165,1.7447,0.00,28.81
Kolam Renang,2.49,492.0,ASAM,TIDAK LAYAK,Air Mentah,52567.60,2.6470,22707.70,1.1434,1.0624,2160,1.7407,0.00,28.81
Kolam Renang,2.49,492.0,ASAM,TIDAK LAYAK,Air Mentah,52785.30,2.6580,26599.60,1.3394,1.2445,2165,1.7447,0.00,28.81
Kolam Renang,2.49,492.0,ASAM,TIDAK LAYAK,Air Mentah,52962.90,2.6669,17898.30,0.9013,0.8374,2166,1.7455,0.00,28.81
Kolam Renang,2.49,492.0,ASAM,TIDAK LAYAK,Air Mentah,53281.40,2.6830,21963.50,1.1060,1.0276,2167,1.7463,0.00,28.81
Kolam Renang,2.49,492.0,ASAM,TIDAK LAYAK,Air Mentah,53068.50,2.6723,31677.80,1.5951,1.4804,2169,1.7479,0.00,28.88
Kolam Renang,2.49,492.0,ASAM,TIDAK LAYAK,Air Mentah,52708.40,2.6541,17997.80,0.9063,0.8421,2169,1.7479,0.00,28.81
Kolam Renang,2.49,492.0,ASAM,TIDAK LAYAK,Air Mentah,52860.50,2.6618,21789.10,1.0972,1.0195,2170,1.7487,0.00,28.81
Kolam Renang,2.49,492.0,ASAM,TIDAK LAYAK,Air Mentah,52879.70,2.6627,27990.50,1.4095,1.3096,2180,1.7568,0.00,28.81
Kolam Renang,2.49,492.0,ASAM,TIDAK LAYAK,Air Mentah,52988.50,2.6682,24268.00,1.2220,1.1354,2169,1.7479,0.00,28.81
Kolam Renang,2.49,492.0,ASAM,TIDAK LAYAK,Air Mentah,52977.30,2.6677,19636.50,0.9888,0.9187,2169,1.7479,0.00,28.81
Kolam Renang,2.49,492.0,ASAM,TIDAK LAYAK,Air Mentah,52484.40,2.6428,24447.10,1.2310,1.1425,2172,1.7503,0.00,28.88
Kolam Renang,2.49,492.0,ASAM,TIDAK LAYAK,Air Mentah,52990.10,2.6683,24571.90,1.2373,1.1497,2166,1.7455,0.00,28.81
Kolam Renang,2.49,492.0,ASAM,TIDAK LAYAK,Air Mentah,53119.80,2.6748,19527.70,0.9833,0.9136,2166,1.7455,0.00,28.81
Kolam Renang,2.49,492.0,ASAM,TIDAK LAYAK,Air Mentah,52791.70,2.6583,23231.10,1.1698,1.0869,2165,1.7447,0.00,28.81
Kolam Renang,2.49,492.0,ASAM,TIDAK LAYAK,Air Mentah,52753.30,2.6564,25655.60,1.2919,1.2004,2160,1.7407,0.00,28.81
Kolam Renang,2.49,492.0,ASAM,TIDAK LAYAK,Air Mentah,52844.50,2.6610,19823.80,0.9982,0.9275,2168,1.7471,0.00,28.81
Kolam Renang,2.49,492.0,ASAM,TIDAK LAYAK,Air Mentah,52692.50,2.6533,23680.70,1.1924,1.1067,2167,1.7463,0.00,28.88
Kolam Renang,2.49,492.0,ASAM,TIDAK LAYAK,Air Mentah,52524.40,2.6449,24306.20,1.2239,1.1372,2171,1.7495,0.00,28.81
Kolam Renang,2.49,492.0,ASAM,TIDAK LAYAK,Air Mentah,52988.50,2.6682,19881.40,1.0011,0.9302,2169,1.7479,0.00,28.81
Kolam Renang,2.49,492.0,ASAM,TIDAK LAYAK,Air Mentah,53012.50,2.6694,20038.30,1.0090,0.9375,2172,1.7503,0.00,28.81
Kolam Renang,2.49,492.0,ASAM,TIDAK LAYAK,Air Mentah,52676.40,2.6525,25917.90,1.3051,1.2112,2173,1.7511,0.00,28.88
Kolam Renang,2.49,492.0,ASAM,TIDAK LAYAK,Air Mentah,52887.70,2.6631,21108.80,1.0629,0.9865,2172,1.7503,0.00,28.88
Kolam Renang,2.49,492.0,ASAM,TIDAK LAYAK,Air Mentah,53324.60,2.6851,16642.00,0.8380,0.7777,2173,1.7511,0.00,28.88
Kolam Renang,2.49,492.0,ASAM,TIDAK LAYAK,Air Mentah,52996.50,2.6686,25471.40,1.2826,1.1904,2173,1.7511,0.00,28.88
Kolam Renang,2.49,492.0,ASAM,TIDAK LAYAK,Air Mentah,53182.10,2.6780,21315.10,1.0733,0.9973,2171,1.7495,0.00,28.81
Kolam Renang,2.49,492.0,ASAM,TIDAK LAYAK,Air Mentah,52916.50,2.6646,17175.00,0.8648,0.8036,2173,1.7511,0.00,28.81
Kolam Renang,2.49,492.0,ASAM,TIDAK LAYAK,Air Mentah,52871.60,2.6623,20113.40,1.0128,0.9411,2170,1.7487,0.00,28.81
Kolam Renang,2.49,492.0,ASAM,TIDAK LAYAK,Air Mentah,52951.70,2.6664,24220.00,1.2196,1.1332,2171,1.7495,0.00,28.81
Kolam Renang,2.49,492.0,ASAM,TIDAK LAYAK,Air Mentah,53066.90,2.6722,14121.40,0.7111,0.6599,2174,1.7519,0.00,28.88
Kolam Renang,2.49,492.0,ASAM,TIDAK LAYAK,Air Mentah,53114.90,2.6746,14883.00,0.7494,0.6955,2170,1.7487,0.00,28.88
Kolam Renang,2.49,492.0,ASAM,TIDAK LAYAK,Air Mentah,52751.60,2.6563,16641.90,0.8380,0.7777,2171,1.7495,0.00,28.88
Kolam Renang,2.49,492.0,ASAM,TIDAK LAYAK,Air Mentah,53070.10,2.6723,14946.90,0.7526,0.6985,2171,1.7495,0.00,28.88
Kolam Renang,2.49,492.0,ASAM,TIDAK LAYAK,Air Mentah,53145.30,2.6761,20457.20,1.0301,0.9560,2182,1.7584,0.00,28.88
Kolam Renang,2.49,492.0,ASAM,TIDAK LAYAK,Air Mentah,53014.10,2.6695,16915.40,0.8518,0.7914,2169,1.7479,0.00,28.81
Kolam Renang,2.49,492.0,ASAM,TIDAK LAYAK,Air Mentah,53332.60,2.6856,14715.20,0.7410,0.6877,2169,1.7479,0.00,28.88
Kolam Renang,2.49,492.0,ASAM,TIDAK LAYAK,Air Mentah,52801.30,2.6588,15030.50,0.7569,0.7024,2177,1.7544,0.00,28.88
Kolam Renang,2.49,492.0,ASAM,TIDAK LAYAK,Air Mentah,53066.90,2.6722,15083.20,0.7595,0.7057,2171,1.7495,0.00,28.81
Kolam Renang,2.49,492.0,ASAM,TIDAK LAYAK,Air Mentah,53251.00,2.6814,14539.20,0.7321,0.6795,2171,1.7495,0.00,28.88
Kolam Renang,2.49,492.0,ASAM,TIDAK LAYAK,Air Mentah,52852.40,2.6614,14729.60,0.7417,0.6884,2178,1.7552,0.00,28.88
Kolam Renang,2.49,492.0,ASAM,TIDAK LAYAK,Air Mentah,53018.90,2.6698,15180.90,0.7644,0.7103,2170,1.7487,0.00,28.81
Kolam Renang,2.49,492.0,ASAM,TIDAK LAYAK,Air Mentah,52969.30,2.6673,14839.90,0.7473,0.6935,2171,1.7495,0.00,28.88
Kolam Renang,2.49,492.0,ASAM,TIDAK LAYAK,Air Mentah,52854.10,2.6615,14140.80,0.7121,0.6616,2171,1.7495,0.00,28.81
Kolam Renang,2.49,492.0,ASAM,TIDAK LAYAK,Air Mentah,52922.90,2.6649,14510.30,0.7307,0.6781,2171,1.7495,0.00,28.88
Kolam Renang,2.49,492.0,ASAM,TIDAK LAYAK,Air Mentah,52865.20,2.6620,14651.10,0.7378,0.6847,2171,1.7495,0.00,28.88
Kolam Renang,2.49,492.0,ASAM,TIDAK LAYAK,Air Mentah,52818.90,2.6597,14364.70,0.7233,0.6713,2168,1.7471,0.00,28.88
Kolam Renang,2.49,492.0,ASAM,TIDAK LAYAK,Air Mentah,53254.20,2.6816,16467.80,0.8292,0.7705,2168,1.7471,0.00,28.81
Kolam Renang,2.49,492.0,ASAM,TIDAK LAYAK,Air Mentah,53086.10,2.6731,17162.20,0.8642,0.8020,2166,1.7455,0.00,28.88
Kolam Renang,2.49,492.0,ASAM,TIDAK LAYAK,Air Mentah,52639.60,2.6507,14881.70,0.7494,0.6955,2169,1.7479,0.00,28.88
Kolam Renang,2.49,492.0,ASAM,TIDAK LAYAK,Air Mentah,53339.00,2.6859,13748.40,0.6923,0.6425,2169,1.7479,0.00,28.88
Kolam Renang,2.49,492.0,ASAM,TIDAK LAYAK,Air Mentah,53356.60,2.6868,16576.40,0.8347,0.7756,2168,1.7471,0.00,28.81
Kolam Renang,2.49,492.0,ASAM,TIDAK LAYAK,Air Mentah,52902.00,2.6639,15008.00,0.7557,0.7014,2168,1.7471,0.00,28.88
Kolam Renang,2.49,492.0,ASAM,TIDAK LAYAK,Air Mentah,53252.50,2.6815,14356.80,0.7229,0.6709,2181,1.7576,0.00,28.88
Kolam Renang,2.49,492.0,ASAM,TIDAK LAYAK,Air Mentah,53236.50,2.6807,15974.70,0.8044,0.7465,2174,1.7519,0.00,28.88
Kolam Renang,2.49,492.0,ASAM,TIDAK LAYAK,Air Mentah,53159.70,2.6768,16322.20,0.8219,0.7628,2169,1.7479,0.00,28.88
Kolam Renang,2.49,492.0,ASAM,TIDAK LAYAK,Air Mentah,53190.10,2.6784,14275.00,0.7188,0.6671,2170,1.7487,0.00,28.88
Kolam Renang,2.49,492.0,ASAM,TIDAK LAYAK,Air Mentah,52857.20,2.6616,14971.20,0.7539,0.6996,2172,1.7503,0.00,28.88
Kolam Renang,2.49,492.0,ASAM,TIDAK LAYAK,Air Mentah,53186.90,2.6782,17786.20,0.8956,0.8322,2169,1.7479,0.00,28.81
Kolam Renang,2.49,492.0,ASAM,TIDAK LAYAK,Air Mentah,53420.60,2.6900,16760.60,0.8440,0.7833,2171,1.7495,0.00,28.88
Kolam Renang,2.49,492.0,ASAM,TIDAK LAYAK,Air Mentah,53534.20,2.6957,14902.60,0.7504,0.6964,2169,1.7479,0.00,28.88
Kolam Renang,2.49,492.0,ASAM,TIDAK LAYAK,Air Mentah,53231.70,2.6805,17514.50,0.8819,0.8195,2170,1.7487,0.00,28.81
Kolam Renang,2.49,492.0,ASAM,TIDAK LAYAK,Air Mentah,52876.40,2.6626,16855.00,0.8487,0.7877,2170,1.7487,0.00,28.88
Kolam Renang,2.49,492.0,ASAM,TIDAK LAYAK,Air Mentah,53113.30,2.6745,15158.60,0.7633,0.7084,2170,1.7487,0.00,28.88
Kolam Renang,2.49,492.0,ASAM,TIDAK LAYAK,Air Mentah,53126.10,2.6752,16682.10,0.8400,0.7796,2170,1.7487,0.00,28.88
Kolam Renang,2.49,492.0,ASAM,TIDAK LAYAK,Air Mentah,53046.10,2.6711,17725.60,0.8926,0.8284,2171,1.7495,0.00,28.88
Kolam Renang,2.49,492.0,ASAM,TIDAK LAYAK,Air Mentah,53300.50,2.6839,15361.80,0.7735,0.7179,2169,1.7479,0.00,28.88
Kolam Renang,2.49,492.0,ASAM,TIDAK LAYAK,Air Mentah,53441.30,2.6910,13972.80,0.7036,0.6530,2170,1.7487,0.00,28.88
Kolam Renang,2.49,492.0,ASAM,TIDAK LAYAK,Air Mentah,53539.00,2.6959,15968.10,0.8041,0.7462,2169,1.7479,0.00,28.88
Kolam Renang,2.49,492.0,ASAM,TIDAK LAYAK,Air Mentah,53169.30,2.6773,14432.10,0.7267,0.6752,2170,1.7487,0.00,28.81
Kolam Renang,2.49,492.0,ASAM,TIDAK LAYAK,Air Mentah,53436.50,2.6908,14135.70,0.7118,0.6606,2173,1.7511,0.00,28.88
Kolam Renang,2.49,492.0,ASAM,TIDAK LAYAK,Air Mentah,53428.50,2.6904,17221.20,0.8672,0.8048,2169,1.7479,0.00,28.88
Kolam Renang,2.49,492.0,ASAM,TIDAK LAYAK,Air Mentah,53302.10,2.6840,16939.80,0.8530,0.7916,2168,1.7471,0.00,28.88
Kolam Renang,2.49,492.0,ASAM,TIDAK LAYAK,Air Mentah,53268.50,2.6823,15288.00,0.7698,0.7145,2168,1.7471,0.00,28.88
Kolam Renang,2.49,492.0,ASAM,TIDAK LAYAK,Air Mentah,53100.50,2.6739,16469.10,0.8293,0.7696,2168,1.7471,0.00,28.88
Kolam Renang,2.49,492.0,ASAM,TIDAK LAYAK,Air Mentah,53047.60,2.6712,17938.30,0.9033,0.8383,2168,1.7471,0.00,28.88
Kolam Renang,2.49,492.0,ASAM,TIDAK LAYAK,Air Mentah,52990.00,2.6683,16842.10,0.8481,0.7871,2168,1.7471,0.00,28.88
Kolam Renang,2.49,492.0,ASAM,TIDAK LAYAK,Air Mentah,53218.90,2.6798,14971.10,0.7539,0.6996,2165,1.7447,0.00,28.88
Kolam Renang,2.49,492.0,ASAM,TIDAK LAYAK,Air Mentah,53020.40,2.6698,17424.40,0.8774,0.8143,2167,1.7463,0.00,28.88
Kolam Renang,2.49,492.0,ASAM,TIDAK LAYAK,Air Mentah,53207.70,2.6793,17075.70,0.8598,0.7989,2174,1.7519,0.00,28.81
Kolam Renang,2.49,492.0,ASAM,TIDAK LAYAK,Air Mentah,53446.10,2.6913,15046.40,0.7577,0.7032,2162,1.7423,0.00,28.88
Kolam Renang,2.49,492.0,ASAM,TIDAK LAYAK,Air Mentah,53623.80,2.7002,16410.00,0.8263,0.7669,2168,1.7471,0.00,28.88
Kolam Renang,2.49,492.0,ASAM,TIDAK LAYAK,Air Mentah,53606.20,2.6993,17549.30,0.8837,0.8201,2170,1.7487,0.00,28.88
Kolam Renang,2.49,492.0,ASAM,TIDAK LAYAK,Air Mentah,53449.30,2.6914,15355.00,0.7732,0.7176,2171,1.7495,0.00,28.88
Kolam Renang,2.49,492.0,ASAM,TIDAK LAYAK,Air Mentah,53095.60,2.6736,14655.90,0.7380,0.6849,2170,1.7487,0.00,28.88
Kolam Renang,2.49,492.0,ASAM,TIDAK LAYAK,Air Mentah,53351.70,2.6865,16354.00,0.8235,0.7643,2170,1.7487,0.00,28.88
Kolam Renang,2.49,492.0,ASAM,TIDAK LAYAK,Air Mentah,53215.70,2.6797,17240.50,0.8681,0.8057,2171,1.7495,0.00,28.88
Kolam Renang,2.49,492.0,ASAM,TIDAK LAYAK,Air Mentah,53196.50,2.6787,14599.90,0.7352,0.6823,2171,1.7495,0.00,28.88
Kolam Renang,2.49,492.0,ASAM,TIDAK LAYAK,Air Mentah,53324.50,2.6851,16025.90,0.8070,0.7489,2172,1.7503,0.00,28.88
Kolam Renang,2.49,492.0,ASAM,TIDAK LAYAK,Air Mentah,53284.50,2.6831,18368.70,0.9250,0.8584,2172,1.7503,0.00,28.88
Kolam Renang,2.49,492.0,ASAM,TIDAK LAYAK,Air Mentah,53377.30,2.6878,16935.00,0.8528,0.7923,2170,1.7487,0.00,28.81
Kolam Renang,2.49,492.0,ASAM,TIDAK LAYAK,Air Mentah,53276.50,2.6827,15135.90,0.7622,0.7073,2170,1.7487,0.00,28.88
Kolam Renang,2.49,492.0,ASAM,TIDAK LAYAK,Air Mentah,53244.50,2.6811,22949.00,1.1556,1.0725,2171,1.7495,0.00,28.88
Kolam Renang,2.49,492.0,ASAM,TIDAK LAYAK,Air Mentah,53670.20,2.7026,36992.70,1.8628,1.7308,2185,1.7608,0.00,28.81
Kolam Renang,2.49,492.0,ASAM,TIDAK LAYAK,Air Mentah,53372.50,2.6876,16943.00,0.8532,0.7918,2170,1.7487,0.00,28.88
Kolam Renang,2.49,492.0,ASAM,TIDAK LAYAK,Air Mentah,53033.20,2.6705,23522.20,1.1845,1.0993,2171,1.7495,0.00,28.88
Kolam Renang,2.49,492.0,ASAM,TIDAK LAYAK,Air Mentah,53686.20,2.7034,22678.70,1.1420,1.0598,2171,1.7495,0.00,28.88
Kolam Renang,2.49,492.0,ASAM,TIDAK LAYAK,Air Mentah,53190.10,2.6784,24652.10,1.2414,1.1521,2169,1.7479,0.00,28.88
Kolam Renang,2.49,492.0,ASAM,TIDAK LAYAK,Air Mentah,53246.00,2.6812,15796.90,0.7954,0.7382,2169,1.7479,0.00,28.88
Kolam Renang,2.49,492.0,ASAM,TIDAK LAYAK,Air Mentah,53290.90,2.6835,16701.20,0.8410,0.7805,2169,1.7479,0.00,28.88
Kolam Renang,2.49,492.0,ASAM,TIDAK LAYAK,Air Mentah,53561.40,2.6971,19159.40,0.9648,0.8954,2170,1.7487,0.00,28.88
Kolam Renang,2.49,492.0,ASAM,TIDAK LAYAK,Air Mentah,53668.60,2.7025,17839.30,0.8983,0.8337,2169,1.7479,0.00,28.88
Kolam Renang,2.49,492.0,ASAM,TIDAK LAYAK,Air Mentah,53764.60,2.7073,15276.90,0.7693,0.7139,2170,1.7487,0.00,28.88
Kolam Renang,2.49,492.0,ASAM,TIDAK LAYAK,Air Mentah,53417.30,2.6898,30440.50,1.5328,1.4226,2168,1.7471,0.00,28.88
Kolam Renang,2.49,492.0,ASAM,TIDAK LAYAK,Air Mentah,53481.30,2.6930,33467.00,1.6852,1.5640,2170,1.7487,0.00,28.88
Kolam Renang,2.49,492.0,ASAM,TIDAK LAYAK,Air Mentah,53470.10,2.6925,24759.40,1.2468,1.1571,2169,1.7479,0.00,28.88
Kolam Renang,2.49,492.0,ASAM,TIDAK LAYAK,Air Mentah,53614.20,2.6997,29590.90,1.4900,1.3829,2169,1.7479,0.00,28.88
Kolam Renang,2.49,492.0,ASAM,TIDAK LAYAK,Air Mentah,53663.80,2.7022,32591.50,1.6411,1.5231,2169,1.7479,0.00,28.88
Kolam Renang,2.49,492.0,ASAM,TIDAK LAYAK,Air Mentah,53519.80,2.6950,30943.20,1.5581,1.4477,2169,1.7479,0.00,28.81
Kolam Renang,2.49,492.0,ASAM,TIDAK LAYAK,Air Mentah,53670.20,2.7026,22219.60,1.1189,1.0384,2170,1.7487,0.00,28.88
Kolam Renang,2.49,492.0,ASAM,TIDAK LAYAK,Air Mentah,53831.80,2.7107,29301.30,1.4755,1.3693,2168,1.7471,0.00,28.88
Kolam Renang,2.49,492.0,ASAM,TIDAK LAYAK,Air Mentah,53364.50,2.6872,31192.80,1.5707,1.4577,2171,1.7495,0.00,28.88
Kolam Renang,2.49,492.0,ASAM,TIDAK LAYAK,Air Mentah,53321.30,2.6850,26314.90,1.3251,1.2312,2169,1.7479,0.00,28.81
Kolam Renang,2.49,492.0,ASAM,TIDAK LAYAK,Air Mentah,53830.20,2.7106,15286.60,0.7698,0.7144,2171,1.7495,0.00,28.88
Kolam Renang,2.49,492.0,ASAM,TIDAK LAYAK,Air Mentah,53287.70,2.6833,27171.10,1.3682,1.2698,2170,1.7487,0.00,28.88
Kolam Renang,2.49,492.0,ASAM,TIDAK LAYAK,Air Mentah,53398.10,2.6888,26711.60,1.3451,1.2483,2172,1.7503,0.00,28.88
Kolam Renang,2.49,492.0,ASAM,TIDAK LAYAK,Air Mentah,53313.30,2.6846,15806.30,0.7959,0.7387,2170,1.7487,0.00,28.88
Kolam Renang,2.49,492.0,ASAM,TIDAK LAYAK,Air Mentah,53494.10,2.6937,15067.30,0.7587,0.7041,2164,1.7439,0.00,28.88
Kolam Renang,2.49,492.0,ASAM,TIDAK LAYAK,Air Mentah,53074.80,2.6726,16723.70,0.8421,0.7815,2169,1.7479,0.00,28.88
Kolam Renang,2.49,492.0,ASAM,TIDAK LAYAK,Air Mentah,53654.20,2.7017,19439.40,0.9789,0.9085,2168,1.7471,0.00,28.88
Kolam Renang,2.49,492.0,ASAM,TIDAK LAYAK,Air Mentah,53511.70,2.6946,17687.10,0.8906,0.8275,2168,1.7471,0.00,28.81
Kolam Renang,2.49,492.0,ASAM,TIDAK LAYAK,Air Mentah,53335.70,2.6857,15507.30,0.7809,0.7247,2169,1.7479,0.00,28.88
Kolam Renang,2.49,492.0,ASAM,TIDAK LAYAK,Air Mentah,53306.90,2.6843,15864.00,0.7988,0.7422,2169,1.7479,0.00,28.81
Kolam Renang,2.49,492.0,ASAM,TIDAK LAYAK,Air Mentah,52946.80,2.6661,18501.60,0.9316,0.8646,2168,1.7471,0.00,28.88
Kolam Renang,2.49,492.0,ASAM,TIDAK LAYAK,Air Mentah,53556.60,2.6968,15813.00,0.7963,0.7390,2158,1.7390,0.00,28.88
Kolam Renang,2.49,492.0,ASAM,TIDAK LAYAK,Air Mentah,53204.50,2.6791,14063.60,0.7082,0.6572,2170,1.7487,0.00,28.88
Kolam Renang,2.49,492.0,ASAM,TIDAK LAYAK,Air Mentah,53374.10,2.6876,16093.00,0.8104,0.7521,2170,1.7487,0.00,28.88
Kolam Renang,2.49,492.0,ASAM,TIDAK LAYAK,Air Mentah,53207.70,2.6793,30306.20,1.5261,1.4163,2171,1.7495,0.00,28.88
Kolam Renang,2.49,492.0,ASAM,TIDAK LAYAK,Air Mentah,53262.10,2.6820,20902.40,1.0525,0.9768,2170,1.7487,0.00,28.88
Kolam Renang,2.49,492.0,ASAM,TIDAK LAYAK,Air Mentah,52857.20,2.6616,14122.80,0.7112,0.6600,2169,1.7479,0.00,28.88
Kolam Renang,2.49,492.0,ASAM,TIDAK LAYAK,Air Mentah,52860.40,2.6618,16435.50,0.8276,0.7681,2169,1.7479,0.00,28.88
Kolam Renang,2.49,492.0,ASAM,TIDAK LAYAK,Air Mentah,53286.10,2.6832,17400.50,0.8762,0.8132,2169,1.7479,0.00,28.88
Kolam Renang,2.49,492.0,ASAM,TIDAK LAYAK,Air Mentah,53377.30,2.6878,15260.90,0.7685,0.7132,2169,1.7479,0.00,28.88
Kolam Renang,2.49,492.0,ASAM,TIDAK LAYAK,Air Mentah,53353.30,2.6866,16297.80,0.8207,0.7616,2168,1.7471,0.00,28.88
Kolam Renang,2.49,492.0,ASAM,TIDAK LAYAK,Air Mentah,53513.30,2.6946,18271.20,0.9200,0.8539,2169,1.7479,0.00,28.88
Kolam Renang,2.49,492.0,ASAM,TIDAK LAYAK,Air Mentah,53484.60,2.6932,15766.60,0.7939,0.7368,2169,1.7479,0.00,28.88
Kolam Renang,2.49,492.0,ASAM,TIDAK LAYAK,Air Mentah,53114.90,2.6746,14888.10,0.7497,0.6958,2170,1.7487,0.00,28.88
Kolam Renang,2.49,492.0,ASAM,TIDAK LAYAK,Air Mentah,53447.70,2.6913,16427.60,0.8272,0.7677,2169,1.7479,0.00,28.88
Kolam Renang,2.49,492.0,ASAM,TIDAK LAYAK,Air Mentah,53484.60,2.6932,17726.90,0.8926,0.8284,2168,1.7471,0.00,28.88
Kolam Renang,2.49,492.0,ASAM,TIDAK LAYAK,Air Mentah,52985.20,2.6681,15500.90,0.7805,0.7244,2169,1.7479,0.00,28.88
Kolam Renang,2.49,492.0,ASAM,TIDAK LAYAK,Air Mentah,53266.90,2.6822,14307.00,0.7204,0.6694,2169,1.7479,0.00,28.81
Kolam Renang,2.49,492.0,ASAM,TIDAK LAYAK,Air Mentah,53143.70,2.6760,18136.70,0.9133,0.8476,2168,1.7471,0.00,28.88
Kolam Renang,2.49,492.0,ASAM,TIDAK LAYAK,Air Mentah,53238.10,2.6808,15456.00,0.7783,0.7223,2169,1.7479,0.00,28.88
Kolam Renang,2.49,492.0,ASAM,TIDAK LAYAK,Air Mentah,53470.20,2.6925,13727.60,0.6913,0.6415,2169,1.7479,0.00,28.88
Kolam Renang,2.49,492.0,ASAM,TIDAK LAYAK,Air Mentah,53220.50,2.6799,20641.40,1.0394,0.9646,2169,1.7479,0.00,28.88
Kolam Renang,2.49,492.0,ASAM,TIDAK LAYAK,Air Mentah,52748.40,2.6561,17453.30,0.8789,0.8156,2169,1.7479,0.00,28.88
Kolam Renang,2.49,492.0,ASAM,TIDAK LAYAK,Air Mentah,53233.30,2.6806,15225.60,0.7667,0.7115,2171,1.7495,0.00,28.88
Kolam Renang,2.49,492.0,ASAM,TIDAK LAYAK,Air Mentah,53508.60,2.6944,15009.60,0.7558,0.7014,2173,1.7511,0.00,28.88
Kolam Renang,2.49,492.0,ASAM,TIDAK LAYAK,Air Mentah,52954.90,2.6665,16928.40,0.8524,0.7911,2169,1.7479,0.00,28.88
Kolam Renang,2.49,492.0,ASAM,TIDAK LAYAK,Air Mentah,53167.70,2.6772,17556.00,0.8840,0.8204,2170,1.7487,0.00,28.88
Kolam Renang,2.49,492.0,ASAM,TIDAK LAYAK,Air Mentah,52964.40,2.6670,15268.90,0.7689,0.7136,2172,1.7503,0.00,28.88
Kolam Renang,2.49,492.0,ASAM,TIDAK LAYAK,Air Mentah,53092.50,2.6735,16579.80,0.8349,0.7748,2169,1.7479,0.00,28.88
Kolam Renang,2.49,492.0,ASAM,TIDAK LAYAK,Air Mentah,53220.50,2.6799,19276.20,0.9706,0.9008,2170,1.7487,0.00,28.88
Kolam Renang,2.49,492.0,ASAM,TIDAK LAYAK,Air Mentah,53042.90,2.6710,18493.50,0.9312,0.8643,2169,1.7479,0.00,28.88
Kolam Renang,2.49,492.0,ASAM,TIDAK LAYAK,Air Mentah,53127.70,2.6752,15595.50,0.7853,0.7288,2170,1.7487,0.00,28.88
Kolam Renang,2.49,492.0,ASAM,TIDAK LAYAK,Air Mentah,53215.70,2.6797,16214.70,0.8165,0.7578,2169,1.7479,0.00,28.88
Kolam Renang,2.49,492.0,ASAM,TIDAK LAYAK,Air Mentah,53327.70,2.6853,19087.70,0.9612,0.8920,2169,1.7479,0.00,28.88
Kolam Renang,2.49,492.0,ASAM,TIDAK LAYAK,Air Mentah,53239.70,2.6809,18043.90,0.9086,0.8442,2170,1.7487,0.00,28.81
Kolam Renang,2.49,492.0,ASAM,TIDAK LAYAK,Air Mentah,53306.90,2.6843,17436.00,0.8780,0.8148,2172,1.7503,0.00,28.88
Kolam Renang,2.49,492.0,ASAM,TIDAK LAYAK,Air Mentah,53110.10,2.6743,30208.50,1.5211,1.4117,2169,1.7479,0.00,28.88
Kolam Renang,2.49,492.0,ASAM,TIDAK LAYAK,Air Mentah,53510.20,2.6945,33076.40,1.6656,1.5458,2172,1.7503,0.00,28.88
Kolam Renang,2.49,492.0,ASAM,TIDAK LAYAK,Air Mentah,53585.40,2.6983,23198.90,1.1682,1.0842,2171,1.7495,0.00,28.88
Kolam Renang,2.49,492.0,ASAM,TIDAK LAYAK,Air Mentah,53129.30,2.6753,18090.50,0.9109,0.8454,2171,1.7495,0.00,28.88
Kolam Renang,2.49,492.0,ASAM,TIDAK LAYAK,Air Mentah,52777.20,2.6576,23238.90,1.1702,1.0860,2170,1.7487,0.00,28.88
Kolam Renang,2.49,492.0,ASAM,TIDAK LAYAK,Air Mentah,53145.30,2.6761,33574.20,1.6906,1.5690,2170,1.7487,0.00,28.88
Kolam Renang,2.49,492.0,ASAM,TIDAK LAYAK,Air Mentah,53308.50,2.6843,23842.20,1.2006,1.1142,2170,1.7487,0.00,28.88
Kolam Renang,2.49,492.0,ASAM,TIDAK LAYAK,Air Mentah,53114.90,2.6746,20876.80,1.0512,0.9756,2171,1.7495,0.00,28.88
Kolam Renang,2.49,492.0,ASAM,TIDAK LAYAK,Air Mentah,53491.00,2.6935,29065.90,1.4636,1.3583,2171,1.7495,0.00,28.88
Kolam Renang,2.49,492.0,ASAM,TIDAK LAYAK,Air Mentah,52887.60,2.6631,20130.90,1.0137,0.9408,2170,1.7487,0.00,28.88
Kolam Renang,2.49,492.0,ASAM,TIDAK LAYAK,Air Mentah,53321.30,2.6850,15856.40,0.7984,0.7410,2171,1.7495,0.00,28.88
Kolam Renang,2.49,492.0,ASAM,TIDAK LAYAK,Air Mentah,53316.50,2.6847,20681.60,1.0414,0.9665,2170,1.7487,0.00,28.88
Kolam Renang,2.49,492.0,ASAM,TIDAK LAYAK,Air Mentah,53142.10,2.6760,32457.10,1.6344,1.5168,2171,1.7495,0.00,28.88
Kolam Renang,2.49,492.0,ASAM,TIDAK LAYAK,Air Mentah,53647.80,2.7014,32069.90,1.6149,1.4987,2169,1.7479,0.00,28.88
Kolam Renang,2.49,492.0,ASAM,TIDAK LAYAK,Air Mentah,53065.30,2.6721,25956.40,1.3070,1.2130,2171,1.7495,0.00,28.88
Kolam Renang,2.49,492.0,ASAM,TIDAK LAYAK,Air Mentah,52929.30,2.6652,31848.90,1.6037,1.4884,2186,1.7616,0.00,28.88
Kolam Renang,2.49,492.0,ASAM,TIDAK LAYAK,Air Mentah,53298.90,2.6839,35500.90,1.7876,1.6591,2171,1.7495,0.00,28.88
Kolam Renang,2.49,492.0,ASAM,TIDAK LAYAK,Air Mentah,53116.50,2.6747,24973.70,1.2575,1.1671,2170,1.7487,0.00,28.88
Kolam Renang,2.49,492.0,ASAM,TIDAK LAYAK,Air Mentah,53292.50,2.6835,30333.40,1.5274,1.4176,2171,1.7495,0.00,28.88
Kolam Renang,2.49,492.0,ASAM,TIDAK LAYAK,Air Mentah,53114.80,2.6746,30310.90,1.5263,1.4165,2171,1.7495,0.00,28.88
Kolam Renang,2.49,492.0,ASAM,TIDAK LAYAK,Air Mentah,52991.60,2.6684,20439.80,1.0292,0.9552,2170,1.7487,0.00,28.88
Kolam Renang,2.49,492.0,ASAM,TIDAK LAYAK,Air Mentah,53313.30,2.6846,14665.70,0.7385,0.6854,2170,1.7487,0.00,28.88
Kolam Renang,2.49,492.0,ASAM,TIDAK LAYAK,Air Mentah,53265.30,2.6822,19628.50,0.9884,0.9173,2171,1.7495,0.00,28.88
Kolam Renang,2.49,492.0,ASAM,TIDAK LAYAK,Air Mentah,53443.00,2.6911,19652.50,0.9896,0.9184,2171,1.7495,0.00,28.88
Kolam Renang,2.49,492.0,ASAM,TIDAK LAYAK,Air Mentah,53162.90,2.6770,20750.20,1.0449,0.9697,2171,1.7495,0.00,28.88
Kolam Renang,2.49,492.0,ASAM,TIDAK LAYAK,Air Mentah,52831.60,2.6603,16549.10,0.8333,0.7734,2170,1.7487,0.00,28.88
Kolam Renang,2.49,492.0,ASAM,TIDAK LAYAK,Air Mentah,52863.60,2.6619,17837.40,0.8982,0.8336,2174,1.7519,0.00,28.88
Kolam Renang,2.49,492.0,ASAM,TIDAK LAYAK,Air Mentah,53049.30,2.6713,15704.20,0.7908,0.7339,2172,1.7503,0.00,28.88
Kolam Renang,2.49,492.0,ASAM,TIDAK LAYAK,Air Mentah,53246.10,2.6812,16008.20,0.8061,0.7481,2171,1.7495,0.00,28.88
Kolam Renang,2.49,492.0,ASAM,TIDAK LAYAK,Air Mentah,53058.90,2.6718,17296.50,0.8710,0.8083,2171,1.7495,0.00,28.88
Kolam Renang,2.49,492.0,ASAM,TIDAK LAYAK,Air Mentah,53058.90,2.6718,18745.00,0.9439,0.8760,2172,1.7503,0.00,28.88
Kolam Renang,2.49,492.0,ASAM,TIDAK LAYAK,Air Mentah,53073.30,2.6725,25016.90,1.2597,1.1691,2172,1.7503,0.00,28.88
Kolam Renang,2.49,492.0,ASAM,TIDAK LAYAK,Air Mentah,53106.90,2.6742,15139.20,0.7623,0.7075,2176,1.7536,0.00,28.88
Kolam Renang,2.49,492.0,ASAM,TIDAK LAYAK,Air Mentah,53126.10,2.6752,14594.90,0.7349,0.6821,2172,1.7503,0.00,28.88
Kolam Renang,2.49,492.0,ASAM,TIDAK LAYAK,Air Mentah,53162.90,2.6770,23965.50,1.2068,1.1200,2172,1.7503,0.00,28.88
Kolam Renang,2.49,492.0,ASAM,TIDAK LAYAK,Air Mentah,52998.10,2.6687,26452.60,1.3320,1.2362,2172,1.7503,0.00,28.88
Kolam Renang,2.49,492.0,ASAM,TIDAK LAYAK,Air Mentah,53145.30,2.6761,18548.30,0.9340,0.8668,2172,1.7503,0.00,28.88
Akuarium,6.9,159.0,NETRAL,TIDAK LAYAK,Air Mentah,53434.90,2.6907,13959.80,0.7029,0.6539,2173,1.7511,0.00,28.75
Akuarium,6.9,159.0,NETRAL,TIDAK LAYAK,Air Mentah,53345.40,2.6862,15082.80,0.7595,0.7065,2171,1.7495,0.00,28.75
Akuarium,6.9,159.0,NETRAL,TIDAK LAYAK,Air Mentah,53518.20,2.6949,14511.70,0.7307,0.6790,2172,1.7503,0.00,28.81
Akuarium,6.9,159.0,NETRAL,TIDAK LAYAK,Air Mentah,53478.10,2.6929,13157.80,0.6626,0.6156,2176,1.7536,0.00,28.81
Akuarium,6.9,159.0,NETRAL,TIDAK LAYAK,Air Mentah,53596.50,2.6988,13665.10,0.6881,0.6401,2173,1.7511,0.00,28.75
Akuarium,6.9,159.0,NETRAL,TIDAK LAYAK,Air Mentah,53569.30,2.6975,15419.10,0.7764,0.7214,2173,1.7511,0.00,28.81
Akuarium,6.9,159.0,NETRAL,TIDAK LAYAK,Air Mentah,53692.50,2.7037,14387.00,0.7245,0.6739,2173,1.7511,0.00,28.75
Akuarium,6.9,159.0,NETRAL,TIDAK LAYAK,Air Mentah,53681.30,2.7031,13052.40,0.6573,0.6114,2173,1.7511,0.00,28.75
Akuarium,6.9,159.0,NETRAL,TIDAK LAYAK,Air Mentah,53554.80,2.6967,14979.20,0.7543,0.7017,2174,1.7519,0.00,28.75
Akuarium,6.9,159.0,NETRAL,TIDAK LAYAK,Air Mentah,53849.30,2.7116,14587.10,0.7345,0.6833,2174,1.7519,0.00,28.75
Akuarium,6.9,159.0,NETRAL,TIDAK LAYAK,Air Mentah,53871.70,2.7127,13268.40,0.6681,0.6208,2173,1.7511,0.00,28.81
Akuarium,6.9,159.0,NETRAL,TIDAK LAYAK,Air Mentah,53996.60,2.7190,14033.50,0.7067,0.6566,2173,1.7511,0.00,28.81
Akuarium,6.9,159.0,NETRAL,TIDAK LAYAK,Air Mentah,53913.30,2.7148,15075.00,0.7591,0.7053,2172,1.7503,0.00,28.81
Akuarium,6.9,159.0,NETRAL,TIDAK LAYAK,Air Mentah,54079.80,2.7232,14097.50,0.7099,0.6596,2173,1.7511,0.00,28.81
Akuarium,6.9,159.0,NETRAL,TIDAK LAYAK,Air Mentah,53993.30,2.7188,13028.40,0.6560,0.6103,2174,1.7519,0.00,28.75
Akuarium,6.9,159.0,NETRAL,TIDAK LAYAK,Air Mentah,54156.70,2.7270,12956.40,0.6524,0.6062,2174,1.7519,0.00,28.81
Akuarium,6.9,159.0,NETRAL,TIDAK LAYAK,Air Mentah,54055.80,2.7220,15188.60,0.7648,0.7106,2174,1.7519,0.00,28.81
Akuarium,6.9,159.0,NETRAL,TIDAK LAYAK,Air Mentah,53951.70,2.7167,12876.40,0.6484,0.6025,2173,1.7511,0.00,28.81
Akuarium,6.9,159.0,NETRAL,TIDAK LAYAK,Air Mentah,53777.30,2.7079,14107.20,0.7104,0.6600,2174,1.7519,0.00,28.81
Akuarium,6.9,159.0,NETRAL,TIDAK LAYAK,Air Mentah,54275.10,2.7330,15475.30,0.7793,0.7240,2174,1.7519,0.00,28.81
Akuarium,6.9,159.0,NETRAL,TIDAK LAYAK,Air Mentah,54172.70,2.7279,14371.00,0.7236,0.6724,2173,1.7511,0.00,28.81
Akuarium,6.9,159.0,NETRAL,TIDAK LAYAK,Air Mentah,54343.90,2.7365,13023.60,0.6558,0.6093,2174,1.7519,0.00,28.81
Akuarium,6.9,159.0,NETRAL,TIDAK LAYAK,Air Mentah,54129.30,2.7257,14346.90,0.7224,0.6713,2173,1.7511,0.00,28.81
Akuarium,6.9,159.0,NETRAL,TIDAK LAYAK,Air Mentah,54296.10,2.7341,15142.50,0.7625,0.7093,2174,1.7519,0.00,28.75
Akuarium,6.9,159.0,NETRAL,TIDAK LAYAK,Air Mentah,54129.40,2.7257,14414.30,0.7258,0.6752,2165,1.7447,0.00,28.75
Akuarium,6.9,159.0,NETRAL,TIDAK LAYAK,Air Mentah,54345.40,2.7366,13415.70,0.6755,0.6277,2176,1.7536,0.00,28.81
Akuarium,6.9,159.0,NETRAL,TIDAK LAYAK,Air Mentah,54340.60,2.7363,14372.70,0.7237,0.6725,2174,1.7519,0.00,28.81
Akuarium,6.9,159.0,NETRAL,TIDAK LAYAK,Air Mentah,54291.00,2.7338,13855.60,0.6977,0.6483,2173,1.7511,0.00,28.81
Akuarium,6.9,159.0,NETRAL,TIDAK LAYAK,Air Mentah,54209.50,2.7297,12790.20,0.6440,0.5984,2173,1.7511,0.00,28.81
Akuarium,6.9,159.0,NETRAL,TIDAK LAYAK,Air Mentah,54294.20,2.7340,13777.30,0.6938,0.6446,2173,1.7511,0.00,28.81
Akuarium,6.9,159.0,NETRAL,TIDAK LAYAK,Air Mentah,54475.30,2.7431,15491.40,0.7801,0.7248,2173,1.7511,0.00,28.81
Akuarium,6.9,159.0,NETRAL,TIDAK LAYAK,Air Mentah,54182.30,2.7283,14390.40,0.7246,0.6733,2177,1.7544,0.00,28.81
Akuarium,6.9,159.0,NETRAL,TIDAK LAYAK,Air Mentah,54382.30,2.7384,13390.10,0.6743,0.6265,2173,1.7511,0.00,28.81
Akuarium,6.9,159.0,NETRAL,TIDAK LAYAK,Air Mentah,54733.00,2.7561,14371.10,0.7237,0.6724,2171,1.7495,0.00,28.81
Akuarium,6.9,159.0,NETRAL,TIDAK LAYAK,Air Mentah,54488.20,2.7437,14910.20,0.7508,0.6976,2170,1.7487,0.00,28.81
Akuarium,6.9,159.0,NETRAL,TIDAK LAYAK,Air Mentah,54459.40,2.7423,12983.70,0.6538,0.6075,2174,1.7519,0.00,28.81
Akuarium,6.9,159.0,NETRAL,TIDAK LAYAK,Air Mentah,54700.90,2.7545,13940.80,0.7020,0.6523,2171,1.7495,0.00,28.81
Akuarium,6.9,159.0,NETRAL,TIDAK LAYAK,Air Mentah,54558.50,2.7473,15422.20,0.7766,0.7216,2174,1.7519,0.00,28.81
Akuarium,6.9,159.0,NETRAL,TIDAK LAYAK,Air Mentah,54542.50,2.7465,14095.80,0.7098,0.6595,2173,1.7511,0.00,28.81
Akuarium,6.9,159.0,NETRAL,TIDAK LAYAK,Air Mentah,54531.30,2.7459,12898.80,0.6495,0.6035,2174,1.7519,0.00,28.81
Akuarium,6.9,159.0,NETRAL,TIDAK LAYAK,Air Mentah,54659.40,2.7524,13985.20,0.7042,0.6543,2175,1.7527,0.00,28.81
Akuarium,6.9,159.0,NETRAL,TIDAK LAYAK,Air Mentah,54268.70,2.7327,14443.20,0.7273,0.6758,2174,1.7519,0.00,28.81
Akuarium,6.9,159.0,NETRAL,TIDAK LAYAK,Air Mentah,54355.20,2.7370,13239.60,0.6667,0.6194,2174,1.7519,0.00,28.81
Akuarium,6.9,159.0,NETRAL,TIDAK LAYAK,Air Mentah,54132.60,2.7258,12535.40,0.6312,0.5865,2177,1.7544,0.00,28.81
Akuarium,6.9,159.0,NETRAL,TIDAK LAYAK,Air Mentah,54398.50,2.7392,13852.50,0.6975,0.6481,2173,1.7511,0.00,28.81
Akuarium,6.9,159.0,NETRAL,TIDAK LAYAK,Air Mentah,54257.50,2.7321,13875.20,0.6987,0.6492,2174,1.7519,0.00,28.81
Akuarium,6.9,159.0,NETRAL,TIDAK LAYAK,Air Mentah,54339.40,2.7362,12570.80,0.6330,0.5882,2168,1.7471,0.00,28.81
Akuarium,6.9,159.0,NETRAL,TIDAK LAYAK,Air Mentah,54661.00,2.7524,13798.10,0.6948,0.6456,2176,1.7536,0.00,28.81
Akuarium,6.9,159.0,NETRAL,TIDAK LAYAK,Air Mentah,54366.40,2.7376,13890.90,0.6995,0.6499,2173,1.7511,0.00,28.81
Akuarium,6.9,159.0,NETRAL,TIDAK LAYAK,Air Mentah,54459.30,2.7423,12582.00,0.6336,0.5887,2175,1.7527,0.00,28.81
Akuarium,6.9,159.0,NETRAL,TIDAK LAYAK,Air Mentah,54480.10,2.7433,12479.60,0.6284,0.5839,2174,1.7519,0.00,28.81
Akuarium,6.9,159.0,NETRAL,TIDAK LAYAK,Air Mentah,54603.20,2.7495,14757.10,0.7431,0.6904,2173,1.7511,0.00,28.81
Akuarium,6.9,159.0,NETRAL,TIDAK LAYAK,Air Mentah,54478.40,2.7432,14582.40,0.7343,0.6823,2172,1.7503,0.00,28.81
Akuarium,6.9,159.0,NETRAL,TIDAK LAYAK,Air Mentah,54580.90,2.7484,13345.40,0.6720,0.6244,2173,1.7511,0.00,28.81
Akuarium,6.9,159.0,NETRAL,TIDAK LAYAK,Air Mentah,54439.90,2.7413,15171.20,0.7639,0.7098,2176,1.7536,0.00,28.81
Akuarium,6.9,159.0,NETRAL,TIDAK LAYAK,Air Mentah,54284.80,2.7335,14606.50,0.7355,0.6834,2174,1.7519,0.00,28.81
Akuarium,6.9,159.0,NETRAL,TIDAK LAYAK,Air Mentah,54733.00,2.7561,13204.60,0.6649,0.6185,2176,1.7536,0.00,28.75
Akuarium,6.9,159.0,NETRAL,TIDAK LAYAK,Air Mentah,54579.40,2.7483,14351.90,0.7227,0.6715,2173,1.7511,0.00,28.81
Akuarium,6.9,159.0,NETRAL,TIDAK LAYAK,Air Mentah,54510.50,2.7449,14158.00,0.7129,0.6624,2174,1.7519,0.00,28.81
Akuarium,6.9,159.0,NETRAL,TIDAK LAYAK,Air Mentah,54609.80,2.7499,12529.10,0.6309,0.5862,2174,1.7519,0.00,28.81
Akuarium,6.9,159.0,NETRAL,TIDAK LAYAK,Air Mentah,54553.70,2.7470,13543.80,0.6820,0.6337,2174,1.7519,0.00,28.81
Akuarium,6.9,159.0,NETRAL,TIDAK LAYAK,Air Mentah,54665.80,2.7527,15445.10,0.7777,0.7235,2174,1.7519,0.00,28.75
Akuarium,6.9,159.0,NETRAL,TIDAK LAYAK,Air Mentah,54404.80,2.7395,14185.60,0.7143,0.6637,2176,1.7536,0.00,28.81
Akuarium,6.9,159.0,NETRAL,TIDAK LAYAK,Air Mentah,54640.20,2.7514,12676.20,0.6383,0.5938,2174,1.7519,0.00,28.75
Akuarium,6.9,159.0,NETRAL,TIDAK LAYAK,Air Mentah,54653.00,2.7520,15219.30,0.7664,0.7121,2174,1.7519,0.00,28.81
Akuarium,6.9,159.0,NETRAL,TIDAK LAYAK,Air Mentah,54569.80,2.7478,14411.00,0.7257,0.6743,2174,1.7519,0.00,28.81
Akuarium,6.9,159.0,NETRAL,TIDAK LAYAK,Air Mentah,54459.20,2.7423,12990.00,0.6541,0.6078,2176,1.7536,0.00,28.81
Akuarium,6.9,159.0,NETRAL,TIDAK LAYAK,Air Mentah,54529.60,2.7458,14251.10,0.7176,0.6668,2174,1.7519,0.00,28.81
Akuarium,6.9,159.0,NETRAL,TIDAK LAYAK,Air Mentah,54326.40,2.7356,14058.80,0.7079,0.6578,2187,1.7624,0.00,28.81
Akuarium,6.9,159.0,NETRAL,TIDAK LAYAK,Air Mentah,54244.70,2.7315,12482.60,0.6286,0.5840,2174,1.7519,0.00,28.81
Akuarium,6.9,159.0,NETRAL,TIDAK LAYAK,Air Mentah,54556.80,2.7472,13409.30,0.6752,0.6274,2174,1.7519,0.00,28.81
Akuarium,6.9,159.0,NETRAL,TIDAK LAYAK,Air Mentah,54409.70,2.7398,15333.10,0.7721,0.7174,2174,1.7519,0.00,28.81
Akuarium,6.9,159.0,NETRAL,TIDAK LAYAK,Air Mentah,54523.30,2.7455,14495.90,0.7299,0.6782,2174,1.7519,0.00,28.81
Akuarium,6.9,159.0,NETRAL,TIDAK LAYAK,Air Mentah,54390.60,2.7388,12306.60,0.6197,0.5758,2173,1.7511,0.00,28.81
Akuarium,6.9,159.0,NETRAL,TIDAK LAYAK,Air Mentah,54292.70,2.7339,14817.70,0.7461,0.6933,2176,1.7536,0.00,28.81
Akuarium,6.9,159.0,NETRAL,TIDAK LAYAK,Air Mentah,54198.10,2.7291,14515.30,0.7309,0.6791,2176,1.7536,0.00,28.81
Akuarium,6.9,159.0,NETRAL,TIDAK LAYAK,Air Mentah,54516.90,2.7452,13306.90,0.6701,0.6226,2176,1.7536,0.00,28.81
Akuarium,6.9,159.0,NETRAL,TIDAK LAYAK,Air Mentah,54347.00,2.7366,14254.40,0.7178,0.6669,2174,1.7519,0.00,28.81
Akuarium,6.9,159.0,NETRAL,TIDAK LAYAK,Air Mentah,54265.60,2.7325,14332.70,0.7217,0.6706,2174,1.7519,0.00,28.81
Akuarium,6.9,159.0,NETRAL,TIDAK LAYAK,Air Mentah,54174.10,2.7279,12514.60,0.6302,0.5855,2173,1.7511,0.00,28.81
Akuarium,6.9,159.0,NETRAL,TIDAK LAYAK,Air Mentah,54255.80,2.7320,12345.00,0.6216,0.5776,2172,1.7503,0.00,28.81
Akuarium,6.9,159.0,NETRAL,TIDAK LAYAK,Air Mentah,54310.40,2.7348,13897.40,0.6998,0.6502,2176,1.7536,0.00,28.81
Akuarium,6.9,159.0,NETRAL,TIDAK LAYAK,Air Mentah,54414.50,2.7400,14356.70,0.7229,0.6717,2174,1.7519,0.00,28.81
Akuarium,6.9,159.0,NETRAL,TIDAK LAYAK,Air Mentah,54239.80,2.7312,13012.60,0.6552,0.6088,2176,1.7536,0.00,28.81
Akuarium,6.9,159.0,NETRAL,TIDAK LAYAK,Air Mentah,54151.90,2.7268,13937.30,0.7018,0.6528,2174,1.7519,0.00,28.75
Akuarium,6.9,159.0,NETRAL,TIDAK LAYAK,Air Mentah,54119.90,2.7252,13868.40,0.6983,0.6489,2175,1.7527,0.00,28.81
Akuarium,6.9,159.0,NETRAL,TIDAK LAYAK,Air Mentah,54326.40,2.7356,12505.10,0.6297,0.5851,2173,1.7511,0.00,28.81
Akuarium,6.9,159.0,NETRAL,TIDAK LAYAK,Air Mentah,54286.30,2.7336,13652.50,0.6875,0.6388,2174,1.7519,0.00,28.81
Akuarium,6.9,159.0,NETRAL,TIDAK LAYAK,Air Mentah,54372.90,2.7379,15233.70,0.7671,0.7127,2174,1.7519,0.00,28.81
Akuarium,6.9,159.0,NETRAL,TIDAK LAYAK,Air Mentah,54369.60,2.7378,14300.80,0.7201,0.6691,2174,1.7519,0.00,28.81
Akuarium,6.9,159.0,NETRAL,TIDAK LAYAK,Air Mentah,54370.90,2.7378,12887.50,0.6489,0.6030,2176,1.7536,0.00,28.81
Akuarium,6.9,159.0,NETRAL,TIDAK LAYAK,Air Mentah,54273.60,2.7329,15544.10,0.7827,0.7273,2174,1.7519,0.00,28.81
Akuarium,6.9,159.0,NETRAL,TIDAK LAYAK,Air Mentah,54366.10,2.7376,14401.60,0.7252,0.6738,2174,1.7519,0.00,28.81
Akuarium,6.9,159.0,NETRAL,TIDAK LAYAK,Air Mentah,54031.70,2.7208,13057.40,0.6575,0.6109,2176,1.7536,0.00,28.81
Akuarium,6.9,159.0,NETRAL,TIDAK LAYAK,Air Mentah,54246.10,2.7316,14468.80,0.7286,0.6770,2175,1.7527,0.00,28.81
Akuarium,6.9,159.0,NETRAL,TIDAK LAYAK,Air Mentah,54286.30,2.7336,14871.90,0.7489,0.6958,2174,1.7519,0.00,28.81
Akuarium,6.9,159.0,NETRAL,TIDAK LAYAK,Air Mentah,54337.70,2.7362,13110.00,0.6602,0.6134,2174,1.7519,0.00,28.81
Akuarium,6.9,159.0,NETRAL,TIDAK LAYAK,Air Mentah,54363.30,2.7375,13418.80,0.6757,0.6278,2175,1.7527,0.00,28.81
Akuarium,6.9,159.0,NETRAL,TIDAK LAYAK,Air Mentah,54169.60,2.7277,15312.10,0.7710,0.7164,2175,1.7527,0.00,28.81
Akuarium,6.9,159.0,NETRAL,TIDAK LAYAK,Air Mentah,54311.80,2.7349,14667.20,0.7386,0.6862,2173,1.7511,0.00,28.81
Akuarium,6.9,159.0,NETRAL,TIDAK LAYAK,Air Mentah,54504.10,2.7445,12900.50,0.6496,0.6036,2174,1.7519,0.00,28.81
Akuarium,6.9,159.0,NETRAL,TIDAK LAYAK,Air Mentah,54251.00,2.7318,15267.40,0.7688,0.7143,2174,1.7519,0.00,28.81
Akuarium,6.9,159.0,NETRAL,TIDAK LAYAK,Air Mentah,54273.40,2.7329,14583.90,0.7344,0.6823,2175,1.7527,0.00,28.81
Akuarium,6.9,159.0,NETRAL,TIDAK LAYAK,Air Mentah,54199.70,2.7292,12993.20,0.6543,0.6079,2174,1.7519,0.00,28.81
Akuarium,6.9,159.0,NETRAL,TIDAK LAYAK,Air Mentah,54047.90,2.7216,13268.50,0.6681,0.6208,2174,1.7519,0.00,28.81
Akuarium,6.9,159.0,NETRAL,TIDAK LAYAK,Air Mentah,54315.20,2.7350,15571.40,0.7841,0.7285,2174,1.7519,0.00,28.81
Akuarium,6.9,159.0,NETRAL,TIDAK LAYAK,Air Mentah,54182.20,2.7283,14731.30,0.7418,0.6892,2174,1.7519,0.00,28.81
Akuarium,6.9,159.0,NETRAL,TIDAK LAYAK,Air Mentah,54379.30,2.7383,13366.20,0.6731,0.6254,2174,1.7519,0.00,28.81
Akuarium,6.9,159.0,NETRAL,TIDAK LAYAK,Air Mentah,54278.20,2.7332,14323.20,0.7212,0.6701,2176,1.7536,0.00,28.81
Akuarium,6.9,159.0,NETRAL,TIDAK LAYAK,Air Mentah,54371.20,2.7378,14038.00,0.7069,0.6568,2174,1.7519,0.00,28.81
Akuarium,6.9,159.0,NETRAL,TIDAK LAYAK,Air Mentah,54062.40,2.7223,12746.70,0.6419,0.5964,2168,1.7471,0.00,28.81
Akuarium,6.9,159.0,NETRAL,TIDAK LAYAK,Air Mentah,54262.20,2.7324,12596.40,0.6343,0.5894,2176,1.7536,0.00,28.81
Akuarium,6.9,159.0,NETRAL,TIDAK LAYAK,Air Mentah,54449.50,2.7418,14870.20,0.7488,0.6957,2174,1.7519,0.00,28.81
Akuarium,6.9,159.0,NETRAL,TIDAK LAYAK,Air Mentah,54236.60,2.7311,14524.80,0.7314,0.6796,2174,1.7519,0.00,28.81
Akuarium,6.9,159.0,NETRAL,TIDAK LAYAK,Air Mentah,54432.00,2.7409,13313.40,0.6704,0.6229,2175,1.7527,0.00,28.81
Akuarium,6.9,159.0,NETRAL,TIDAK LAYAK,Air Mentah,54258.90,2.7322,14387.00,0.7245,0.6731,2176,1.7536,0.00,28.81
Akuarium,6.9,159.0,NETRAL,TIDAK LAYAK,Air Mentah,54488.00,2.7437,15337.80,0.7723,0.7176,2173,1.7511,0.00,28.81
Akuarium,6.9,159.0,NETRAL,TIDAK LAYAK,Air Mentah,54231.70,2.7308,13617.30,0.6857,0.6371,2174,1.7519,0.00,28.81
Akuarium,6.9,159.0,NETRAL,TIDAK LAYAK,Air Mentah,54183.80,2.7284,12484.10,0.6286,0.5841,2176,1.7536,0.00,28.81
Akuarium,6.9,159.0,NETRAL,TIDAK LAYAK,Air Mentah,54183.70,2.7284,15651.40,0.7881,0.7323,2176,1.7536,0.00,28.81
Akuarium,6.9,159.0,NETRAL,TIDAK LAYAK,Air Mentah,54363.00,2.7374,14446.30,0.7274,0.6759,2174,1.7519,0.00,28.81
Akuarium,6.9,159.0,NETRAL,TIDAK LAYAK,Air Mentah,54273.60,2.7329,13174.20,0.6634,0.6164,2174,1.7519,0.00,28.81
Akuarium,6.9,159.0,NETRAL,TIDAK LAYAK,Air Mentah,54094.30,2.7239,14358.30,0.7230,0.6710,2173,1.7511,0.00,28.88
Akuarium,6.9,159.0,NETRAL,TIDAK LAYAK,Air Mentah,54297.60,2.7341,14391.90,0.7247,0.6734,2174,1.7519,0.00,28.81
Akuarium,6.9,159.0,NETRAL,TIDAK LAYAK,Air Mentah,54415.90,2.7401,12530.80,0.6310,0.5863,2173,1.7511,0.00,28.81
Akuarium,6.9,159.0,NETRAL,TIDAK LAYAK,Air Mentah,54150.30,2.7267,13273.50,0.6684,0.6210,2173,1.7511,0.00,28.81
Akuarium,6.9,159.0,NETRAL,TIDAK LAYAK,Air Mentah,54358.50,2.7372,15456.30,0.7783,0.7232,2174,1.7519,0.00,28.81
Akuarium,6.9,159.0,NETRAL,TIDAK LAYAK,Air Mentah,54195.00,2.7290,14419.30,0.7261,0.6746,2174,1.7519,0.00,28.81
Akuarium,6.9,159.0,NETRAL,TIDAK LAYAK,Air Mentah,54319.90,2.7353,14459.30,0.7281,0.6765,2173,1.7511,0.00,28.81
Akuarium,6.9,159.0,NETRAL,TIDAK LAYAK,Air Mentah,54268.80,2.7327,14729.50,0.7417,0.6892,2174,1.7519,0.00,28.81
Akuarium,6.9,159.0,NETRAL,TIDAK LAYAK,Air Mentah,54438.30,2.7412,12694.00,0.6392,0.5939,2174,1.7519,0.00,28.81
Akuarium,6.9,159.0,NETRAL,TIDAK LAYAK,Air Mentah,54099.00,2.7241,12910.10,0.6501,0.6040,2174,1.7519,0.00,28.81
Akuarium,6.9,159.0,NETRAL,TIDAK LAYAK,Air Mentah,54423.80,2.7405,14283.20,0.7192,0.6683,2174,1.7519,0.00,28.81
Akuarium,6.9,159.0,NETRAL,TIDAK LAYAK,Air Mentah,54177.30,2.7281,14630.40,0.7367,0.6845,2173,1.7511,0.00,28.81
Akuarium,6.9,159.0,NETRAL,TIDAK LAYAK,Air Mentah,54140.50,2.7262,13265.40,0.6680,0.6214,2174,1.7519,0.00,28.75
Akuarium,6.9,159.0,NETRAL,TIDAK LAYAK,Air Mentah,54324.70,2.7355,14153.60,0.7127,0.6622,2174,1.7519,0.00,28.81
Akuarium,6.9,159.0,NETRAL,TIDAK LAYAK,Air Mentah,54041.40,2.7212,15537.90,0.7824,0.7270,2162,1.7423,0.00,28.81
Akuarium,6.9,159.0,NETRAL,TIDAK LAYAK,Air Mentah,54134.20,2.7259,13067.00,0.6580,0.6114,2174,1.7519,0.00,28.81
Akuarium,6.9,159.0,NETRAL,TIDAK LAYAK,Air Mentah,54174.10,2.7279,13691.10,0.6894,0.6406,2175,1.7527,0.00,28.81
Akuarium,6.9,159.0,NETRAL,TIDAK LAYAK,Air Mentah,54078.10,2.7231,15518.60,0.7814,0.7261,2176,1.7536,0.00,28.81
Akuarium,6.9,159.0,NETRAL,TIDAK LAYAK,Air Mentah,54079.90,2.7232,14729.70,0.7417,0.6892,2174,1.7519,0.00,28.81
Akuarium,6.9,159.0,NETRAL,TIDAK LAYAK,Air Mentah,54238.10,2.7311,13460.70,0.6778,0.6298,2175,1.7527,0.00,28.81
Akuarium,6.9,159.0,NETRAL,TIDAK LAYAK,Air Mentah,54310.30,2.7348,14427.20,0.7265,0.6750,2174,1.7519,0.00,28.81
Akuarium,6.9,159.0,NETRAL,TIDAK LAYAK,Air Mentah,54017.30,2.7200,14217.30,0.7159,0.6652,2175,1.7527,0.00,28.81
Akuarium,6.9,159.0,NETRAL,TIDAK LAYAK,Air Mentah,54150.10,2.7267,12591.60,0.6340,0.5898,2174,1.7519,0.00,28.75
Akuarium,6.9,159.0,NETRAL,TIDAK LAYAK,Air Mentah,54268.50,2.7327,13711.70,0.6904,0.6415,2175,1.7527,0.00,28.81
Akuarium,6.9,159.0,NETRAL,TIDAK LAYAK,Air Mentah,54177.30,2.7281,14502.20,0.7303,0.6785,2174,1.7519,0.00,28.81
Akuarium,6.9,159.0,NETRAL,TIDAK LAYAK,Air Mentah,54343.90,2.7365,13333.90,0.6714,0.6239,2173,1.7511,0.00,28.81
Akuarium,6.9,159.0,NETRAL,TIDAK LAYAK,Air Mentah,54344.00,2.7365,15212.70,0.7660,0.7118,2176,1.7536,0.00,28.81
Akuarium,6.9,159.0,NETRAL,TIDAK LAYAK,Air Mentah,54196.50,2.7291,26267.00,1.3227,1.2304,2175,1.7527,0.00,28.75
Akuarium,6.9,159.0,NETRAL,TIDAK LAYAK,Air Mentah,54178.90,2.7282,19188.20,0.9662,0.8978,2174,1.7519,0.00,28.81
Akuarium,6.9,159.0,NETRAL,TIDAK LAYAK,Air Mentah,54046.20,2.7215,15788.80,0.7950,0.7387,2175,1.7527,0.00,28.81
Akuarium,6.9,159.0,NETRAL,TIDAK LAYAK,Air Mentah,54191.70,2.7288,16755.80,0.8437,0.7840,2174,1.7519,0.00,28.81
Akuarium,6.9,159.0,NETRAL,TIDAK LAYAK,Air Mentah,54166.20,2.7275,14515.20,0.7309,0.6791,2173,1.7511,0.00,28.81
Akuarium,6.9,159.0,NETRAL,TIDAK LAYAK,Air Mentah,54099.00,2.7241,12879.60,0.6485,0.6026,2176,1.7536,0.00,28.81
Akuarium,6.9,159.0,NETRAL,TIDAK LAYAK,Air Mentah,54174.10,2.7279,14784.10,0.7444,0.6917,2172,1.7503,0.00,28.81
Akuarium,6.9,159.0,NETRAL,TIDAK LAYAK,Air Mentah,54074.90,2.7229,14483.20,0.7293,0.6776,2175,1.7527,0.00,28.81
Akuarium,6.9,159.0,NETRAL,TIDAK LAYAK,Air Mentah,54254.30,2.7320,13665.40,0.6881,0.6394,2174,1.7519,0.00,28.81
Akuarium,6.9,159.0,NETRAL,TIDAK LAYAK,Air Mentah,54291.00,2.7338,14335.90,0.7219,0.6707,2174,1.7519,0.00,28.81
Akuarium,6.9,159.0,NETRAL,TIDAK LAYAK,Air Mentah,54033.30,2.7208,16035.50,0.8075,0.7503,2176,1.7536,0.00,28.81
Akuarium,6.9,159.0,NETRAL,TIDAK LAYAK,Air Mentah,54254.20,2.7320,14624.00,0.7364,0.6842,2175,1.7527,0.00,28.81
Akuarium,6.9,159.0,NETRAL,TIDAK LAYAK,Air Mentah,54169.40,2.7277,13748.60,0.6923,0.6433,2173,1.7511,0.00,28.81
Akuarium,6.9,159.0,NETRAL,TIDAK LAYAK,Air Mentah,53897.40,2.7140,14673.50,0.7389,0.6865,2173,1.7511,0.00,28.81
Akuarium,6.9,159.0,NETRAL,TIDAK LAYAK,Air Mentah,54063.70,2.7224,14440.00,0.7271,0.6756,2174,1.7519,0.00,28.81
Akuarium,6.9,159.0,NETRAL,TIDAK LAYAK,Air Mentah,54289.50,2.7337,13411.00,0.6753,0.6275,2173,1.7511,0.00,28.81
Akuarium,6.9,159.0,NETRAL,TIDAK LAYAK,Air Mentah,54230.10,2.7307,15326.60,0.7718,0.7171,2176,1.7536,0.00,28.81
Akuarium,6.9,159.0,NETRAL,TIDAK LAYAK,Air Mentah,53887.70,2.7135,15144.10,0.7626,0.7086,2176,1.7536,0.00,28.81
Akuarium,6.9,159.0,NETRAL,TIDAK LAYAK,Air Mentah,54022.10,2.7203,13793.40,0.6946,0.6454,2173,1.7511,0.00,28.81
Akuarium,6.9,159.0,NETRAL,TIDAK LAYAK,Air Mentah,54026.90,2.7205,14767.90,0.7436,0.6909,2172,1.7503,0.00,28.81
Akuarium,6.9,159.0,NETRAL,TIDAK LAYAK,Air Mentah,54171.10,2.7278,15113.60,0.7610,0.7071,2173,1.7511,0.00,28.81
Akuarium,6.9,159.0,NETRAL,TIDAK LAYAK,Air Mentah,54507.20,2.7447,13516.60,0.6806,0.6324,2173,1.7511,0.00,28.81
Akuarium,6.9,159.0,NETRAL,TIDAK LAYAK,Air Mentah,54105.30,2.7245,13676.70,0.6887,0.6399,2174,1.7519,0.00,28.81
Akuarium,6.9,159.0,NETRAL,TIDAK LAYAK,Air Mentah,54408.00,2.7397,15269.10,0.7689,0.7144,2174,1.7519,0.00,28.81
Akuarium,6.9,159.0,NETRAL,TIDAK LAYAK,Air Mentah,54166.20,2.7275,14830.60,0.7468,0.6939,2174,1.7519,0.00,28.81
Akuarium,6.9,159.0,NETRAL,TIDAK LAYAK,Air Mentah,53903.70,2.7143,13414.20,0.6755,0.6283,2176,1.7536,0.00,28.75
Akuarium,6.9,159.0,NETRAL,TIDAK LAYAK,Air Mentah,53756.60,2.7069,14769.60,0.7437,0.6910,2173,1.7511,0.00,28.81
Akuarium,6.9,159.0,NETRAL,TIDAK LAYAK,Air Mentah,53943.70,2.7163,15496.20,0.7803,0.7259,2174,1.7519,0.00,28.75
Akuarium,6.9,159.0,NETRAL,TIDAK LAYAK,Air Mentah,54010.90,2.7197,14286.20,0.7194,0.6684,2176,1.7536,0.00,28.81
Akuarium,6.9,159.0,NETRAL,TIDAK LAYAK,Air Mentah,54051.00,2.7217,15254.50,0.7681,0.7137,2174,1.7519,0.00,28.81
Akuarium,6.9,159.0,NETRAL,TIDAK LAYAK,Air Mentah,54126.10,2.7255,16115.50,0.8115,0.7540,2174,1.7519,0.00,28.81
Akuarium,6.9,159.0,NETRAL,TIDAK LAYAK,Air Mentah,54355.40,2.7371,14921.60,0.7514,0.6981,2174,1.7519,0.00,28.81
Akuarium,6.9,159.0,NETRAL,TIDAK LAYAK,Air Mentah,54177.40,2.7281,14079.80,0.7090,0.6588,2174,1.7519,0.00,28.81
Akuarium,6.9,159.0,NETRAL,TIDAK LAYAK,Air Mentah,53990.10,2.7187,14665.50,0.7385,0.6862,2175,1.7527,0.00,28.81
Akuarium,6.9,159.0,NETRAL,TIDAK LAYAK,Air Mentah,53811.00,2.7096,15240.10,0.7674,0.7130,2174,1.7519,0.00,28.81
Akuarium,6.9,159.0,NETRAL,TIDAK LAYAK,Air Mentah,54183.90,2.7284,14030.30,0.7065,0.6564,2174,1.7519,0.00,28.81
Akuarium,6.9,159.0,NETRAL,TIDAK LAYAK,Air Mentah,54065.30,2.7224,14908.70,0.7507,0.6975,2173,1.7511,0.00,28.81
Akuarium,6.9,159.0,NETRAL,TIDAK LAYAK,Air Mentah,53988.50,2.7186,14747.20,0.7426,0.6900,2173,1.7511,0.00,28.81
Akuarium,6.9,159.0,NETRAL,TIDAK LAYAK,Air Mentah,54209.50,2.7297,13356.40,0.6726,0.6249,2173,1.7511,0.00,28.81
Akuarium,6.9,159.0,NETRAL,TIDAK LAYAK,Air Mentah,54228.60,2.7307,13324.40,0.6709,0.6234,2173,1.7511,0.00,28.81
Akuarium,6.9,159.0,NETRAL,TIDAK LAYAK,Air Mentah,54028.50,2.7206,15228.90,0.7668,0.7125,2175,1.7527,0.00,28.81
Akuarium,6.9,159.0,NETRAL,TIDAK LAYAK,Air Mentah,54009.40,2.7196,15381.10,0.7745,0.7196,2174,1.7519,0.00,28.81
Akuarium,6.9,159.0,NETRAL,TIDAK LAYAK,Air Mentah,54018.90,2.7201,13896.00,0.6997,0.6502,2174,1.7519,0.00,28.81
Akuarium,6.9,159.0,NETRAL,TIDAK LAYAK,Air Mentah,54067.00,2.7225,14636.80,0.7370,0.6848,2148,1.7310,0.10,28.81
Akuarium,6.9,159.0,NETRAL,TIDAK LAYAK,Air Mentah,54153.50,2.7269,15243.30,0.7676,0.7132,2174,1.7519,0.00,28.81
Akuarium,6.9,159.0,NETRAL,TIDAK LAYAK,Air Mentah,54248.00,2.7316,14150.40,0.7125,0.6621,2174,1.7519,0.00,28.81
Akuarium,6.9,159.0,NETRAL,TIDAK LAYAK,Air Mentah,53905.30,2.7144,15248.10,0.7678,0.7134,2173,1.7511,0.00,28.81
Akuarium,6.9,159.0,NETRAL,TIDAK LAYAK,Air Mentah,54015.80,2.7200,15529.60,0.7820,0.7266,2174,1.7519,0.00,28.81
Akuarium,6.9,159.0,NETRAL,TIDAK LAYAK,Air Mentah,53963.00,2.7173,13223.60,0.6659,0.6194,2174,1.7519,0.00,28.75
Akuarium,6.9,159.0,NETRAL,TIDAK LAYAK,Air Mentah,54076.60,2.7230,13507.00,0.6801,0.6320,2175,1.7527,0.00,28.81
Akuarium,6.9,159.0,NETRAL,TIDAK LAYAK,Air Mentah,53938.90,2.7161,15531.50,0.7821,0.7267,2173,1.7511,0.00,28.81
Lumut,9.2,214.0,BASA,TIDAK LAYAK,Air Mentah,46297.20,2.3313,13332.60,0.6714,0.6260,2180,1.7568,0.00,28.63
Lumut,9.2,214.0,BASA,TIDAK LAYAK,Air Mentah,45906.50,2.3116,13287.80,0.6691,0.6239,2164,1.7439,0.00,28.63
Lumut,9.2,214.0,BASA,TIDAK LAYAK,Air Mentah,46202.60,2.3265,13180.60,0.6637,0.6181,2162,1.7423,0.00,28.69
Lumut,9.2,214.0,BASA,TIDAK LAYAK,Air Mentah,46044.20,2.3185,13103.80,0.6598,0.6145,2165,1.7447,0.00,28.69
Lumut,9.2,214.0,BASA,TIDAK LAYAK,Air Mentah,46044.40,2.3186,13185.40,0.6639,0.6183,2164,1.7439,0.00,28.69
Lumut,9.2,214.0,BASA,TIDAK LAYAK,Air Mentah,46127.60,2.3227,13121.40,0.6607,0.6153,2163,1.7431,0.00,28.69
Lumut,9.2,214.0,BASA,TIDAK LAYAK,Air Mentah,46156.20,2.3242,13097.40,0.6595,0.6142,2164,1.7439,0.00,28.69
Lumut,9.2,214.0,BASA,TIDAK LAYAK,Air Mentah,46318.00,2.3323,13172.60,0.6633,0.6177,2165,1.7447,0.00,28.69
Lumut,9.2,214.0,BASA,TIDAK LAYAK,Air Mentah,46385.30,2.3357,13180.60,0.6637,0.6188,2165,1.7447,0.00,28.63
Lumut,9.2,214.0,BASA,TIDAK LAYAK,Air Mentah,46409.20,2.3369,13075.00,0.6584,0.6132,2164,1.7439,0.00,28.69
Lumut,9.2,214.0,BASA,TIDAK LAYAK,Air Mentah,46407.70,2.3368,13143.80,0.6619,0.6164,2166,1.7455,0.00,28.69
Lumut,9.2,214.0,BASA,TIDAK LAYAK,Air Mentah,46084.40,2.3206,13225.40,0.6660,0.6202,2165,1.7447,0.00,28.69
Lumut,9.2,214.0,BASA,TIDAK LAYAK,Air Mentah,46659.00,2.3495,13006.20,0.6549,0.6099,2162,1.7423,0.00,28.69
Lumut,9.2,214.0,BASA,TIDAK LAYAK,Air Mentah,46305.00,2.3317,13015.80,0.6554,0.6104,2163,1.7431,0.00,28.69
Lumut,9.2,214.0,BASA,TIDAK LAYAK,Air Mentah,46401.40,2.3365,13078.20,0.6585,0.6133,2164,1.7439,0.00,28.69
Lumut,9.2,214.0,BASA,TIDAK LAYAK,Air Mentah,46167.60,2.3248,12948.60,0.6520,0.6072,2163,1.7431,0.00,28.69
Lumut,9.2,214.0,BASA,TIDAK LAYAK,Air Mentah,46332.30,2.3331,13012.60,0.6552,0.6102,2165,1.7447,0.00,28.69
Lumut,9.2,214.0,BASA,TIDAK LAYAK,Air Mentah,46319.80,2.3324,12956.60,0.6524,0.6076,2164,1.7439,0.00,28.69
Lumut,9.2,214.0,BASA,TIDAK LAYAK,Air Mentah,46490.90,2.3410,13097.40,0.6595,0.6142,2165,1.7447,0.00,28.69
Lumut,9.2,214.0,BASA,TIDAK LAYAK,Air Mentah,46185.30,2.3257,13015.80,0.6554,0.6104,2165,1.7447,0.00,28.69
Lumut,9.2,214.0,BASA,TIDAK LAYAK,Air Mentah,46177.30,2.3252,12979.00,0.6536,0.6087,2166,1.7455,0.00,28.69
Lumut,9.2,214.0,BASA,TIDAK LAYAK,Air Mentah,46417.40,2.3373,13326.20,0.6710,0.6249,2165,1.7447,0.00,28.69
Lumut,9.2,214.0,BASA,TIDAK LAYAK,Air Mentah,46433.40,2.3381,13271.80,0.6683,0.6224,2165,1.7447,0.00,28.69
Lumut,9.2,214.0,BASA,TIDAK LAYAK,Air Mentah,46559.70,2.3445,13374.20,0.6735,0.6272,2164,1.7439,0.00,28.69
Lumut,9.2,214.0,BASA,TIDAK LAYAK,Air Mentah,46551.80,2.3441,13507.00,0.6801,0.6334,2163,1.7431,0.00,28.69
Lumut,9.2,214.0,BASA,TIDAK LAYAK,Air Mentah,46449.40,2.3389,13371.00,0.6733,0.6278,2166,1.7455,0.00,28.63
Lumut,9.2,214.0,BASA,TIDAK LAYAK,Air Mentah,46721.40,2.3526,13334.20,0.6714,0.6253,2164,1.7439,0.00,28.69
Lumut,9.2,214.0,BASA,TIDAK LAYAK,Air Mentah,46518.20,2.3424,13398.20,0.6747,0.6283,2166,1.7455,0.00,28.69
Lumut,9.2,214.0,BASA,TIDAK LAYAK,Air Mentah,46484.60,2.3407,13177.40,0.6635,0.6180,2163,1.7431,0.00,28.69
Lumut,9.2,214.0,BASA,TIDAK LAYAK,Air Mentah,46607.80,2.3469,13580.60,0.6838,0.6369,2162,1.7423,0.00,28.69
Lumut,9.2,214.0,BASA,TIDAK LAYAK,Air Mentah,46444.50,2.3387,13927.80,0.7013,0.6532,2163,1.7431,0.00,28.69
Lumut,9.2,214.0,BASA,TIDAK LAYAK,Air Mentah,46423.80,2.3377,13547.00,0.6822,0.6353,2164,1.7439,0.00,28.69
Lumut,9.2,214.0,BASA,TIDAK LAYAK,Air Mentah,46715.00,2.3523,13542.20,0.6819,0.6351,2163,1.7431,0.00,28.69
Lumut,9.2,214.0,BASA,TIDAK LAYAK,Air Mentah,46361.20,2.3345,13428.60,0.6762,0.6298,2164,1.7439,0.00,28.69
Lumut,9.2,214.0,BASA,TIDAK LAYAK,Air Mentah,46710.20,2.3521,13223.80,0.6659,0.6201,2163,1.7431,0.00,28.69
Lumut,9.2,214.0,BASA,TIDAK LAYAK,Air Mentah,46686.20,2.3509,13299.00,0.6697,0.6237,2164,1.7439,0.00,28.69
Lumut,9.2,214.0,BASA,TIDAK LAYAK,Air Mentah,46292.60,2.3311,13337.40,0.6716,0.6255,2162,1.7423,0.00,28.69
Lumut,9.2,214.0,BASA,TIDAK LAYAK,Air Mentah,46211.00,2.3269,13371.00,0.6733,0.6270,2167,1.7463,0.00,28.69
Lumut,9.2,214.0,BASA,TIDAK LAYAK,Air Mentah,46318.20,2.3323,13411.00,0.6753,0.6289,2165,1.7447,0.00,28.69
Lumut,9.2,214.0,BASA,TIDAK LAYAK,Air Mentah,46500.60,2.3415,13451.00,0.6773,0.6308,2164,1.7439,0.00,28.69
Lumut,9.2,214.0,BASA,TIDAK LAYAK,Air Mentah,46335.80,2.3332,13319.80,0.6707,0.6246,2164,1.7439,0.00,28.69
Lumut,9.2,214.0,BASA,TIDAK LAYAK,Air Mentah,46585.40,2.3458,13395.00,0.6745,0.6282,2165,1.7447,0.00,28.69
Lumut,9.2,214.0,BASA,TIDAK LAYAK,Air Mentah,46596.60,2.3464,13388.60,0.6742,0.6279,2165,1.7447,0.00,28.69
Lumut,9.2,214.0,BASA,TIDAK LAYAK,Air Mentah,46385.40,2.3357,13391.80,0.6743,0.6280,2165,1.7447,0.00,28.69
Lumut,9.2,214.0,BASA,TIDAK LAYAK,Air Mentah,46524.60,2.3427,13345.40,0.6720,0.6258,2165,1.7447,0.00,28.69
Lumut,9.2,214.0,BASA,TIDAK LAYAK,Air Mentah,46723.00,2.3527,13324.60,0.6710,0.6249,2165,1.7447,0.00,28.69
Lumut,9.2,214.0,BASA,TIDAK LAYAK,Air Mentah,46561.40,2.3446,13150.20,0.6622,0.6167,2168,1.7471,0.00,28.69
Lumut,9.2,214.0,BASA,TIDAK LAYAK,Air Mentah,46366.20,2.3348,13187.00,0.6640,0.6184,2165,1.7447,0.00,28.69
Lumut,9.2,214.0,BASA,TIDAK LAYAK,Air Mentah,46579.00,2.3455,13020.60,0.6556,0.6106,2162,1.7423,0.00,28.69
Lumut,9.2,214.0,BASA,TIDAK LAYAK,Air Mentah,46527.80,2.3429,12953.40,0.6523,0.6075,2163,1.7431,0.00,28.69
Lumut,9.2,214.0,BASA,TIDAK LAYAK,Air Mentah,46468.60,2.3399,12905.40,0.6498,0.6052,2163,1.7431,0.00,28.69
Lumut,9.2,214.0,BASA,TIDAK LAYAK,Air Mentah,46649.40,2.3490,12857.40,0.6474,0.6030,2163,1.7431,0.00,28.69
Lumut,9.2,214.0,BASA,TIDAK LAYAK,Air Mentah,46614.20,2.3472,12788.60,0.6440,0.5997,2162,1.7423,0.00,28.69
Lumut,9.2,214.0,BASA,TIDAK LAYAK,Air Mentah,46796.60,2.3564,12729.40,0.6410,0.5970,2162,1.7423,0.00,28.69
Lumut,9.2,214.0,BASA,TIDAK LAYAK,Air Mentah,46391.80,2.3360,12769.40,0.6430,0.5988,2162,1.7423,0.00,28.69
Lumut,9.2,214.0,BASA,TIDAK LAYAK,Air Mentah,46443.00,2.3386,12702.20,0.6396,0.5957,2163,1.7431,0.00,28.69
Lumut,9.2,214.0,BASA,TIDAK LAYAK,Air Mentah,46507.00,2.3418,12667.00,0.6378,0.5940,2161,1.7415,0.00,28.69
Lumut,9.2,214.0,BASA,TIDAK LAYAK,Air Mentah,46777.40,2.3555,12603.00,0.6346,0.5910,2159,1.7399,0.00,28.69
Lumut,9.2,214.0,BASA,TIDAK LAYAK,Air Mentah,46582.20,2.3456,12715.00,0.6403,0.5963,2161,1.7415,0.00,28.69
Lumut,9.2,214.0,BASA,TIDAK LAYAK,Air Mentah,46379.00,2.3354,12782.20,0.6436,0.5994,2163,1.7431,0.00,28.69
Lumut,9.2,214.0,BASA,TIDAK LAYAK,Air Mentah,46678.20,2.3505,12761.40,0.6426,0.5985,2160,1.7407,0.00,28.69
Lumut,9.2,214.0,BASA,TIDAK LAYAK,Air Mentah,46265.30,2.3297,12908.60,0.6500,0.6054,2162,1.7423,0.00,28.69
Lumut,9.2,214.0,BASA,TIDAK LAYAK,Air Mentah,46646.20,2.3489,12814.20,0.6453,0.6009,2162,1.7423,0.00,28.69
Lumut,9.2,214.0,BASA,TIDAK LAYAK,Air Mentah,46676.60,2.3504,12779.00,0.6435,0.5993,2162,1.7423,0.00,28.69
Lumut,9.2,214.0,BASA,TIDAK LAYAK,Air Mentah,46665.40,2.3498,12798.20,0.6445,0.6002,2160,1.7407,0.00,28.69
Lumut,9.2,214.0,BASA,TIDAK LAYAK,Air Mentah,46430.10,2.3380,12694.20,0.6392,0.5953,2162,1.7423,0.00,28.69
Lumut,9.2,214.0,BASA,TIDAK LAYAK,Air Mentah,46799.80,2.3566,12649.40,0.6370,0.5932,2161,1.7415,0.00,28.69
Lumut,9.2,214.0,BASA,TIDAK LAYAK,Air Mentah,46353.40,2.3341,12705.40,0.6398,0.5958,2162,1.7423,0.00,28.69
Lumut,9.2,214.0,BASA,TIDAK LAYAK,Air Mentah,46393.30,2.3361,12620.60,0.6355,0.5919,2164,1.7439,0.00,28.69
Lumut,9.2,214.0,BASA,TIDAK LAYAK,Air Mentah,46833.40,2.3583,12527.80,0.6308,0.5875,2163,1.7431,0.00,28.69
Lumut,9.2,214.0,BASA,TIDAK LAYAK,Air Mentah,46244.50,2.3286,12548.60,0.6319,0.5885,2162,1.7423,0.00,28.69
Lumut,9.2,214.0,BASA,TIDAK LAYAK,Air Mentah,46767.80,2.3550,12582.20,0.6336,0.5901,2163,1.7431,0.00,28.69
Lumut,9.2,214.0,BASA,TIDAK LAYAK,Air Mentah,46252.60,2.3290,12578.90,0.6334,0.5899,2162,1.7423,0.00,28.69
Lumut,9.2,214.0,BASA,TIDAK LAYAK,Air Mentah,46218.90,2.3273,12579.00,0.6334,0.5899,2162,1.7423,0.00,28.69
Lumut,9.2,214.0,BASA,TIDAK LAYAK,Air Mentah,46465.40,2.3398,12487.80,0.6288,0.5856,2163,1.7431,0.00,28.69
Lumut,9.2,214.0,BASA,TIDAK LAYAK,Air Mentah,46481.40,2.3406,12609.40,0.6349,0.5913,2163,1.7431,0.00,28.69
Lumut,9.2,214.0,BASA,TIDAK LAYAK,Air Mentah,46423.70,2.3377,12617.40,0.6353,0.5917,2173,1.7511,0.00,28.69
Lumut,9.2,214.0,BASA,TIDAK LAYAK,Air Mentah,46369.20,2.3349,12668.60,0.6379,0.5941,2162,1.7423,0.00,28.69
Lumut,9.2,214.0,BASA,TIDAK LAYAK,Air Mentah,46337.40,2.3333,12598.20,0.6344,0.5908,2162,1.7423,0.00,28.69
Lumut,9.2,214.0,BASA,TIDAK LAYAK,Air Mentah,46369.10,2.3349,12679.80,0.6385,0.5946,2161,1.7415,0.00,28.69
Lumut,9.2,214.0,BASA,TIDAK LAYAK,Air Mentah,46700.50,2.3516,12732.60,0.6411,0.5971,2161,1.7415,0.00,28.69
Lumut,9.2,214.0,BASA,TIDAK LAYAK,Air Mentah,46838.20,2.3585,12815.80,0.6453,0.6010,2170,1.7487,0.00,28.69
Lumut,9.2,214.0,BASA,TIDAK LAYAK,Air Mentah,46395.00,2.3362,12935.80,0.6514,0.6066,2163,1.7431,0.00,28.69
Lumut,9.2,214.0,BASA,TIDAK LAYAK,Air Mentah,46724.60,2.3528,12828.60,0.6460,0.6016,2161,1.7415,0.00,28.69
Lumut,9.2,214.0,BASA,TIDAK LAYAK,Air Mentah,46500.60,2.3415,12999.80,0.6546,0.6096,2161,1.7415,0.00,28.69
Lumut,9.2,214.0,BASA,TIDAK LAYAK,Air Mentah,46305.40,2.3317,12972.60,0.6532,0.6084,2162,1.7423,0.00,28.69
Lumut,9.2,214.0,BASA,TIDAK LAYAK,Air Mentah,46460.50,2.3395,12854.20,0.6473,0.6028,2164,1.7439,0.00,28.69
Lumut,9.2,214.0,BASA,TIDAK LAYAK,Air Mentah,46548.60,2.3439,12817.40,0.6454,0.6011,2167,1.7463,0.00,28.69
Lumut,9.2,214.0,BASA,TIDAK LAYAK,Air Mentah,46343.70,2.3336,12723.00,0.6407,0.5967,2162,1.7423,0.00,28.69
Lumut,9.2,214.0,BASA,TIDAK LAYAK,Air Mentah,46548.60,2.3439,12665.40,0.6378,0.5940,2162,1.7423,0.00,28.69
Lumut,9.2,214.0,BASA,TIDAK LAYAK,Air Mentah,46750.20,2.3541,12615.80,0.6353,0.5916,2165,1.7447,0.00,28.69
Lumut,9.2,214.0,BASA,TIDAK LAYAK,Air Mentah,46690.80,2.3511,12590.20,0.6340,0.5904,2148,1.7310,0.10,28.69
Lumut,9.2,214.0,BASA,TIDAK LAYAK,Air Mentah,46134.00,2.3231,12551.80,0.6320,0.5886,2163,1.7431,0.00,28.69
Lumut,9.2,214.0,BASA,TIDAK LAYAK,Air Mentah,46777.40,2.3555,12510.20,0.6299,0.5867,2185,1.7608,0.00,28.69
Lumut,9.2,214.0,BASA,TIDAK LAYAK,Air Mentah,46380.40,2.3355,12556.60,0.6323,0.5889,2163,1.7431,0.00,28.69
Lumut,9.2,214.0,BASA,TIDAK LAYAK,Air Mentah,46287.40,2.3308,12526.10,0.6307,0.5874,2162,1.7423,0.00,28.69
Lumut,9.2,214.0,BASA,TIDAK LAYAK,Air Mentah,46127.50,2.3227,12540.60,0.6315,0.5881,2163,1.7431,0.00,28.69
Lumut,9.2,214.0,BASA,TIDAK LAYAK,Air Mentah,46374.00,2.3352,12417.30,0.6253,0.5823,2161,1.7415,0.00,28.69
Lumut,9.2,214.0,BASA,TIDAK LAYAK,Air Mentah,46412.60,2.3371,12396.30,0.6242,0.5813,2160,1.7407,0.00,28.69
Lumut,9.2,214.0,BASA,TIDAK LAYAK,Air Mentah,46599.60,2.3465,12507.00,0.6298,0.5865,2169,1.7479,0.00,28.69
Lumut,9.2,214.0,BASA,TIDAK LAYAK,Air Mentah,46367.50,2.3348,12457.40,0.6273,0.5842,2162,1.7423,0.00,28.69
Lumut,9.2,214.0,BASA,TIDAK LAYAK,Air Mentah,46242.90,2.3286,12468.40,0.6278,0.5847,2163,1.7431,0.00,28.69
Lumut,9.2,214.0,BASA,TIDAK LAYAK,Air Mentah,46399.70,2.3364,12502.20,0.6295,0.5863,2163,1.7431,0.00,28.69
Lumut,9.2,214.0,BASA,TIDAK LAYAK,Air Mentah,46135.30,2.3231,12521.30,0.6305,0.5872,2147,1.7302,0.15,28.69
Lumut,9.2,214.0,BASA,TIDAK LAYAK,Air Mentah,46470.10,2.3400,12470.00,0.6279,0.5848,2163,1.7431,0.00,28.69
Lumut,9.2,214.0,BASA,TIDAK LAYAK,Air Mentah,46389.90,2.3360,12370.80,0.6229,0.5801,2159,1.7399,0.00,28.69
Lumut,9.2,214.0,BASA,TIDAK LAYAK,Air Mentah,46394.90,2.3362,12516.60,0.6303,0.5870,2157,1.7382,0.00,28.69
Lumut,9.2,214.0,BASA,TIDAK LAYAK,Air Mentah,46294.20,2.3311,12503.80,0.6296,0.5864,2155,1.7366,0.00,28.69
Lumut,9.2,214.0,BASA,TIDAK LAYAK,Air Mentah,46436.50,2.3383,12369.20,0.6228,0.5801,2156,1.7374,0.00,28.69
Lumut,9.2,214.0,BASA,TIDAK LAYAK,Air Mentah,46263.60,2.3296,12438.10,0.6263,0.5833,2157,1.7382,0.00,28.69
Lumut,9.2,214.0,BASA,TIDAK LAYAK,Air Mentah,46593.20,2.3462,12314.60,0.6201,0.5782,2159,1.7399,0.00,28.63
Lumut,9.2,214.0,BASA,TIDAK LAYAK,Air Mentah,46564.60,2.3447,12414.00,0.6251,0.5822,2160,1.7407,0.00,28.69
Lumut,9.2,214.0,BASA,TIDAK LAYAK,Air Mentah,46334.10,2.3331,12439.70,0.6264,0.5834,2162,1.7423,0.00,28.69
Lumut,9.2,214.0,BASA,TIDAK LAYAK,Air Mentah,46513.40,2.3422,12338.60,0.6213,0.5786,2162,1.7423,0.00,28.69
Lumut,9.2,214.0,BASA,TIDAK LAYAK,Air Mentah,46548.60,2.3439,12365.90,0.6227,0.5799,2162,1.7423,0.00,28.69
Lumut,9.2,214.0,BASA,TIDAK LAYAK,Air Mentah,46540.60,2.3435,12412.40,0.6250,0.5821,2164,1.7439,0.00,28.69
Lumut,9.2,214.0,BASA,TIDAK LAYAK,Air Mentah,46302.20,2.3315,12354.60,0.6221,0.5794,2164,1.7439,0.00,28.69
Lumut,9.2,214.0,BASA,TIDAK LAYAK,Air Mentah,46502.10,2.3416,12388.20,0.6238,0.5810,2162,1.7423,0.00,28.69
Lumut,9.2,214.0,BASA,TIDAK LAYAK,Air Mentah,46358.00,2.3343,12356.40,0.6222,0.5795,2160,1.7407,0.00,28.69
Lumut,9.2,214.0,BASA,TIDAK LAYAK,Air Mentah,46948.60,2.3641,12311.40,0.6199,0.5774,2163,1.7431,0.00,28.69
Lumut,9.2,214.0,BASA,TIDAK LAYAK,Air Mentah,46593.40,2.3462,12398.10,0.6243,0.5814,2164,1.7439,0.00,28.69
Lumut,9.2,214.0,BASA,TIDAK LAYAK,Air Mentah,46622.20,2.3477,12263.30,0.6175,0.5751,2164,1.7439,0.00,28.69
Lumut,9.2,214.0,BASA,TIDAK LAYAK,Air Mentah,46444.60,2.3387,12341.90,0.6215,0.5788,2172,1.7503,0.00,28.69
Lumut,9.2,214.0,BASA,TIDAK LAYAK,Air Mentah,46543.80,2.3437,12343.40,0.6215,0.5789,2163,1.7431,0.00,28.69
Lumut,9.2,214.0,BASA,TIDAK LAYAK,Air Mentah,46619.00,2.3475,12361.20,0.6224,0.5797,2164,1.7439,0.00,28.69
Lumut,9.2,214.0,BASA,TIDAK LAYAK,Air Mentah,46588.30,2.3459,12420.50,0.6254,0.5825,2163,1.7431,0.00,28.69
Lumut,9.2,214.0,BASA,TIDAK LAYAK,Air Mentah,46012.10,2.3169,12280.80,0.6184,0.5759,2162,1.7423,0.00,28.69
Lumut,9.2,214.0,BASA,TIDAK LAYAK,Air Mentah,46526.20,2.3428,12345.10,0.6216,0.5789,2177,1.7544,0.00,28.69
Lumut,9.2,214.0,BASA,TIDAK LAYAK,Air Mentah,46250.70,2.3289,12397.90,0.6243,0.5814,2163,1.7431,0.00,28.69
Lumut,9.2,214.0,BASA,TIDAK LAYAK,Air Mentah,46540.60,2.3435,12245.70,0.6166,0.5743,2162,1.7423,0.00,28.69
Lumut,9.2,214.0,BASA,TIDAK LAYAK,Air Mentah,46615.70,2.3473,12319.40,0.6203,0.5777,2163,1.7431,0.00,28.69
Lumut,9.2,214.0,BASA,TIDAK LAYAK,Air Mentah,46444.60,2.3387,12324.30,0.6206,0.5780,2164,1.7439,0.00,28.69
Lumut,9.2,214.0,BASA,TIDAK LAYAK,Air Mentah,46241.20,2.3285,12252.00,0.6169,0.5746,2164,1.7439,0.00,28.69
Lumut,9.2,214.0,BASA,TIDAK LAYAK,Air Mentah,46318.00,2.3323,12253.70,0.6170,0.5747,2165,1.7447,0.00,28.69
Lumut,9.2,214.0,BASA,TIDAK LAYAK,Air Mentah,46833.40,2.3583,12301.80,0.6195,0.5769,2165,1.7447,0.00,28.69
Lumut,9.2,214.0,BASA,TIDAK LAYAK,Air Mentah,46492.60,2.3411,12175.10,0.6131,0.5710,2164,1.7439,0.00,28.69
Lumut,9.2,214.0,BASA,TIDAK LAYAK,Air Mentah,46731.00,2.3531,12242.40,0.6165,0.5741,2164,1.7439,0.00,28.69
Lumut,9.2,214.0,BASA,TIDAK LAYAK,Air Mentah,46387.00,2.3358,12284.20,0.6186,0.5761,2162,1.7423,0.00,28.69
Lumut,9.2,214.0,BASA,TIDAK LAYAK,Air Mentah,46827.00,2.3580,12298.80,0.6193,0.5768,2165,1.7447,0.00,28.69
Lumut,9.2,214.0,BASA,TIDAK LAYAK,Air Mentah,46209.30,2.3269,12274.30,0.6181,0.5756,2163,1.7431,0.00,28.69
Lumut,9.2,214.0,BASA,TIDAK LAYAK,Air Mentah,46569.10,2.3450,12275.90,0.6182,0.5757,2162,1.7423,0.00,28.69
Lumut,9.2,214.0,BASA,TIDAK LAYAK,Air Mentah,46697.40,2.3514,12231.10,0.6159,0.5736,2164,1.7439,0.00,28.69
Lumut,9.2,214.0,BASA,TIDAK LAYAK,Air Mentah,46279.70,2.3304,12207.10,0.6147,0.5725,2164,1.7439,0.00,28.69
Lumut,9.2,214.0,BASA,TIDAK LAYAK,Air Mentah,46556.60,2.3443,12234.30,0.6161,0.5737,2164,1.7439,0.00,28.69
Lumut,9.2,214.0,BASA,TIDAK LAYAK,Air Mentah,46847.80,2.3590,12154.20,0.6120,0.5700,2163,1.7431,0.00,28.69
Lumut,9.2,214.0,BASA,TIDAK LAYAK,Air Mentah,46603.00,2.3467,12232.70,0.6160,0.5737,2163,1.7431,0.00,28.69
Lumut,9.2,214.0,BASA,TIDAK LAYAK,Air Mentah,46652.60,2.3492,12171.80,0.6129,0.5708,2174,1.7519,0.00,28.69
Lumut,9.2,214.0,BASA,TIDAK LAYAK,Air Mentah,46479.80,2.3405,12199.20,0.6143,0.5721,2164,1.7439,0.00,28.69
Lumut,9.2,214.0,BASA,TIDAK LAYAK,Air Mentah,46643.00,2.3487,12175.00,0.6131,0.5710,2165,1.7447,0.00,28.69
Lumut,9.2,214.0,BASA,TIDAK LAYAK,Air Mentah,46543.80,2.3437,12162.20,0.6124,0.5704,2164,1.7439,0.00,28.69
Lumut,9.2,214.0,BASA,TIDAK LAYAK,Air Mentah,46572.60,2.3452,12219.90,0.6153,0.5731,2162,1.7423,0.00,28.69
Lumut,9.2,214.0,BASA,TIDAK LAYAK,Air Mentah,46599.80,2.3465,12187.90,0.6137,0.5716,2163,1.7431,0.00,28.69
Lumut,9.2,214.0,BASA,TIDAK LAYAK,Air Mentah,46611.00,2.3471,12122.20,0.6104,0.5685,2171,1.7495,0.00,28.69
Lumut,9.2,214.0,BASA,TIDAK LAYAK,Air Mentah,46097.10,2.3212,12248.80,0.6168,0.5744,2162,1.7423,0.00,28.69
Lumut,9.2,214.0,BASA,TIDAK LAYAK,Air Mentah,46242.90,2.3286,12196.10,0.6141,0.5720,2163,1.7431,0.00,28.69
Lumut,9.2,214.0,BASA,TIDAK LAYAK,Air Mentah,46547.00,2.3439,12163.90,0.6125,0.5704,2163,1.7431,0.00,28.69
Lumut,9.2,214.0,BASA,TIDAK LAYAK,Air Mentah,46214.00,2.3271,12226.30,0.6157,0.5734,2163,1.7431,0.00,28.69
Lumut,9.2,214.0,BASA,TIDAK LAYAK,Air Mentah,46740.60,2.3536,12258.60,0.6173,0.5749,2170,1.7487,0.00,28.69
Lumut,9.2,214.0,BASA,TIDAK LAYAK,Air Mentah,46531.00,2.3431,12176.70,0.6132,0.5710,2165,1.7447,0.00,28.69
Lumut,9.2,214.0,BASA,TIDAK LAYAK,Air Mentah,46438.00,2.3384,12189.60,0.6138,0.5716,2163,1.7431,0.00,28.69
Lumut,9.2,214.0,BASA,TIDAK LAYAK,Air Mentah,46711.70,2.3522,12229.60,0.6158,0.5735,2163,1.7431,0.00,28.69
Lumut,9.2,214.0,BASA,TIDAK LAYAK,Air Mentah,46316.40,2.3323,12503.70,0.6296,0.5864,2165,1.7447,0.00,28.69
Lumut,9.2,214.0,BASA,TIDAK LAYAK,Air Mentah,46764.60,2.3548,12462.20,0.6275,0.5844,2163,1.7431,0.00,28.69
Lumut,9.2,214.0,BASA,TIDAK LAYAK,Air Mentah,46422.20,2.3376,12462.10,0.6275,0.5844,2164,1.7439,0.00,28.69
Lumut,9.2,214.0,BASA,TIDAK LAYAK,Air Mentah,46731.00,2.3531,12518.20,0.6304,0.5871,2163,1.7431,0.00,28.69
Lumut,9.2,214.0,BASA,TIDAK LAYAK,Air Mentah,46527.80,2.3429,12655.80,0.6373,0.5935,2165,1.7447,0.00,28.69
Lumut,9.2,214.0,BASA,TIDAK LAYAK,Air Mentah,46766.20,2.3549,12458.90,0.6274,0.5843,2164,1.7439,0.00,28.69
Lumut,9.2,214.0,BASA,TIDAK LAYAK,Air Mentah,46197.90,2.3263,12454.10,0.6271,0.5840,2163,1.7431,0.00,28.69
Lumut,9.2,214.0,BASA,TIDAK LAYAK,Air Mentah,46382.20,2.3356,12345.10,0.6216,0.5789,2166,1.7455,0.00,28.69
Lumut,9.2,214.0,BASA,TIDAK LAYAK,Air Mentah,46820.60,2.3576,12295.20,0.6191,0.5766,2164,1.7439,0.00,28.69
Lumut,9.2,214.0,BASA,TIDAK LAYAK,Air Mentah,46401.10,2.3365,12325.90,0.6207,0.5780,2163,1.7431,0.00,28.69
Lumut,9.2,214.0,BASA,TIDAK LAYAK,Air Mentah,46617.30,2.3474,12356.50,0.6222,0.5795,2164,1.7439,0.00,28.69
Lumut,9.2,214.0,BASA,TIDAK LAYAK,Air Mentah,46609.40,2.3470,12359.50,0.6224,0.5796,2162,1.7423,0.00,28.69
Lumut,9.2,214.0,BASA,TIDAK LAYAK,Air Mentah,46540.60,2.3435,12349.90,0.6219,0.5792,2164,1.7439,0.00,28.69
Lumut,9.2,214.0,BASA,TIDAK LAYAK,Air Mentah,47015.80,2.3675,12221.50,0.6154,0.5731,2162,1.7423,0.00,28.69
Lumut,9.2,214.0,BASA,TIDAK LAYAK,Air Mentah,46716.60,2.3524,12383.50,0.6236,0.5807,2164,1.7439,0.00,28.69
Lumut,9.2,214.0,BASA,TIDAK LAYAK,Air Mentah,46719.70,2.3526,12430.00,0.6259,0.5829,2164,1.7439,0.00,28.69
Lumut,9.2,214.0,BASA,TIDAK LAYAK,Air Mentah,46407.70,2.3368,12383.40,0.6236,0.5807,2164,1.7439,0.00,28.69
Lumut,9.2,214.0,BASA,TIDAK LAYAK,Air Mentah,46679.80,2.3506,12370.70,0.6229,0.5801,2188,1.7632,0.00,28.69
Lumut,9.2,214.0,BASA,TIDAK LAYAK,Air Mentah,46647.80,2.3489,12394.80,0.6241,0.5813,2164,1.7439,0.00,28.69
Lumut,9.2,214.0,BASA,TIDAK LAYAK,Air Mentah,46627.00,2.3479,12335.40,0.6211,0.5785,2164,1.7439,0.00,28.69
Lumut,9.2,214.0,BASA,TIDAK LAYAK,Air Mentah,46503.80,2.3417,12399.60,0.6244,0.5815,2163,1.7431,0.00,28.69
Lumut,9.2,214.0,BASA,TIDAK LAYAK,Air Mentah,46587.00,2.3459,12280.80,0.6184,0.5759,2164,1.7439,0.00,28.69
Lumut,9.2,214.0,BASA,TIDAK LAYAK,Air Mentah,46481.40,2.3406,12346.70,0.6217,0.5790,2164,1.7439,0.00,28.69
Lumut,9.2,214.0,BASA,TIDAK LAYAK,Air Mentah,46388.60,2.3359,12258.40,0.6173,0.5749,2162,1.7423,0.00,28.69
Lumut,9.2,214.0,BASA,TIDAK LAYAK,Air Mentah,46631.70,2.3481,12239.30,0.6163,0.5740,2165,1.7447,0.00,28.69
Lumut,9.2,214.0,BASA,TIDAK LAYAK,Air Mentah,46649.40,2.3490,12208.60,0.6148,0.5725,2164,1.7439,0.00,28.69
Lumut,9.2,214.0,BASA,TIDAK LAYAK,Air Mentah,46817.40,2.3575,12266.50,0.6177,0.5753,2165,1.7447,0.00,28.69
Lumut,9.2,214.0,BASA,TIDAK LAYAK,Air Mentah,46515.00,2.3423,12107.80,0.6097,0.5678,2163,1.7431,0.00,28.69
Lumut,9.2,214.0,BASA,TIDAK LAYAK,Air Mentah,46889.40,2.3611,12179.80,0.6133,0.5712,2161,1.7415,0.00,28.69
Lumut,9.2,214.0,BASA,TIDAK LAYAK,Air Mentah,46079.60,2.3203,12237.60,0.6162,0.5739,2162,1.7423,0.00,28.69
Lumut,9.2,214.0,BASA,TIDAK LAYAK,Air Mentah,46490.80,2.3410,12111.00,0.6098,0.5680,2162,1.7423,0.00,28.69
Lumut,9.2,214.0,BASA,TIDAK LAYAK,Air Mentah,46417.10,2.3373,12109.40,0.6098,0.5679,2177,1.7544,0.00,28.69
Lumut,9.2,214.0,BASA,TIDAK LAYAK,Air Mentah,46383.80,2.3356,12232.90,0.6160,0.5737,2163,1.7431,0.00,28.69
Lumut,9.2,214.0,BASA,TIDAK LAYAK,Air Mentah,46758.10,2.3545,12155.80,0.6121,0.5701,2164,1.7439,0.00,28.69
Lumut,9.2,214.0,BASA,TIDAK LAYAK,Air Mentah,46516.60,2.3423,12186.30,0.6136,0.5715,2163,1.7431,0.00,28.69
Lumut,9.2,214.0,BASA,TIDAK LAYAK,Air Mentah,46647.60,2.3489,12187.70,0.6137,0.5716,2162,1.7423,0.00,28.69
Lumut,9.2,214.0,BASA,TIDAK LAYAK,Air Mentah,46246.10,2.3287,12210.30,0.6148,0.5726,2164,1.7439,0.00,28.69
Lumut,9.2,214.0,BASA,TIDAK LAYAK,Air Mentah,46716.60,2.3524,12184.70,0.6136,0.5714,2163,1.7431,0.00,28.69
Lumut,9.2,214.0,BASA,TIDAK LAYAK,Air Mentah,46444.50,2.3387,12298.60,0.6193,0.5768,2165,1.7447,0.00,28.69
Pembuangan AC,7.19,42.0,NETRAL,TIDAK LAYAK,Air Mentah,46495.80,2.3413,11618.00,0.5850,0.5455,2157,1.7382,0.00,28.63
Pembuangan AC,7.19,42.0,NETRAL,TIDAK LAYAK,Air Mentah,46294.20,2.3311,11613.20,0.5848,0.5459,2157,1.7382,0.00,28.56
Pembuangan AC,7.19,42.0,NETRAL,TIDAK LAYAK,Air Mentah,46526.20,2.3428,11576.40,0.5829,0.5435,2158,1.7390,0.00,28.63
Pembuangan AC,7.19,42.0,NETRAL,TIDAK LAYAK,Air Mentah,46657.40,2.3494,11662.80,0.5873,0.5476,2159,1.7399,0.00,28.63
Pembuangan AC,7.19,42.0,NETRAL,TIDAK LAYAK,Air Mentah,46593.40,2.3462,11603.60,0.5843,0.5448,2157,1.7382,0.00,28.63
Pembuangan AC,7.19,42.0,NETRAL,TIDAK LAYAK,Air Mentah,46747.00,2.3539,11630.80,0.5857,0.5461,2157,1.7382,0.00,28.63
Pembuangan AC,7.19,42.0,NETRAL,TIDAK LAYAK,Air Mentah,46748.60,2.3540,11662.80,0.5873,0.5476,2157,1.7382,0.00,28.63
Pembuangan AC,7.19,42.0,NETRAL,TIDAK LAYAK,Air Mentah,47065.40,2.3700,11557.20,0.5820,0.5426,2158,1.7390,0.00,28.63
Pembuangan AC,7.19,42.0,NETRAL,TIDAK LAYAK,Air Mentah,47011.00,2.3672,11622.80,0.5853,0.5457,2158,1.7390,0.00,28.63
Pembuangan AC,7.19,42.0,NETRAL,TIDAK LAYAK,Air Mentah,47091.00,2.3713,11632.40,0.5857,0.5462,2158,1.7390,0.00,28.63
Pembuangan AC,7.19,42.0,NETRAL,TIDAK LAYAK,Air Mentah,47347.00,2.3841,11784.40,0.5934,0.5533,2159,1.7399,0.00,28.63
Pembuangan AC,7.19,42.0,NETRAL,TIDAK LAYAK,Air Mentah,47089.40,2.3712,11736.40,0.5910,0.5510,2157,1.7382,0.00,28.63
Pembuangan AC,7.19,42.0,NETRAL,TIDAK LAYAK,Air Mentah,47406.20,2.3871,11699.60,0.5891,0.5493,2160,1.7407,0.00,28.63
Pembuangan AC,7.19,42.0,NETRAL,TIDAK LAYAK,Air Mentah,47524.60,2.3931,11774.80,0.5929,0.5528,2158,1.7390,0.00,28.63
Pembuangan AC,7.19,42.0,NETRAL,TIDAK LAYAK,Air Mentah,47428.60,2.3883,11750.80,0.5917,0.5517,2158,1.7390,0.00,28.63
Pembuangan AC,7.19,42.0,NETRAL,TIDAK LAYAK,Air Mentah,47577.40,2.3957,11814.80,0.5949,0.5547,2159,1.7399,0.00,28.63
Pembuangan AC,7.19,42.0,NETRAL,TIDAK LAYAK,Air Mentah,47579.00,2.3958,11787.60,0.5936,0.5534,2158,1.7390,0.00,28.63
Pembuangan AC,7.19,42.0,NETRAL,TIDAK LAYAK,Air Mentah,47663.80,2.4001,11834.00,0.5959,0.5556,2156,1.7374,0.00,28.63
Pembuangan AC,7.19,42.0,NETRAL,TIDAK LAYAK,Air Mentah,47727.80,2.4033,11686.80,0.5885,0.5487,2177,1.7544,0.00,28.63
Pembuangan AC,7.19,42.0,NETRAL,TIDAK LAYAK,Air Mentah,47603.00,2.3970,11638.80,0.5861,0.5465,2157,1.7382,0.00,28.63
Pembuangan AC,7.19,42.0,NETRAL,TIDAK LAYAK,Air Mentah,47878.20,2.4109,11616.40,0.5849,0.5454,2160,1.7407,0.00,28.63
Pembuangan AC,7.19,42.0,NETRAL,TIDAK LAYAK,Air Mentah,47713.40,2.4026,11677.20,0.5880,0.5483,2160,1.7407,0.00,28.63
Pembuangan AC,7.19,42.0,NETRAL,TIDAK LAYAK,Air Mentah,47945.40,2.4143,11718.80,0.5901,0.5502,2158,1.7390,0.00,28.63
Pembuangan AC,7.19,42.0,NETRAL,TIDAK LAYAK,Air Mentah,48062.20,2.4202,11696.40,0.5890,0.5492,2158,1.7390,0.00,28.63
Pembuangan AC,7.19,42.0,NETRAL,TIDAK LAYAK,Air Mentah,47969.40,2.4155,11675.60,0.5879,0.5482,2157,1.7382,0.00,28.63
Pembuangan AC,7.19,42.0,NETRAL,TIDAK LAYAK,Air Mentah,47961.40,2.4151,11635.60,0.5859,0.5463,2157,1.7382,0.00,28.63
Pembuangan AC,7.19,42.0,NETRAL,TIDAK LAYAK,Air Mentah,48057.40,2.4199,11462.80,0.5772,0.5382,2157,1.7382,0.00,28.63
Pembuangan AC,7.19,42.0,NETRAL,TIDAK LAYAK,Air Mentah,48041.40,2.4191,11613.20,0.5848,0.5452,2156,1.7374,0.00,28.63
Pembuangan AC,7.19,42.0,NETRAL,TIDAK LAYAK,Air Mentah,47977.40,2.4159,11602.00,0.5842,0.5447,2155,1.7366,0.00,28.63
Pembuangan AC,7.19,42.0,NETRAL,TIDAK LAYAK,Air Mentah,48294.20,2.4318,11619.60,0.5851,0.5455,2172,1.7503,0.00,28.63
Pembuangan AC,7.19,42.0,NETRAL,TIDAK LAYAK,Air Mentah,48256.00,2.4299,11574.80,0.5828,0.5434,2159,1.7399,0.00,28.63
Pembuangan AC,7.19,42.0,NETRAL,TIDAK LAYAK,Air Mentah,47967.80,2.4154,11634.00,0.5858,0.5462,2159,1.7399,0.00,28.63
Pembuangan AC,7.19,42.0,NETRAL,TIDAK LAYAK,Air Mentah,48318.50,2.4331,11608.40,0.5845,0.5450,2157,1.7382,0.00,28.63
Pembuangan AC,7.19,42.0,NETRAL,TIDAK LAYAK,Air Mentah,48372.80,2.4358,11592.40,0.5837,0.5443,2157,1.7382,0.00,28.63
Pembuangan AC,7.19,42.0,NETRAL,TIDAK LAYAK,Air Mentah,48332.70,2.4338,11570.00,0.5826,0.5432,2157,1.7382,0.00,28.63
Pembuangan AC,7.19,42.0,NETRAL,TIDAK LAYAK,Air Mentah,48425.80,2.4385,11510.80,0.5796,0.5404,2156,1.7374,0.00,28.63
Pembuangan AC,7.19,42.0,NETRAL,TIDAK LAYAK,Air Mentah,48621.10,2.4483,11504.40,0.5793,0.5401,2157,1.7382,0.00,28.63
Pembuangan AC,7.19,42.0,NETRAL,TIDAK LAYAK,Air Mentah,48440.20,2.4392,11469.20,0.5775,0.5385,2155,1.7366,0.00,28.63
Pembuangan AC,7.19,42.0,NETRAL,TIDAK LAYAK,Air Mentah,48166.40,2.4254,11464.40,0.5773,0.5383,2158,1.7390,0.00,28.63
Pembuangan AC,7.19,42.0,NETRAL,TIDAK LAYAK,Air Mentah,48276.70,2.4310,11475.60,0.5779,0.5388,2157,1.7382,0.00,28.63
Pembuangan AC,7.19,42.0,NETRAL,TIDAK LAYAK,Air Mentah,48342.50,2.4343,11538.00,0.5810,0.5417,2158,1.7390,0.00,28.63
Pembuangan AC,7.19,42.0,NETRAL,TIDAK LAYAK,Air Mentah,48653.00,2.4499,11547.60,0.5815,0.5422,2157,1.7382,0.00,28.63
Pembuangan AC,7.19,42.0,NETRAL,TIDAK LAYAK,Air Mentah,48353.80,2.4348,11478.80,0.5780,0.5389,2157,1.7382,0.00,28.63
Pembuangan AC,7.19,42.0,NETRAL,TIDAK LAYAK,Air Mentah,48590.70,2.4468,11541.20,0.5812,0.5419,2157,1.7382,0.00,28.63
Pembuangan AC,7.19,42.0,NETRAL,TIDAK LAYAK,Air Mentah,48436.90,2.4390,11518.80,0.5800,0.5408,2157,1.7382,0.00,28.63
Pembuangan AC,7.19,42.0,NETRAL,TIDAK LAYAK,Air Mentah,48683.50,2.4514,11499.60,0.5791,0.5399,2157,1.7382,0.00,28.63
Pembuangan AC,7.19,42.0,NETRAL,TIDAK LAYAK,Air Mentah,48465.80,2.4405,11509.20,0.5795,0.5404,2170,1.7487,0.00,28.63
Pembuangan AC,7.19,42.0,NETRAL,TIDAK LAYAK,Air Mentah,48827.50,2.4587,11467.60,0.5774,0.5384,2158,1.7390,0.00,28.63
Pembuangan AC,7.19,42.0,NETRAL,TIDAK LAYAK,Air Mentah,48496.20,2.4420,11421.20,0.5751,0.5362,2158,1.7390,0.00,28.63
Pembuangan AC,7.19,42.0,NETRAL,TIDAK LAYAK,Air Mentah,48720.30,2.4533,11494.80,0.5788,0.5397,2158,1.7390,0.00,28.63
Pembuangan AC,7.19,42.0,NETRAL,TIDAK LAYAK,Air Mentah,48707.40,2.4526,11453.20,0.5767,0.5377,2158,1.7390,0.00,28.63
Pembuangan AC,7.19,42.0,NETRAL,TIDAK LAYAK,Air Mentah,48760.30,2.4553,11419.60,0.5750,0.5362,2157,1.7382,0.00,28.63
Pembuangan AC,7.19,42.0,NETRAL,TIDAK LAYAK,Air Mentah,48534.60,2.4439,11538.00,0.5810,0.5417,2158,1.7390,0.00,28.63
Pembuangan AC,7.19,42.0,NETRAL,TIDAK LAYAK,Air Mentah,48982.80,2.4665,11509.20,0.5795,0.5404,2156,1.7374,0.00,28.63
Pembuangan AC,7.19,42.0,NETRAL,TIDAK LAYAK,Air Mentah,48939.50,2.4643,11563.60,0.5823,0.5429,2158,1.7390,0.00,28.63
Pembuangan AC,7.19,42.0,NETRAL,TIDAK LAYAK,Air Mentah,48803.40,2.4575,11445.20,0.5763,0.5374,2159,1.7399,0.00,28.63
Pembuangan AC,7.19,42.0,NETRAL,TIDAK LAYAK,Air Mentah,48718.70,2.4532,11450.00,0.5766,0.5376,2158,1.7390,0.00,28.63
Pembuangan AC,7.19,42.0,NETRAL,TIDAK LAYAK,Air Mentah,48918.70,2.4633,11486.80,0.5784,0.5393,2157,1.7382,0.00,28.63
Pembuangan AC,7.19,42.0,NETRAL,TIDAK LAYAK,Air Mentah,48766.70,2.4556,11515.60,0.5799,0.5407,2156,1.7374,0.00,28.63
Pembuangan AC,7.19,42.0,NETRAL,TIDAK LAYAK,Air Mentah,48552.20,2.4448,11605.20,0.5844,0.5449,2158,1.7390,0.00,28.63
Pembuangan AC,7.19,42.0,NETRAL,TIDAK LAYAK,Air Mentah,48755.50,2.4551,11507.60,0.5795,0.5403,2169,1.7479,0.00,28.63
Pembuangan AC,7.19,42.0,NETRAL,TIDAK LAYAK,Air Mentah,48913.90,2.4630,11594.00,0.5838,0.5443,2157,1.7382,0.00,28.63
Pembuangan AC,7.19,42.0,NETRAL,TIDAK LAYAK,Air Mentah,48635.40,2.4490,11555.60,0.5819,0.5425,2158,1.7390,0.00,28.63
Pembuangan AC,7.19,42.0,NETRAL,TIDAK LAYAK,Air Mentah,48681.80,2.4514,11560.40,0.5821,0.5428,2158,1.7390,0.00,28.63
Pembuangan AC,7.19,42.0,NETRAL,TIDAK LAYAK,Air Mentah,48946.00,2.4647,11539.60,0.5811,0.5418,2158,1.7390,0.00,28.63
Pembuangan AC,7.19,42.0,NETRAL,TIDAK LAYAK,Air Mentah,48859.50,2.4603,11379.60,0.5730,0.5343,2157,1.7382,0.00,28.63
Pembuangan AC,7.19,42.0,NETRAL,TIDAK LAYAK,Air Mentah,48843.40,2.4595,11467.60,0.5774,0.5384,2160,1.7407,0.00,28.63
Pembuangan AC,7.19,42.0,NETRAL,TIDAK LAYAK,Air Mentah,49078.80,2.4714,11365.20,0.5723,0.5336,2158,1.7390,0.00,28.63
Pembuangan AC,7.19,42.0,NETRAL,TIDAK LAYAK,Air Mentah,48510.60,2.4427,11435.60,0.5758,0.5369,2157,1.7382,0.00,28.63
Pembuangan AC,7.19,42.0,NETRAL,TIDAK LAYAK,Air Mentah,49062.80,2.4705,11461.20,0.5771,0.5381,2157,1.7382,0.00,28.63
Pembuangan AC,7.19,42.0,NETRAL,TIDAK LAYAK,Air Mentah,48801.80,2.4574,11422.80,0.5752,0.5363,2157,1.7382,0.00,28.63
Pembuangan AC,7.19,42.0,NETRAL,TIDAK LAYAK,Air Mentah,49057.90,2.4703,11474.00,0.5778,0.5387,2158,1.7390,0.00,28.63
Pembuangan AC,7.19,42.0,NETRAL,TIDAK LAYAK,Air Mentah,49094.70,2.4722,11451.60,0.5766,0.5377,2160,1.7407,0.00,28.63
Pembuangan AC,7.19,42.0,NETRAL,TIDAK LAYAK,Air Mentah,48769.80,2.4558,11410.00,0.5745,0.5357,2159,1.7399,0.00,28.63
Pembuangan AC,7.19,42.0,NETRAL,TIDAK LAYAK,Air Mentah,49027.50,2.4688,11426.00,0.5754,0.5365,2157,1.7382,0.00,28.63
Pembuangan AC,7.19,42.0,NETRAL,TIDAK LAYAK,Air Mentah,48910.60,2.4629,11392.40,0.5737,0.5349,2158,1.7390,0.00,28.63
Pembuangan AC,7.19,42.0,NETRAL,TIDAK LAYAK,Air Mentah,49200.40,2.4775,11349.20,0.5715,0.5329,2157,1.7382,0.00,28.63
Pembuangan AC,7.19,42.0,NETRAL,TIDAK LAYAK,Air Mentah,48894.60,2.4621,11402.00,0.5741,0.5353,2158,1.7390,0.00,28.63
Pembuangan AC,7.19,42.0,NETRAL,TIDAK LAYAK,Air Mentah,48963.50,2.4655,11347.60,0.5714,0.5328,2158,1.7390,0.00,28.63
Pembuangan AC,7.19,42.0,NETRAL,TIDAK LAYAK,Air Mentah,49033.90,2.4691,11334.80,0.5708,0.5322,2159,1.7399,0.00,28.63
Pembuangan AC,7.19,42.0,NETRAL,TIDAK LAYAK,Air Mentah,49089.90,2.4719,11390.80,0.5736,0.5348,2157,1.7382,0.00,28.63
Pembuangan AC,7.19,42.0,NETRAL,TIDAK LAYAK,Air Mentah,49043.50,2.4696,11288.40,0.5684,0.5300,2160,1.7407,0.00,28.63
Pembuangan AC,7.19,42.0,NETRAL,TIDAK LAYAK,Air Mentah,49277.20,2.4813,11405.20,0.5743,0.5355,2158,1.7390,0.00,28.63
Pembuangan AC,7.19,42.0,NETRAL,TIDAK LAYAK,Air Mentah,48848.30,2.4597,11334.80,0.5708,0.5322,2157,1.7382,0.00,28.63
Pembuangan AC,7.19,42.0,NETRAL,TIDAK LAYAK,Air Mentah,49005.00,2.4676,11344.40,0.5712,0.5326,2158,1.7390,0.00,28.63
Pembuangan AC,7.19,42.0,NETRAL,TIDAK LAYAK,Air Mentah,48846.60,2.4597,11283.60,0.5682,0.5298,2160,1.7407,0.00,28.63
Pembuangan AC,7.19,42.0,NETRAL,TIDAK LAYAK,Air Mentah,49266.00,2.4808,11328.40,0.5704,0.5319,2158,1.7390,0.00,28.63
Pembuangan AC,7.19,42.0,NETRAL,TIDAK LAYAK,Air Mentah,49238.80,2.4794,11318.80,0.5700,0.5314,2155,1.7366,0.00,28.63
Pembuangan AC,7.19,42.0,NETRAL,TIDAK LAYAK,Air Mentah,49171.50,2.4760,11355.60,0.5718,0.5332,2158,1.7390,0.00,28.63
Pembuangan AC,7.19,42.0,NETRAL,TIDAK LAYAK,Air Mentah,49070.70,2.4709,11322.00,0.5701,0.5316,2159,1.7399,0.00,28.63
Pembuangan AC,7.19,42.0,NETRAL,TIDAK LAYAK,Air Mentah,49245.10,2.4797,11346.00,0.5713,0.5327,2173,1.7511,0.00,28.63
Pembuangan AC,7.19,42.0,NETRAL,TIDAK LAYAK,Air Mentah,49166.70,2.4758,11286.80,0.5683,0.5299,2158,1.7390,0.00,28.63
Pembuangan AC,7.19,42.0,NETRAL,TIDAK LAYAK,Air Mentah,48937.80,2.4643,11382.80,0.5732,0.5344,2158,1.7390,0.00,28.63
Pembuangan AC,7.19,42.0,NETRAL,TIDAK LAYAK,Air Mentah,49089.80,2.4719,11370.00,0.5725,0.5338,2159,1.7399,0.00,28.63
Pembuangan AC,7.19,42.0,NETRAL,TIDAK LAYAK,Air Mentah,49354.00,2.4852,11392.40,0.5737,0.5349,2158,1.7390,0.00,28.63
Pembuangan AC,7.19,42.0,NETRAL,TIDAK LAYAK,Air Mentah,49262.70,2.4806,11426.00,0.5754,0.5365,2157,1.7382,0.00,28.63
Pembuangan AC,7.19,42.0,NETRAL,TIDAK LAYAK,Air Mentah,49145.90,2.4747,11390.80,0.5736,0.5348,2158,1.7390,0.00,28.63
Pembuangan AC,7.19,42.0,NETRAL,TIDAK LAYAK,Air Mentah,49069.10,2.4709,11355.60,0.5718,0.5332,2158,1.7390,0.00,28.63
Pembuangan AC,7.19,42.0,NETRAL,TIDAK LAYAK,Air Mentah,49352.40,2.4851,11379.60,0.5730,0.5343,2159,1.7399,0.00,28.63
Pembuangan AC,7.19,42.0,NETRAL,TIDAK LAYAK,Air Mentah,49345.90,2.4848,11443.60,0.5762,0.5373,2159,1.7399,0.00,28.63
Pembuangan AC,7.19,42.0,NETRAL,TIDAK LAYAK,Air Mentah,49235.60,2.4792,11374.80,0.5728,0.5341,2157,1.7382,0.00,28.63
Pembuangan AC,7.19,42.0,NETRAL,TIDAK LAYAK,Air Mentah,49109.00,2.4729,11430.80,0.5756,0.5367,2156,1.7374,0.00,28.63
Pembuangan AC,7.19,42.0,NETRAL,TIDAK LAYAK,Air Mentah,49414.80,2.4883,11315.60,0.5698,0.5313,2158,1.7390,0.00,28.63
Pembuangan AC,7.19,42.0,NETRAL,TIDAK LAYAK,Air Mentah,49451.60,2.4901,11365.20,0.5723,0.5336,2159,1.7399,0.00,28.63
Pembuangan AC,7.19,42.0,NETRAL,TIDAK LAYAK,Air Mentah,49165.00,2.4757,11366.80,0.5724,0.5337,2157,1.7382,0.00,28.63
Pembuangan AC,7.19,42.0,NETRAL,TIDAK LAYAK,Air Mentah,49197.10,2.4773,11358.80,0.5720,0.5333,2158,1.7390,0.00,28.63
Pembuangan AC,7.19,42.0,NETRAL,TIDAK LAYAK,Air Mentah,49217.90,2.4784,11374.80,0.5728,0.5341,2157,1.7382,0.00,28.63
Pembuangan AC,7.19,42.0,NETRAL,TIDAK LAYAK,Air Mentah,49395.60,2.4873,11368.40,0.5725,0.5338,2157,1.7382,0.00,28.63
Pembuangan AC,7.19,42.0,NETRAL,TIDAK LAYAK,Air Mentah,49550.80,2.4951,11443.60,0.5762,0.5373,2159,1.7399,0.00,28.63
Pembuangan AC,7.19,42.0,NETRAL,TIDAK LAYAK,Air Mentah,49397.10,2.4874,11491.60,0.5787,0.5395,2158,1.7390,0.00,28.63
Pembuangan AC,7.19,42.0,NETRAL,TIDAK LAYAK,Air Mentah,49706.00,2.5029,11627.60,0.5855,0.5459,2158,1.7390,0.00,28.63
Pembuangan AC,7.19,42.0,NETRAL,TIDAK LAYAK,Air Mentah,49549.20,2.4950,11608.40,0.5845,0.5450,2159,1.7399,0.00,28.63
Pembuangan AC,7.19,42.0,NETRAL,TIDAK LAYAK,Air Mentah,49461.10,2.4906,11642.00,0.5862,0.5466,2181,1.7576,0.00,28.63
Pembuangan AC,7.19,42.0,NETRAL,TIDAK LAYAK,Air Mentah,49350.70,2.4850,11611.60,0.5847,0.5452,2167,1.7463,0.00,28.63
Pembuangan AC,7.19,42.0,NETRAL,TIDAK LAYAK,Air Mentah,49456.30,2.4904,11581.20,0.5832,0.5437,2159,1.7399,0.00,28.63
Pembuangan AC,7.19,42.0,NETRAL,TIDAK LAYAK,Air Mentah,49339.50,2.4845,11506.00,0.5794,0.5402,2156,1.7374,0.00,28.63
Pembuangan AC,7.19,42.0,NETRAL,TIDAK LAYAK,Air Mentah,49347.50,2.4849,11475.60,0.5779,0.5388,2158,1.7390,0.00,28.63
Pembuangan AC,7.19,42.0,NETRAL,TIDAK LAYAK,Air Mentah,49499.50,2.4925,11442.00,0.5762,0.5372,2157,1.7382,0.00,28.63
Pembuangan AC,7.19,42.0,NETRAL,TIDAK LAYAK,Air Mentah,49533.20,2.4942,11547.60,0.5815,0.5422,2158,1.7390,0.00,28.63
Pembuangan AC,7.19,42.0,NETRAL,TIDAK LAYAK,Air Mentah,49395.50,2.4873,11578.00,0.5830,0.5436,2172,1.7503,0.00,28.63
Pembuangan AC,7.19,42.0,NETRAL,TIDAK LAYAK,Air Mentah,49369.90,2.4860,11558.80,0.5820,0.5427,2158,1.7390,0.00,28.63
Pembuangan AC,7.19,42.0,NETRAL,TIDAK LAYAK,Air Mentah,49505.90,2.4929,11587.60,0.5835,0.5440,2159,1.7399,0.00,28.63
Pembuangan AC,7.19,42.0,NETRAL,TIDAK LAYAK,Air Mentah,49531.50,2.4941,11549.20,0.5816,0.5422,2159,1.7399,0.00,28.63
Pembuangan AC,7.19,42.0,NETRAL,TIDAK LAYAK,Air Mentah,49574.70,2.4963,11526.80,0.5804,0.5412,2158,1.7390,0.00,28.63
Pembuangan AC,7.19,42.0,NETRAL,TIDAK LAYAK,Air Mentah,49706.00,2.5029,11365.20,0.5723,0.5336,2158,1.7390,0.00,28.63
Pembuangan AC,7.19,42.0,NETRAL,TIDAK LAYAK,Air Mentah,49648.40,2.5000,11389.20,0.5735,0.5347,2158,1.7390,0.00,28.63
Pembuangan AC,7.19,42.0,NETRAL,TIDAK LAYAK,Air Mentah,49747.60,2.5050,11390.80,0.5736,0.5348,2170,1.7487,0.00,28.63
Pembuangan AC,7.19,42.0,NETRAL,TIDAK LAYAK,Air Mentah,49712.40,2.5033,11454.80,0.5768,0.5378,2160,1.7407,0.00,28.63
Pembuangan AC,7.19,42.0,NETRAL,TIDAK LAYAK,Air Mentah,49504.30,2.4928,11469.20,0.5775,0.5385,2159,1.7399,0.00,28.63
Pembuangan AC,7.19,42.0,NETRAL,TIDAK LAYAK,Air Mentah,49371.50,2.4861,11402.00,0.5741,0.5353,2157,1.7382,0.00,28.63
Pembuangan AC,7.19,42.0,NETRAL,TIDAK LAYAK,Air Mentah,49523.50,2.4937,11434.00,0.5758,0.5368,2155,1.7366,0.00,28.63
Pembuangan AC,7.19,42.0,NETRAL,TIDAK LAYAK,Air Mentah,49421.10,2.4886,11357.20,0.5719,0.5332,2158,1.7390,0.00,28.63
Pembuangan AC,7.19,42.0,NETRAL,TIDAK LAYAK,Air Mentah,49433.80,2.4892,11362.00,0.5721,0.5335,2159,1.7399,0.00,28.63
Pembuangan AC,7.19,42.0,NETRAL,TIDAK LAYAK,Air Mentah,49403.50,2.4877,11382.80,0.5732,0.5344,2144,1.7278,0.31,28.63
Pembuangan AC,7.19,42.0,NETRAL,TIDAK LAYAK,Air Mentah,49501.10,2.4926,11338.00,0.5709,0.5323,2159,1.7399,0.00,28.63
Pembuangan AC,7.19,42.0,NETRAL,TIDAK LAYAK,Air Mentah,49734.80,2.5044,11397.20,0.5739,0.5351,2159,1.7399,0.00,28.63
Pembuangan AC,7.19,42.0,NETRAL,TIDAK LAYAK,Air Mentah,49747.60,2.5050,11390.80,0.5736,0.5348,2159,1.7399,0.00,28.63
Pembuangan AC,7.19,42.0,NETRAL,TIDAK LAYAK,Air Mentah,49649.90,2.5001,11440.40,0.5761,0.5371,2156,1.7374,0.00,28.63
Pembuangan AC,7.19,42.0,NETRAL,TIDAK LAYAK,Air Mentah,49464.30,2.4908,11483.60,0.5783,0.5392,2173,1.7511,0.00,28.63
Pembuangan AC,7.19,42.0,NETRAL,TIDAK LAYAK,Air Mentah,49587.50,2.4970,11408.40,0.5745,0.5356,2159,1.7399,0.00,28.63
Pembuangan AC,7.19,42.0,NETRAL,TIDAK LAYAK,Air Mentah,49579.50,2.4966,11298.00,0.5689,0.5305,2157,1.7382,0.00,28.63
Pembuangan AC,7.19,42.0,NETRAL,TIDAK LAYAK,Air Mentah,49755.60,2.5054,11368.40,0.5725,0.5338,2156,1.7374,0.00,28.63
Pembuangan AC,7.19,42.0,NETRAL,TIDAK LAYAK,Air Mentah,49585.90,2.4969,11269.20,0.5675,0.5291,2158,1.7390,0.00,28.63
Pembuangan AC,7.19,42.0,NETRAL,TIDAK LAYAK,Air Mentah,49589.10,2.4970,11328.40,0.5704,0.5319,2160,1.7407,0.00,28.63
Pembuangan AC,7.19,42.0,NETRAL,TIDAK LAYAK,Air Mentah,49385.90,2.4868,11344.40,0.5712,0.5326,2156,1.7374,0.00,28.63
Pembuangan AC,7.19,42.0,NETRAL,TIDAK LAYAK,Air Mentah,49529.90,2.4941,11411.60,0.5746,0.5358,2157,1.7382,0.00,28.63
Pembuangan AC,7.19,42.0,NETRAL,TIDAK LAYAK,Air Mentah,49445.10,2.4898,11429.20,0.5755,0.5366,2159,1.7399,0.00,28.63
Pembuangan AC,7.19,42.0,NETRAL,TIDAK LAYAK,Air Mentah,49421.10,2.4886,11395.60,0.5738,0.5350,2159,1.7399,0.00,28.63
Pembuangan AC,7.19,42.0,NETRAL,TIDAK LAYAK,Air Mentah,49579.50,2.4966,11392.40,0.5737,0.5349,2155,1.7366,0.00,28.63
Pembuangan AC,7.19,42.0,NETRAL,TIDAK LAYAK,Air Mentah,49528.30,2.4940,11384.40,0.5733,0.5345,2159,1.7399,0.00,28.63
Pembuangan AC,7.19,42.0,NETRAL,TIDAK LAYAK,Air Mentah,49408.20,2.4879,11416.40,0.5749,0.5360,2158,1.7390,0.00,28.63
Pembuangan AC,7.19,42.0,NETRAL,TIDAK LAYAK,Air Mentah,49568.30,2.4960,11437.20,0.5759,0.5370,2159,1.7399,0.00,28.63
Pembuangan AC,7.19,42.0,NETRAL,TIDAK LAYAK,Air Mentah,49518.70,2.4935,11509.20,0.5795,0.5404,2160,1.7407,0.00,28.63
Pembuangan AC,7.19,42.0,NETRAL,TIDAK LAYAK,Air Mentah,49497.90,2.4925,11384.40,0.5733,0.5345,2157,1.7382,0.00,28.63
Pembuangan AC,7.19,42.0,NETRAL,TIDAK LAYAK,Air Mentah,49784.40,2.5069,11443.60,0.5762,0.5373,2158,1.7390,0.00,28.63
Pembuangan AC,7.19,42.0,NETRAL,TIDAK LAYAK,Air Mentah,49441.80,2.4896,11469.20,0.5775,0.5385,2160,1.7407,0.00,28.63
Pembuangan AC,7.19,42.0,NETRAL,TIDAK LAYAK,Air Mentah,49582.70,2.4967,11467.60,0.5774,0.5384,2160,1.7407,0.00,28.63
Pembuangan AC,7.19,42.0,NETRAL,TIDAK LAYAK,Air Mentah,49365.10,2.4858,11406.80,0.5744,0.5356,2158,1.7390,0.00,28.63
Pembuangan AC,7.19,42.0,NETRAL,TIDAK LAYAK,Air Mentah,49395.40,2.4873,11421.20,0.5751,0.5362,2159,1.7399,0.00,28.63
Pembuangan AC,7.19,42.0,NETRAL,TIDAK LAYAK,Air Mentah,49400.30,2.4875,11437.20,0.5759,0.5370,2159,1.7399,0.00,28.63
Pembuangan AC,7.19,42.0,NETRAL,TIDAK LAYAK,Air Mentah,49754.00,2.5054,11387.60,0.5734,0.5347,2159,1.7399,0.00,28.63
Pembuangan AC,7.19,42.0,NETRAL,TIDAK LAYAK,Air Mentah,49726.80,2.5040,11352.40,0.5716,0.5330,2157,1.7382,0.00,28.63
Pembuangan AC,7.19,42.0,NETRAL,TIDAK LAYAK,Air Mentah,49573.20,2.4962,11403.60,0.5742,0.5354,2158,1.7390,0.00,28.63
Pembuangan AC,7.19,42.0,NETRAL,TIDAK LAYAK,Air Mentah,49704.30,2.5028,11384.40,0.5733,0.5345,2162,1.7423,0.00,28.63
Pembuangan AC,7.19,42.0,NETRAL,TIDAK LAYAK,Air Mentah,49797.20,2.5075,11365.20,0.5723,0.5336,2158,1.7390,0.00,28.63
Pembuangan AC,7.19,42.0,NETRAL,TIDAK LAYAK,Air Mentah,49771.60,2.5062,11355.60,0.5718,0.5332,2158,1.7390,0.00,28.63
Pembuangan AC,7.19,42.0,NETRAL,TIDAK LAYAK,Air Mentah,49624.30,2.4988,11370.00,0.5725,0.5338,2156,1.7374,0.00,28.63
Pembuangan AC,7.19,42.0,NETRAL,TIDAK LAYAK,Air Mentah,49605.10,2.4979,11360.40,0.5721,0.5334,2157,1.7382,0.00,28.63
Pembuangan AC,7.19,42.0,NETRAL,TIDAK LAYAK,Air Mentah,49582.70,2.4967,11390.80,0.5736,0.5348,2156,1.7374,0.00,28.63
Pembuangan AC,7.19,42.0,NETRAL,TIDAK LAYAK,Air Mentah,49664.30,2.5008,11446.80,0.5764,0.5374,2158,1.7390,0.00,28.63
Pembuangan AC,7.19,42.0,NETRAL,TIDAK LAYAK,Air Mentah,49758.80,2.5056,11414.80,0.5748,0.5359,2157,1.7382,0.00,28.63
Pembuangan AC,7.19,42.0,NETRAL,TIDAK LAYAK,Air Mentah,49670.80,2.5012,11387.60,0.5734,0.5347,2159,1.7399,0.00,28.63
Pembuangan AC,7.19,42.0,NETRAL,TIDAK LAYAK,Air Mentah,49757.10,2.5055,11371.60,0.5726,0.5339,2159,1.7399,0.00,28.63
Pembuangan AC,7.19,42.0,NETRAL,TIDAK LAYAK,Air Mentah,49609.90,2.4981,11382.80,0.5732,0.5344,2159,1.7399,0.00,28.63
Pembuangan AC,7.19,42.0,NETRAL,TIDAK LAYAK,Air Mentah,49725.20,2.5039,11419.60,0.5750,0.5362,2159,1.7399,0.00,28.63
Pembuangan AC,7.19,42.0,NETRAL,TIDAK LAYAK,Air Mentah,49898.00,2.5126,11395.60,0.5738,0.5350,2157,1.7382,0.00,28.63
Pembuangan AC,7.19,42.0,NETRAL,TIDAK LAYAK,Air Mentah,49701.20,2.5027,11371.60,0.5726,0.5339,2156,1.7374,0.00,28.63
Pembuangan AC,7.19,42.0,NETRAL,TIDAK LAYAK,Air Mentah,49739.60,2.5046,11370.00,0.5725,0.5338,2182,1.7584,0.00,28.63
Pembuangan AC,7.19,42.0,NETRAL,TIDAK LAYAK,Air Mentah,49675.50,2.5014,11395.60,0.5738,0.5350,2159,1.7399,0.00,28.63
Pembuangan AC,7.19,42.0,NETRAL,TIDAK LAYAK,Air Mentah,49646.70,2.4999,11416.40,0.5749,0.5360,2160,1.7407,0.00,28.63
Pembuangan AC,7.19,42.0,NETRAL,TIDAK LAYAK,Air Mentah,49731.60,2.5042,11398.80,0.5740,0.5352,2168,1.7471,0.00,28.63
Pembuangan AC,7.19,42.0,NETRAL,TIDAK LAYAK,Air Mentah,49840.40,2.5097,11458.00,0.5770,0.5380,2158,1.7390,0.00,28.63
Pembuangan AC,7.19,42.0,NETRAL,TIDAK LAYAK,Air Mentah,49717.20,2.5035,11312.40,0.5696,0.5311,2159,1.7399,0.00,28.63
Pembuangan AC,7.19,42.0,NETRAL,TIDAK LAYAK,Air Mentah,49886.80,2.5120,11298.00,0.5689,0.5305,2158,1.7390,0.00,28.63
Pembuangan AC,7.19,42.0,NETRAL,TIDAK LAYAK,Air Mentah,49805.30,2.5079,11355.60,0.5718,0.5332,2157,1.7382,0.00,28.63
Pembuangan AC,7.19,42.0,NETRAL,TIDAK LAYAK,Air Mentah,49769.90,2.5062,11350.80,0.5716,0.5329,2159,1.7399,0.00,28.63
Pembuangan AC,7.19,42.0,NETRAL,TIDAK LAYAK,Air Mentah,49931.70,2.5143,11338.00,0.5709,0.5323,2159,1.7399,0.00,28.63
Pembuangan AC,7.19,42.0,NETRAL,TIDAK LAYAK,Air Mentah,49802.00,2.5078,11336.40,0.5708,0.5323,2158,1.7390,0.00,28.63
Pembuangan AC,7.19,42.0,NETRAL,TIDAK LAYAK,Air Mentah,49779.60,2.5066,11307.60,0.5694,0.5309,2159,1.7399,0.00,28.63
Pembuangan AC,7.19,42.0,NETRAL,TIDAK LAYAK,Air Mentah,49926.80,2.5141,11293.20,0.5687,0.5302,2166,1.7455,0.00,28.63
Pembuangan AC,7.19,42.0,NETRAL,TIDAK LAYAK,Air Mentah,49827.60,2.5091,11283.60,0.5682,0.5298,2158,1.7390,0.00,28.63
Pembuangan AC,7.19,42.0,NETRAL,TIDAK LAYAK,Air Mentah,49762.00,2.5058,11259.60,0.5670,0.5286,2159,1.7399,0.00,28.63
Pembuangan AC,7.19,42.0,NETRAL,TIDAK LAYAK,Air Mentah,49898.00,2.5126,11365.20,0.5723,0.5336,2157,1.7382,0.00,28.63
Pembuangan AC,7.19,42.0,NETRAL,TIDAK LAYAK,Air Mentah,49699.50,2.5026,11411.60,0.5746,0.5358,2157,1.7382,0.00,28.63
Pembuangan AC,7.19,42.0,NETRAL,TIDAK LAYAK,Air Mentah,49774.80,2.5064,11362.00,0.5721,0.5335,2160,1.7407,0.00,28.63
Pembuangan AC,7.19,42.0,NETRAL,TIDAK LAYAK,Air Mentah,49893.30,2.5124,11352.40,0.5716,0.5330,2158,1.7390,0.00,28.63
Pembuangan AC,7.19,42.0,NETRAL,TIDAK LAYAK,Air Mentah,49861.20,2.5107,11389.20,0.5735,0.5347,2158,1.7390,0.00,28.63
Pembuangan AC,7.19,42.0,NETRAL,TIDAK LAYAK,Air Mentah,49689.90,2.5021,11427.60,0.5754,0.5365,2160,1.7407,0.00,28.63
Pembuangan AC,7.19,42.0,NETRAL,TIDAK LAYAK,Air Mentah,49986.10,2.5170,11278.80,0.5679,0.5295,2182,1.7584,0.00,28.63
Pembuangan AC,7.19,42.0,NETRAL,TIDAK LAYAK,Air Mentah,49893.20,2.5124,11338.00,0.5709,0.5323,2156,1.7374,0.00,28.63
Soda Tawar,5.06,150.0,ASAM,TIDAK LAYAK,Tercemar Asam (Cuka),52502.10,2.6437,11693.20,0.5888,0.5477,2280,1.8374,0.00,28.75
Soda Tawar,5.06,150.0,ASAM,TIDAK LAYAK,Tercemar Asam (Cuka),52290.80,2.6331,11718.80,0.5901,0.5489,2277,1.8349,0.00,28.75
Soda Tawar,5.06,150.0,ASAM,TIDAK LAYAK,Tercemar Asam (Cuka),52779.00,2.6577,11677.20,0.5880,0.5463,2292,1.8470,0.00,28.81
Soda Tawar,5.06,150.0,ASAM,TIDAK LAYAK,Tercemar Asam (Cuka),52534.00,2.6453,11702.80,0.5893,0.5475,2309,1.8607,0.00,28.81
Soda Tawar,5.06,150.0,ASAM,TIDAK LAYAK,Tercemar Asam (Cuka),52985.30,2.6681,11750.80,0.5917,0.5498,2325,1.8736,0.00,28.81
Soda Tawar,5.06,150.0,ASAM,TIDAK LAYAK,Tercemar Asam (Cuka),52812.50,2.6594,11797.20,0.5940,0.5520,2334,1.8809,0.00,28.81
Soda Tawar,5.06,150.0,ASAM,TIDAK LAYAK,Tercemar Asam (Cuka),52334.00,2.6353,11784.40,0.5934,0.5514,2351,1.8946,0.00,28.81
Soda Tawar,5.06,150.0,ASAM,TIDAK LAYAK,Tercemar Asam (Cuka),52489.20,2.6431,11766.80,0.5925,0.5505,2352,1.8954,0.00,28.81
Soda Tawar,5.06,150.0,ASAM,TIDAK LAYAK,Tercemar Asam (Cuka),52442.90,2.6408,11712.40,0.5898,0.5480,2375,1.9139,0.00,28.81
Soda Tawar,5.06,150.0,ASAM,TIDAK LAYAK,Tercemar Asam (Cuka),52634.80,2.6504,11701.20,0.5892,0.5475,2370,1.9099,0.00,28.81
Soda Tawar,5.06,150.0,ASAM,TIDAK LAYAK,Tercemar Asam (Cuka),52521.30,2.6447,11794.00,0.5939,0.5518,2366,1.9067,0.00,28.81
Soda Tawar,5.06,150.0,ASAM,TIDAK LAYAK,Tercemar Asam (Cuka),52399.70,2.6386,11768.40,0.5926,0.5506,1964,1.5827,9.54,28.81
Soda Tawar,5.06,150.0,ASAM,TIDAK LAYAK,Tercemar Asam (Cuka),52338.90,2.6355,11640.40,0.5861,0.5446,2384,1.9212,0.00,28.81
Soda Tawar,5.06,150.0,ASAM,TIDAK LAYAK,Tercemar Asam (Cuka),52481.30,2.6427,11650.00,0.5866,0.5451,2356,1.8986,0.00,28.81
Soda Tawar,5.06,150.0,ASAM,TIDAK LAYAK,Tercemar Asam (Cuka),52316.50,2.6344,11635.60,0.5859,0.5444,2345,1.8897,0.00,28.81
Soda Tawar,5.06,150.0,ASAM,TIDAK LAYAK,Tercemar Asam (Cuka),52726.20,2.6550,11629.20,0.5856,0.5441,2308,1.8599,0.00,28.81
Soda Tawar,5.06,150.0,ASAM,TIDAK LAYAK,Tercemar Asam (Cuka),52498.90,2.6436,11667.60,0.5875,0.5459,2260,1.8212,0.00,28.81
Soda Tawar,5.06,150.0,ASAM,TIDAK LAYAK,Tercemar Asam (Cuka),52625.30,2.6499,11626.00,0.5854,0.5439,2265,1.8253,0.00,28.81
Soda Tawar,5.06,150.0,ASAM,TIDAK LAYAK,Tercemar Asam (Cuka),52663.70,2.6519,11557.20,0.5820,0.5407,2276,1.8341,0.00,28.81
Soda Tawar,5.06,150.0,ASAM,TIDAK LAYAK,Tercemar Asam (Cuka),52182.00,2.6276,11670.80,0.5877,0.5460,2302,1.8551,0.00,28.81
Soda Tawar,5.06,150.0,ASAM,TIDAK LAYAK,Tercemar Asam (Cuka),52215.60,2.6293,11570.00,0.5826,0.5413,2316,1.8664,0.00,28.81
Soda Tawar,5.06,150.0,ASAM,TIDAK LAYAK,Tercemar Asam (Cuka),52529.30,2.6451,11608.40,0.5845,0.5431,2360,1.9018,0.00,28.81
Soda Tawar,5.06,150.0,ASAM,TIDAK LAYAK,Tercemar Asam (Cuka),52423.60,2.6398,11523.60,0.5803,0.5392,2293,1.8478,0.00,28.81
Soda Tawar,5.06,150.0,ASAM,TIDAK LAYAK,Tercemar Asam (Cuka),52188.40,2.6279,11333.20,0.5707,0.5302,572,0.4610,80.92,28.81
Soda Tawar,5.06,150.0,ASAM,TIDAK LAYAK,Tercemar Asam (Cuka),52196.40,2.6283,11427.60,0.5754,0.5347,2188,1.7632,0.00,28.81
Soda Tawar,5.06,150.0,ASAM,TIDAK LAYAK,Tercemar Asam (Cuka),52178.80,2.6275,11466.00,0.5774,0.5365,2151,1.7334,0.00,28.81
Soda Tawar,5.06,150.0,ASAM,TIDAK LAYAK,Tercemar Asam (Cuka),52734.10,2.6554,11542.80,0.5812,0.5401,2166,1.7455,0.00,28.81
Soda Tawar,5.06,150.0,ASAM,TIDAK LAYAK,Tercemar Asam (Cuka),53047.80,2.6712,11418.00,0.5750,0.5342,2184,1.7600,0.00,28.81
Soda Tawar,5.06,150.0,ASAM,TIDAK LAYAK,Tercemar Asam (Cuka),52596.40,2.6485,11395.60,0.5738,0.5332,2207,1.7785,0.00,28.81
Soda Tawar,5.06,150.0,ASAM,TIDAK LAYAK,Tercemar Asam (Cuka),52732.40,2.6553,11467.60,0.5774,0.5365,2216,1.7858,0.00,28.81
Soda Tawar,5.06,150.0,ASAM,TIDAK LAYAK,Tercemar Asam (Cuka),53169.30,2.6773,11429.20,0.5755,0.5347,2219,1.7882,0.00,28.81
Soda Tawar,5.06,150.0,ASAM,TIDAK LAYAK,Tercemar Asam (Cuka),52962.90,2.6669,11454.80,0.5768,0.5359,2213,1.7834,0.00,28.81
Soda Tawar,5.06,150.0,ASAM,TIDAK LAYAK,Tercemar Asam (Cuka),52935.70,2.6656,11464.40,0.5773,0.5364,2231,1.7979,0.00,28.81
Soda Tawar,5.06,150.0,ASAM,TIDAK LAYAK,Tercemar Asam (Cuka),52975.70,2.6676,11459.60,0.5770,0.5362,2181,1.7576,0.00,28.81
Soda Tawar,5.06,150.0,ASAM,TIDAK LAYAK,Tercemar Asam (Cuka),52830.00,2.6602,11565.20,0.5824,0.5411,2230,1.7971,0.00,28.81
Soda Tawar,5.06,150.0,ASAM,TIDAK LAYAK,Tercemar Asam (Cuka),52887.70,2.6631,11546.00,0.5814,0.5402,2251,1.8140,0.00,28.81
Soda Tawar,5.06,150.0,ASAM,TIDAK LAYAK,Tercemar Asam (Cuka),53011.00,2.6694,11501.20,0.5791,0.5381,2250,1.8132,0.00,28.81
Soda Tawar,5.06,150.0,ASAM,TIDAK LAYAK,Tercemar Asam (Cuka),52826.90,2.6601,11438.80,0.5760,0.5352,2221,1.7898,0.00,28.81
Soda Tawar,5.06,150.0,ASAM,TIDAK LAYAK,Tercemar Asam (Cuka),52644.40,2.6509,11541.20,0.5812,0.5400,2232,1.7987,0.00,28.81
Soda Tawar,5.06,150.0,ASAM,TIDAK LAYAK,Tercemar Asam (Cuka),52842.90,2.6609,11611.60,0.5847,0.5426,2248,1.8116,0.00,28.88
Soda Tawar,5.06,150.0,ASAM,TIDAK LAYAK,Tercemar Asam (Cuka),52606.00,2.6490,11506.00,0.5794,0.5383,2280,1.8374,0.00,28.81
Soda Tawar,5.06,150.0,ASAM,TIDAK LAYAK,Tercemar Asam (Cuka),52300.40,2.6336,11797.20,0.5940,0.5520,2310,1.8615,0.00,28.81
Soda Tawar,5.06,150.0,ASAM,TIDAK LAYAK,Tercemar Asam (Cuka),51986.70,2.6178,11774.80,0.5929,0.5509,2318,1.8680,0.00,28.81
Soda Tawar,5.06,150.0,ASAM,TIDAK LAYAK,Tercemar Asam (Cuka),52132.40,2.6251,11787.60,0.5936,0.5515,2330,1.8777,0.00,28.81
Soda Tawar,5.06,150.0,ASAM,TIDAK LAYAK,Tercemar Asam (Cuka),52494.10,2.6433,11728.40,0.5906,0.5487,2312,1.8632,0.00,28.81
Soda Tawar,5.06,150.0,ASAM,TIDAK LAYAK,Tercemar Asam (Cuka),52068.30,2.6219,11818.00,0.5951,0.5523,2323,1.8720,0.00,28.88
Soda Tawar,5.06,150.0,ASAM,TIDAK LAYAK,Tercemar Asam (Cuka),52079.60,2.6225,11770.00,0.5927,0.5500,2326,1.8744,0.00,28.88
Soda Tawar,5.06,150.0,ASAM,TIDAK LAYAK,Tercemar Asam (Cuka),52249.30,2.6310,11733.20,0.5908,0.5490,2328,1.8760,0.00,28.81
Soda Tawar,5.06,150.0,ASAM,TIDAK LAYAK,Tercemar Asam (Cuka),52065.30,2.6217,11742.80,0.5913,0.5494,2359,1.9010,0.00,28.81
Soda Tawar,5.06,150.0,ASAM,TIDAK LAYAK,Tercemar Asam (Cuka),52196.40,2.6283,11749.20,0.5916,0.5491,2313,1.8640,0.00,28.88
Soda Tawar,5.06,150.0,ASAM,TIDAK LAYAK,Tercemar Asam (Cuka),52271.60,2.6321,11702.80,0.5893,0.5475,2291,1.8462,0.00,28.81
Soda Tawar,5.06,150.0,ASAM,TIDAK LAYAK,Tercemar Asam (Cuka),52290.80,2.6331,11768.40,0.5926,0.5500,2257,1.8188,0.00,28.88
Soda Tawar,5.06,150.0,ASAM,TIDAK LAYAK,Tercemar Asam (Cuka),52110.00,2.6240,11718.80,0.5901,0.5483,2227,1.7947,0.00,28.81
Soda Tawar,5.06,150.0,ASAM,TIDAK LAYAK,Tercemar Asam (Cuka),52530.90,2.6452,11707.60,0.5895,0.5478,2325,1.8736,0.00,28.81
Soda Tawar,5.06,150.0,ASAM,TIDAK LAYAK,Tercemar Asam (Cuka),52238.10,2.6304,11758.80,0.5921,0.5502,2274,1.8325,0.00,28.81
Soda Tawar,5.06,150.0,ASAM,TIDAK LAYAK,Tercemar Asam (Cuka),52081.10,2.6225,11728.40,0.5906,0.5487,2253,1.8156,0.00,28.81
Soda Tawar,5.06,150.0,ASAM,TIDAK LAYAK,Tercemar Asam (Cuka),52303.70,2.6337,11797.20,0.5940,0.5513,2270,1.8293,0.00,28.88
Soda Tawar,5.06,150.0,ASAM,TIDAK LAYAK,Tercemar Asam (Cuka),52012.30,2.6191,11685.20,0.5884,0.5461,2280,1.8374,0.00,28.88
Soda Tawar,5.06,150.0,ASAM,TIDAK LAYAK,Tercemar Asam (Cuka),52196.40,2.6283,11715.60,0.5899,0.5481,2234,1.8003,0.00,28.81
Soda Tawar,5.06,150.0,ASAM,TIDAK LAYAK,Tercemar Asam (Cuka),52527.70,2.6450,11773.20,0.5928,0.5502,2242,1.8067,0.00,28.88
Soda Tawar,5.06,150.0,ASAM,TIDAK LAYAK,Tercemar Asam (Cuka),52274.80,2.6323,11718.80,0.5901,0.5477,2244,1.8084,0.00,28.88
Soda Tawar,5.06,150.0,ASAM,TIDAK LAYAK,Tercemar Asam (Cuka),52374.00,2.6373,11661.20,0.5872,0.5456,2221,1.7898,0.00,28.81
Soda Tawar,5.06,150.0,ASAM,TIDAK LAYAK,Tercemar Asam (Cuka),52295.60,2.6333,11720.40,0.5902,0.5477,2230,1.7971,0.00,28.88
Soda Tawar,5.06,150.0,ASAM,TIDAK LAYAK,Tercemar Asam (Cuka),52468.50,2.6420,11738.00,0.5911,0.5486,2226,1.7938,0.00,28.88
Soda Tawar,5.06,150.0,ASAM,TIDAK LAYAK,Tercemar Asam (Cuka),52457.30,2.6415,11669.20,0.5876,0.5460,2244,1.8084,0.00,28.81
Soda Tawar,5.06,150.0,ASAM,TIDAK LAYAK,Tercemar Asam (Cuka),52809.40,2.6592,11611.60,0.5847,0.5433,2261,1.8221,0.00,28.81
Soda Tawar,5.06,150.0,ASAM,TIDAK LAYAK,Tercemar Asam (Cuka),52550.10,2.6461,11725.20,0.5904,0.5480,2276,1.8341,0.00,28.88
Soda Tawar,5.06,150.0,ASAM,TIDAK LAYAK,Tercemar Asam (Cuka),52657.30,2.6515,11691.60,0.5887,0.5470,2280,1.8374,0.00,28.81
Soda Tawar,5.06,150.0,ASAM,TIDAK LAYAK,Tercemar Asam (Cuka),52745.30,2.6560,11706.00,0.5895,0.5477,2288,1.8438,0.00,28.81
Soda Tawar,5.06,150.0,ASAM,TIDAK LAYAK,Tercemar Asam (Cuka),52591.60,2.6482,11667.60,0.5875,0.5453,2291,1.8462,0.00,28.88
Soda Tawar,5.06,150.0,ASAM,TIDAK LAYAK,Tercemar Asam (Cuka),52322.80,2.6347,11642.00,0.5862,0.5441,2300,1.8535,0.00,28.88
Soda Tawar,5.06,150.0,ASAM,TIDAK LAYAK,Tercemar Asam (Cuka),52650.90,2.6512,11654.80,0.5869,0.5447,2306,1.8583,0.00,28.88
Soda Tawar,5.06,150.0,ASAM,TIDAK LAYAK,Tercemar Asam (Cuka),52666.90,2.6520,11605.20,0.5844,0.5423,2314,1.8648,0.00,28.88
Soda Tawar,5.06,150.0,ASAM,TIDAK LAYAK,Tercemar Asam (Cuka),52684.50,2.6529,11566.80,0.5824,0.5406,2334,1.8809,0.00,28.88
Soda Tawar,5.06,150.0,ASAM,TIDAK LAYAK,Tercemar Asam (Cuka),52551.60,2.6462,11522.00,0.5802,0.5385,2338,1.8841,0.00,28.88
Soda Tawar,5.06,150.0,ASAM,TIDAK LAYAK,Tercemar Asam (Cuka),52494.00,2.6433,11611.60,0.5847,0.5433,2356,1.8986,0.00,28.81
Soda Tawar,5.06,150.0,ASAM,TIDAK LAYAK,Tercemar Asam (Cuka),52577.20,2.6475,11595.60,0.5839,0.5425,2344,1.8889,0.00,28.81
Soda Tawar,5.06,150.0,ASAM,TIDAK LAYAK,Tercemar Asam (Cuka),52361.20,2.6366,11600.40,0.5841,0.5428,2371,1.9107,0.00,28.81
Soda Tawar,5.06,150.0,ASAM,TIDAK LAYAK,Tercemar Asam (Cuka),52665.30,2.6519,11539.60,0.5811,0.5399,2409,1.9413,0.00,28.81
Soda Tawar,5.06,150.0,ASAM,TIDAK LAYAK,Tercemar Asam (Cuka),52538.90,2.6456,11552.40,0.5817,0.5399,2433,1.9607,0.00,28.88
Soda Tawar,5.06,150.0,ASAM,TIDAK LAYAK,Tercemar Asam (Cuka),52649.30,2.6511,11514.00,0.5798,0.5387,2448,1.9727,0.00,28.81
Soda Tawar,5.06,150.0,ASAM,TIDAK LAYAK,Tercemar Asam (Cuka),53004.50,2.6690,11541.20,0.5812,0.5394,2427,1.9558,0.00,28.88
Soda Tawar,5.06,150.0,ASAM,TIDAK LAYAK,Tercemar Asam (Cuka),52641.30,2.6507,11523.60,0.5803,0.5385,2455,1.9784,0.00,28.88
Soda Tawar,5.06,150.0,ASAM,TIDAK LAYAK,Tercemar Asam (Cuka),52542.10,2.6457,11512.40,0.5797,0.5380,2463,1.9848,0.00,28.88
Soda Tawar,5.06,150.0,ASAM,TIDAK LAYAK,Tercemar Asam (Cuka),52730.90,2.6553,11531.60,0.5807,0.5395,2471,1.9913,0.00,28.81
Soda Tawar,5.06,150.0,ASAM,TIDAK LAYAK,Tercemar Asam (Cuka),52362.80,2.6367,11512.40,0.5797,0.5386,2476,1.9953,0.00,28.81
Soda Tawar,5.06,150.0,ASAM,TIDAK LAYAK,Tercemar Asam (Cuka),52489.20,2.6431,11514.00,0.5798,0.5381,2497,2.0122,0.00,28.88
Soda Tawar,5.06,150.0,ASAM,TIDAK LAYAK,Tercemar Asam (Cuka),52602.90,2.6488,11518.80,0.5800,0.5389,2518,2.0292,0.00,28.81
Soda Tawar,5.06,150.0,ASAM,TIDAK LAYAK,Tercemar Asam (Cuka),52561.30,2.6467,11536.40,0.5809,0.5398,2521,2.0316,0.00,28.81
Soda Tawar,5.06,150.0,ASAM,TIDAK LAYAK,Tercemar Asam (Cuka),52750.10,2.6562,11474.00,0.5778,0.5368,2517,2.0284,0.00,28.81
Soda Tawar,5.06,150.0,ASAM,TIDAK LAYAK,Tercemar Asam (Cuka),52628.40,2.6501,11406.80,0.5744,0.5331,2204,1.7761,0.00,28.88
Soda Tawar,5.06,150.0,ASAM,TIDAK LAYAK,Tercemar Asam (Cuka),52550.10,2.6461,11470.80,0.5776,0.5361,2096,1.6891,2.77,28.88
Soda Tawar,5.06,150.0,ASAM,TIDAK LAYAK,Tercemar Asam (Cuka),52820.60,2.6598,11430.80,0.5756,0.5348,2000,1.6117,7.69,28.81
Soda Tawar,5.06,150.0,ASAM,TIDAK LAYAK,Tercemar Asam (Cuka),52818.90,2.6597,11464.40,0.5773,0.5358,1837,1.4804,16.05,28.88
Soda Tawar,5.06,150.0,ASAM,TIDAK LAYAK,Tercemar Asam (Cuka),52671.70,2.6523,11406.80,0.5744,0.5337,1745,1.4062,20.77,28.81
Soda Tawar,5.06,150.0,ASAM,TIDAK LAYAK,Tercemar Asam (Cuka),52836.50,2.6606,11474.00,0.5778,0.5362,1668,1.3442,24.72,28.88
Soda Tawar,5.06,150.0,ASAM,TIDAK LAYAK,Tercemar Asam (Cuka),52650.90,2.6512,11392.40,0.5737,0.5324,1591,1.2821,28.67,28.88
Soda Tawar,5.06,150.0,ASAM,TIDAK LAYAK,Tercemar Asam (Cuka),52566.10,2.6470,11466.00,0.5774,0.5358,1531,1.2338,31.74,28.88
Soda Tawar,5.06,150.0,ASAM,TIDAK LAYAK,Tercemar Asam (Cuka),52487.60,2.6430,11437.20,0.5759,0.5345,1484,1.1959,34.15,28.88
Soda Tawar,5.06,150.0,ASAM,TIDAK LAYAK,Tercemar Asam (Cuka),52782.10,2.6578,11363.60,0.5722,0.5311,1439,1.1596,36.46,28.88
Soda Tawar,5.06,150.0,ASAM,TIDAK LAYAK,Tercemar Asam (Cuka),52839.70,2.6607,11432.40,0.5757,0.5343,1391,1.1210,38.92,28.88
Soda Tawar,5.06,150.0,ASAM,TIDAK LAYAK,Tercemar Asam (Cuka),52719.70,2.6547,11376.40,0.5729,0.5317,1362,1.0976,40.41,28.88
Soda Tawar,5.06,150.0,ASAM,TIDAK LAYAK,Tercemar Asam (Cuka),52602.90,2.6488,11405.20,0.5743,0.5330,1278,1.0299,44.72,28.88
Soda Tawar,5.06,150.0,ASAM,TIDAK LAYAK,Tercemar Asam (Cuka),52689.30,2.6532,11491.60,0.5787,0.5370,1267,1.0210,45.28,28.88
Soda Tawar,5.06,150.0,ASAM,TIDAK LAYAK,Tercemar Asam (Cuka),52815.80,2.6595,11472.40,0.5777,0.5361,1229,0.9904,47.23,28.88
Soda Tawar,5.06,150.0,ASAM,TIDAK LAYAK,Tercemar Asam (Cuka),52674.90,2.6524,11402.00,0.5741,0.5328,1204,0.9703,48.51,28.88
Soda Tawar,5.06,150.0,ASAM,TIDAK LAYAK,Tercemar Asam (Cuka),52610.90,2.6492,11386.00,0.5733,0.5327,1081,0.8711,54.82,28.81
Soda Tawar,5.06,150.0,ASAM,TIDAK LAYAK,Tercemar Asam (Cuka),52238.10,2.6304,11472.40,0.5777,0.5368,1504,1.2120,33.13,28.81
Soda Tawar,5.06,150.0,ASAM,TIDAK LAYAK,Tercemar Asam (Cuka),52295.70,2.6333,11474.00,0.5778,0.5362,2472,1.9921,0.00,28.88
Soda Tawar,5.06,150.0,ASAM,TIDAK LAYAK,Tercemar Asam (Cuka),52358.10,2.6365,11533.20,0.5808,0.5390,2410,1.9421,0.00,28.88
Soda Tawar,5.06,150.0,ASAM,TIDAK LAYAK,Tercemar Asam (Cuka),52204.40,2.6287,11443.60,0.5762,0.5348,2392,1.9276,0.00,28.88
Soda Tawar,5.06,150.0,ASAM,TIDAK LAYAK,Tercemar Asam (Cuka),52127.60,2.6249,11486.80,0.5784,0.5374,2414,1.9453,0.00,28.81
Soda Tawar,5.06,150.0,ASAM,TIDAK LAYAK,Tercemar Asam (Cuka),51966.00,2.6167,11410.00,0.5745,0.5332,2410,1.9421,0.00,28.88
Soda Tawar,5.06,150.0,ASAM,TIDAK LAYAK,Tercemar Asam (Cuka),52066.70,2.6218,11499.60,0.5791,0.5374,2409,1.9413,0.00,28.88
Soda Tawar,5.06,150.0,ASAM,TIDAK LAYAK,Tercemar Asam (Cuka),52074.70,2.6222,11451.60,0.5766,0.5352,2396,1.9308,0.00,28.88
Soda Tawar,5.06,150.0,ASAM,TIDAK LAYAK,Tercemar Asam (Cuka),52188.40,2.6279,11550.80,0.5816,0.5398,2346,1.8905,0.00,28.88
Soda Tawar,5.06,150.0,ASAM,TIDAK LAYAK,Tercemar Asam (Cuka),52162.80,2.6266,11482.00,0.5782,0.5366,2248,1.8116,0.00,28.88
Soda Tawar,5.06,150.0,ASAM,TIDAK LAYAK,Tercemar Asam (Cuka),52158.00,2.6264,11491.60,0.5787,0.5370,2347,1.8914,0.00,28.88
Soda Tawar,5.06,150.0,ASAM,TIDAK LAYAK,Tercemar Asam (Cuka),52281.20,2.6326,11533.20,0.5808,0.5390,2330,1.8777,0.00,28.88
Soda Tawar,5.06,150.0,ASAM,TIDAK LAYAK,Tercemar Asam (Cuka),52380.40,2.6376,11547.60,0.5815,0.5403,2455,1.9784,0.00,28.81
Soda Tawar,5.06,150.0,ASAM,TIDAK LAYAK,Tercemar Asam (Cuka),52234.80,2.6303,11526.80,0.5804,0.5393,2397,1.9316,0.00,28.81
Soda Tawar,5.06,150.0,ASAM,TIDAK LAYAK,Tercemar Asam (Cuka),52420.50,2.6396,11530.00,0.5806,0.5388,2414,1.9453,0.00,28.88
Soda Tawar,5.06,150.0,ASAM,TIDAK LAYAK,Tercemar Asam (Cuka),52326.10,2.6349,11560.40,0.5821,0.5403,2354,1.8970,0.00,28.88
Soda Tawar,5.06,150.0,ASAM,TIDAK LAYAK,Tercemar Asam (Cuka),52625.30,2.6499,11512.40,0.5797,0.5380,2313,1.8640,0.00,28.88
Soda Tawar,5.06,150.0,ASAM,TIDAK LAYAK,Tercemar Asam (Cuka),52519.60,2.6446,11566.80,0.5824,0.5412,2301,1.8543,0.00,28.81
Soda Tawar,5.06,150.0,ASAM,TIDAK LAYAK,Tercemar Asam (Cuka),52439.60,2.6406,11587.60,0.5835,0.5415,2368,1.9083,0.00,28.88
Soda Tawar,5.06,150.0,ASAM,TIDAK LAYAK,Tercemar Asam (Cuka),52609.30,2.6491,11491.60,0.5787,0.5370,2377,1.9155,0.00,28.88
Soda Tawar,5.06,150.0,ASAM,TIDAK LAYAK,Tercemar Asam (Cuka),52673.30,2.6524,11485.20,0.5783,0.5374,2354,1.8970,0.00,28.81
Soda Tawar,5.06,150.0,ASAM,TIDAK LAYAK,Tercemar Asam (Cuka),52767.70,2.6571,11490.00,0.5786,0.5370,2326,1.8744,0.00,28.88
Soda Tawar,5.06,150.0,ASAM,TIDAK LAYAK,Tercemar Asam (Cuka),52345.30,2.6358,11462.80,0.5772,0.5357,2256,1.8180,0.00,28.88
Soda Tawar,5.06,150.0,ASAM,TIDAK LAYAK,Tercemar Asam (Cuka),52502.00,2.6437,11546.00,0.5814,0.5396,2207,1.7785,0.00,28.88
Soda Tawar,5.06,150.0,ASAM,TIDAK LAYAK,Tercemar Asam (Cuka),52505.20,2.6439,11522.00,0.5802,0.5391,2325,1.8736,0.00,28.81
Soda Tawar,5.06,150.0,ASAM,TIDAK LAYAK,Tercemar Asam (Cuka),52585.20,2.6479,11507.60,0.5795,0.5378,2308,1.8599,0.00,28.88
Soda Tawar,5.06,150.0,ASAM,TIDAK LAYAK,Tercemar Asam (Cuka),52879.70,2.6627,11488.40,0.5785,0.5369,2201,1.7737,0.00,28.88
Soda Tawar,5.06,150.0,ASAM,TIDAK LAYAK,Tercemar Asam (Cuka),53054.10,2.6715,11538.00,0.5810,0.5392,2337,1.8833,0.00,28.88
Soda Tawar,5.06,150.0,ASAM,TIDAK LAYAK,Tercemar Asam (Cuka),52953.30,2.6665,11558.80,0.5820,0.5402,2363,1.9042,0.00,28.88
Soda Tawar,5.06,150.0,ASAM,TIDAK LAYAK,Tercemar Asam (Cuka),52598.00,2.6486,11688.40,0.5886,0.5462,2260,1.8212,0.00,28.88
Soda Tawar,5.06,150.0,ASAM,TIDAK LAYAK,Tercemar Asam (Cuka),53099.00,2.6738,11829.20,0.5957,0.5528,2330,1.8777,0.00,28.88
Soda Tawar,5.06,150.0,ASAM,TIDAK LAYAK,Tercemar Asam (Cuka),52822.10,2.6598,11845.20,0.5965,0.5542,2341,1.8865,0.00,28.81
Soda Tawar,5.06,150.0,ASAM,TIDAK LAYAK,Tercemar Asam (Cuka),52618.80,2.6496,11946.00,0.6015,0.5583,1928,1.5537,11.38,28.88
Soda Tawar,5.06,150.0,ASAM,TIDAK LAYAK,Tercemar Asam (Cuka),52938.90,2.6657,11834.00,0.5959,0.5537,1841,1.4836,15.85,28.81
Soda Tawar,5.06,150.0,ASAM,TIDAK LAYAK,Tercemar Asam (Cuka),52716.40,2.6545,11950.80,0.6018,0.5585,1833,1.4771,16.26,28.88
Soda Tawar,5.06,150.0,ASAM,TIDAK LAYAK,Tercemar Asam (Cuka),52636.50,2.6505,11890.00,0.5987,0.5557,1809,1.4578,17.49,28.88
Soda Tawar,5.06,150.0,ASAM,TIDAK LAYAK,Tercemar Asam (Cuka),52369.20,2.6370,11798.80,0.5941,0.5520,1752,1.4119,20.41,28.81
Soda Tawar,5.06,150.0,ASAM,TIDAK LAYAK,Tercemar Asam (Cuka),52364.40,2.6368,11797.20,0.5940,0.5513,1715,1.3821,22.31,28.88
Soda Tawar,5.06,150.0,ASAM,TIDAK LAYAK,Tercemar Asam (Cuka),52828.50,2.6602,11730.00,0.5907,0.5488,1696,1.3667,23.28,28.81
Soda Tawar,5.06,150.0,ASAM,TIDAK LAYAK,Tercemar Asam (Cuka),52770.90,2.6573,11802.00,0.5943,0.5522,1680,1.3538,24.10,28.81
Soda Tawar,5.06,150.0,ASAM,TIDAK LAYAK,Tercemar Asam (Cuka),52486.00,2.6429,11714.00,0.5899,0.5474,1665,1.3418,24.87,28.88
Soda Tawar,5.06,150.0,ASAM,TIDAK LAYAK,Tercemar Asam (Cuka),52319.60,2.6345,11722.00,0.5903,0.5484,1648,1.3281,25.74,28.81
Soda Tawar,5.06,150.0,ASAM,TIDAK LAYAK,Tercemar Asam (Cuka),52630.10,2.6502,11598.80,0.5841,0.5427,1617,1.3031,27.33,28.81
Soda Tawar,5.06,150.0,ASAM,TIDAK LAYAK,Tercemar Asam (Cuka),52650.80,2.6512,11645.20,0.5864,0.5442,1546,1.2459,30.97,28.88
Soda Tawar,5.06,150.0,ASAM,TIDAK LAYAK,Tercemar Asam (Cuka),52575.70,2.6474,11664.40,0.5874,0.5457,1524,1.2281,32.10,28.81
Soda Tawar,5.06,150.0,ASAM,TIDAK LAYAK,Tercemar Asam (Cuka),52751.70,2.6563,11699.60,0.5891,0.5474,1507,1.2144,32.97,28.81
Soda Tawar,5.06,150.0,ASAM,TIDAK LAYAK,Tercemar Asam (Cuka),52714.90,2.6544,11651.60,0.5867,0.5451,1455,1.1725,35.64,28.81
Soda Tawar,5.06,150.0,ASAM,TIDAK LAYAK,Tercemar Asam (Cuka),52639.70,2.6507,11666.00,0.5874,0.5458,1401,1.1290,38.41,28.81
Soda Tawar,5.06,150.0,ASAM,TIDAK LAYAK,Tercemar Asam (Cuka),52591.70,2.6482,11643.60,0.5863,0.5441,1381,1.1129,39.44,28.88
Soda Tawar,5.06,150.0,ASAM,TIDAK LAYAK,Tercemar Asam (Cuka),52654.00,2.6514,11605.20,0.5844,0.5430,1375,1.1081,39.74,28.81
Soda Tawar,5.06,150.0,ASAM,TIDAK LAYAK,Tercemar Asam (Cuka),52479.60,2.6426,11674.00,0.5878,0.5462,1410,1.1363,37.95,28.81
Soda Tawar,5.06,150.0,ASAM,TIDAK LAYAK,Tercemar Asam (Cuka),52867.00,2.6621,11605.20,0.5844,0.5430,1479,1.1919,34.41,28.81
Soda Tawar,5.06,150.0,ASAM,TIDAK LAYAK,Tercemar Asam (Cuka),52746.80,2.6561,11603.60,0.5843,0.5429,2425,1.9542,0.00,28.81
Soda Tawar,5.06,150.0,ASAM,TIDAK LAYAK,Tercemar Asam (Cuka),52660.50,2.6517,11653.20,0.5868,0.5446,2400,1.9341,0.00,28.88
Soda Tawar,5.06,150.0,ASAM,TIDAK LAYAK,Tercemar Asam (Cuka),52487.60,2.6430,11763.60,0.5924,0.5504,2266,1.8261,0.00,28.81
Soda Tawar,5.06,150.0,ASAM,TIDAK LAYAK,Tercemar Asam (Cuka),52558.10,2.6466,11726.80,0.5905,0.5487,2212,1.7826,0.00,28.81
Soda Tawar,5.06,150.0,ASAM,TIDAK LAYAK,Tercemar Asam (Cuka),52801.40,2.6588,11690.00,0.5886,0.5469,2211,1.7818,0.00,28.81
Soda Tawar,5.06,150.0,ASAM,TIDAK LAYAK,Tercemar Asam (Cuka),52865.40,2.6620,11696.40,0.5890,0.5472,2212,1.7826,0.00,28.81
Soda Tawar,5.06,150.0,ASAM,TIDAK LAYAK,Tercemar Asam (Cuka),52859.00,2.6617,11651.60,0.5867,0.5451,2224,1.7922,0.00,28.81
Soda Tawar,5.06,150.0,ASAM,TIDAK LAYAK,Tercemar Asam (Cuka),52633.30,2.6503,11672.40,0.5878,0.5461,2232,1.7987,0.00,28.81
Soda Tawar,5.06,150.0,ASAM,TIDAK LAYAK,Tercemar Asam (Cuka),52602.90,2.6488,11723.60,0.5903,0.5485,2239,1.8043,0.00,28.81
Soda Tawar,5.06,150.0,ASAM,TIDAK LAYAK,Tercemar Asam (Cuka),52674.90,2.6524,11610.00,0.5846,0.5426,2254,1.8164,0.00,28.88
Soda Tawar,5.06,150.0,ASAM,TIDAK LAYAK,Tercemar Asam (Cuka),52498.80,2.6436,11795.60,0.5940,0.5519,2241,1.8059,0.00,28.81
Soda Tawar,5.06,150.0,ASAM,TIDAK LAYAK,Tercemar Asam (Cuka),52631.70,2.6503,11926.80,0.6006,0.5580,2328,1.8760,0.00,28.81
Soda Tawar,5.06,150.0,ASAM,TIDAK LAYAK,Tercemar Asam (Cuka),52625.30,2.6499,11730.00,0.5907,0.5488,2346,1.8905,0.00,28.81
Soda Tawar,5.06,150.0,ASAM,TIDAK LAYAK,Tercemar Asam (Cuka),52546.80,2.6460,11765.20,0.5924,0.5505,2352,1.8954,0.00,28.81
Soda Tawar,5.06,150.0,ASAM,TIDAK LAYAK,Tercemar Asam (Cuka),52444.50,2.6408,11813.20,0.5949,0.5527,2362,1.9034,0.00,28.81
Soda Tawar,5.06,150.0,ASAM,TIDAK LAYAK,Tercemar Asam (Cuka),52390.00,2.6381,11835.60,0.5960,0.5538,2364,1.9051,0.00,28.81
Soda Tawar,5.06,150.0,ASAM,TIDAK LAYAK,Tercemar Asam (Cuka),52383.60,2.6378,11757.20,0.5920,0.5501,2029,1.6351,6.21,28.81
Soda Tawar,5.06,150.0,ASAM,TIDAK LAYAK,Tercemar Asam (Cuka),52446.00,2.6409,11790.80,0.5937,0.5517,2018,1.6262,6.77,28.81
Soda Tawar,5.06,150.0,ASAM,TIDAK LAYAK,Tercemar Asam (Cuka),52244.30,2.6307,11786.00,0.5935,0.5514,2021,1.6286,6.62,28.81
Soda Tawar,5.06,150.0,ASAM,TIDAK LAYAK,Tercemar Asam (Cuka),52305.20,2.6338,11805.20,0.5944,0.5523,2015,1.6238,6.92,28.81
Soda Tawar,5.06,150.0,ASAM,TIDAK LAYAK,Tercemar Asam (Cuka),52447.70,2.6410,11755.60,0.5920,0.5500,2006,1.6166,7.38,28.81
Soda Tawar,5.06,150.0,ASAM,TIDAK LAYAK,Tercemar Asam (Cuka),52444.50,2.6408,11734.80,0.5909,0.5490,2020,1.6278,6.67,28.81
Soda Tawar,5.06,150.0,ASAM,TIDAK LAYAK,Tercemar Asam (Cuka),52642.90,2.6508,11736.40,0.5910,0.5491,2015,1.6238,6.92,28.81
Soda Tawar,5.06,150.0,ASAM,TIDAK LAYAK,Tercemar Asam (Cuka),52287.60,2.6329,11686.80,0.5885,0.5468,2009,1.6190,7.23,28.81
Soda Tawar,5.06,150.0,ASAM,TIDAK LAYAK,Tercemar Asam (Cuka),52263.60,2.6317,11763.60,0.5924,0.5504,2017,1.6254,6.82,28.81
Soda Tawar,5.06,150.0,ASAM,TIDAK LAYAK,Tercemar Asam (Cuka),52287.60,2.6329,11701.20,0.5892,0.5468,2062,1.6617,4.51,28.88
Soda Tawar,5.06,150.0,ASAM,TIDAK LAYAK,Tercemar Asam (Cuka),52449.20,2.6411,11648.40,0.5866,0.5450,2091,1.6851,3.03,28.81
Soda Tawar,5.06,150.0,ASAM,TIDAK LAYAK,Tercemar Asam (Cuka),52166.00,2.6268,11672.40,0.5878,0.5461,2211,1.7818,0.00,28.81
Soda Tawar,5.06,150.0,ASAM,TIDAK LAYAK,Tercemar Asam (Cuka),52334.10,2.6353,11658.00,0.5870,0.5454,2401,1.9349,0.00,28.81
Soda Tawar,5.06,150.0,ASAM,TIDAK LAYAK,Tercemar Asam (Cuka),52415.70,2.6394,11696.40,0.5890,0.5466,2352,1.8954,0.00,28.88
Soda Tawar,5.06,150.0,ASAM,TIDAK LAYAK,Tercemar Asam (Cuka),51908.20,2.6138,11630.80,0.5857,0.5442,2313,1.8640,0.00,28.81
Soda Tawar,5.06,150.0,ASAM,TIDAK LAYAK,Tercemar Asam (Cuka),51969.00,2.6169,11677.20,0.5880,0.5463,2289,1.8446,0.00,28.81
Soda Tawar,5.06,150.0,ASAM,TIDAK LAYAK,Tercemar Asam (Cuka),52118.10,2.6244,11664.40,0.5874,0.5457,2275,1.8333,0.00,28.81
Soda Tawar,5.06,150.0,ASAM,TIDAK LAYAK,Tercemar Asam (Cuka),52065.20,2.6217,11602.00,0.5842,0.5428,2257,1.8188,0.00,28.81
Soda Tawar,5.06,150.0,ASAM,TIDAK LAYAK,Tercemar Asam (Cuka),51914.60,2.6141,11629.20,0.5856,0.5441,2240,1.8051,0.00,28.81
Soda Tawar,5.06,150.0,ASAM,TIDAK LAYAK,Tercemar Asam (Cuka),52053.90,2.6212,11645.20,0.5864,0.5448,2216,1.7858,0.00,28.81
Soda Tawar,5.06,150.0,ASAM,TIDAK LAYAK,Tercemar Asam (Cuka),52247.70,2.6309,11658.00,0.5870,0.5454,2195,1.7689,0.00,28.81
Soda Tawar,5.06,150.0,ASAM,TIDAK LAYAK,Tercemar Asam (Cuka),52105.20,2.6237,11637.20,0.5860,0.5445,2202,1.7745,0.00,28.81
Soda Tawar,5.06,150.0,ASAM,TIDAK LAYAK,Tercemar Asam (Cuka),52358.10,2.6365,11581.20,0.5832,0.5419,2508,2.0211,0.00,28.81
Soda Tawar,5.06,150.0,ASAM,TIDAK LAYAK,Tercemar Asam (Cuka),52086.00,2.6228,11573.20,0.5828,0.5415,2390,1.9260,0.00,28.81
Soda Tawar,5.06,150.0,ASAM,TIDAK LAYAK,Tercemar Asam (Cuka),52350.00,2.6361,11629.20,0.5856,0.5441,2289,1.8446,0.00,28.81
Hujan Pertama,6.85,36.0,NETRAL,TIDAK LAYAK,Keruh/Organik,51357.60,2.5861,14707.20,0.7406,0.6826,2153,1.7350,0.00,29.25
Hujan Pertama,6.85,36.0,NETRAL,TIDAK LAYAK,Keruh/Organik,51133.60,2.5748,15427.60,0.7769,0.7160,2152,1.7342,0.00,29.25
Hujan Pertama,6.85,36.0,NETRAL,TIDAK LAYAK,Keruh/Organik,51178.40,2.5771,14540.50,0.7322,0.6748,2151,1.7334,0.00,29.25
Hujan Pertama,6.85,36.0,NETRAL,TIDAK LAYAK,Keruh/Organik,51176.80,2.5770,13129.10,0.6611,0.6093,2154,1.7358,0.00,29.25
Hujan Pertama,6.85,36.0,NETRAL,TIDAK LAYAK,Keruh/Organik,51346.40,2.5855,14210.80,0.7156,0.6595,2154,1.7358,0.00,29.25
Hujan Pertama,6.85,36.0,NETRAL,TIDAK LAYAK,Keruh/Organik,51544.80,2.5955,14089.50,0.7095,0.6539,2152,1.7342,0.00,29.25
Hujan Pertama,6.85,36.0,NETRAL,TIDAK LAYAK,Keruh/Organik,51530.40,2.5948,13518.10,0.6807,0.6274,2153,1.7350,0.00,29.25
Hujan Pertama,6.85,36.0,NETRAL,TIDAK LAYAK,Keruh/Organik,51258.40,2.5811,15600.20,0.7855,0.7232,2152,1.7342,0.00,29.31
Hujan Pertama,6.85,36.0,NETRAL,TIDAK LAYAK,Keruh/Organik,51380.00,2.5872,14404.50,0.7253,0.6685,2149,1.7318,0.05,29.25
Hujan Pertama,6.85,36.0,NETRAL,TIDAK LAYAK,Keruh/Organik,51197.60,2.5780,12896.90,0.6494,0.5979,2153,1.7350,0.00,29.31
Hujan Pertama,6.85,36.0,NETRAL,TIDAK LAYAK,Keruh/Organik,51597.60,2.5982,14015.60,0.7058,0.6505,2157,1.7382,0.00,29.25
Hujan Pertama,6.85,36.0,NETRAL,TIDAK LAYAK,Keruh/Organik,51464.80,2.5915,14502.50,0.7303,0.6731,2150,1.7326,0.00,29.25
Hujan Pertama,6.85,36.0,NETRAL,TIDAK LAYAK,Keruh/Organik,51596.00,2.5981,13177.10,0.6635,0.6108,2148,1.7310,0.10,29.31
Hujan Pertama,6.85,36.0,NETRAL,TIDAK LAYAK,Keruh/Organik,51562.40,2.5964,14433.40,0.7268,0.6691,2153,1.7350,0.00,29.31
Hujan Pertama,6.85,36.0,NETRAL,TIDAK LAYAK,Keruh/Organik,51570.40,2.5968,15632.10,0.7872,0.7246,2152,1.7342,0.00,29.31
Hujan Pertama,6.85,36.0,NETRAL,TIDAK LAYAK,Keruh/Organik,51688.80,2.6028,13335.40,0.6715,0.6182,2152,1.7342,0.00,29.31
Hujan Pertama,6.85,36.0,NETRAL,TIDAK LAYAK,Keruh/Organik,51607.20,2.5987,14648.00,0.7376,0.6790,2154,1.7358,0.00,29.31
Hujan Pertama,6.85,36.0,NETRAL,TIDAK LAYAK,Keruh/Organik,51482.40,2.5924,15305.50,0.7707,0.7103,2155,1.7366,0.00,29.25
Hujan Pertama,6.85,36.0,NETRAL,TIDAK LAYAK,Keruh/Organik,51554.40,2.5960,12420.10,0.6254,0.5758,2152,1.7342,0.00,29.31
Hujan Pertama,6.85,36.0,NETRAL,TIDAK LAYAK,Keruh/Organik,51493.60,2.5929,12994.90,0.6544,0.6024,2154,1.7358,0.00,29.31
Hujan Pertama,6.85,36.0,NETRAL,TIDAK LAYAK,Keruh/Organik,51389.60,2.5877,15721.70,0.7917,0.7288,2153,1.7350,0.00,29.31
Hujan Pertama,6.85,36.0,NETRAL,TIDAK LAYAK,Keruh/Organik,51719.20,2.6043,14010.90,0.7055,0.6495,2155,1.7366,0.00,29.31
Hujan Pertama,6.85,36.0,NETRAL,TIDAK LAYAK,Keruh/Organik,51850.40,2.6109,13252.10,0.6673,0.6150,2156,1.7374,0.00,29.25
Hujan Pertama,6.85,36.0,NETRAL,TIDAK LAYAK,Keruh/Organik,51688.80,2.6028,14790.20,0.7448,0.6856,2153,1.7350,0.00,29.31
Hujan Pertama,6.85,36.0,NETRAL,TIDAK LAYAK,Keruh/Organik,51967.20,2.6168,14614.40,0.7359,0.6783,2157,1.7382,0.00,29.25
Hujan Pertama,6.85,36.0,NETRAL,TIDAK LAYAK,Keruh/Organik,51957.60,2.6163,13405.90,0.6751,0.6215,2172,1.7503,0.00,29.31
Hujan Pertama,6.85,36.0,NETRAL,TIDAK LAYAK,Keruh/Organik,51642.40,2.6004,14446.20,0.7274,0.6697,2156,1.7374,0.00,29.31
Hujan Pertama,6.85,36.0,NETRAL,TIDAK LAYAK,Keruh/Organik,51581.60,2.5974,13764.50,0.6931,0.6388,2149,1.7318,0.05,29.25
Hujan Pertama,6.85,36.0,NETRAL,TIDAK LAYAK,Keruh/Organik,51812.00,2.6090,13207.50,0.6651,0.6130,2154,1.7358,0.00,29.25
Hujan Pertama,6.85,36.0,NETRAL,TIDAK LAYAK,Keruh/Organik,51668.00,2.6017,15017.50,0.7562,0.6962,2154,1.7358,0.00,29.31
Hujan Pertama,6.85,36.0,NETRAL,TIDAK LAYAK,Keruh/Organik,51679.20,2.6023,15059.30,0.7583,0.6981,2154,1.7358,0.00,29.31
Hujan Pertama,6.85,36.0,NETRAL,TIDAK LAYAK,Keruh/Organik,51695.20,2.6031,13364.40,0.6730,0.6195,2153,1.7350,0.00,29.31
Hujan Pertama,6.85,36.0,NETRAL,TIDAK LAYAK,Keruh/Organik,51775.20,2.6071,12954.50,0.6523,0.6012,2154,1.7358,0.00,29.25
Hujan Pertama,6.85,36.0,NETRAL,TIDAK LAYAK,Keruh/Organik,51741.60,2.6054,15825.70,0.7969,0.7336,2153,1.7350,0.00,29.31
Hujan Pertama,6.85,36.0,NETRAL,TIDAK LAYAK,Keruh/Organik,51866.40,2.6117,13209.00,0.6651,0.6130,2147,1.7302,0.15,29.25
Hujan Pertama,6.85,36.0,NETRAL,TIDAK LAYAK,Keruh/Organik,51954.40,2.6162,12386.60,0.6237,0.5742,2155,1.7366,0.00,29.31
Hujan Pertama,6.85,36.0,NETRAL,TIDAK LAYAK,Keruh/Organik,51805.60,2.6087,15731.30,0.7921,0.7292,2152,1.7342,0.00,29.31
Hujan Pertama,6.85,36.0,NETRAL,TIDAK LAYAK,Keruh/Organik,51783.20,2.6075,14551.70,0.7327,0.6746,2154,1.7358,0.00,29.31
Hujan Pertama,6.85,36.0,NETRAL,TIDAK LAYAK,Keruh/Organik,51932.00,2.6150,13181.90,0.6638,0.6111,2153,1.7350,0.00,29.31
Hujan Pertama,6.85,36.0,NETRAL,TIDAK LAYAK,Keruh/Organik,51767.20,2.6067,14044.50,0.7072,0.6511,2152,1.7342,0.00,29.31
Hujan Pertama,6.85,36.0,NETRAL,TIDAK LAYAK,Keruh/Organik,51855.20,2.6112,13725.90,0.6912,0.6370,2153,1.7350,0.00,29.25
Hujan Pertama,6.85,36.0,NETRAL,TIDAK LAYAK,Keruh/Organik,52159.20,2.6265,12818.90,0.6455,0.5949,2153,1.7350,0.00,29.25
Hujan Pertama,6.85,36.0,NETRAL,TIDAK LAYAK,Keruh/Organik,51772.00,2.6070,15824.20,0.7968,0.7344,2155,1.7366,0.00,29.25
Hujan Pertama,6.85,36.0,NETRAL,TIDAK LAYAK,Keruh/Organik,52015.20,2.6192,14015.70,0.7058,0.6505,2153,1.7350,0.00,29.25
Hujan Pertama,6.85,36.0,NETRAL,TIDAK LAYAK,Keruh/Organik,52200.80,2.6286,13225.10,0.6659,0.6138,2155,1.7366,0.00,29.25
Hujan Pertama,6.85,36.0,NETRAL,TIDAK LAYAK,Keruh/Organik,51933.60,2.6151,14691.20,0.7398,0.6818,2153,1.7350,0.00,29.25
Hujan Pertama,6.85,36.0,NETRAL,TIDAK LAYAK,Keruh/Organik,52301.60,2.6336,13914.80,0.7007,0.6450,2153,1.7350,0.00,29.31
Hujan Pertama,6.85,36.0,NETRAL,TIDAK LAYAK,Keruh/Organik,52343.40,2.6357,12501.90,0.6295,0.5795,2153,1.7350,0.00,29.31
Hujan Pertama,6.85,36.0,NETRAL,TIDAK LAYAK,Keruh/Organik,52213.70,2.6292,14278.20,0.7190,0.6619,2154,1.7358,0.00,29.31
Hujan Pertama,6.85,36.0,NETRAL,TIDAK LAYAK,Keruh/Organik,52077.70,2.6224,15747.30,0.7930,0.7300,2152,1.7342,0.00,29.31
Hujan Pertama,6.85,36.0,NETRAL,TIDAK LAYAK,Keruh/Organik,52140.00,2.6255,13415.70,0.6755,0.6226,2153,1.7350,0.00,29.25
Hujan Pertama,6.85,36.0,NETRAL,TIDAK LAYAK,Keruh/Organik,52082.40,2.6226,14796.80,0.7451,0.6859,2152,1.7342,0.00,29.31
Hujan Pertama,6.85,36.0,NETRAL,TIDAK LAYAK,Keruh/Organik,52280.90,2.6326,13821.90,0.6960,0.6415,2153,1.7350,0.00,29.25
Hujan Pertama,6.85,36.0,NETRAL,TIDAK LAYAK,Keruh/Organik,52330.40,2.6351,12860.50,0.6476,0.5962,2156,1.7374,0.00,29.31
Hujan Pertama,6.85,36.0,NETRAL,TIDAK LAYAK,Keruh/Organik,52055.20,2.6212,14865.50,0.7485,0.6891,2154,1.7358,0.00,29.31
Hujan Pertama,6.85,36.0,NETRAL,TIDAK LAYAK,Keruh/Organik,52049.00,2.6209,15084.90,0.7596,0.6993,2152,1.7342,0.00,29.31
Hujan Pertama,6.85,36.0,NETRAL,TIDAK LAYAK,Keruh/Organik,52351.40,2.6361,13346.70,0.6721,0.6187,2152,1.7342,0.00,29.31
Hujan Pertama,6.85,36.0,NETRAL,TIDAK LAYAK,Keruh/Organik,52367.20,2.6369,12375.40,0.6232,0.5743,2152,1.7342,0.00,29.25
Hujan Pertama,6.85,36.0,NETRAL,TIDAK LAYAK,Keruh/Organik,52351.40,2.6361,15350.70,0.7730,0.7116,2154,1.7358,0.00,29.31
Hujan Pertama,6.85,36.0,NETRAL,TIDAK LAYAK,Keruh/Organik,52434.70,2.6403,12269.70,0.6178,0.5688,2152,1.7342,0.00,29.31
Hujan Pertama,6.85,36.0,NETRAL,TIDAK LAYAK,Keruh/Organik,52289.00,2.6330,13759.80,0.6929,0.6379,2155,1.7366,0.00,29.31
Hujan Pertama,6.85,36.0,NETRAL,TIDAK LAYAK,Keruh/Organik,52132.00,2.6251,15870.80,0.7992,0.7357,2145,1.7286,0.26,29.31
Hujan Pertama,6.85,36.0,NETRAL,TIDAK LAYAK,Keruh/Organik,52324.10,2.6348,13878.00,0.6988,0.6441,2155,1.7366,0.00,29.25
Hujan Pertama,6.85,36.0,NETRAL,TIDAK LAYAK,Keruh/Organik,52303.30,2.6337,12578.50,0.6334,0.5831,2155,1.7366,0.00,29.31
Hujan Pertama,6.85,36.0,NETRAL,TIDAK LAYAK,Keruh/Organik,52250.60,2.6311,14375.90,0.7239,0.6664,2154,1.7358,0.00,29.31
Hujan Pertama,6.85,36.0,NETRAL,TIDAK LAYAK,Keruh/Organik,52657.10,2.6515,14684.70,0.7394,0.6807,2153,1.7350,0.00,29.31
Hujan Pertama,6.85,36.0,NETRAL,TIDAK LAYAK,Keruh/Organik,52663.50,2.6519,13415.50,0.6755,0.6226,2154,1.7358,0.00,29.25
Hujan Pertama,6.85,36.0,NETRAL,TIDAK LAYAK,Keruh/Organik,52413.80,2.6393,15518.70,0.7814,0.7202,2154,1.7358,0.00,29.25
Hujan Pertama,6.85,36.0,NETRAL,TIDAK LAYAK,Keruh/Organik,52468.20,2.6420,14466.90,0.7285,0.6706,2153,1.7350,0.00,29.31
Hujan Pertama,6.85,36.0,NETRAL,TIDAK LAYAK,Keruh/Organik,52341.80,2.6357,13109.90,0.6601,0.6084,2153,1.7350,0.00,29.25
Hujan Pertama,6.85,36.0,NETRAL,TIDAK LAYAK,Keruh/Organik,52631.40,2.6502,13988.40,0.7044,0.6485,2150,1.7326,0.00,29.31
Hujan Pertama,6.85,36.0,NETRAL,TIDAK LAYAK,Keruh/Organik,52498.60,2.6436,14134.30,0.7117,0.6560,2153,1.7350,0.00,29.25
Hujan Pertama,6.85,36.0,NETRAL,TIDAK LAYAK,Keruh/Organik,52770.80,2.6573,13513.30,0.6805,0.6264,2152,1.7342,0.00,29.31
Hujan Pertama,6.85,36.0,NETRAL,TIDAK LAYAK,Keruh/Organik,52599.40,2.6486,14894.10,0.7500,0.6912,2141,1.7253,0.46,29.25
Hujan Pertama,6.85,36.0,NETRAL,TIDAK LAYAK,Keruh/Organik,52442.40,2.6407,14140.60,0.7120,0.6555,2152,1.7342,0.00,29.31
Hujan Pertama,6.85,36.0,NETRAL,TIDAK LAYAK,Keruh/Organik,52591.20,2.6482,12530.50,0.6310,0.5809,2154,1.7358,0.00,29.31
Hujan Pertama,6.85,36.0,NETRAL,TIDAK LAYAK,Keruh/Organik,52402.40,2.6387,14071.60,0.7086,0.6523,2149,1.7318,0.05,29.31
Hujan Pertama,6.85,36.0,NETRAL,TIDAK LAYAK,Keruh/Organik,52809.20,2.6592,14180.70,0.7141,0.6581,2153,1.7350,0.00,29.25
Hujan Pertama,6.85,36.0,NETRAL,TIDAK LAYAK,Keruh/Organik,52702.00,2.6538,13530.90,0.6813,0.6280,2152,1.7342,0.00,29.25
Hujan Pertama,6.85,36.0,NETRAL,TIDAK LAYAK,Keruh/Organik,52641.00,2.6507,14878.10,0.7492,0.6897,2153,1.7350,0.00,29.31
Hujan Pertama,6.85,36.0,NETRAL,TIDAK LAYAK,Keruh/Organik,52589.80,2.6481,15404.70,0.7757,0.7141,2154,1.7358,0.00,29.31
Hujan Pertama,6.85,36.0,NETRAL,TIDAK LAYAK,Keruh/Organik,52644.10,2.6509,12714.50,0.6402,0.5901,2152,1.7342,0.00,29.25
Hujan Pertama,6.85,36.0,NETRAL,TIDAK LAYAK,Keruh/Organik,52796.20,2.6585,12428.10,0.6258,0.5761,2156,1.7374,0.00,29.31
Hujan Pertama,6.85,36.0,NETRAL,TIDAK LAYAK,Keruh/Organik,52577.10,2.6475,14476.90,0.7290,0.6711,2155,1.7366,0.00,29.31
Hujan Pertama,6.85,36.0,NETRAL,TIDAK LAYAK,Keruh/Organik,52741.80,2.6558,13892.40,0.6995,0.6440,2152,1.7342,0.00,29.31
Hujan Pertama,6.85,36.0,NETRAL,TIDAK LAYAK,Keruh/Organik,52737.10,2.6556,12429.70,0.6259,0.5762,2156,1.7374,0.00,29.31
Hujan Pertama,6.85,36.0,NETRAL,TIDAK LAYAK,Keruh/Organik,52671.40,2.6523,14400.10,0.7251,0.6675,2153,1.7350,0.00,29.31
Hujan Pertama,6.85,36.0,NETRAL,TIDAK LAYAK,Keruh/Organik,52780.30,2.6577,14723.00,0.7414,0.6833,2155,1.7366,0.00,29.25
Hujan Pertama,6.85,36.0,NETRAL,TIDAK LAYAK,Keruh/Organik,52527.40,2.6450,13463.50,0.6780,0.6241,2156,1.7374,0.00,29.31
Hujan Pertama,6.85,36.0,NETRAL,TIDAK LAYAK,Keruh/Organik,52773.90,2.6574,15067.10,0.7587,0.6993,2153,1.7350,0.00,29.25
Hujan Pertama,6.85,36.0,NETRAL,TIDAK LAYAK,Keruh/Organik,52580.00,2.6477,15782.50,0.7947,0.7325,2152,1.7342,0.00,29.25
Hujan Pertama,6.85,36.0,NETRAL,TIDAK LAYAK,Keruh/Organik,52737.20,2.6556,13473.20,0.6784,0.6246,2153,1.7350,0.00,29.31
Hujan Pertama,6.85,36.0,NETRAL,TIDAK LAYAK,Keruh/Organik,52842.70,2.6609,12767.40,0.6429,0.5925,2153,1.7350,0.00,29.25
Hujan Pertama,6.85,36.0,NETRAL,TIDAK LAYAK,Keruh/Organik,52831.50,2.6603,15878.80,0.7996,0.7361,2159,1.7399,0.00,29.31
Hujan Pertama,6.85,36.0,NETRAL,TIDAK LAYAK,Keruh/Organik,53006.20,2.6691,13831.60,0.6965,0.6419,2152,1.7342,0.00,29.25
Hujan Pertama,6.85,36.0,NETRAL,TIDAK LAYAK,Keruh/Organik,52671.30,2.6523,12640.90,0.6365,0.5860,2154,1.7358,0.00,29.31
Hujan Pertama,6.85,36.0,NETRAL,TIDAK LAYAK,Keruh/Organik,52549.60,2.6461,14081.40,0.7091,0.6535,2152,1.7342,0.00,29.25
Hujan Pertama,6.85,36.0,NETRAL,TIDAK LAYAK,Keruh/Organik,52681.10,2.6527,14223.90,0.7162,0.6601,2154,1.7358,0.00,29.25
Hujan Pertama,6.85,36.0,NETRAL,TIDAK LAYAK,Keruh/Organik,52658.80,2.6516,13418.90,0.6757,0.6228,2152,1.7342,0.00,29.25
Hujan Pertama,6.85,36.0,NETRAL,TIDAK LAYAK,Keruh/Organik,52959.70,2.6668,14556.60,0.7330,0.6756,2150,1.7326,0.00,29.25
Hujan Pertama,6.85,36.0,NETRAL,TIDAK LAYAK,Keruh/Organik,52687.50,2.6531,15566.20,0.7838,0.7216,2153,1.7350,0.00,29.31
Hujan Pertama,6.85,36.0,NETRAL,TIDAK LAYAK,Keruh/Organik,52799.60,2.6587,13032.90,0.6563,0.6049,2154,1.7358,0.00,29.25
Hujan Pertama,6.85,36.0,NETRAL,TIDAK LAYAK,Keruh/Organik,52719.40,2.6547,14918.30,0.7512,0.6924,2153,1.7350,0.00,29.25
Hujan Pertama,6.85,36.0,NETRAL,TIDAK LAYAK,Keruh/Organik,52812.40,2.6594,14846.50,0.7476,0.6882,2147,1.7302,0.15,29.31
Hujan Pertama,6.85,36.0,NETRAL,TIDAK LAYAK,Keruh/Organik,53036.50,2.6706,12271.30,0.6179,0.5695,2152,1.7342,0.00,29.25
Hujan Pertama,6.85,36.0,NETRAL,TIDAK LAYAK,Keruh/Organik,52882.70,2.6629,13044.50,0.6569,0.6054,2154,1.7358,0.00,29.25
Hujan Pertama,6.85,36.0,NETRAL,TIDAK LAYAK,Keruh/Organik,52804.30,2.6589,15739.30,0.7925,0.7305,2154,1.7358,0.00,29.25
Hujan Pertama,6.85,36.0,NETRAL,TIDAK LAYAK,Keruh/Organik,52807.50,2.6591,14394.90,0.7249,0.6681,2153,1.7350,0.00,29.25
Hujan Pertama,6.85,36.0,NETRAL,TIDAK LAYAK,Keruh/Organik,52938.80,2.6657,13220.30,0.6657,0.6136,2162,1.7423,0.00,29.25
Hujan Pertama,6.85,36.0,NETRAL,TIDAK LAYAK,Keruh/Organik,52849.30,2.6612,14302.20,0.7202,0.6638,2153,1.7350,0.00,29.25
Hujan Pertama,6.85,36.0,NETRAL,TIDAK LAYAK,Keruh/Organik,52946.90,2.6661,12320.70,0.6204,0.5718,2152,1.7342,0.00,29.25
Hujan Pertama,6.85,36.0,NETRAL,TIDAK LAYAK,Keruh/Organik,53166.10,2.6772,13438.10,0.6767,0.6237,2154,1.7358,0.00,29.25
Hujan Pertama,6.85,36.0,NETRAL,TIDAK LAYAK,Keruh/Organik,52649.00,2.6511,15926.70,0.8020,0.7392,2153,1.7350,0.00,29.25
Hujan Pertama,6.85,36.0,NETRAL,TIDAK LAYAK,Keruh/Organik,52773.90,2.6574,14391.70,0.7247,0.6679,2160,1.7407,0.00,29.25
Hujan Pertama,6.85,36.0,NETRAL,TIDAK LAYAK,Keruh/Organik,52964.40,2.6670,13031.30,0.6562,0.6041,2155,1.7366,0.00,29.31
Hujan Pertama,6.85,36.0,NETRAL,TIDAK LAYAK,Keruh/Organik,52887.70,2.6631,14294.00,0.7198,0.6634,2154,1.7358,0.00,29.25
Hujan Pertama,6.85,36.0,NETRAL,TIDAK LAYAK,Keruh/Organik,52930.90,2.6653,13940.40,0.7020,0.6470,2153,1.7350,0.00,29.25
Hujan Pertama,6.85,36.0,NETRAL,TIDAK LAYAK,Keruh/Organik,53010.80,2.6693,12545.10,0.6317,0.5822,2154,1.7358,0.00,29.25
Hujan Pertama,6.85,36.0,NETRAL,TIDAK LAYAK,Keruh/Organik,52982.00,2.6679,13575.70,0.6836,0.6300,2152,1.7342,0.00,29.25
Hujan Pertama,6.85,36.0,NETRAL,TIDAK LAYAK,Keruh/Organik,52903.60,2.6639,14531.00,0.7317,0.6744,2153,1.7350,0.00,29.25
Hujan Pertama,6.85,36.0,NETRAL,TIDAK LAYAK,Keruh/Organik,52993.20,2.6685,12388.10,0.6238,0.5749,2154,1.7358,0.00,29.25
Hujan Pertama,6.85,36.0,NETRAL,TIDAK LAYAK,Keruh/Organik,53132.60,2.6755,13987.20,0.7043,0.6491,2154,1.7358,0.00,29.25
Hujan Pertama,6.85,36.0,NETRAL,TIDAK LAYAK,Keruh/Organik,52874.80,2.6625,15989.20,0.8051,0.7421,2155,1.7366,0.00,29.25
Hujan Pertama,6.85,36.0,NETRAL,TIDAK LAYAK,Keruh/Organik,53215.80,2.6797,14102.10,0.7101,0.6545,2155,1.7366,0.00,29.25
Hujan Pertama,6.85,36.0,NETRAL,TIDAK LAYAK,Keruh/Organik,53014.00,2.6695,13297.10,0.6696,0.6171,2154,1.7358,0.00,29.25
Hujan Pertama,6.85,36.0,NETRAL,TIDAK LAYAK,Keruh/Organik,53057.30,2.6717,14852.70,0.7479,0.6885,2154,1.7358,0.00,29.31
Hujan Pertama,6.85,36.0,NETRAL,TIDAK LAYAK,Keruh/Organik,52833.20,2.6604,14654.20,0.7379,0.6801,2154,1.7358,0.00,29.25
Hujan Pertama,6.85,36.0,NETRAL,TIDAK LAYAK,Keruh/Organik,53302.20,2.6840,13476.30,0.6786,0.6254,2156,1.7374,0.00,29.25
Hujan Pertama,6.85,36.0,NETRAL,TIDAK LAYAK,Keruh/Organik,52913.30,2.6644,14620.80,0.7362,0.6786,2155,1.7366,0.00,29.25
Hujan Pertama,6.85,36.0,NETRAL,TIDAK LAYAK,Keruh/Organik,53273.40,2.6826,13931.00,0.7015,0.6465,2157,1.7382,0.00,29.25
Hujan Pertama,6.85,36.0,NETRAL,TIDAK LAYAK,Keruh/Organik,52998.10,2.6687,12141.90,0.6114,0.5635,2155,1.7366,0.00,29.25
Hujan Pertama,6.85,36.0,NETRAL,TIDAK LAYAK,Keruh/Organik,53143.80,2.6760,14233.40,0.7167,0.6598,2156,1.7374,0.00,29.31
Hujan Pertama,6.85,36.0,NETRAL,TIDAK LAYAK,Keruh/Organik,53148.50,2.6763,15854.50,0.7983,0.7350,2153,1.7350,0.00,29.31
Hujan Pertama,6.85,36.0,NETRAL,TIDAK LAYAK,Keruh/Organik,53404.50,2.6892,14394.90,0.7249,0.6681,2153,1.7350,0.00,29.25
Hujan Pertama,6.85,36.0,NETRAL,TIDAK LAYAK,Keruh/Organik,53263.70,2.6821,13663.50,0.6880,0.6341,2153,1.7350,0.00,29.25
Hujan Pertama,6.85,36.0,NETRAL,TIDAK LAYAK,Keruh/Organik,52999.60,2.6688,14745.60,0.7425,0.6843,2154,1.7358,0.00,29.25
Hujan Pertama,6.85,36.0,NETRAL,TIDAK LAYAK,Keruh/Organik,52942.00,2.6659,14338.90,0.7220,0.6655,2152,1.7342,0.00,29.25
Hujan Pertama,6.85,36.0,NETRAL,TIDAK LAYAK,Keruh/Organik,53135.70,2.6756,12892.10,0.6492,0.5983,2152,1.7342,0.00,29.25
Hujan Pertama,6.85,36.0,NETRAL,TIDAK LAYAK,Keruh/Organik,53070.10,2.6723,13910.10,0.7004,0.6456,2160,1.7407,0.00,29.25
Hujan Pertama,6.85,36.0,NETRAL,TIDAK LAYAK,Keruh/Organik,53116.50,2.6747,14310.50,0.7206,0.6641,2167,1.7463,0.00,29.25
Hujan Pertama,6.85,36.0,NETRAL,TIDAK LAYAK,Keruh/Organik,53474.90,2.6927,13489.30,0.6793,0.6260,2160,1.7407,0.00,29.25
Hujan Pertama,6.85,36.0,NETRAL,TIDAK LAYAK,Keruh/Organik,53343.70,2.6861,14724.70,0.7415,0.6826,2154,1.7358,0.00,29.31
Hujan Pertama,6.85,36.0,NETRAL,TIDAK LAYAK,Keruh/Organik,53071.70,2.6724,13950.20,0.7025,0.6474,2154,1.7358,0.00,29.25
Hujan Pertama,6.85,36.0,NETRAL,TIDAK LAYAK,Keruh/Organik,53143.70,2.6760,12226.70,0.6157,0.5674,2154,1.7358,0.00,29.25
Hujan Pertama,6.85,36.0,NETRAL,TIDAK LAYAK,Keruh/Organik,53276.50,2.6827,14404.80,0.7254,0.6685,2154,1.7358,0.00,29.25
Hujan Pertama,6.85,36.0,NETRAL,TIDAK LAYAK,Keruh/Organik,53095.60,2.6736,14329.40,0.7216,0.6650,2153,1.7350,0.00,29.25
Hujan Pertama,6.85,36.0,NETRAL,TIDAK LAYAK,Keruh/Organik,53332.50,2.6855,13223.50,0.6659,0.6137,2150,1.7326,0.00,29.25
Hujan Pertama,6.85,36.0,NETRAL,TIDAK LAYAK,Keruh/Organik,53214.20,2.6796,14302.00,0.7202,0.6638,2154,1.7358,0.00,29.25
Hujan Pertama,6.85,36.0,NETRAL,TIDAK LAYAK,Keruh/Organik,53081.30,2.6729,14372.30,0.7237,0.6670,2154,1.7358,0.00,29.25
Hujan Pertama,6.85,36.0,NETRAL,TIDAK LAYAK,Keruh/Organik,53058.90,2.6718,12052.10,0.6069,0.5593,2153,1.7350,0.00,29.25
Hujan Pertama,6.85,36.0,NETRAL,TIDAK LAYAK,Keruh/Organik,53241.40,2.6810,13542.10,0.6819,0.6285,2153,1.7350,0.00,29.25
Hujan Pertama,6.85,36.0,NETRAL,TIDAK LAYAK,Keruh/Organik,53057.30,2.6717,15564.90,0.7838,0.7224,2153,1.7350,0.00,29.25
Hujan Pertama,6.85,36.0,NETRAL,TIDAK LAYAK,Keruh/Organik,53466.90,2.6923,14353.40,0.7228,0.6661,2154,1.7358,0.00,29.25
Hujan Pertama,6.85,36.0,NETRAL,TIDAK LAYAK,Keruh/Organik,53290.90,2.6835,12903.50,0.6498,0.5989,2156,1.7374,0.00,29.25
Hujan Pertama,6.85,36.0,NETRAL,TIDAK LAYAK,Keruh/Organik,53108.40,2.6743,15606.50,0.7859,0.7243,2154,1.7358,0.00,29.25
Hujan Pertama,6.85,36.0,NETRAL,TIDAK LAYAK,Keruh/Organik,53524.60,2.6952,14058.90,0.7079,0.6525,2153,1.7350,0.00,29.25
Hujan Pertama,6.85,36.0,NETRAL,TIDAK LAYAK,Keruh/Organik,53183.60,2.6780,12818.50,0.6455,0.5949,2154,1.7358,0.00,29.25
Hujan Pertama,6.85,36.0,NETRAL,TIDAK LAYAK,Keruh/Organik,53420.50,2.6900,13838.20,0.6968,0.6422,2154,1.7358,0.00,29.25
Hujan Pertama,6.85,36.0,NETRAL,TIDAK LAYAK,Keruh/Organik,53241.20,2.6809,13948.50,0.7024,0.6473,2149,1.7318,0.05,29.25
Hujan Pertama,6.85,36.0,NETRAL,TIDAK LAYAK,Keruh/Organik,53287.70,2.6833,13268.30,0.6681,0.6158,2155,1.7366,0.00,29.25
Hujan Pertama,6.85,36.0,NETRAL,TIDAK LAYAK,Keruh/Organik,53441.40,2.6910,14441.40,0.7272,0.6702,2154,1.7358,0.00,29.25
Hujan Pertama,6.85,36.0,NETRAL,TIDAK LAYAK,Keruh/Organik,53276.40,2.6827,15613.00,0.7862,0.7246,2157,1.7382,0.00,29.25
Hujan Pertama,6.85,36.0,NETRAL,TIDAK LAYAK,Keruh/Organik,53380.50,2.6880,12239.50,0.6163,0.5680,2154,1.7358,0.00,29.25
Hujan Pertama,6.85,36.0,NETRAL,TIDAK LAYAK,Keruh/Organik,53487.80,2.6934,14441.40,0.7272,0.6702,2152,1.7342,0.00,29.25
Hujan Pertama,6.85,36.0,NETRAL,TIDAK LAYAK,Keruh/Organik,53426.90,2.6903,15600.10,0.7855,0.7240,2154,1.7358,0.00,29.25
Hujan Pertama,6.85,36.0,NETRAL,TIDAK LAYAK,Keruh/Organik,53426.90,2.6903,13180.20,0.6637,0.6117,2153,1.7350,0.00,29.25
Hujan Pertama,6.85,36.0,NETRAL,TIDAK LAYAK,Keruh/Organik,53455.70,2.6917,12277.80,0.6182,0.5698,2156,1.7374,0.00,29.25
Hujan Pertama,6.85,36.0,NETRAL,TIDAK LAYAK,Keruh/Organik,53270.00,2.6824,14587.20,0.7345,0.6770,2165,1.7447,0.00,29.25
Hujan Pertama,6.85,36.0,NETRAL,TIDAK LAYAK,Keruh/Organik,53430.20,2.6905,14470.20,0.7286,0.6716,2157,1.7382,0.00,29.25
Hujan Pertama,6.85,36.0,NETRAL,TIDAK LAYAK,Keruh/Organik,53513.30,2.6946,13162.70,0.6628,0.6109,2157,1.7382,0.00,29.25
Hujan Pertama,6.85,36.0,NETRAL,TIDAK LAYAK,Keruh/Organik,53367.70,2.6873,14003.00,0.7051,0.6499,2154,1.7358,0.00,29.25
Hujan Pertama,6.85,36.0,NETRAL,TIDAK LAYAK,Keruh/Organik,53468.50,2.6924,14060.60,0.7080,0.6526,2154,1.7358,0.00,29.25
Hujan Pertama,6.85,36.0,NETRAL,TIDAK LAYAK,Keruh/Organik,53407.70,2.6893,13196.30,0.6645,0.6124,2155,1.7366,0.00,29.25
Hujan Pertama,6.85,36.0,NETRAL,TIDAK LAYAK,Keruh/Organik,53386.90,2.6883,14807.90,0.7456,0.6872,2153,1.7350,0.00,29.25
Hujan Pertama,6.85,36.0,NETRAL,TIDAK LAYAK,Keruh/Organik,53396.50,2.6888,14728.00,0.7416,0.6835,2155,1.7366,0.00,29.25
Hujan Pertama,6.85,36.0,NETRAL,TIDAK LAYAK,Keruh/Organik,53423.80,2.6901,12188.10,0.6137,0.5656,2170,1.7487,0.00,29.25
Hujan Pertama,6.85,36.0,NETRAL,TIDAK LAYAK,Keruh/Organik,53606.20,2.6993,13745.20,0.6921,0.6379,2153,1.7350,0.00,29.25
Hujan Pertama,6.85,36.0,NETRAL,TIDAK LAYAK,Keruh/Organik,53447.70,2.6913,15710.50,0.7911,0.7291,2153,1.7350,0.00,29.25
Hujan Pertama,6.85,36.0,NETRAL,TIDAK LAYAK,Keruh/Organik,53545.40,2.6963,13591.60,0.6844,0.6308,2145,1.7286,0.26,29.25
Hujan Pertama,6.85,36.0,NETRAL,TIDAK LAYAK,Keruh/Organik,53491.00,2.6935,14551.80,0.7328,0.6753,2155,1.7366,0.00,29.25
Hujan Pertama,6.85,36.0,NETRAL,TIDAK LAYAK,Keruh/Organik,53527.70,2.6954,13468.50,0.6782,0.6251,2154,1.7358,0.00,29.25
Hujan Pertama,6.85,36.0,NETRAL,TIDAK LAYAK,Keruh/Organik,53492.50,2.6936,13244.30,0.6669,0.6147,2154,1.7358,0.00,29.25
Hujan Pertama,6.85,36.0,NETRAL,TIDAK LAYAK,Keruh/Organik,53425.20,2.6902,14830.30,0.7468,0.6883,2150,1.7326,0.00,29.25
Hujan Pertama,6.85,36.0,NETRAL,TIDAK LAYAK,Keruh/Organik,53502.10,2.6941,15451.30,0.7780,0.7171,2154,1.7358,0.00,29.25
Hujan Pertama,6.85,36.0,NETRAL,TIDAK LAYAK,Keruh/Organik,53474.90,2.6927,13970.70,0.7035,0.6484,2153,1.7350,0.00,29.25
Hujan Pertama,6.85,36.0,NETRAL,TIDAK LAYAK,Keruh/Organik,53502.10,2.6941,12599.40,0.6344,0.5847,2154,1.7358,0.00,29.25
Hujan Pertama,6.85,36.0,NETRAL,TIDAK LAYAK,Keruh/Organik,53449.30,2.6914,13886.20,0.6992,0.6445,2172,1.7503,0.00,29.25
Hujan Pertama,6.85,36.0,NETRAL,TIDAK LAYAK,Keruh/Organik,53438.10,2.6909,13205.90,0.6650,0.6129,2153,1.7350,0.00,29.25
Hujan Pertama,6.85,36.0,NETRAL,TIDAK LAYAK,Keruh/Organik,53635.10,2.7008,12300.20,0.6194,0.5709,2154,1.7358,0.00,29.25
Hujan Pertama,6.85,36.0,NETRAL,TIDAK LAYAK,Keruh/Organik,53577.30,2.6979,14788.90,0.7447,0.6864,2153,1.7350,0.00,29.25
Hujan Pertama,6.85,36.0,NETRAL,TIDAK LAYAK,Keruh/Organik,53399.70,2.6889,14479.80,0.7291,0.6720,2152,1.7342,0.00,29.25
Hujan Pertama,6.85,36.0,NETRAL,TIDAK LAYAK,Keruh/Organik,53721.40,2.7051,13452.30,0.6774,0.6243,2152,1.7342,0.00,29.25
Hujan Pertama,6.85,36.0,NETRAL,TIDAK LAYAK,Keruh/Organik,53582.20,2.6981,14598.40,0.7351,0.6775,2153,1.7350,0.00,29.25
Hujan Pertama,6.85,36.0,NETRAL,TIDAK LAYAK,Keruh/Organik,53492.50,2.6936,15120.10,0.7614,0.7017,2154,1.7358,0.00,29.25
Hujan Pertama,6.85,36.0,NETRAL,TIDAK LAYAK,Keruh/Organik,53559.70,2.6970,12508.10,0.6298,0.5805,2154,1.7358,0.00,29.25
Hujan Pertama,6.85,36.0,NETRAL,TIDAK LAYAK,Keruh/Organik,53524.50,2.6952,12448.90,0.6269,0.5778,2159,1.7399,0.00,29.25
Hujan Pertama,6.85,36.0,NETRAL,TIDAK LAYAK,Keruh/Organik,53646.10,2.7013,15686.50,0.7899,0.7280,2154,1.7358,0.00,29.25
Hujan Pertama,6.85,36.0,NETRAL,TIDAK LAYAK,Keruh/Organik,53492.50,2.6936,13167.30,0.6630,0.6111,2155,1.7366,0.00,29.25
Hujan Pertama,6.85,36.0,NETRAL,TIDAK LAYAK,Keruh/Organik,53442.90,2.6911,12441.00,0.6265,0.5774,2152,1.7342,0.00,29.25
Hujan Pertama,6.85,36.0,NETRAL,TIDAK LAYAK,Keruh/Organik,53735.90,2.7059,15048.10,0.7577,0.6984,2161,1.7415,0.00,29.25
Rendaman Sayur,7.49,378.0,NETRAL,TIDAK LAYAK,Keruh/Organik,54319.80,2.7353,15884.90,0.7999,0.7389,2107,1.6979,2.21,29.13
Rendaman Sayur,7.49,378.0,NETRAL,TIDAK LAYAK,Keruh/Organik,54041.50,2.7212,14039.60,0.7070,0.6531,2119,1.7076,1.59,29.13
Rendaman Sayur,7.49,378.0,NETRAL,TIDAK LAYAK,Keruh/Organik,54054.10,2.7219,16088.10,0.8101,0.7484,2106,1.6971,2.26,29.13
Rendaman Sayur,7.49,378.0,NETRAL,TIDAK LAYAK,Keruh/Organik,54316.80,2.7351,15884.90,0.7999,0.7389,2102,1.6939,2.46,29.13
Rendaman Sayur,7.49,378.0,NETRAL,TIDAK LAYAK,Keruh/Organik,54136.00,2.7260,13846.10,0.6972,0.6441,2092,1.6859,2.97,29.13
Rendaman Sayur,7.49,378.0,NETRAL,TIDAK LAYAK,Keruh/Organik,54063.80,2.7224,17070.80,0.8596,0.7941,2093,1.6867,2.92,29.13
Rendaman Sayur,7.49,378.0,NETRAL,TIDAK LAYAK,Keruh/Organik,54220.80,2.7303,15188.90,0.7648,0.7065,2097,1.6899,2.72,29.13
Rendaman Sayur,7.49,378.0,NETRAL,TIDAK LAYAK,Keruh/Organik,53937.50,2.7160,13634.80,0.6866,0.6343,2091,1.6851,3.03,29.13
Rendaman Sayur,7.49,378.0,NETRAL,TIDAK LAYAK,Keruh/Organik,54054.30,2.7219,15481.80,0.7796,0.7193,2085,1.6802,3.33,29.19
Rendaman Sayur,7.49,378.0,NETRAL,TIDAK LAYAK,Keruh/Organik,54327.90,2.7357,15900.80,0.8007,0.7397,2088,1.6826,3.18,29.13
Rendaman Sayur,7.49,378.0,NETRAL,TIDAK LAYAK,Keruh/Organik,53937.50,2.7160,14857.40,0.7481,0.6903,2101,1.6931,2.51,29.19
Rendaman Sayur,7.49,378.0,NETRAL,TIDAK LAYAK,Keruh/Organik,54335.80,2.7361,16262.70,0.8189,0.7556,2077,1.6738,3.74,29.19
Rendaman Sayur,7.49,378.0,NETRAL,TIDAK LAYAK,Keruh/Organik,54161.30,2.7273,16302.70,0.8209,0.7575,2072,1.6697,4.00,29.19
Rendaman Sayur,7.49,378.0,NETRAL,TIDAK LAYAK,Keruh/Organik,54012.50,2.7198,13770.80,0.6934,0.6398,2086,1.6810,3.28,29.19
Rendaman Sayur,7.49,378.0,NETRAL,TIDAK LAYAK,Keruh/Organik,53873.40,2.7128,16091.40,0.8103,0.7485,2083,1.6786,3.44,29.13
Rendaman Sayur,7.49,378.0,NETRAL,TIDAK LAYAK,Keruh/Organik,54175.90,2.7280,15913.70,0.8013,0.7394,2091,1.6851,3.03,29.19
Rendaman Sayur,7.49,378.0,NETRAL,TIDAK LAYAK,Keruh/Organik,54268.60,2.7327,14518.20,0.7311,0.6746,2085,1.6802,3.33,29.19
Rendaman Sayur,7.49,378.0,NETRAL,TIDAK LAYAK,Keruh/Organik,53982.10,2.7183,15444.80,0.7777,0.7184,2108,1.6988,2.15,29.13
Rendaman Sayur,7.49,378.0,NETRAL,TIDAK LAYAK,Keruh/Organik,54134.10,2.7259,14919.90,0.7513,0.6932,2101,1.6931,2.51,29.19
Rendaman Sayur,7.49,378.0,NETRAL,TIDAK LAYAK,Keruh/Organik,54361.50,2.7374,14582.20,0.7343,0.6775,2108,1.6988,2.15,29.19
Rendaman Sayur,7.49,378.0,NETRAL,TIDAK LAYAK,Keruh/Organik,54047.90,2.7216,15726.50,0.7919,0.7307,2107,1.6979,2.21,29.19
Rendaman Sayur,7.49,378.0,NETRAL,TIDAK LAYAK,Keruh/Organik,54476.80,2.7432,15079.90,0.7593,0.7007,2111,1.7012,2.00,29.19
Rendaman Sayur,7.49,378.0,NETRAL,TIDAK LAYAK,Keruh/Organik,54364.80,2.7375,14572.60,0.7338,0.6771,2107,1.6979,2.21,29.19
Rendaman Sayur,7.49,378.0,NETRAL,TIDAK LAYAK,Keruh/Organik,54467.30,2.7427,16221.00,0.8168,0.7537,2118,1.7068,1.64,29.19
Rendaman Sayur,7.49,378.0,NETRAL,TIDAK LAYAK,Keruh/Organik,53967.70,2.7175,15961.90,0.8038,0.7416,2115,1.7044,1.79,29.19
Rendaman Sayur,7.49,378.0,NETRAL,TIDAK LAYAK,Keruh/Organik,54231.80,2.7308,13337.40,0.6716,0.6197,2102,1.6939,2.46,29.19
Rendaman Sayur,7.49,378.0,NETRAL,TIDAK LAYAK,Keruh/Organik,53831.60,2.7107,15217.60,0.7663,0.7071,2101,1.6931,2.51,29.19
Rendaman Sayur,7.49,378.0,NETRAL,TIDAK LAYAK,Keruh/Organik,54228.70,2.7307,16869.10,0.8494,0.7838,2097,1.6899,2.72,29.19
Rendaman Sayur,7.49,378.0,NETRAL,TIDAK LAYAK,Keruh/Organik,54054.40,2.7219,14609.50,0.7357,0.6788,2104,1.6955,2.36,29.19
Rendaman Sayur,7.49,378.0,NETRAL,TIDAK LAYAK,Keruh/Organik,54171.10,2.7278,13588.40,0.6842,0.6314,2106,1.6971,2.26,29.19
Rendaman Sayur,7.49,378.0,NETRAL,TIDAK LAYAK,Keruh/Organik,54031.90,2.7208,16699.50,0.8409,0.7768,2104,1.6955,2.36,29.13
Rendaman Sayur,7.49,378.0,NETRAL,TIDAK LAYAK,Keruh/Organik,54123.00,2.7254,14114.90,0.7108,0.6558,2101,1.6931,2.51,29.19
Rendaman Sayur,7.49,378.0,NETRAL,TIDAK LAYAK,Keruh/Organik,54262.30,2.7324,13623.70,0.6860,0.6337,2087,1.6818,3.23,29.13
Rendaman Sayur,7.49,378.0,NETRAL,TIDAK LAYAK,Keruh/Organik,54028.50,2.7206,16904.40,0.8512,0.7854,2093,1.6867,2.92,29.19
Rendaman Sayur,7.49,378.0,NETRAL,TIDAK LAYAK,Keruh/Organik,54182.20,2.7283,15787.30,0.7950,0.7335,2093,1.6867,2.92,29.19
Rendaman Sayur,7.49,378.0,NETRAL,TIDAK LAYAK,Keruh/Organik,54337.60,2.7362,14559.90,0.7332,0.6765,2098,1.6907,2.67,29.19
Rendaman Sayur,7.49,378.0,NETRAL,TIDAK LAYAK,Keruh/Organik,53924.60,2.7154,15732.90,0.7922,0.7318,2090,1.6842,3.08,29.13
Rendaman Sayur,7.49,378.0,NETRAL,TIDAK LAYAK,Keruh/Organik,54569.60,2.7478,16866.00,0.8493,0.7837,2091,1.6851,3.03,29.19
Rendaman Sayur,7.49,378.0,NETRAL,TIDAK LAYAK,Keruh/Organik,54031.70,2.7208,14486.20,0.7294,0.6731,2080,1.6762,3.59,29.19
Rendaman Sayur,7.49,378.0,NETRAL,TIDAK LAYAK,Keruh/Organik,54262.50,2.7324,16242.00,0.8179,0.7555,2085,1.6802,3.33,29.13
Rendaman Sayur,7.49,378.0,NETRAL,TIDAK LAYAK,Keruh/Organik,54052.60,2.7218,15814.50,0.7963,0.7348,2085,1.6802,3.33,29.19
Rendaman Sayur,7.49,378.0,NETRAL,TIDAK LAYAK,Keruh/Organik,53940.60,2.7162,13346.80,0.6721,0.6201,2090,1.6842,3.08,29.19
Rendaman Sayur,7.49,378.0,NETRAL,TIDAK LAYAK,Keruh/Organik,54441.60,2.7414,15291.20,0.7700,0.7105,2097,1.6899,2.72,29.19
Rendaman Sayur,7.49,378.0,NETRAL,TIDAK LAYAK,Keruh/Organik,54119.80,2.7252,16889.70,0.8505,0.7848,2098,1.6907,2.67,29.19
Rendaman Sayur,7.49,378.0,NETRAL,TIDAK LAYAK,Keruh/Organik,54446.40,2.7416,14548.70,0.7326,0.6760,2099,1.6915,2.62,29.19
Rendaman Sayur,7.49,378.0,NETRAL,TIDAK LAYAK,Keruh/Organik,53844.60,2.7113,13604.60,0.6851,0.6328,2103,1.6947,2.41,29.13
Rendaman Sayur,7.49,378.0,NETRAL,TIDAK LAYAK,Keruh/Organik,53764.50,2.7073,16790.80,0.8455,0.7802,2103,1.6947,2.41,29.19
Rendaman Sayur,7.49,378.0,NETRAL,TIDAK LAYAK,Keruh/Organik,54281.60,2.7333,14500.60,0.7302,0.6737,2106,1.6971,2.26,29.19
Rendaman Sayur,7.49,378.0,NETRAL,TIDAK LAYAK,Keruh/Organik,54332.80,2.7359,16059.40,0.8087,0.7470,2109,1.6996,2.10,29.13
Rendaman Sayur,7.49,378.0,NETRAL,TIDAK LAYAK,Keruh/Organik,54271.80,2.7328,14995.20,0.7551,0.6967,2109,1.6996,2.10,29.19
Rendaman Sayur,7.49,378.0,NETRAL,TIDAK LAYAK,Keruh/Organik,54166.20,2.7275,14484.50,0.7294,0.6730,2108,1.6988,2.15,29.19
Rendaman Sayur,7.49,378.0,NETRAL,TIDAK LAYAK,Keruh/Organik,53807.80,2.7095,16238.80,0.8177,0.7545,2092,1.6859,2.97,29.19
Rendaman Sayur,7.49,378.0,NETRAL,TIDAK LAYAK,Keruh/Organik,54393.60,2.7390,15201.60,0.7655,0.7071,2098,1.6907,2.67,29.13
Rendaman Sayur,7.49,378.0,NETRAL,TIDAK LAYAK,Keruh/Organik,54192.00,2.7288,13639.50,0.6868,0.6345,2103,1.6947,2.41,29.13
Rendaman Sayur,7.49,378.0,NETRAL,TIDAK LAYAK,Keruh/Organik,54422.40,2.7404,15446.40,0.7778,0.7177,2102,1.6939,2.46,29.19
Rendaman Sayur,7.49,378.0,NETRAL,TIDAK LAYAK,Keruh/Organik,53991.80,2.7187,14756.70,0.7431,0.6856,2099,1.6915,2.62,29.19
Rendaman Sayur,7.49,378.0,NETRAL,TIDAK LAYAK,Keruh/Organik,54166.30,2.7275,14737.40,0.7421,0.6848,2100,1.6923,2.56,29.19
Rendaman Sayur,7.49,378.0,NETRAL,TIDAK LAYAK,Keruh/Organik,54142.10,2.7263,16101.20,0.8108,0.7481,2103,1.6947,2.41,29.19
Rendaman Sayur,7.49,378.0,NETRAL,TIDAK LAYAK,Keruh/Organik,54223.70,2.7304,15070.40,0.7589,0.7002,2103,1.6947,2.41,29.19
Rendaman Sayur,7.49,378.0,NETRAL,TIDAK LAYAK,Keruh/Organik,54438.40,2.7412,13959.70,0.7029,0.6486,2100,1.6923,2.56,29.19
Rendaman Sayur,7.49,378.0,NETRAL,TIDAK LAYAK,Keruh/Organik,54262.30,2.7324,16109.00,0.8112,0.7485,2100,1.6923,2.56,29.19
Rendaman Sayur,7.49,378.0,NETRAL,TIDAK LAYAK,Keruh/Organik,54078.30,2.7231,15921.90,0.8017,0.7398,2104,1.6955,2.36,29.19
Rendaman Sayur,7.49,378.0,NETRAL,TIDAK LAYAK,Keruh/Organik,54263.90,2.7324,13566.20,0.6831,0.6311,2107,1.6979,2.21,29.13
Rendaman Sayur,7.49,378.0,NETRAL,TIDAK LAYAK,Keruh/Organik,54156.70,2.7270,15785.70,0.7949,0.7343,2128,1.7149,1.13,29.13
Rendaman Sayur,7.49,378.0,NETRAL,TIDAK LAYAK,Keruh/Organik,54047.70,2.7216,15188.90,0.7648,0.7057,2107,1.6979,2.21,29.19
Rendaman Sayur,7.49,378.0,NETRAL,TIDAK LAYAK,Keruh/Organik,54166.20,2.7275,14623.80,0.7364,0.6795,2102,1.6939,2.46,29.19
Rendaman Sayur,7.49,378.0,NETRAL,TIDAK LAYAK,Keruh/Organik,54209.40,2.7297,16115.60,0.8115,0.7488,2103,1.6947,2.41,29.19
Rendaman Sayur,7.49,378.0,NETRAL,TIDAK LAYAK,Keruh/Organik,54393.40,2.7390,15880.20,0.7996,0.7378,2104,1.6955,2.36,29.19
Rendaman Sayur,7.49,378.0,NETRAL,TIDAK LAYAK,Keruh/Organik,54468.60,2.7428,13500.60,0.6798,0.6280,2106,1.6971,2.26,29.13
Rendaman Sayur,7.49,378.0,NETRAL,TIDAK LAYAK,Keruh/Organik,54278.20,2.7332,15519.80,0.7815,0.7211,2108,1.6988,2.15,29.19
Rendaman Sayur,7.49,378.0,NETRAL,TIDAK LAYAK,Keruh/Organik,53964.60,2.7174,16699.80,0.8409,0.7759,2109,1.6996,2.10,29.19
Rendaman Sayur,7.49,378.0,NETRAL,TIDAK LAYAK,Keruh/Organik,54440.10,2.7413,13641.20,0.6869,0.6338,2107,1.6979,2.21,29.19
Rendaman Sayur,7.49,378.0,NETRAL,TIDAK LAYAK,Keruh/Organik,54342.30,2.7364,16155.20,0.8135,0.7506,2109,1.6996,2.10,29.19
Rendaman Sayur,7.49,378.0,NETRAL,TIDAK LAYAK,Keruh/Organik,54119.90,2.7252,15500.80,0.7805,0.7202,2104,1.6955,2.36,29.19
Rendaman Sayur,7.49,378.0,NETRAL,TIDAK LAYAK,Keruh/Organik,54273.50,2.7329,13593.10,0.6845,0.6316,2106,1.6971,2.26,29.19
Rendaman Sayur,7.49,378.0,NETRAL,TIDAK LAYAK,Keruh/Organik,54008.00,2.7196,16008.10,0.8061,0.7447,2103,1.6947,2.41,29.13
Rendaman Sayur,7.49,378.0,NETRAL,TIDAK LAYAK,Keruh/Organik,54385.50,2.7386,16361.90,0.8239,0.7602,2097,1.6899,2.72,29.19
Rendaman Sayur,7.49,378.0,NETRAL,TIDAK LAYAK,Keruh/Organik,54420.80,2.7403,13438.00,0.6767,0.6244,2098,1.6907,2.67,29.19
Rendaman Sayur,7.49,378.0,NETRAL,TIDAK LAYAK,Keruh/Organik,54148.70,2.7266,14872.00,0.7489,0.6910,2094,1.6875,2.87,29.19
Rendaman Sayur,7.49,378.0,NETRAL,TIDAK LAYAK,Keruh/Organik,54078.30,2.7231,16574.80,0.8346,0.7701,2104,1.6955,2.36,29.19
Rendaman Sayur,7.49,378.0,NETRAL,TIDAK LAYAK,Keruh/Organik,54460.80,2.7424,14454.20,0.7278,0.6724,2101,1.6931,2.51,29.13
Rendaman Sayur,7.49,378.0,NETRAL,TIDAK LAYAK,Keruh/Organik,54156.70,2.7270,16094.80,0.8104,0.7478,2104,1.6955,2.36,29.19
Rendaman Sayur,7.49,378.0,NETRAL,TIDAK LAYAK,Keruh/Organik,54220.60,2.7303,15238.40,0.7673,0.7080,2102,1.6939,2.46,29.19
Rendaman Sayur,7.49,378.0,NETRAL,TIDAK LAYAK,Keruh/Organik,54076.60,2.7230,13454.00,0.6775,0.6251,2104,1.6955,2.36,29.19
Rendaman Sayur,7.49,378.0,NETRAL,TIDAK LAYAK,Keruh/Organik,54398.40,2.7392,15684.80,0.7898,0.7296,2098,1.6907,2.67,29.13
Rendaman Sayur,7.49,378.0,NETRAL,TIDAK LAYAK,Keruh/Organik,54070.30,2.7227,16563.40,0.8340,0.7696,2096,1.6891,2.77,29.19
Rendaman Sayur,7.49,378.0,NETRAL,TIDAK LAYAK,Keruh/Organik,54624.00,2.7506,14100.50,0.7100,0.6559,2096,1.6891,2.77,29.13
Rendaman Sayur,7.49,378.0,NETRAL,TIDAK LAYAK,Keruh/Organik,54174.30,2.7279,13772.40,0.6935,0.6407,2105,1.6963,2.31,29.13
Rendaman Sayur,7.49,378.0,NETRAL,TIDAK LAYAK,Keruh/Organik,54178.90,2.7282,15438.50,0.7774,0.7173,2105,1.6963,2.31,29.19
Rendaman Sayur,7.49,378.0,NETRAL,TIDAK LAYAK,Keruh/Organik,53822.20,2.7102,13886.00,0.6992,0.6452,2107,1.6979,2.21,29.19
Rendaman Sayur,7.49,378.0,NETRAL,TIDAK LAYAK,Keruh/Organik,54100.70,2.7242,14046.10,0.7073,0.6534,2098,1.6907,2.67,29.13
Rendaman Sayur,7.49,378.0,NETRAL,TIDAK LAYAK,Keruh/Organik,54113.50,2.7249,15992.10,0.8053,0.7430,2089,1.6834,3.13,29.19
Rendaman Sayur,7.49,378.0,NETRAL,TIDAK LAYAK,Keruh/Organik,54119.80,2.7252,15675.20,0.7893,0.7283,2096,1.6891,2.77,29.19
Rendaman Sayur,7.49,378.0,NETRAL,TIDAK LAYAK,Keruh/Organik,54486.40,2.7437,14635.20,0.7370,0.6808,2105,1.6963,2.31,29.13
Rendaman Sayur,7.49,378.0,NETRAL,TIDAK LAYAK,Keruh/Organik,53956.70,2.7170,15600.00,0.7855,0.7257,2101,1.6931,2.51,29.13
Rendaman Sayur,7.49,378.0,NETRAL,TIDAK LAYAK,Keruh/Organik,54091.20,2.7237,14876.90,0.7491,0.6912,2102,1.6939,2.46,29.19
Rendaman Sayur,7.49,378.0,NETRAL,TIDAK LAYAK,Keruh/Organik,54307.10,2.7346,14172.50,0.7137,0.6593,2101,1.6931,2.51,29.13
Rendaman Sayur,7.49,378.0,NETRAL,TIDAK LAYAK,Keruh/Organik,54190.30,2.7287,15886.60,0.8000,0.7390,2098,1.6907,2.67,29.13
Rendaman Sayur,7.49,378.0,NETRAL,TIDAK LAYAK,Keruh/Organik,54217.60,2.7301,15428.80,0.7769,0.7169,2087,1.6818,3.23,29.19
Rendaman Sayur,7.49,378.0,NETRAL,TIDAK LAYAK,Keruh/Organik,54465.60,2.7426,13367.60,0.6731,0.6218,2109,1.6996,2.10,29.13
Rendaman Sayur,7.49,378.0,NETRAL,TIDAK LAYAK,Keruh/Organik,54427.10,2.7407,15825.70,0.7969,0.7362,2099,1.6915,2.62,29.13
Rendaman Sayur,7.49,378.0,NETRAL,TIDAK LAYAK,Keruh/Organik,54208.00,2.7296,16822.90,0.8471,0.7826,2096,1.6891,2.77,29.13
Rendaman Sayur,7.49,378.0,NETRAL,TIDAK LAYAK,Keruh/Organik,54446.40,2.7416,14339.00,0.7220,0.6662,2092,1.6859,2.97,29.19
Rendaman Sayur,7.49,378.0,NETRAL,TIDAK LAYAK,Keruh/Organik,54199.90,2.7292,13639.90,0.6868,0.6345,2096,1.6891,2.77,29.13
Rendaman Sayur,7.49,378.0,NETRAL,TIDAK LAYAK,Keruh/Organik,53809.30,2.7096,16707.60,0.8413,0.7763,2092,1.6859,2.97,29.19
Rendaman Sayur,7.49,378.0,NETRAL,TIDAK LAYAK,Keruh/Organik,54588.80,2.7488,15710.50,0.7911,0.7308,2074,1.6714,3.90,29.13
Rendaman Sayur,7.49,378.0,NETRAL,TIDAK LAYAK,Keruh/Organik,54097.50,2.7241,14002.90,0.7051,0.6514,2082,1.6778,3.49,29.13
Rendaman Sayur,7.49,378.0,NETRAL,TIDAK LAYAK,Keruh/Organik,54335.80,2.7361,15622.50,0.7867,0.7267,2078,1.6746,3.69,29.13
Rendaman Sayur,7.49,378.0,NETRAL,TIDAK LAYAK,Keruh/Organik,53940.50,2.7162,15771.20,0.7942,0.7328,2096,1.6891,2.77,29.19
Rendaman Sayur,7.49,378.0,NETRAL,TIDAK LAYAK,Keruh/Organik,54327.90,2.7357,14663.90,0.7384,0.6821,2103,1.6947,2.41,29.13
Rendaman Sayur,7.49,378.0,NETRAL,TIDAK LAYAK,Keruh/Organik,54225.40,2.7305,15473.60,0.7792,0.7190,2102,1.6939,2.46,29.19
Rendaman Sayur,7.49,378.0,NETRAL,TIDAK LAYAK,Keruh/Organik,54441.60,2.7414,15076.70,0.7592,0.7013,2088,1.6826,3.18,29.13
Rendaman Sayur,7.49,378.0,NETRAL,TIDAK LAYAK,Keruh/Organik,54201.50,2.7293,14107.00,0.7104,0.6555,2102,1.6939,2.46,29.19
Rendaman Sayur,7.49,378.0,NETRAL,TIDAK LAYAK,Keruh/Organik,53951.70,2.7167,15403.20,0.7756,0.7157,2100,1.6923,2.56,29.19
Rendaman Sayur,7.49,378.0,NETRAL,TIDAK LAYAK,Keruh/Organik,54084.60,2.7234,15745.60,0.7929,0.7324,2101,1.6931,2.51,29.13
Rendaman Sayur,7.49,378.0,NETRAL,TIDAK LAYAK,Keruh/Organik,53894.10,2.7138,14739.00,0.7422,0.6848,2102,1.6939,2.46,29.19
Rendaman Sayur,7.49,378.0,NETRAL,TIDAK LAYAK,Keruh/Organik,53953.60,2.7168,16290.00,0.8203,0.7578,2100,1.6923,2.56,29.13
Rendaman Sayur,7.49,378.0,NETRAL,TIDAK LAYAK,Keruh/Organik,54046.10,2.7215,16365.10,0.8241,0.7613,2113,1.7028,1.90,29.13
Rendaman Sayur,7.49,378.0,NETRAL,TIDAK LAYAK,Keruh/Organik,54356.80,2.7371,13465.20,0.6780,0.6264,2099,1.6915,2.62,29.13
Rendaman Sayur,7.49,378.0,NETRAL,TIDAK LAYAK,Keruh/Organik,54235.20,2.7310,15108.80,0.7608,0.7028,2103,1.6947,2.41,29.13
Rendaman Sayur,7.49,378.0,NETRAL,TIDAK LAYAK,Keruh/Organik,54121.60,2.7253,16891.40,0.8506,0.7857,2104,1.6955,2.36,29.13
Rendaman Sayur,7.49,378.0,NETRAL,TIDAK LAYAK,Keruh/Organik,54246.30,2.7316,15422.50,0.7766,0.7174,2105,1.6963,2.31,29.13
Rendaman Sayur,7.49,378.0,NETRAL,TIDAK LAYAK,Keruh/Organik,54241.40,2.7313,14639.90,0.7372,0.6810,2106,1.6971,2.26,29.13
Rendaman Sayur,7.49,378.0,NETRAL,TIDAK LAYAK,Keruh/Organik,54148.60,2.7266,17014.80,0.8568,0.7906,2104,1.6955,2.36,29.19
Rendaman Sayur,7.49,378.0,NETRAL,TIDAK LAYAK,Keruh/Organik,54172.80,2.7279,14270.30,0.7186,0.6638,2104,1.6955,2.36,29.13
Rendaman Sayur,7.49,378.0,NETRAL,TIDAK LAYAK,Keruh/Organik,54003.00,2.7193,13697.30,0.6897,0.6372,2110,1.7004,2.05,29.13
Rendaman Sayur,7.49,378.0,NETRAL,TIDAK LAYAK,Keruh/Organik,54368.00,2.7377,16829.10,0.8474,0.7819,2110,1.7004,2.05,29.19
Rendaman Sayur,7.49,378.0,NETRAL,TIDAK LAYAK,Keruh/Organik,54057.40,2.7220,15270.60,0.7689,0.7103,2098,1.6907,2.67,29.13
Rendaman Sayur,7.49,378.0,NETRAL,TIDAK LAYAK,Keruh/Organik,54287.80,2.7336,13942.00,0.7020,0.6485,2108,1.6988,2.15,29.13
Rendaman Sayur,7.49,378.0,NETRAL,TIDAK LAYAK,Keruh/Organik,54271.80,2.7328,15801.70,0.7957,0.7350,2105,1.6963,2.31,29.13
Rendaman Sayur,7.49,378.0,NETRAL,TIDAK LAYAK,Keruh/Organik,53963.00,2.7173,15737.60,0.7925,0.7321,2109,1.6996,2.10,29.13
Rendaman Sayur,7.49,378.0,NETRAL,TIDAK LAYAK,Keruh/Organik,54385.50,2.7386,14683.20,0.7394,0.6830,2102,1.6939,2.46,29.13
Rendaman Sayur,7.49,378.0,NETRAL,TIDAK LAYAK,Keruh/Organik,54271.90,2.7328,16979.60,0.8550,0.7898,2104,1.6955,2.36,29.13
Rendaman Sayur,7.49,378.0,NETRAL,TIDAK LAYAK,Keruh/Organik,54475.20,2.7431,15155.40,0.7631,0.7050,2104,1.6955,2.36,29.13
Rendaman Sayur,7.49,378.0,NETRAL,TIDAK LAYAK,Keruh/Organik,54390.50,2.7388,13689.20,0.6893,0.6368,2105,1.6963,2.31,29.13
Rendaman Sayur,7.49,378.0,NETRAL,TIDAK LAYAK,Keruh/Organik,54019.00,2.7201,16195.50,0.8155,0.7534,2102,1.6939,2.46,29.13
Rendaman Sayur,7.49,378.0,NETRAL,TIDAK LAYAK,Keruh/Organik,53916.50,2.7150,15707.20,0.7909,0.7307,2100,1.6923,2.56,29.13
Rendaman Sayur,7.49,378.0,NETRAL,TIDAK LAYAK,Keruh/Organik,53903.70,2.7143,14316.60,0.7209,0.6660,2099,1.6915,2.62,29.13
Rendaman Sayur,7.49,378.0,NETRAL,TIDAK LAYAK,Keruh/Organik,54081.30,2.7233,15184.10,0.7646,0.7063,2099,1.6915,2.62,29.13
Rendaman Sayur,7.49,378.0,NETRAL,TIDAK LAYAK,Keruh/Organik,54060.70,2.7222,15835.20,0.7974,0.7358,2102,1.6939,2.46,29.19
Rendaman Sayur,7.49,378.0,NETRAL,TIDAK LAYAK,Keruh/Organik,54220.60,2.7303,14878.40,0.7492,0.6921,2108,1.6988,2.15,29.13
Rendaman Sayur,7.49,378.0,NETRAL,TIDAK LAYAK,Keruh/Organik,53911.70,2.7147,16842.20,0.8481,0.7835,2093,1.6867,2.92,29.13
Rendaman Sayur,7.49,378.0,NETRAL,TIDAK LAYAK,Keruh/Organik,54439.90,2.7413,13561.20,0.6829,0.6308,2102,1.6939,2.46,29.13
Rendaman Sayur,7.49,378.0,NETRAL,TIDAK LAYAK,Keruh/Organik,54342.50,2.7364,15249.60,0.7679,0.7094,2098,1.6907,2.67,29.13
Rendaman Sayur,7.49,378.0,NETRAL,TIDAK LAYAK,Keruh/Organik,54270.20,2.7328,16555.80,0.8337,0.7701,2099,1.6915,2.62,29.13
Rendaman Sayur,7.49,378.0,NETRAL,TIDAK LAYAK,Keruh/Organik,54126.10,2.7255,14403.10,0.7253,0.6700,2088,1.6826,3.18,29.13
Rendaman Sayur,7.49,378.0,NETRAL,TIDAK LAYAK,Keruh/Organik,54004.50,2.7194,14430.10,0.7266,0.6712,2094,1.6875,2.87,29.13
Rendaman Sayur,7.49,378.0,NETRAL,TIDAK LAYAK,Keruh/Organik,54204.70,2.7295,16752.10,0.8435,0.7793,2093,1.6867,2.92,29.13
Rendaman Sayur,7.49,378.0,NETRAL,TIDAK LAYAK,Keruh/Organik,54284.60,2.7335,14641.40,0.7373,0.6811,2100,1.6923,2.56,29.13
Rendaman Sayur,7.49,378.0,NETRAL,TIDAK LAYAK,Keruh/Organik,53974.10,2.7179,15046.40,0.7577,0.6999,2100,1.6923,2.56,29.13
Rendaman Sayur,7.49,378.0,NETRAL,TIDAK LAYAK,Keruh/Organik,53891.00,2.7137,15549.00,0.7830,0.7233,2096,1.6891,2.77,29.13
Rendaman Sayur,7.49,378.0,NETRAL,TIDAK LAYAK,Keruh/Organik,54089.50,2.7237,14164.60,0.7133,0.6589,2094,1.6875,2.87,29.13
Rendaman Sayur,7.49,378.0,NETRAL,TIDAK LAYAK,Keruh/Organik,53876.50,2.7129,15692.90,0.7902,0.7300,2094,1.6875,2.87,29.13
Rendaman Sayur,7.49,378.0,NETRAL,TIDAK LAYAK,Keruh/Organik,54127.90,2.7256,15409.60,0.7759,0.7168,2094,1.6875,2.87,29.13
Rendaman Sayur,7.49,378.0,NETRAL,TIDAK LAYAK,Keruh/Organik,54113.60,2.7249,13663.60,0.6880,0.6356,2112,1.7020,1.95,29.13
Rendaman Sayur,7.49,378.0,NETRAL,TIDAK LAYAK,Keruh/Organik,54075.00,2.7229,16355.30,0.8236,0.7608,2096,1.6891,2.77,29.13
Rendaman Sayur,7.49,378.0,NETRAL,TIDAK LAYAK,Keruh/Organik,54166.20,2.7275,15051.30,0.7579,0.7001,2095,1.6883,2.82,29.13
Rendaman Sayur,7.49,378.0,NETRAL,TIDAK LAYAK,Keruh/Organik,53759.60,2.7071,15745.70,0.7929,0.7324,2094,1.6875,2.87,29.13
Rendaman Sayur,7.49,378.0,NETRAL,TIDAK LAYAK,Keruh/Organik,54057.30,2.7220,15808.30,0.7960,0.7354,2094,1.6875,2.87,29.13
Rendaman Sayur,7.49,378.0,NETRAL,TIDAK LAYAK,Keruh/Organik,54103.70,2.7244,13447.70,0.6772,0.6255,2114,1.7036,1.85,29.13
Rendaman Sayur,7.49,378.0,NETRAL,TIDAK LAYAK,Keruh/Organik,53809.30,2.7096,15020.60,0.7564,0.6987,2098,1.6907,2.67,29.13
Rendaman Sayur,7.49,378.0,NETRAL,TIDAK LAYAK,Keruh/Organik,54004.50,2.7194,16584.50,0.8351,0.7715,2097,1.6899,2.72,29.13
Rendaman Sayur,7.49,378.0,NETRAL,TIDAK LAYAK,Keruh/Organik,54393.40,2.7390,14057.30,0.7079,0.6539,2102,1.6939,2.46,29.13
Rendaman Sayur,7.49,378.0,NETRAL,TIDAK LAYAK,Keruh/Organik,53937.30,2.7160,14628.80,0.7366,0.6805,2111,1.7012,2.00,29.13
Rendaman Sayur,7.49,378.0,NETRAL,TIDAK LAYAK,Keruh/Organik,54034.90,2.7209,16393.90,0.8255,0.7626,2109,1.6996,2.10,29.13
Rendaman Sayur,7.49,378.0,NETRAL,TIDAK LAYAK,Keruh/Organik,54036.60,2.7210,14646.40,0.7375,0.6813,2119,1.7076,1.59,29.13
Rendaman Sayur,7.49,378.0,NETRAL,TIDAK LAYAK,Keruh/Organik,53770.90,2.7076,15084.80,0.7596,0.7017,2104,1.6955,2.36,29.13
Rendaman Sayur,7.49,378.0,NETRAL,TIDAK LAYAK,Keruh/Organik,54320.00,2.7353,15457.50,0.7784,0.7190,2099,1.6915,2.62,29.13
Rendaman Sayur,7.49,378.0,NETRAL,TIDAK LAYAK,Keruh/Organik,54036.60,2.7210,14412.60,0.7257,0.6704,2092,1.6859,2.97,29.13
Rendaman Sayur,7.49,378.0,NETRAL,TIDAK LAYAK,Keruh/Organik,53619.00,2.7000,15008.20,0.7557,0.6981,2091,1.6851,3.03,29.13
Rendaman Sayur,7.49,378.0,NETRAL,TIDAK LAYAK,Keruh/Organik,54083.10,2.7233,15446.40,0.7778,0.7185,2091,1.6851,3.03,29.13
Rendaman Sayur,7.49,378.0,NETRAL,TIDAK LAYAK,Keruh/Organik,54228.80,2.7307,14047.80,0.7074,0.6527,2095,1.6883,2.82,29.19
Rendaman Sayur,7.49,378.0,NETRAL,TIDAK LAYAK,Keruh/Organik,54209.40,2.7297,15876.90,0.7995,0.7385,2098,1.6907,2.67,29.13
Rendaman Sayur,7.49,378.0,NETRAL,TIDAK LAYAK,Keruh/Organik,54087.80,2.7236,13311.70,0.6703,0.6192,2099,1.6915,2.62,29.13
Rendaman Sayur,7.49,378.0,NETRAL,TIDAK LAYAK,Keruh/Organik,54347.20,2.7366,15228.80,0.7668,0.7084,2101,1.6931,2.51,29.13
Rendaman Sayur,7.49,378.0,NETRAL,TIDAK LAYAK,Keruh/Organik,54116.60,2.7250,16323.50,0.8220,0.7593,2101,1.6931,2.51,29.13
Rendaman Sayur,7.49,378.0,NETRAL,TIDAK LAYAK,Keruh/Organik,54004.50,2.7194,13292.50,0.6693,0.6183,2101,1.6931,2.51,29.13
Rendaman Sayur,7.49,378.0,NETRAL,TIDAK LAYAK,Keruh/Organik,54238.30,2.7312,15856.10,0.7984,0.7376,2093,1.6867,2.92,29.13
Rendaman Sayur,7.49,378.0,NETRAL,TIDAK LAYAK,Keruh/Organik,54382.40,2.7384,16346.10,0.8231,0.7604,2088,1.6826,3.18,29.13
Rendaman Sayur,7.49,378.0,NETRAL,TIDAK LAYAK,Keruh/Organik,53913.40,2.7148,13378.80,0.6737,0.6223,2091,1.6851,3.03,29.13
Rendaman Sayur,7.49,378.0,NETRAL,TIDAK LAYAK,Keruh/Organik,54176.00,2.7280,14547.10,0.7325,0.6767,2084,1.6794,3.38,29.13
Rendaman Sayur,7.49,378.0,NETRAL,TIDAK LAYAK,Keruh/Organik,54033.40,2.7208,16587.50,0.8353,0.7716,2089,1.6834,3.13,29.13
Rendaman Sayur,7.49,378.0,NETRAL,TIDAK LAYAK,Keruh/Organik,54136.00,2.7260,14454.30,0.7278,0.6724,2084,1.6794,3.38,29.13
Rendaman Sayur,7.49,378.0,NETRAL,TIDAK LAYAK,Keruh/Organik,53990.10,2.7187,15312.00,0.7710,0.7123,2088,1.6826,3.18,29.13
Rendaman Sayur,7.49,378.0,NETRAL,TIDAK LAYAK,Keruh/Organik,54340.90,2.7363,14691.10,0.7398,0.6834,2099,1.6915,2.62,29.13
Rendaman Sayur,7.49,378.0,NETRAL,TIDAK LAYAK,Keruh/Organik,53922.90,2.7153,14478.10,0.7290,0.6735,2100,1.6923,2.56,29.13
Rendaman Sayur,7.49,378.0,NETRAL,TIDAK LAYAK,Keruh/Organik,54019.10,2.7201,15768.20,0.7940,0.7335,2096,1.6891,2.77,29.13
Rendaman Sayur,7.49,378.0,NETRAL,TIDAK LAYAK,Keruh/Organik,53854.10,2.7118,14947.20,0.7527,0.6953,2096,1.6891,2.77,29.13
Rendaman Sayur,7.49,378.0,NETRAL,TIDAK LAYAK,Keruh/Organik,54044.60,2.7214,13847.60,0.6973,0.6442,2100,1.6923,2.56,29.13
Rendaman Sayur,7.49,378.0,NETRAL,TIDAK LAYAK,Keruh/Organik,54321.50,2.7353,15548.70,0.7830,0.7233,2101,1.6931,2.51,29.13
Rendaman Sayur,7.49,378.0,NETRAL,TIDAK LAYAK,Keruh/Organik,54028.50,2.7206,15302.50,0.7706,0.7118,2102,1.6939,2.46,29.13
Rendaman Sayur,7.49,378.0,NETRAL,TIDAK LAYAK,Keruh/Organik,54179.20,2.7282,14510.30,0.7307,0.6750,2111,1.7012,2.00,29.13
Rendaman Sayur,7.49,378.0,NETRAL,TIDAK LAYAK,Keruh/Organik,53967.70,2.7175,15181.00,0.7644,0.7062,2102,1.6939,2.46,29.13
Rendaman Sayur,7.49,378.0,NETRAL,TIDAK LAYAK,Keruh/Organik,54172.80,2.7279,15694.60,0.7903,0.7301,2099,1.6915,2.62,29.13
Rendaman Sayur,7.49,378.0,NETRAL,TIDAK LAYAK,Keruh/Organik,54081.40,2.7233,14087.70,0.7094,0.6553,2097,1.6899,2.72,29.13
Rendaman Sayur,7.49,378.0,NETRAL,TIDAK LAYAK,Keruh/Organik,53812.60,2.7097,15939.40,0.8026,0.7415,2097,1.6899,2.72,29.13
Rendaman Sayur,7.49,378.0,NETRAL,TIDAK LAYAK,Keruh/Organik,54206.30,2.7295,15435.20,0.7772,0.7180,2096,1.6891,2.77,29.13
Rendaman Sayur,7.49,378.0,NETRAL,TIDAK LAYAK,Keruh/Organik,54278.20,2.7332,13513.20,0.6805,0.6286,2089,1.6834,3.13,29.13
Rendaman Sayur,7.49,378.0,NETRAL,TIDAK LAYAK,Keruh/Organik,54307.00,2.7346,16742.50,0.8431,0.7788,2092,1.6859,2.97,29.13
Rendaman Sayur,7.49,378.0,NETRAL,TIDAK LAYAK,Keruh/Organik,54078.20,2.7231,14089.40,0.7095,0.6554,2097,1.6899,2.72,29.13
Cucian Beras,5.79,244.0,ASAM,TIDAK LAYAK,Keruh/Organik,55435.40,2.7914,15316.80,0.7713,0.7117,1915,1.5432,12.05,29.19
Cucian Beras,5.79,244.0,ASAM,TIDAK LAYAK,Keruh/Organik,55318.60,2.7856,14167.70,0.7134,0.6583,1908,1.5376,12.41,29.19
Cucian Beras,5.79,244.0,ASAM,TIDAK LAYAK,Keruh/Organik,55633.80,2.8014,17110.90,0.8616,0.7950,1908,1.5376,12.41,29.19
Cucian Beras,5.79,244.0,ASAM,TIDAK LAYAK,Keruh/Organik,55553.80,2.7974,17744.70,0.8935,0.8245,1910,1.5392,12.31,29.19
Cucian Beras,5.79,244.0,ASAM,TIDAK LAYAK,Keruh/Organik,55728.20,2.8062,14702.30,0.7403,0.6831,1948,1.5698,10.36,29.19
Cucian Beras,5.79,244.0,ASAM,TIDAK LAYAK,Keruh/Organik,55776.20,2.8086,17720.60,0.8923,0.8234,1940,1.5634,10.77,29.19
Cucian Beras,5.79,244.0,ASAM,TIDAK LAYAK,Keruh/Organik,55163.40,2.7777,17573.50,0.8849,0.8165,1949,1.5706,10.31,29.19
Cucian Beras,5.79,244.0,ASAM,TIDAK LAYAK,Keruh/Organik,55413.00,2.7903,14038.00,0.7069,0.6523,1947,1.5690,10.41,29.19
Cucian Beras,5.79,244.0,ASAM,TIDAK LAYAK,Keruh/Organik,55517.00,2.7955,17339.50,0.8731,0.8057,1933,1.5577,11.13,29.19
Cucian Beras,5.79,244.0,ASAM,TIDAK LAYAK,Keruh/Organik,55592.20,2.7993,17946.10,0.9037,0.8338,1923,1.5497,11.64,29.19
Cucian Beras,5.79,244.0,ASAM,TIDAK LAYAK,Keruh/Organik,55457.90,2.7926,15318.40,0.7714,0.7109,1916,1.5440,12.00,29.25
Cucian Beras,5.79,244.0,ASAM,TIDAK LAYAK,Keruh/Organik,55936.20,2.8167,17251.60,0.8687,0.8016,1931,1.5561,11.23,29.19
Cucian Beras,5.79,244.0,ASAM,TIDAK LAYAK,Keruh/Organik,55486.60,2.7940,17197.30,0.8660,0.7981,1946,1.5682,10.46,29.25
Cucian Beras,5.79,244.0,ASAM,TIDAK LAYAK,Keruh/Organik,55710.60,2.8053,15521.60,0.7816,0.7204,1934,1.5585,11.08,29.25
Cucian Beras,5.79,244.0,ASAM,TIDAK LAYAK,Keruh/Organik,55401.80,2.7897,17574.90,0.8850,0.8156,1920,1.5473,11.79,29.25
Cucian Beras,5.79,244.0,ASAM,TIDAK LAYAK,Keruh/Organik,55374.70,2.7884,17362.00,0.8743,0.8067,1914,1.5424,12.10,29.19
Cucian Beras,5.79,244.0,ASAM,TIDAK LAYAK,Keruh/Organik,55529.80,2.7962,16883.60,0.8502,0.7845,1925,1.5513,11.54,29.19
Cucian Beras,5.79,244.0,ASAM,TIDAK LAYAK,Keruh/Organik,55848.20,2.8122,19460.20,0.9799,0.9031,1923,1.5497,11.64,29.25
Cucian Beras,5.79,244.0,ASAM,TIDAK LAYAK,Keruh/Organik,55469.00,2.7931,14342.20,0.7222,0.6664,1933,1.5577,11.13,29.19
Cucian Beras,5.79,244.0,ASAM,TIDAK LAYAK,Keruh/Organik,55835.40,2.8116,16498.00,0.8308,0.7657,1925,1.5513,11.54,29.25
Cucian Beras,5.79,244.0,ASAM,TIDAK LAYAK,Keruh/Organik,55856.30,2.8126,19263.20,0.9700,0.8940,1926,1.5521,11.49,29.25
Cucian Beras,5.79,244.0,ASAM,TIDAK LAYAK,Keruh/Organik,55752.20,2.8074,14334.20,0.7218,0.6652,1944,1.5666,10.56,29.25
Cucian Beras,5.79,244.0,ASAM,TIDAK LAYAK,Keruh/Organik,56001.80,2.8200,17607.10,0.8866,0.8171,1937,1.5610,10.92,29.25
Cucian Beras,5.79,244.0,ASAM,TIDAK LAYAK,Keruh/Organik,55805.10,2.8101,18722.40,0.9428,0.8699,1966,1.5843,9.44,29.19
Cucian Beras,5.79,244.0,ASAM,TIDAK LAYAK,Keruh/Organik,55790.70,2.8093,14822.50,0.7464,0.6879,1987,1.6012,8.36,29.25
Cucian Beras,5.79,244.0,ASAM,TIDAK LAYAK,Keruh/Organik,55411.40,2.7902,17259.90,0.8691,0.8010,1966,1.5843,9.44,29.25
Cucian Beras,5.79,244.0,ASAM,TIDAK LAYAK,Keruh/Organik,56067.40,2.8233,17939.80,0.9034,0.8326,1958,1.5779,9.85,29.25
Cucian Beras,5.79,244.0,ASAM,TIDAK LAYAK,Keruh/Organik,55890.00,2.8143,14777.40,0.7441,0.6858,1950,1.5714,10.26,29.25
Cucian Beras,5.79,244.0,ASAM,TIDAK LAYAK,Keruh/Organik,55507.50,2.7951,16395.50,0.8256,0.7609,1958,1.5779,9.85,29.25
Cucian Beras,5.79,244.0,ASAM,TIDAK LAYAK,Keruh/Organik,56043.40,2.8221,18003.80,0.9066,0.8365,1900,1.5311,12.82,29.19
Cucian Beras,5.79,244.0,ASAM,TIDAK LAYAK,Keruh/Organik,55811.50,2.8104,15558.40,0.7834,0.7221,1892,1.5247,13.23,29.25
Cucian Beras,5.79,244.0,ASAM,TIDAK LAYAK,Keruh/Organik,55601.80,2.7998,17350.90,0.8737,0.8053,1900,1.5311,12.82,29.25
Cucian Beras,5.79,244.0,ASAM,TIDAK LAYAK,Keruh/Organik,55739.40,2.8067,17486.90,0.8805,0.8116,1887,1.5207,13.49,29.25
Cucian Beras,5.79,244.0,ASAM,TIDAK LAYAK,Keruh/Organik,55533.00,2.7964,15632.10,0.7872,0.7255,1913,1.5416,12.15,29.25
Cucian Beras,5.79,244.0,ASAM,TIDAK LAYAK,Keruh/Organik,56254.80,2.8327,19416.90,0.9777,0.9022,1950,1.5714,10.26,29.19
Cucian Beras,5.79,244.0,ASAM,TIDAK LAYAK,Keruh/Organik,55833.90,2.8115,14387.00,0.7245,0.6677,1946,1.5682,10.46,29.25
Cucian Beras,5.79,244.0,ASAM,TIDAK LAYAK,Keruh/Organik,55752.20,2.8074,17210.10,0.8666,0.7987,1905,1.5352,12.56,29.25
Cucian Beras,5.79,244.0,ASAM,TIDAK LAYAK,Keruh/Organik,55728.30,2.8062,17886.90,0.9007,0.8301,1908,1.5376,12.41,29.25
Cucian Beras,5.79,244.0,ASAM,TIDAK LAYAK,Keruh/Organik,55653.10,2.8024,15758.40,0.7935,0.7313,1969,1.5867,9.28,29.25
Cucian Beras,5.79,244.0,ASAM,TIDAK LAYAK,Keruh/Organik,55936.20,2.8167,17398.80,0.8761,0.8075,1959,1.5787,9.79,29.25
Cucian Beras,5.79,244.0,ASAM,TIDAK LAYAK,Keruh/Organik,55702.60,2.8049,17821.50,0.8974,0.8271,1951,1.5722,10.21,29.25
Cucian Beras,5.79,244.0,ASAM,TIDAK LAYAK,Keruh/Organik,55963.50,2.8180,15361.60,0.7735,0.7129,1943,1.5658,10.62,29.25
Cucian Beras,5.79,244.0,ASAM,TIDAK LAYAK,Keruh/Organik,55689.80,2.8042,19116.00,0.9626,0.8872,1939,1.5626,10.82,29.25
Cucian Beras,5.79,244.0,ASAM,TIDAK LAYAK,Keruh/Organik,56094.80,2.8246,14849.70,0.7478,0.6892,1949,1.5706,10.31,29.25
Cucian Beras,5.79,244.0,ASAM,TIDAK LAYAK,Keruh/Organik,55718.60,2.8057,17832.70,0.8980,0.8276,1924,1.5505,11.59,29.25
Cucian Beras,5.79,244.0,ASAM,TIDAK LAYAK,Keruh/Organik,56008.30,2.8203,17693.50,0.8910,0.8212,1931,1.5561,11.23,29.25
Cucian Beras,5.79,244.0,ASAM,TIDAK LAYAK,Keruh/Organik,55881.90,2.8139,15148.80,0.7628,0.7031,1988,1.6021,8.31,29.25
Cucian Beras,5.79,244.0,ASAM,TIDAK LAYAK,Keruh/Organik,55841.90,2.8119,17911.10,0.9019,0.8313,1945,1.5674,10.51,29.25
Cucian Beras,5.79,244.0,ASAM,TIDAK LAYAK,Keruh/Organik,55601.80,2.7998,18098.40,0.9113,0.8399,1960,1.5795,9.74,29.25
Cucian Beras,5.79,244.0,ASAM,TIDAK LAYAK,Keruh/Organik,55675.40,2.8035,14113.20,0.7107,0.6557,1946,1.5682,10.46,29.19
Cucian Beras,5.79,244.0,ASAM,TIDAK LAYAK,Keruh/Organik,56062.70,2.8230,19629.90,0.9885,0.9110,1888,1.5215,13.44,29.25
Cucian Beras,5.79,244.0,ASAM,TIDAK LAYAK,Keruh/Organik,55931.50,2.8164,14998.30,0.7552,0.6961,1887,1.5207,13.49,29.25
Cucian Beras,5.79,244.0,ASAM,TIDAK LAYAK,Keruh/Organik,55705.90,2.8051,18186.40,0.9158,0.8440,1933,1.5577,11.13,29.25
Cucian Beras,5.79,244.0,ASAM,TIDAK LAYAK,Keruh/Organik,55571.40,2.7983,17317.40,0.8720,0.8037,1967,1.5851,9.38,29.25
Cucian Beras,5.79,244.0,ASAM,TIDAK LAYAK,Keruh/Organik,55805.10,2.8101,14062.30,0.7081,0.6526,1932,1.5569,11.18,29.25
Cucian Beras,5.79,244.0,ASAM,TIDAK LAYAK,Keruh/Organik,55542.60,2.7968,19596.30,0.9868,0.9095,1953,1.5738,10.10,29.25
Cucian Beras,5.79,244.0,ASAM,TIDAK LAYAK,Keruh/Organik,55808.30,2.8102,15243.20,0.7676,0.7074,1965,1.5835,9.49,29.25
Cucian Beras,5.79,244.0,ASAM,TIDAK LAYAK,Keruh/Organik,55837.10,2.8117,16040.20,0.8077,0.7444,1950,1.5714,10.26,29.25
Cucian Beras,5.79,244.0,ASAM,TIDAK LAYAK,Keruh/Organik,55963.50,2.8180,19317.60,0.9727,0.8965,1931,1.5561,11.23,29.25
Cucian Beras,5.79,244.0,ASAM,TIDAK LAYAK,Keruh/Organik,56072.40,2.8235,15459.20,0.7784,0.7175,1926,1.5521,11.49,29.25
Cucian Beras,5.79,244.0,ASAM,TIDAK LAYAK,Keruh/Organik,55749.00,2.8072,17605.40,0.8865,0.8171,1953,1.5738,10.10,29.25
Cucian Beras,5.79,244.0,ASAM,TIDAK LAYAK,Keruh/Organik,55518.60,2.7956,17112.70,0.8617,0.7942,1963,1.5819,9.59,29.25
Cucian Beras,5.79,244.0,ASAM,TIDAK LAYAK,Keruh/Organik,56077.30,2.8238,15241.60,0.7675,0.7074,1954,1.5747,10.05,29.25
Cucian Beras,5.79,244.0,ASAM,TIDAK LAYAK,Keruh/Organik,55971.50,2.8184,18099.80,0.9114,0.8400,1932,1.5569,11.18,29.25
Cucian Beras,5.79,244.0,ASAM,TIDAK LAYAK,Keruh/Organik,56123.60,2.8261,18011.80,0.9070,0.8359,1916,1.5440,12.00,29.25
Cucian Beras,5.79,244.0,ASAM,TIDAK LAYAK,Keruh/Organik,55617.90,2.8006,14883.00,0.7494,0.6907,1907,1.5368,12.46,29.25
Cucian Beras,5.79,244.0,ASAM,TIDAK LAYAK,Keruh/Organik,55893.00,2.8145,17667.60,0.8896,0.8200,1927,1.5529,11.44,29.25
Cucian Beras,5.79,244.0,ASAM,TIDAK LAYAK,Keruh/Organik,55840.20,2.8118,17784.70,0.8955,0.8254,1940,1.5634,10.77,29.25
Cucian Beras,5.79,244.0,ASAM,TIDAK LAYAK,Keruh/Organik,55946.10,2.8172,14519.80,0.7311,0.6739,1949,1.5706,10.31,29.25
Cucian Beras,5.79,244.0,ASAM,TIDAK LAYAK,Keruh/Organik,55552.40,2.7973,17384.60,0.8754,0.8068,1958,1.5779,9.85,29.25
Cucian Beras,5.79,244.0,ASAM,TIDAK LAYAK,Keruh/Organik,55563.40,2.7979,18318.90,0.9224,0.8502,1944,1.5666,10.56,29.25
Cucian Beras,5.79,244.0,ASAM,TIDAK LAYAK,Keruh/Organik,55886.80,2.8142,14774.40,0.7440,0.6857,1904,1.5344,12.62,29.25
Cucian Beras,5.79,244.0,ASAM,TIDAK LAYAK,Keruh/Organik,55891.60,2.8144,18013.70,0.9071,0.8360,1925,1.5513,11.54,29.25
Cucian Beras,5.79,244.0,ASAM,TIDAK LAYAK,Keruh/Organik,55970.10,2.8184,17874.40,0.9001,0.8295,1929,1.5545,11.33,29.25
Cucian Beras,5.79,244.0,ASAM,TIDAK LAYAK,Keruh/Organik,55745.80,2.8071,14609.50,0.7357,0.6780,1960,1.5795,9.74,29.25
Cucian Beras,5.79,244.0,ASAM,TIDAK LAYAK,Keruh/Organik,55568.30,2.7981,17981.40,0.9054,0.8345,1899,1.5303,12.87,29.25
Cucian Beras,5.79,244.0,ASAM,TIDAK LAYAK,Keruh/Organik,55917.10,2.8157,17279.00,0.8701,0.8019,1916,1.5440,12.00,29.25
Cucian Beras,5.79,244.0,ASAM,TIDAK LAYAK,Keruh/Organik,55907.50,2.8152,17526.90,0.8826,0.8134,1961,1.5803,9.69,29.25
Cucian Beras,5.79,244.0,ASAM,TIDAK LAYAK,Keruh/Organik,55598.60,2.7997,16589.20,0.8353,0.7699,1932,1.5569,11.18,29.25
Cucian Beras,5.79,244.0,ASAM,TIDAK LAYAK,Keruh/Organik,55968.20,2.8183,15710.50,0.7911,0.7291,1919,1.5464,11.85,29.25
Cucian Beras,5.79,244.0,ASAM,TIDAK LAYAK,Keruh/Organik,55816.40,2.8106,16867.60,0.8494,0.7828,1933,1.5577,11.13,29.25
Cucian Beras,5.79,244.0,ASAM,TIDAK LAYAK,Keruh/Organik,55833.90,2.8115,17677.40,0.8901,0.8204,1950,1.5714,10.26,29.25
Cucian Beras,5.79,244.0,ASAM,TIDAK LAYAK,Keruh/Organik,55909.30,2.8153,15494.50,0.7802,0.7191,1945,1.5674,10.51,29.25
Cucian Beras,5.79,244.0,ASAM,TIDAK LAYAK,Keruh/Organik,55438.60,2.7916,18064.50,0.9096,0.8384,1929,1.5545,11.33,29.25
Cucian Beras,5.79,244.0,ASAM,TIDAK LAYAK,Keruh/Organik,55921.80,2.8159,17872.70,0.9000,0.8295,1970,1.5875,9.23,29.25
Cucian Beras,5.79,244.0,ASAM,TIDAK LAYAK,Keruh/Organik,55771.60,2.8084,17608.80,0.8867,0.8172,1928,1.5537,11.38,29.25
Cucian Beras,5.79,244.0,ASAM,TIDAK LAYAK,Keruh/Organik,55878.70,2.8138,17587.70,0.8856,0.8162,1911,1.5400,12.26,29.25
Cucian Beras,5.79,244.0,ASAM,TIDAK LAYAK,Keruh/Organik,55653.00,2.8024,15080.10,0.7594,0.6999,1914,1.5424,12.10,29.25
Cucian Beras,5.79,244.0,ASAM,TIDAK LAYAK,Keruh/Organik,55550.60,2.7972,18495.20,0.9313,0.8584,1921,1.5481,11.74,29.25
Cucian Beras,5.79,244.0,ASAM,TIDAK LAYAK,Keruh/Organik,56120.20,2.8259,16866.00,0.8493,0.7827,1900,1.5311,12.82,29.25
Cucian Beras,5.79,244.0,ASAM,TIDAK LAYAK,Keruh/Organik,55853.00,2.8125,15236.60,0.7672,0.7071,1904,1.5344,12.62,29.25
Cucian Beras,5.79,244.0,ASAM,TIDAK LAYAK,Keruh/Organik,55504.20,2.7949,19887.60,1.0014,0.9230,1947,1.5690,10.41,29.25
Cucian Beras,5.79,244.0,ASAM,TIDAK LAYAK,Keruh/Organik,55896.20,2.8146,14961.60,0.7534,0.6944,1938,1.5618,10.87,29.25
Cucian Beras,5.79,244.0,ASAM,TIDAK LAYAK,Keruh/Organik,55872.20,2.8134,16824.30,0.8472,0.7808,1963,1.5819,9.59,29.25
Cucian Beras,5.79,244.0,ASAM,TIDAK LAYAK,Keruh/Organik,56009.90,2.8204,17987.90,0.9058,0.8348,1952,1.5730,10.15,29.25
Cucian Beras,5.79,244.0,ASAM,TIDAK LAYAK,Keruh/Organik,55606.70,2.8001,14582.30,0.7343,0.6768,1959,1.5787,9.79,29.25
Cucian Beras,5.79,244.0,ASAM,TIDAK LAYAK,Keruh/Organik,56040.40,2.8219,19205.90,0.9671,0.8913,1951,1.5722,10.21,29.25
Cucian Beras,5.79,244.0,ASAM,TIDAK LAYAK,Keruh/Organik,55801.80,2.8099,15645.10,0.7878,0.7261,1939,1.5626,10.82,29.25
Cucian Beras,5.79,244.0,ASAM,TIDAK LAYAK,Keruh/Organik,55649.80,2.8022,15870.50,0.7992,0.7365,1966,1.5843,9.44,29.25
Cucian Beras,5.79,244.0,ASAM,TIDAK LAYAK,Keruh/Organik,55747.40,2.8071,19444.00,0.9791,0.9024,1954,1.5747,10.05,29.25
Cucian Beras,5.79,244.0,ASAM,TIDAK LAYAK,Keruh/Organik,56058.00,2.8228,14199.80,0.7150,0.6590,1914,1.5424,12.10,29.25
Cucian Beras,5.79,244.0,ASAM,TIDAK LAYAK,Keruh/Organik,56112.20,2.8255,18056.90,0.9093,0.8380,1902,1.5327,12.72,29.25
Cucian Beras,5.79,244.0,ASAM,TIDAK LAYAK,Keruh/Organik,55643.40,2.8019,16798.80,0.8459,0.7796,1910,1.5392,12.31,29.25
Cucian Beras,5.79,244.0,ASAM,TIDAK LAYAK,Keruh/Organik,55993.90,2.8196,14507.00,0.7305,0.6733,1913,1.5416,12.15,29.25
Cucian Beras,5.79,244.0,ASAM,TIDAK LAYAK,Keruh/Organik,56234.10,2.8317,19414.00,0.9776,0.9010,1914,1.5424,12.10,29.25
Cucian Beras,5.79,244.0,ASAM,TIDAK LAYAK,Keruh/Organik,55766.70,2.8081,14222.10,0.7162,0.6600,1922,1.5489,11.69,29.25
Cucian Beras,5.79,244.0,ASAM,TIDAK LAYAK,Keruh/Organik,55753.80,2.8075,17402.20,0.8763,0.8076,1967,1.5851,9.38,29.25
Cucian Beras,5.79,244.0,ASAM,TIDAK LAYAK,Keruh/Organik,55902.60,2.8150,17110.80,0.8616,0.7941,1926,1.5521,11.49,29.25
Cucian Beras,5.79,244.0,ASAM,TIDAK LAYAK,Keruh/Organik,55678.60,2.8037,15451.20,0.7780,0.7171,1902,1.5327,12.72,29.25
Cucian Beras,5.79,244.0,ASAM,TIDAK LAYAK,Keruh/Organik,55659.40,2.8027,17442.40,0.8783,0.8095,1887,1.5207,13.49,29.25
Cucian Beras,5.79,244.0,ASAM,TIDAK LAYAK,Keruh/Organik,55565.00,2.7980,17807.10,0.8967,0.8264,1896,1.5279,13.03,29.25
Cucian Beras,5.79,244.0,ASAM,TIDAK LAYAK,Keruh/Organik,55553.90,2.7974,15025.40,0.7566,0.6973,1920,1.5473,11.79,29.25
Cucian Beras,5.79,244.0,ASAM,TIDAK LAYAK,Keruh/Organik,55661.00,2.8028,18768.90,0.9451,0.8711,1909,1.5384,12.36,29.25
Cucian Beras,5.79,244.0,ASAM,TIDAK LAYAK,Keruh/Organik,55854.60,2.8125,14990.20,0.7548,0.6957,1898,1.5295,12.92,29.25
Cucian Beras,5.79,244.0,ASAM,TIDAK LAYAK,Keruh/Organik,55200.20,2.7796,17237.60,0.8680,0.8000,1922,1.5489,11.69,29.25
Cucian Beras,5.79,244.0,ASAM,TIDAK LAYAK,Keruh/Organik,55597.00,2.7996,17614.90,0.8870,0.8175,1957,1.5771,9.90,29.25
Cucian Beras,5.79,244.0,ASAM,TIDAK LAYAK,Keruh/Organik,55481.80,2.7938,14726.40,0.7415,0.6835,1945,1.5674,10.51,29.25
Cucian Beras,5.79,244.0,ASAM,TIDAK LAYAK,Keruh/Organik,55510.60,2.7952,17158.90,0.8640,0.7963,1915,1.5432,12.05,29.25
Cucian Beras,5.79,244.0,ASAM,TIDAK LAYAK,Keruh/Organik,55689.80,2.8042,16696.50,0.8407,0.7749,1924,1.5505,11.59,29.25
Cucian Beras,5.79,244.0,ASAM,TIDAK LAYAK,Keruh/Organik,55366.60,2.7880,15217.40,0.7663,0.7062,1948,1.5698,10.36,29.25
Cucian Beras,5.79,244.0,ASAM,TIDAK LAYAK,Keruh/Organik,55443.40,2.7918,17587.80,0.8856,0.8162,1955,1.5755,10.00,29.25
Cucian Beras,5.79,244.0,ASAM,TIDAK LAYAK,Keruh/Organik,55574.60,2.7984,14332.70,0.7217,0.6652,1952,1.5730,10.15,29.25
Cucian Beras,5.79,244.0,ASAM,TIDAK LAYAK,Keruh/Organik,55982.70,2.8190,19279.20,0.9708,0.8947,1924,1.5505,11.59,29.25
Cucian Beras,5.79,244.0,ASAM,TIDAK LAYAK,Keruh/Organik,55325.00,2.7859,14539.10,0.7321,0.6748,1900,1.5311,12.82,29.25
Cucian Beras,5.79,244.0,ASAM,TIDAK LAYAK,Keruh/Organik,55905.90,2.8151,17041.80,0.8581,0.7909,1925,1.5513,11.54,29.25
Cucian Beras,5.79,244.0,ASAM,TIDAK LAYAK,Keruh/Organik,55630.60,2.8013,18082.50,0.9105,0.8392,1940,1.5634,10.77,29.25
Cucian Beras,5.79,244.0,ASAM,TIDAK LAYAK,Keruh/Organik,55699.40,2.8047,14721.50,0.7413,0.6832,1948,1.5698,10.36,29.25
Cucian Beras,5.79,244.0,ASAM,TIDAK LAYAK,Keruh/Organik,55449.80,2.7922,17503.00,0.8814,0.8123,1933,1.5577,11.13,29.25
Cucian Beras,5.79,244.0,ASAM,TIDAK LAYAK,Keruh/Organik,55707.40,2.8051,16800.30,0.8460,0.7797,1931,1.5561,11.23,29.25
Cucian Beras,5.79,244.0,ASAM,TIDAK LAYAK,Keruh/Organik,55819.50,2.8108,14422.20,0.7262,0.6693,1938,1.5618,10.87,29.25
Cucian Beras,5.79,244.0,ASAM,TIDAK LAYAK,Keruh/Organik,55603.40,2.7999,18967.20,0.9551,0.8803,1939,1.5626,10.82,29.25
Cucian Beras,5.79,244.0,ASAM,TIDAK LAYAK,Keruh/Organik,55563.40,2.7979,14395.20,0.7249,0.6681,1953,1.5738,10.10,29.25
Cucian Beras,5.79,244.0,ASAM,TIDAK LAYAK,Keruh/Organik,55366.60,2.7880,18744.90,0.9439,0.8699,1971,1.5884,9.18,29.25
Cucian Beras,5.79,244.0,ASAM,TIDAK LAYAK,Keruh/Organik,55694.60,2.8045,14564.50,0.7334,0.6759,1964,1.5827,9.54,29.25
Cucian Beras,5.79,244.0,ASAM,TIDAK LAYAK,Keruh/Organik,55531.40,2.7963,13077.90,0.6585,0.6069,1966,1.5843,9.44,29.25
Cucian Beras,5.79,244.0,ASAM,TIDAK LAYAK,Keruh/Organik,55390.60,2.7892,14872.00,0.7489,0.6902,1967,1.5851,9.38,29.25
Cucian Beras,5.79,244.0,ASAM,TIDAK LAYAK,Keruh/Organik,55592.20,2.7993,16016.10,0.8065,0.7433,1956,1.5763,9.95,29.25
Cucian Beras,5.79,244.0,ASAM,TIDAK LAYAK,Keruh/Organik,55377.90,2.7885,14779.20,0.7442,0.6859,1993,1.6061,8.05,29.25
Cucian Beras,5.79,244.0,ASAM,TIDAK LAYAK,Keruh/Organik,55715.40,2.8055,16517.00,0.8317,0.7666,1989,1.6029,8.26,29.25
Cucian Beras,5.79,244.0,ASAM,TIDAK LAYAK,Keruh/Organik,55352.20,2.7872,13630.00,0.6863,0.6326,2006,1.6166,7.38,29.25
Cucian Beras,5.79,244.0,ASAM,TIDAK LAYAK,Keruh/Organik,55317.00,2.7855,16173.00,0.8144,0.7506,1984,1.5988,8.51,29.25
Cucian Beras,5.79,244.0,ASAM,TIDAK LAYAK,Keruh/Organik,55734.60,2.8065,15113.60,0.7610,0.7014,1957,1.5771,9.90,29.25
Cucian Beras,5.79,244.0,ASAM,TIDAK LAYAK,Keruh/Organik,55899.40,2.8148,14474.90,0.7289,0.6718,1962,1.5811,9.64,29.25
Cucian Beras,5.79,244.0,ASAM,TIDAK LAYAK,Keruh/Organik,55192.20,2.7792,15384.10,0.7747,0.7140,1944,1.5666,10.56,29.25
Cucian Beras,5.79,244.0,ASAM,TIDAK LAYAK,Keruh/Organik,55638.60,2.8017,15982.70,0.8048,0.7418,1937,1.5610,10.92,29.25
Cucian Beras,5.79,244.0,ASAM,TIDAK LAYAK,Keruh/Organik,55653.00,2.8024,13740.50,0.6919,0.6377,1958,1.5779,9.85,29.25
Cucian Beras,5.79,244.0,ASAM,TIDAK LAYAK,Keruh/Organik,55449.90,2.7922,16099.30,0.8107,0.7472,1965,1.5835,9.49,29.25
Cucian Beras,5.79,244.0,ASAM,TIDAK LAYAK,Keruh/Organik,55816.20,2.8106,14033.30,0.7066,0.6513,1951,1.5722,10.21,29.25
Cucian Beras,5.79,244.0,ASAM,TIDAK LAYAK,Keruh/Organik,55638.60,2.8017,16038.60,0.8076,0.7444,1923,1.5497,11.64,29.25
Cucian Beras,5.79,244.0,ASAM,TIDAK LAYAK,Keruh/Organik,55421.00,2.7907,14946.90,0.7526,0.6937,1918,1.5456,11.90,29.25
Cucian Beras,5.79,244.0,ASAM,TIDAK LAYAK,Keruh/Organik,55920.20,2.8158,14638.30,0.7371,0.6794,1925,1.5513,11.54,29.25
Cucian Beras,5.79,244.0,ASAM,TIDAK LAYAK,Keruh/Organik,55633.80,2.8014,15795.20,0.7954,0.7331,1939,1.5626,10.82,29.25
Cucian Beras,5.79,244.0,ASAM,TIDAK LAYAK,Keruh/Organik,55325.00,2.7859,15496.10,0.7803,0.7192,1942,1.5650,10.67,29.25
Cucian Beras,5.79,244.0,ASAM,TIDAK LAYAK,Keruh/Organik,55568.20,2.7981,14282.90,0.7192,0.6629,1940,1.5634,10.77,29.25
Cucian Beras,5.79,244.0,ASAM,TIDAK LAYAK,Keruh/Organik,55325.00,2.7859,15169.30,0.7638,0.7040,1940,1.5634,10.77,29.25
Cucian Beras,5.79,244.0,ASAM,TIDAK LAYAK,Keruh/Organik,55833.80,2.8115,14206.10,0.7153,0.6593,1960,1.5795,9.74,29.25
Cucian Beras,5.79,244.0,ASAM,TIDAK LAYAK,Keruh/Organik,55680.20,2.8038,16036.90,0.8075,0.7443,1972,1.5892,9.13,29.25
Cucian Beras,5.79,244.0,ASAM,TIDAK LAYAK,Keruh/Organik,55382.60,2.7888,15075.40,0.7591,0.6996,1994,1.6069,8.00,29.25
Cucian Beras,5.79,244.0,ASAM,TIDAK LAYAK,Keruh/Organik,55899.40,2.8148,14263.70,0.7182,0.6620,1987,1.6012,8.36,29.25
Cucian Beras,5.79,244.0,ASAM,TIDAK LAYAK,Keruh/Organik,55118.60,2.7755,15865.60,0.7989,0.7363,1947,1.5690,10.41,29.25
Cucian Beras,5.79,244.0,ASAM,TIDAK LAYAK,Keruh/Organik,55606.60,2.8001,15088.00,0.7598,0.7002,1950,1.5714,10.26,29.25
Cucian Beras,5.79,244.0,ASAM,TIDAK LAYAK,Keruh/Organik,55774.60,2.8085,14481.50,0.7292,0.6721,1986,1.6004,8.41,29.25
Cucian Beras,5.79,244.0,ASAM,TIDAK LAYAK,Keruh/Organik,55616.20,2.8005,15318.40,0.7714,0.7109,1987,1.6012,8.36,29.25
Cucian Beras,5.79,244.0,ASAM,TIDAK LAYAK,Keruh/Organik,55657.80,2.8026,15948.90,0.8031,0.7402,1975,1.5916,8.97,29.25
Cucian Beras,5.79,244.0,ASAM,TIDAK LAYAK,Keruh/Organik,55600.20,2.7997,14908.80,0.7507,0.6927,1957,1.5771,9.90,29.19
Cucian Beras,5.79,244.0,ASAM,TIDAK LAYAK,Keruh/Organik,55513.80,2.7954,17411.60,0.8768,0.8081,1985,1.5996,8.46,29.25
Cucian Beras,5.79,244.0,ASAM,TIDAK LAYAK,Keruh/Organik,55741.20,2.8068,14143.80,0.7122,0.6564,1964,1.5827,9.54,29.25
Cucian Beras,5.79,244.0,ASAM,TIDAK LAYAK,Keruh/Organik,55677.00,2.8036,14765.00,0.7435,0.6852,1926,1.5521,11.49,29.25
Cucian Beras,5.79,244.0,ASAM,TIDAK LAYAK,Keruh/Organik,55742.60,2.8069,17815.20,0.8971,0.8268,1909,1.5384,12.36,29.25
Cucian Beras,5.79,244.0,ASAM,TIDAK LAYAK,Keruh/Organik,55768.30,2.8082,15289.50,0.7699,0.7096,1948,1.5698,10.36,29.25
Cucian Beras,5.79,244.0,ASAM,TIDAK LAYAK,Keruh/Organik,55523.40,2.7959,13521.10,0.6809,0.6275,1979,1.5948,8.77,29.25
Cucian Beras,5.79,244.0,ASAM,TIDAK LAYAK,Keruh/Organik,55769.90,2.8083,16750.90,0.8435,0.7774,1976,1.5924,8.92,29.25
Cucian Beras,5.79,244.0,ASAM,TIDAK LAYAK,Keruh/Organik,55689.80,2.8042,13745.20,0.6921,0.6379,1948,1.5698,10.36,29.25
Cucian Beras,5.79,244.0,ASAM,TIDAK LAYAK,Keruh/Organik,55669.00,2.8032,15380.80,0.7745,0.7138,1945,1.5674,10.51,29.25
Cucian Beras,5.79,244.0,ASAM,TIDAK LAYAK,Keruh/Organik,55605.00,2.8000,17078.80,0.8600,0.7926,1925,1.5513,11.54,29.25
Cucian Beras,5.79,244.0,ASAM,TIDAK LAYAK,Keruh/Organik,55446.60,2.7920,13462.00,0.6779,0.6248,1920,1.5473,11.79,29.25
Cucian Beras,5.79,244.0,ASAM,TIDAK LAYAK,Keruh/Organik,55261.00,2.7827,15116.80,0.7612,0.7016,1944,1.5666,10.56,29.25
Cucian Beras,5.79,244.0,ASAM,TIDAK LAYAK,Keruh/Organik,55590.60,2.7993,17407.10,0.8765,0.8079,1943,1.5658,10.62,29.25
Cucian Beras,5.79,244.0,ASAM,TIDAK LAYAK,Keruh/Organik,55189.00,2.7790,15137.50,0.7622,0.7025,1950,1.5714,10.26,29.25
Cucian Beras,5.79,244.0,ASAM,TIDAK LAYAK,Keruh/Organik,55049.80,2.7720,13362.80,0.6729,0.6202,1959,1.5787,9.79,29.25
Cucian Beras,5.79,244.0,ASAM,TIDAK LAYAK,Keruh/Organik,55475.40,2.7935,17304.50,0.8714,0.8031,1966,1.5843,9.44,29.25
Cucian Beras,5.79,244.0,ASAM,TIDAK LAYAK,Keruh/Organik,55430.60,2.7912,13644.50,0.6871,0.6332,1972,1.5892,9.13,29.25
Cucian Beras,5.79,244.0,ASAM,TIDAK LAYAK,Keruh/Organik,55803.40,2.8100,16264.40,0.8190,0.7548,1981,1.5964,8.67,29.25
Cucian Beras,5.79,244.0,ASAM,TIDAK LAYAK,Keruh/Organik,55685.00,2.8040,15846.60,0.7980,0.7354,1979,1.5948,8.77,29.25
Cucian Beras,5.79,244.0,ASAM,TIDAK LAYAK,Keruh/Organik,55353.80,2.7873,13422.10,0.6759,0.6236,1981,1.5964,8.67,29.19
Cucian Beras,5.79,244.0,ASAM,TIDAK LAYAK,Keruh/Organik,55683.40,2.8039,16157.10,0.8136,0.7498,1984,1.5988,8.51,29.25
Cucian Beras,5.79,244.0,ASAM,TIDAK LAYAK,Keruh/Organik,55608.20,2.8001,16699.40,0.8409,0.7750,1958,1.5779,9.85,29.25
Cucian Beras,5.79,244.0,ASAM,TIDAK LAYAK,Keruh/Organik,55640.20,2.8017,14494.10,0.7298,0.6727,1948,1.5698,10.36,29.25
Cucian Beras,5.79,244.0,ASAM,TIDAK LAYAK,Keruh/Organik,55629.00,2.8012,13548.60,0.6822,0.6288,1937,1.5610,10.92,29.25
Cucian Beras,5.79,244.0,ASAM,TIDAK LAYAK,Keruh/Organik,55190.60,2.7791,15907.50,0.8010,0.7383,1935,1.5593,11.03,29.25
Cucian Beras,5.79,244.0,ASAM,TIDAK LAYAK,Keruh/Organik,55693.00,2.8044,13862.20,0.6980,0.6433,1940,1.5634,10.77,29.25
Cucian Beras,5.79,244.0,ASAM,TIDAK LAYAK,Keruh/Organik,55489.80,2.7942,16361.80,0.8239,0.7593,1938,1.5618,10.87,29.25
Cucian Beras,5.79,244.0,ASAM,TIDAK LAYAK,Keruh/Organik,55317.00,2.7855,16697.70,0.8408,0.7758,1927,1.5529,11.44,29.19
Cucian Beras,5.79,244.0,ASAM,TIDAK LAYAK,Keruh/Organik,55542.60,2.7968,13154.70,0.6624,0.6105,1911,1.5400,12.26,29.25
Cucian Beras,5.79,244.0,ASAM,TIDAK LAYAK,Keruh/Organik,55541.00,2.7968,13463.60,0.6780,0.6248,1910,1.5392,12.31,29.25
Cucian Beras,5.79,244.0,ASAM,TIDAK LAYAK,Keruh/Organik,55763.40,2.8080,17234.00,0.8678,0.7998,1906,1.5360,12.51,29.25
Cucian Beras,5.79,244.0,ASAM,TIDAK LAYAK,Keruh/Organik,55512.20,2.7953,16014.50,0.8064,0.7432,1905,1.5352,12.56,29.25
Cucian Beras,5.79,244.0,ASAM,TIDAK LAYAK,Keruh/Organik,55557.00,2.7976,14670.30,0.7387,0.6816,1924,1.5505,11.59,29.19
Cucian Beras,5.79,244.0,ASAM,TIDAK LAYAK,Keruh/Organik,55598.60,2.7997,17259.80,0.8691,0.8010,1920,1.5473,11.79,29.25
Cucian Beras,5.79,244.0,ASAM,TIDAK LAYAK,Keruh/Organik,55593.80,2.7994,15553.60,0.7832,0.7218,1946,1.5682,10.46,29.25
KeranCuka 1,6.28,254.0,ASAM,TIDAK LAYAK,Tercemar Asam (Cuka),55155.40,2.7773,15473.70,0.7792,0.7248,2120,1.7084,1.54,28.75
KeranCuka 1,6.28,254.0,ASAM,TIDAK LAYAK,Tercemar Asam (Cuka),55795.40,2.8096,14471.90,0.7287,0.6779,2124,1.7116,1.33,28.75
KeranCuka 1,6.28,254.0,ASAM,TIDAK LAYAK,Tercemar Asam (Cuka),55237.00,2.7814,16274.10,0.8195,0.7614,2122,1.7100,1.44,28.81
KeranCuka 1,6.28,254.0,ASAM,TIDAK LAYAK,Tercemar Asam (Cuka),55329.80,2.7861,15507.30,0.7809,0.7255,2124,1.7116,1.33,28.81
KeranCuka 1,6.28,254.0,ASAM,TIDAK LAYAK,Tercemar Asam (Cuka),55571.40,2.7983,13074.70,0.6584,0.6117,2123,1.7108,1.38,28.81
KeranCuka 1,6.28,254.0,ASAM,TIDAK LAYAK,Tercemar Asam (Cuka),55115.40,2.7753,14553.50,0.7328,0.6809,2124,1.7116,1.33,28.81
KeranCuka 1,6.28,254.0,ASAM,TIDAK LAYAK,Tercemar Asam (Cuka),55569.80,2.7982,17006.90,0.8564,0.7957,2123,1.7108,1.38,28.81
KeranCuka 1,6.28,254.0,ASAM,TIDAK LAYAK,Tercemar Asam (Cuka),55456.20,2.7925,12972.10,0.6532,0.6069,2124,1.7116,1.33,28.81
KeranCuka 1,6.28,254.0,ASAM,TIDAK LAYAK,Tercemar Asam (Cuka),55517.00,2.7955,15192.00,0.7650,0.7108,2109,1.6996,2.10,28.81
KeranCuka 1,6.28,254.0,ASAM,TIDAK LAYAK,Tercemar Asam (Cuka),55272.20,2.7832,17687.10,0.8906,0.8275,2124,1.7116,1.33,28.81
KeranCuka 1,6.28,254.0,ASAM,TIDAK LAYAK,Tercemar Asam (Cuka),55179.40,2.7785,14660.60,0.7382,0.6859,2124,1.7116,1.33,28.81
KeranCuka 1,6.28,254.0,ASAM,TIDAK LAYAK,Tercemar Asam (Cuka),55169.80,2.7781,13265.10,0.6680,0.6206,2125,1.7125,1.28,28.81
KeranCuka 1,6.28,254.0,ASAM,TIDAK LAYAK,Tercemar Asam (Cuka),55453.00,2.7923,16987.70,0.8554,0.7948,2121,1.7092,1.49,28.81
KeranCuka 1,6.28,254.0,ASAM,TIDAK LAYAK,Tercemar Asam (Cuka),55395.40,2.7894,15992.30,0.8053,0.7482,2125,1.7125,1.28,28.81
KeranCuka 1,6.28,254.0,ASAM,TIDAK LAYAK,Tercemar Asam (Cuka),55294.60,2.7843,14164.70,0.7133,0.6627,2125,1.7125,1.28,28.81
KeranCuka 1,6.28,254.0,ASAM,TIDAK LAYAK,Tercemar Asam (Cuka),54971.40,2.7681,17437.30,0.8781,0.8158,2122,1.7100,1.44,28.81
KeranCuka 1,6.28,254.0,ASAM,TIDAK LAYAK,Tercemar Asam (Cuka),55464.20,2.7929,15701.00,0.7906,0.7346,2124,1.7116,1.33,28.81
KeranCuka 1,6.28,254.0,ASAM,TIDAK LAYAK,Tercemar Asam (Cuka),55291.40,2.7842,14351.90,0.7227,0.6715,2120,1.7084,1.54,28.81
KeranCuka 1,6.28,254.0,ASAM,TIDAK LAYAK,Tercemar Asam (Cuka),55525.00,2.7959,15763.50,0.7938,0.7375,2122,1.7100,1.44,28.81
KeranCuka 1,6.28,254.0,ASAM,TIDAK LAYAK,Tercemar Asam (Cuka),55269.00,2.7831,15376.00,0.7743,0.7194,2121,1.7092,1.49,28.81
KeranCuka 1,6.28,254.0,ASAM,TIDAK LAYAK,Tercemar Asam (Cuka),55392.20,2.7893,13290.70,0.6693,0.6218,2149,1.7318,0.05,28.81
KeranCuka 1,6.28,254.0,ASAM,TIDAK LAYAK,Tercemar Asam (Cuka),54865.80,2.7628,13593.20,0.6845,0.6360,2124,1.7116,1.33,28.81
KeranCuka 1,6.28,254.0,ASAM,TIDAK LAYAK,Tercemar Asam (Cuka),55256.20,2.7824,17400.70,0.8762,0.8141,2121,1.7092,1.49,28.81
KeranCuka 1,6.28,254.0,ASAM,TIDAK LAYAK,Tercemar Asam (Cuka),55213.00,2.7802,14550.30,0.7327,0.6808,2125,1.7125,1.28,28.81
KeranCuka 1,6.28,254.0,ASAM,TIDAK LAYAK,Tercemar Asam (Cuka),55049.80,2.7720,16371.60,0.8244,0.7660,2126,1.7133,1.23,28.81
KeranCuka 1,6.28,254.0,ASAM,TIDAK LAYAK,Tercemar Asam (Cuka),55320.20,2.7856,17812.00,0.8969,0.8334,2122,1.7100,1.44,28.81
KeranCuka 1,6.28,254.0,ASAM,TIDAK LAYAK,Tercemar Asam (Cuka),55081.80,2.7736,14281.40,0.7191,0.6682,2123,1.7108,1.38,28.81
KeranCuka 1,6.28,254.0,ASAM,TIDAK LAYAK,Tercemar Asam (Cuka),55550.60,2.7972,13186.50,0.6640,0.6170,2124,1.7116,1.33,28.81
KeranCuka 1,6.28,254.0,ASAM,TIDAK LAYAK,Tercemar Asam (Cuka),55526.60,2.7960,16816.50,0.8468,0.7868,2122,1.7100,1.44,28.81
KeranCuka 1,6.28,254.0,ASAM,TIDAK LAYAK,Tercemar Asam (Cuka),55488.20,2.7941,15790.70,0.7951,0.7388,2122,1.7100,1.44,28.81
KeranCuka 1,6.28,254.0,ASAM,TIDAK LAYAK,Tercemar Asam (Cuka),55189.00,2.7790,13956.60,0.7028,0.6530,2125,1.7125,1.28,28.81
KeranCuka 1,6.28,254.0,ASAM,TIDAK LAYAK,Tercemar Asam (Cuka),54846.60,2.7618,15280.10,0.7694,0.7149,2122,1.7100,1.44,28.81
KeranCuka 1,6.28,254.0,ASAM,TIDAK LAYAK,Tercemar Asam (Cuka),55193.80,2.7793,14835.30,0.7470,0.6941,2125,1.7125,1.28,28.81
KeranCuka 1,6.28,254.0,ASAM,TIDAK LAYAK,Tercemar Asam (Cuka),55496.30,2.7945,13172.30,0.6633,0.6163,2124,1.7116,1.33,28.81
KeranCuka 1,6.28,254.0,ASAM,TIDAK LAYAK,Tercemar Asam (Cuka),55061.00,2.7726,16741.30,0.8430,0.7833,2122,1.7100,1.44,28.81
KeranCuka 1,6.28,254.0,ASAM,TIDAK LAYAK,Tercemar Asam (Cuka),55344.20,2.7868,15883.20,0.7998,0.7431,2130,1.7165,1.03,28.81
KeranCuka 1,6.28,254.0,ASAM,TIDAK LAYAK,Tercemar Asam (Cuka),55171.40,2.7781,14251.10,0.7176,0.6668,2127,1.7141,1.18,28.81
KeranCuka 1,6.28,254.0,ASAM,TIDAK LAYAK,Tercemar Asam (Cuka),55600.20,2.7997,16150.70,0.8133,0.7556,2124,1.7116,1.33,28.81
KeranCuka 1,6.28,254.0,ASAM,TIDAK LAYAK,Tercemar Asam (Cuka),55277.00,2.7835,15572.90,0.7842,0.7286,2125,1.7125,1.28,28.81
KeranCuka 1,6.28,254.0,ASAM,TIDAK LAYAK,Tercemar Asam (Cuka),55384.20,2.7889,12938.60,0.6515,0.6054,2123,1.7108,1.38,28.81
KeranCuka 1,6.28,254.0,ASAM,TIDAK LAYAK,Tercemar Asam (Cuka),55473.80,2.7934,15830.60,0.7971,0.7407,2124,1.7116,1.33,28.81
KeranCuka 1,6.28,254.0,ASAM,TIDAK LAYAK,Tercemar Asam (Cuka),55349.00,2.7871,14524.60,0.7314,0.6796,2123,1.7108,1.38,28.81
KeranCuka 1,6.28,254.0,ASAM,TIDAK LAYAK,Tercemar Asam (Cuka),55448.20,2.7921,13658.80,0.6878,0.6391,2124,1.7116,1.33,28.81
KeranCuka 1,6.28,254.0,ASAM,TIDAK LAYAK,Tercemar Asam (Cuka),55357.00,2.7875,16053.20,0.8084,0.7511,2124,1.7116,1.33,28.81
KeranCuka 1,6.28,254.0,ASAM,TIDAK LAYAK,Tercemar Asam (Cuka),55597.00,2.7996,16019.60,0.8067,0.7495,2124,1.7116,1.33,28.81
KeranCuka 1,6.28,254.0,ASAM,TIDAK LAYAK,Tercemar Asam (Cuka),55240.20,2.7816,13144.90,0.6619,0.6150,2123,1.7108,1.38,28.81
KeranCuka 1,6.28,254.0,ASAM,TIDAK LAYAK,Tercemar Asam (Cuka),55862.60,2.8129,15445.10,0.7777,0.7226,2124,1.7116,1.33,28.81
KeranCuka 1,6.28,254.0,ASAM,TIDAK LAYAK,Tercemar Asam (Cuka),55656.20,2.8026,17639.10,0.8882,0.8253,2120,1.7084,1.54,28.81
KeranCuka 1,6.28,254.0,ASAM,TIDAK LAYAK,Tercemar Asam (Cuka),55265.80,2.7829,13654.00,0.6875,0.6388,2125,1.7125,1.28,28.81
KeranCuka 1,6.28,254.0,ASAM,TIDAK LAYAK,Tercemar Asam (Cuka),55726.60,2.8061,15744.30,0.7928,0.7366,2123,1.7108,1.38,28.81
KeranCuka 1,6.28,254.0,ASAM,TIDAK LAYAK,Tercemar Asam (Cuka),55569.80,2.7982,17472.70,0.8798,0.8175,2125,1.7125,1.28,28.81
KeranCuka 1,6.28,254.0,ASAM,TIDAK LAYAK,Tercemar Asam (Cuka),55203.40,2.7798,15313.60,0.7711,0.7165,2147,1.7302,0.15,28.81
KeranCuka 1,6.28,254.0,ASAM,TIDAK LAYAK,Tercemar Asam (Cuka),55685.00,2.8040,12994.70,0.6543,0.6080,2122,1.7100,1.44,28.81
KeranCuka 1,6.28,254.0,ASAM,TIDAK LAYAK,Tercemar Asam (Cuka),55381.00,2.7887,16321.80,0.8219,0.7637,2123,1.7108,1.38,28.81
KeranCuka 1,6.28,254.0,ASAM,TIDAK LAYAK,Tercemar Asam (Cuka),55150.60,2.7771,15777.80,0.7945,0.7382,2123,1.7108,1.38,28.81
KeranCuka 1,6.28,254.0,ASAM,TIDAK LAYAK,Tercemar Asam (Cuka),55241.80,2.7817,13598.10,0.6847,0.6362,2124,1.7116,1.33,28.81
KeranCuka 1,6.28,254.0,ASAM,TIDAK LAYAK,Tercemar Asam (Cuka),55424.20,2.7909,15198.40,0.7653,0.7111,2124,1.7116,1.33,28.81
KeranCuka 1,6.28,254.0,ASAM,TIDAK LAYAK,Tercemar Asam (Cuka),55376.20,2.7885,12812.10,0.6452,0.5994,2135,1.7205,0.77,28.81
KeranCuka 1,6.28,254.0,ASAM,TIDAK LAYAK,Tercemar Asam (Cuka),55433.80,2.7914,15433.70,0.7772,0.7221,2124,1.7116,1.33,28.81
KeranCuka 1,6.28,254.0,ASAM,TIDAK LAYAK,Tercemar Asam (Cuka),55273.80,2.7833,17008.40,0.8565,0.7958,2125,1.7125,1.28,28.81
KeranCuka 1,6.28,254.0,ASAM,TIDAK LAYAK,Tercemar Asam (Cuka),55281.80,2.7837,14644.60,0.7374,0.6852,2122,1.7100,1.44,28.81
KeranCuka 1,6.28,254.0,ASAM,TIDAK LAYAK,Tercemar Asam (Cuka),54913.80,2.7652,13288.90,0.6692,0.6218,2129,1.7157,1.08,28.81
KeranCuka 1,6.28,254.0,ASAM,TIDAK LAYAK,Tercemar Asam (Cuka),55336.20,2.7864,17197.40,0.8660,0.8046,2123,1.7108,1.38,28.81
KeranCuka 1,6.28,254.0,ASAM,TIDAK LAYAK,Tercemar Asam (Cuka),55192.20,2.7792,14998.30,0.7552,0.7017,2123,1.7108,1.38,28.81
KeranCuka 1,6.28,254.0,ASAM,TIDAK LAYAK,Tercemar Asam (Cuka),55313.80,2.7853,12964.30,0.6528,0.6066,2128,1.7149,1.13,28.81
KeranCuka 1,6.28,254.0,ASAM,TIDAK LAYAK,Tercemar Asam (Cuka),55248.20,2.7820,15909.20,0.8011,0.7443,2118,1.7068,1.64,28.81
KeranCuka 1,6.28,254.0,ASAM,TIDAK LAYAK,Tercemar Asam (Cuka),55427.50,2.7910,13308.30,0.6701,0.6227,2124,1.7116,1.33,28.81
KeranCuka 1,6.28,254.0,ASAM,TIDAK LAYAK,Tercemar Asam (Cuka),55275.40,2.7834,15832.10,0.7972,0.7407,2120,1.7084,1.54,28.81
KeranCuka 1,6.28,254.0,ASAM,TIDAK LAYAK,Tercemar Asam (Cuka),55208.20,2.7800,16406.80,0.8262,0.7676,2124,1.7116,1.33,28.81
KeranCuka 1,6.28,254.0,ASAM,TIDAK LAYAK,Tercemar Asam (Cuka),55417.80,2.7906,12839.30,0.6465,0.6007,2121,1.7092,1.49,28.81
KeranCuka 1,6.28,254.0,ASAM,TIDAK LAYAK,Tercemar Asam (Cuka),55142.60,2.7767,15357.00,0.7733,0.7185,2123,1.7108,1.38,28.81
KeranCuka 1,6.28,254.0,ASAM,TIDAK LAYAK,Tercemar Asam (Cuka),55211.40,2.7802,17008.40,0.8565,0.7958,2121,1.7092,1.49,28.81
KeranCuka 1,6.28,254.0,ASAM,TIDAK LAYAK,Tercemar Asam (Cuka),55166.60,2.7779,14558.30,0.7331,0.6811,2123,1.7108,1.38,28.81
KeranCuka 1,6.28,254.0,ASAM,TIDAK LAYAK,Tercemar Asam (Cuka),55446.60,2.7920,16018.00,0.8066,0.7494,2128,1.7149,1.13,28.81
KeranCuka 1,6.28,254.0,ASAM,TIDAK LAYAK,Tercemar Asam (Cuka),55486.60,2.7940,15318.50,0.7714,0.7167,2123,1.7108,1.38,28.81
KeranCuka 1,6.28,254.0,ASAM,TIDAK LAYAK,Tercemar Asam (Cuka),55414.60,2.7904,13540.30,0.6818,0.6335,2124,1.7116,1.33,28.81
KeranCuka 1,6.28,254.0,ASAM,TIDAK LAYAK,Tercemar Asam (Cuka),55437.00,2.7915,16085.20,0.8100,0.7526,2124,1.7116,1.33,28.81
KeranCuka 1,6.28,254.0,ASAM,TIDAK LAYAK,Tercemar Asam (Cuka),55157.00,2.7774,15843.60,0.7978,0.7413,2121,1.7092,1.49,28.81
KeranCuka 1,6.28,254.0,ASAM,TIDAK LAYAK,Tercemar Asam (Cuka),55649.80,2.8022,13167.50,0.6630,0.6161,2124,1.7116,1.33,28.81
KeranCuka 1,6.28,254.0,ASAM,TIDAK LAYAK,Tercemar Asam (Cuka),55104.20,2.7748,15965.10,0.8039,0.7470,2124,1.7116,1.33,28.81
KeranCuka 1,6.28,254.0,ASAM,TIDAK LAYAK,Tercemar Asam (Cuka),55209.80,2.7801,16416.30,0.8266,0.7681,2123,1.7108,1.38,28.81
KeranCuka 1,6.28,254.0,ASAM,TIDAK LAYAK,Tercemar Asam (Cuka),55208.20,2.7800,12965.60,0.6529,0.6066,2108,1.6988,2.15,28.81
KeranCuka 1,6.28,254.0,ASAM,TIDAK LAYAK,Tercemar Asam (Cuka),55569.80,2.7982,15422.50,0.7766,0.7216,2124,1.7116,1.33,28.81
KeranCuka 1,6.28,254.0,ASAM,TIDAK LAYAK,Tercemar Asam (Cuka),55312.20,2.7852,14830.20,0.7468,0.6939,2123,1.7108,1.38,28.81
KeranCuka 1,6.28,254.0,ASAM,TIDAK LAYAK,Tercemar Asam (Cuka),55297.80,2.7845,13428.20,0.6762,0.6283,2125,1.7125,1.28,28.81
KeranCuka 1,6.28,254.0,ASAM,TIDAK LAYAK,Tercemar Asam (Cuka),55195.40,2.7794,14913.70,0.7510,0.6978,2110,1.7004,2.05,28.81
KeranCuka 1,6.28,254.0,ASAM,TIDAK LAYAK,Tercemar Asam (Cuka),55397.00,2.7895,17120.70,0.8621,0.8010,2139,1.7237,0.56,28.81
KeranCuka 1,6.28,254.0,ASAM,TIDAK LAYAK,Tercemar Asam (Cuka),55433.80,2.7914,13570.70,0.6833,0.6349,2124,1.7116,1.33,28.81
KeranCuka 1,6.28,254.0,ASAM,TIDAK LAYAK,Tercemar Asam (Cuka),55049.80,2.7720,13378.70,0.6737,0.6260,2123,1.7108,1.38,28.81
KeranCuka 1,6.28,254.0,ASAM,TIDAK LAYAK,Tercemar Asam (Cuka),55315.40,2.7854,16520.20,0.8319,0.7729,2123,1.7108,1.38,28.81
KeranCuka 1,6.28,254.0,ASAM,TIDAK LAYAK,Tercemar Asam (Cuka),55437.00,2.7915,13851.10,0.6975,0.6481,2124,1.7116,1.33,28.81
KeranCuka 1,6.28,254.0,ASAM,TIDAK LAYAK,Tercemar Asam (Cuka),55510.60,2.7952,15593.90,0.7852,0.7296,2125,1.7125,1.28,28.81
KeranCuka 1,6.28,254.0,ASAM,TIDAK LAYAK,Tercemar Asam (Cuka),55022.60,2.7707,17323.90,0.8723,0.8105,2143,1.7270,0.36,28.81
KeranCuka 1,6.28,254.0,ASAM,TIDAK LAYAK,Tercemar Asam (Cuka),55408.20,2.7901,14628.70,0.7366,0.6844,2121,1.7092,1.49,28.81
KeranCuka 1,6.28,254.0,ASAM,TIDAK LAYAK,Tercemar Asam (Cuka),55795.40,2.8096,13204.10,0.6649,0.6178,2125,1.7125,1.28,28.81
KeranCuka 1,6.28,254.0,ASAM,TIDAK LAYAK,Tercemar Asam (Cuka),55355.40,2.7874,17003.70,0.8562,0.7956,2123,1.7108,1.38,28.81
KeranCuka 1,6.28,254.0,ASAM,TIDAK LAYAK,Tercemar Asam (Cuka),55534.60,2.7964,15065.60,0.7586,0.7049,2120,1.7084,1.54,28.81
KeranCuka 1,6.28,254.0,ASAM,TIDAK LAYAK,Tercemar Asam (Cuka),55248.20,2.7820,13625.30,0.6861,0.6375,2124,1.7116,1.33,28.81
KeranCuka 1,6.28,254.0,ASAM,TIDAK LAYAK,Tercemar Asam (Cuka),55558.60,2.7976,16742.80,0.8431,0.7833,2125,1.7125,1.28,28.81
KeranCuka 1,6.28,254.0,ASAM,TIDAK LAYAK,Tercemar Asam (Cuka),55672.20,2.8034,12903.30,0.6497,0.6037,2121,1.7092,1.49,28.81
KeranCuka 1,6.28,254.0,ASAM,TIDAK LAYAK,Tercemar Asam (Cuka),55315.40,2.7854,15851.50,0.7982,0.7416,2127,1.7141,1.18,28.81
KeranCuka 1,6.28,254.0,ASAM,TIDAK LAYAK,Tercemar Asam (Cuka),55643.40,2.8019,16418.00,0.8267,0.7682,2120,1.7084,1.54,28.81
KeranCuka 1,6.28,254.0,ASAM,TIDAK LAYAK,Tercemar Asam (Cuka),55257.80,2.7825,13025.00,0.6559,0.6094,2125,1.7125,1.28,28.81
KeranCuka 1,6.28,254.0,ASAM,TIDAK LAYAK,Tercemar Asam (Cuka),55424.20,2.7909,15758.70,0.7935,0.7373,2122,1.7100,1.44,28.81
KeranCuka 1,6.28,254.0,ASAM,TIDAK LAYAK,Tercemar Asam (Cuka),55342.60,2.7868,16298.00,0.8207,0.7625,2125,1.7125,1.28,28.81
KeranCuka 1,6.28,254.0,ASAM,TIDAK LAYAK,Tercemar Asam (Cuka),55112.20,2.7752,13255.40,0.6675,0.6202,2122,1.7100,1.44,28.81
KeranCuka 1,6.28,254.0,ASAM,TIDAK LAYAK,Tercemar Asam (Cuka),55307.40,2.7850,15574.70,0.7843,0.7287,2122,1.7100,1.44,28.81
KeranCuka 1,6.28,254.0,ASAM,TIDAK LAYAK,Tercemar Asam (Cuka),55043.40,2.7717,15120.00,0.7614,0.7074,2121,1.7092,1.49,28.81
KeranCuka 1,6.28,254.0,ASAM,TIDAK LAYAK,Tercemar Asam (Cuka),55609.80,2.8002,14145.50,0.7123,0.6618,2124,1.7116,1.33,28.81
KeranCuka 1,6.28,254.0,ASAM,TIDAK LAYAK,Tercemar Asam (Cuka),55216.20,2.7804,14995.30,0.7551,0.7016,2125,1.7125,1.28,28.81
KeranCuka 1,6.28,254.0,ASAM,TIDAK LAYAK,Tercemar Asam (Cuka),55393.80,2.7893,14651.00,0.7377,0.6855,2138,1.7229,0.62,28.81
KeranCuka 1,6.28,254.0,ASAM,TIDAK LAYAK,Tercemar Asam (Cuka),55438.60,2.7916,14033.30,0.7066,0.6566,2123,1.7108,1.38,28.81
KeranCuka 1,6.28,254.0,ASAM,TIDAK LAYAK,Tercemar Asam (Cuka),55505.80,2.7950,15396.90,0.7753,0.7204,2125,1.7125,1.28,28.81
KeranCuka 1,6.28,254.0,ASAM,TIDAK LAYAK,Tercemar Asam (Cuka),54901.00,2.7645,15422.50,0.7766,0.7216,2124,1.7116,1.33,28.81
KeranCuka 1,6.28,254.0,ASAM,TIDAK LAYAK,Tercemar Asam (Cuka),55547.40,2.7971,13993.30,0.7046,0.6547,2123,1.7108,1.38,28.81
KeranCuka 1,6.28,254.0,ASAM,TIDAK LAYAK,Tercemar Asam (Cuka),55537.80,2.7966,16918.80,0.8519,0.7916,2125,1.7125,1.28,28.81
KeranCuka 1,6.28,254.0,ASAM,TIDAK LAYAK,Tercemar Asam (Cuka),55187.40,2.7789,13309.70,0.6702,0.6227,2123,1.7108,1.38,28.81
KeranCuka 1,6.28,254.0,ASAM,TIDAK LAYAK,Tercemar Asam (Cuka),55451.40,2.7922,14356.60,0.7229,0.6717,2125,1.7125,1.28,28.81
KeranCuka 1,6.28,254.0,ASAM,TIDAK LAYAK,Tercemar Asam (Cuka),55288.20,2.7840,16885.40,0.8503,0.7900,2123,1.7108,1.38,28.81
KeranCuka 1,6.28,254.0,ASAM,TIDAK LAYAK,Tercemar Asam (Cuka),55289.80,2.7841,13261.80,0.6678,0.6205,2123,1.7108,1.38,28.81
KeranCuka 1,6.28,254.0,ASAM,TIDAK LAYAK,Tercemar Asam (Cuka),55353.80,2.7873,14446.20,0.7274,0.6759,2126,1.7133,1.23,28.81
KeranCuka 1,6.28,254.0,ASAM,TIDAK LAYAK,Tercemar Asam (Cuka),55416.20,2.7905,16762.20,0.8441,0.7843,2131,1.7173,0.97,28.81
KeranCuka 1,6.28,254.0,ASAM,TIDAK LAYAK,Tercemar Asam (Cuka),55289.80,2.7841,13513.00,0.6804,0.6322,2125,1.7125,1.28,28.81
KeranCuka 1,6.28,254.0,ASAM,TIDAK LAYAK,Tercemar Asam (Cuka),54990.60,2.7690,15232.00,0.7670,0.7127,2124,1.7116,1.33,28.81
KeranCuka 1,6.28,254.0,ASAM,TIDAK LAYAK,Tercemar Asam (Cuka),55288.20,2.7840,14721.40,0.7413,0.6888,2124,1.7116,1.33,28.81
KeranCuka 1,6.28,254.0,ASAM,TIDAK LAYAK,Tercemar Asam (Cuka),55213.00,2.7802,13838.10,0.6968,0.6474,2126,1.7133,1.23,28.81
KeranCuka 1,6.28,254.0,ASAM,TIDAK LAYAK,Tercemar Asam (Cuka),54931.40,2.7661,15686.40,0.7899,0.7339,2123,1.7108,1.38,28.81
KeranCuka 1,6.28,254.0,ASAM,TIDAK LAYAK,Tercemar Asam (Cuka),55283.40,2.7838,14921.60,0.7514,0.6981,2126,1.7133,1.23,28.81
KeranCuka 1,6.28,254.0,ASAM,TIDAK LAYAK,Tercemar Asam (Cuka),55216.20,2.7804,13750.10,0.6924,0.6433,2120,1.7084,1.54,28.81
KeranCuka 1,6.28,254.0,ASAM,TIDAK LAYAK,Tercemar Asam (Cuka),55270.60,2.7831,15254.70,0.7681,0.7137,2120,1.7084,1.54,28.81
KeranCuka 1,6.28,254.0,ASAM,TIDAK LAYAK,Tercemar Asam (Cuka),55163.40,2.7777,16578.00,0.8348,0.7756,2123,1.7108,1.38,28.81
KeranCuka 1,6.28,254.0,ASAM,TIDAK LAYAK,Tercemar Asam (Cuka),55219.40,2.7806,14058.90,0.7079,0.6578,2110,1.7004,2.05,28.81
KeranCuka 1,6.28,254.0,ASAM,TIDAK LAYAK,Tercemar Asam (Cuka),55208.20,2.7800,15732.80,0.7922,0.7361,2122,1.7100,1.44,28.81
KeranCuka 1,6.28,254.0,ASAM,TIDAK LAYAK,Tercemar Asam (Cuka),55440.20,2.7917,15110.30,0.7609,0.7070,2123,1.7108,1.38,28.81
KeranCuka 1,6.28,254.0,ASAM,TIDAK LAYAK,Tercemar Asam (Cuka),55478.60,2.7936,12841.00,0.6466,0.6008,2125,1.7125,1.28,28.81
KeranCuka 1,6.28,254.0,ASAM,TIDAK LAYAK,Tercemar Asam (Cuka),55264.20,2.7828,15424.30,0.7767,0.7217,2122,1.7100,1.44,28.81
KeranCuka 1,6.28,254.0,ASAM,TIDAK LAYAK,Tercemar Asam (Cuka),55328.20,2.7860,16478.80,0.8298,0.7710,2121,1.7092,1.49,28.81
KeranCuka 1,6.28,254.0,ASAM,TIDAK LAYAK,Tercemar Asam (Cuka),55025.80,2.7708,13202.70,0.6648,0.6177,2122,1.7100,1.44,28.81
KeranCuka 1,6.28,254.0,ASAM,TIDAK LAYAK,Tercemar Asam (Cuka),55347.40,2.7870,14649.40,0.7377,0.6854,2122,1.7100,1.44,28.81
KeranCuka 1,6.28,254.0,ASAM,TIDAK LAYAK,Tercemar Asam (Cuka),55533.00,2.7964,16856.70,0.8488,0.7887,2123,1.7108,1.38,28.81
KeranCuka 1,6.28,254.0,ASAM,TIDAK LAYAK,Tercemar Asam (Cuka),55134.60,2.7763,13015.40,0.6554,0.6090,2123,1.7108,1.38,28.81
KeranCuka 1,6.28,254.0,ASAM,TIDAK LAYAK,Tercemar Asam (Cuka),55478.60,2.7936,14841.50,0.7473,0.6944,2123,1.7108,1.38,28.81
KeranCuka 1,6.28,254.0,ASAM,TIDAK LAYAK,Tercemar Asam (Cuka),55437.00,2.7915,16960.70,0.8541,0.7935,2123,1.7108,1.38,28.81
KeranCuka 1,6.28,254.0,ASAM,TIDAK LAYAK,Tercemar Asam (Cuka),55432.20,2.7913,14748.70,0.7427,0.6893,2123,1.7108,1.38,28.88
KeranCuka 1,6.28,254.0,ASAM,TIDAK LAYAK,Tercemar Asam (Cuka),55501.00,2.7947,13582.00,0.6839,0.6355,2125,1.7125,1.28,28.81
KeranCuka 1,6.28,254.0,ASAM,TIDAK LAYAK,Tercemar Asam (Cuka),55025.80,2.7708,15006.30,0.7556,0.7021,2124,1.7116,1.33,28.81
KeranCuka 1,6.28,254.0,ASAM,TIDAK LAYAK,Tercemar Asam (Cuka),55240.20,2.7816,15531.30,0.7821,0.7267,2124,1.7116,1.33,28.81
KeranCuka 1,6.28,254.0,ASAM,TIDAK LAYAK,Tercemar Asam (Cuka),55398.60,2.7896,14081.30,0.7091,0.6588,2123,1.7108,1.38,28.81
KeranCuka 1,6.28,254.0,ASAM,TIDAK LAYAK,Tercemar Asam (Cuka),55280.20,2.7836,16890.00,0.8505,0.7902,2122,1.7100,1.44,28.81
KeranCuka 1,6.28,254.0,ASAM,TIDAK LAYAK,Tercemar Asam (Cuka),55513.80,2.7954,14308.40,0.7205,0.6695,2123,1.7108,1.38,28.81
KeranCuka 1,6.28,254.0,ASAM,TIDAK LAYAK,Tercemar Asam (Cuka),55342.60,2.7868,13125.90,0.6610,0.6141,2124,1.7116,1.33,28.81
KeranCuka 1,6.28,254.0,ASAM,TIDAK LAYAK,Tercemar Asam (Cuka),55102.60,2.7747,15595.40,0.7853,0.7297,2139,1.7237,0.56,28.81
KeranCuka 1,6.28,254.0,ASAM,TIDAK LAYAK,Tercemar Asam (Cuka),55296.20,2.7844,14199.80,0.7150,0.6644,2123,1.7108,1.38,28.81
KeranCuka 1,6.28,254.0,ASAM,TIDAK LAYAK,Tercemar Asam (Cuka),55625.80,2.8010,15816.30,0.7964,0.7400,2123,1.7108,1.38,28.81
KeranCuka 1,6.28,254.0,ASAM,TIDAK LAYAK,Tercemar Asam (Cuka),55294.60,2.7843,14822.20,0.7464,0.6935,2123,1.7108,1.38,28.81
KeranCuka 1,6.28,254.0,ASAM,TIDAK LAYAK,Tercemar Asam (Cuka),55505.80,2.7950,13852.40,0.6975,0.6481,2124,1.7116,1.33,28.81
KeranCuka 1,6.28,254.0,ASAM,TIDAK LAYAK,Tercemar Asam (Cuka),55101.00,2.7746,17261.50,0.8692,0.8076,2121,1.7092,1.49,28.81
KeranCuka 1,6.28,254.0,ASAM,TIDAK LAYAK,Tercemar Asam (Cuka),55221.00,2.7806,15275.20,0.7692,0.7147,2124,1.7116,1.33,28.81
KeranCuka 1,6.28,254.0,ASAM,TIDAK LAYAK,Tercemar Asam (Cuka),55144.20,2.7768,14014.30,0.7057,0.6557,2124,1.7116,1.33,28.81
KeranCuka 1,6.28,254.0,ASAM,TIDAK LAYAK,Tercemar Asam (Cuka),55283.40,2.7838,15745.90,0.7929,0.7367,2139,1.7237,0.56,28.81
KeranCuka 1,6.28,254.0,ASAM,TIDAK LAYAK,Tercemar Asam (Cuka),55315.40,2.7854,15691.60,0.7901,0.7342,2121,1.7092,1.49,28.81
KeranCuka 1,6.28,254.0,ASAM,TIDAK LAYAK,Tercemar Asam (Cuka),55305.80,2.7849,12786.60,0.6439,0.5982,2121,1.7092,1.49,28.81
KeranCuka 1,6.28,254.0,ASAM,TIDAK LAYAK,Tercemar Asam (Cuka),55353.80,2.7873,13191.60,0.6643,0.6172,2124,1.7116,1.33,28.81
KeranCuka 1,6.28,254.0,ASAM,TIDAK LAYAK,Tercemar Asam (Cuka),54869.00,2.7629,16248.20,0.8182,0.7602,2121,1.7092,1.49,28.81
KeranCuka 1,6.28,254.0,ASAM,TIDAK LAYAK,Tercemar Asam (Cuka),55129.80,2.7760,15861.10,0.7987,0.7421,2122,1.7100,1.44,28.81
KeranCuka 1,6.28,254.0,ASAM,TIDAK LAYAK,Tercemar Asam (Cuka),55259.40,2.7826,14476.70,0.7290,0.6773,2122,1.7100,1.44,28.81
KeranCuka 1,6.28,254.0,ASAM,TIDAK LAYAK,Tercemar Asam (Cuka),55592.20,2.7993,17394.30,0.8759,0.8138,2122,1.7100,1.44,28.81
KeranCuka 1,6.28,254.0,ASAM,TIDAK LAYAK,Tercemar Asam (Cuka),55661.00,2.8028,14486.20,0.7294,0.6778,2121,1.7092,1.49,28.81
KeranCuka 1,6.28,254.0,ASAM,TIDAK LAYAK,Tercemar Asam (Cuka),55286.60,2.7839,13271.50,0.6683,0.6209,2124,1.7116,1.33,28.81
KeranCuka 1,6.28,254.0,ASAM,TIDAK LAYAK,Tercemar Asam (Cuka),55281.80,2.7837,17218.10,0.8670,0.8056,2122,1.7100,1.44,28.81
KeranCuka 1,6.28,254.0,ASAM,TIDAK LAYAK,Tercemar Asam (Cuka),55371.40,2.7882,16242.00,0.8179,0.7599,2124,1.7116,1.33,28.81
KeranCuka 1,6.28,254.0,ASAM,TIDAK LAYAK,Tercemar Asam (Cuka),55173.00,2.7782,13945.30,0.7022,0.6525,2139,1.7237,0.56,28.81
KeranCuka 1,6.28,254.0,ASAM,TIDAK LAYAK,Tercemar Asam (Cuka),55579.40,2.7987,15240.00,0.7674,0.7130,2121,1.7092,1.49,28.81
KeranCuka 1,6.28,254.0,ASAM,TIDAK LAYAK,Tercemar Asam (Cuka),55235.40,2.7814,14862.50,0.7484,0.6954,2121,1.7092,1.49,28.81
KeranCuka 1,6.28,254.0,ASAM,TIDAK LAYAK,Tercemar Asam (Cuka),55141.00,2.7766,13413.90,0.6755,0.6276,2122,1.7100,1.44,28.81
KeranCuka 1,6.28,254.0,ASAM,TIDAK LAYAK,Tercemar Asam (Cuka),55384.20,2.7889,16818.10,0.8469,0.7869,2121,1.7092,1.49,28.81
KeranCuka 1,6.28,254.0,ASAM,TIDAK LAYAK,Tercemar Asam (Cuka),55333.00,2.7863,15992.20,0.8053,0.7482,2121,1.7092,1.49,28.81
KeranCuka 1,6.28,254.0,ASAM,TIDAK LAYAK,Tercemar Asam (Cuka),55571.40,2.7983,14158.30,0.7129,0.6624,2123,1.7108,1.38,28.81
KeranCuka 1,6.28,254.0,ASAM,TIDAK LAYAK,Tercemar Asam (Cuka),54945.80,2.7668,15588.90,0.7850,0.7294,2122,1.7100,1.44,28.81
KeranCuka 1,6.28,254.0,ASAM,TIDAK LAYAK,Tercemar Asam (Cuka),55235.40,2.7814,15312.00,0.7710,0.7164,2122,1.7100,1.44,28.81
KeranCuka 1,6.28,254.0,ASAM,TIDAK LAYAK,Tercemar Asam (Cuka),55549.00,2.7972,14649.50,0.7377,0.6854,2122,1.7100,1.44,28.81
KeranCuka 1,6.28,254.0,ASAM,TIDAK LAYAK,Tercemar Asam (Cuka),55438.60,2.7916,16504.20,0.8311,0.7722,2138,1.7229,0.62,28.81
KeranCuka 1,6.28,254.0,ASAM,TIDAK LAYAK,Tercemar Asam (Cuka),55518.60,2.7956,15963.60,0.8038,0.7469,2124,1.7116,1.33,28.81
KeranCuka 1,6.28,254.0,ASAM,TIDAK LAYAK,Tercemar Asam (Cuka),55446.60,2.7920,14023.80,0.7062,0.6561,2123,1.7108,1.38,28.81
KeranCuka 1,6.28,254.0,ASAM,TIDAK LAYAK,Tercemar Asam (Cuka),55123.40,2.7757,15131.10,0.7619,0.7079,2120,1.7084,1.54,28.81
KeranCuka 1,6.28,254.0,ASAM,TIDAK LAYAK,Tercemar Asam (Cuka),55334.60,2.7864,15795.40,0.7954,0.7390,2138,1.7229,0.62,28.81
KeranCuka 1,6.28,254.0,ASAM,TIDAK LAYAK,Tercemar Asam (Cuka),55379.40,2.7886,14254.30,0.7178,0.6669,2123,1.7108,1.38,28.81
KeranCuka 1,6.28,254.0,ASAM,TIDAK LAYAK,Tercemar Asam (Cuka),55275.40,2.7834,16125.10,0.8120,0.7544,2128,1.7149,1.13,28.81
KeranCuka 1,6.28,254.0,ASAM,TIDAK LAYAK,Tercemar Asam (Cuka),55465.80,2.7930,15057.60,0.7582,0.7045,2120,1.7084,1.54,28.81
KeranCuka 1,6.28,254.0,ASAM,TIDAK LAYAK,Tercemar Asam (Cuka),55317.00,2.7855,14332.60,0.7217,0.6706,2121,1.7092,1.49,28.81
KeranCuka 1,6.28,254.0,ASAM,TIDAK LAYAK,Tercemar Asam (Cuka),55158.60,2.7775,17434.20,0.8779,0.8157,2122,1.7100,1.44,28.81
KeranCuka 1,6.28,254.0,ASAM,TIDAK LAYAK,Tercemar Asam (Cuka),55216.20,2.7804,15030.40,0.7569,0.7032,2123,1.7108,1.38,28.81
KeranCuka 1,6.28,254.0,ASAM,TIDAK LAYAK,Tercemar Asam (Cuka),55077.00,2.7734,12953.10,0.6523,0.6060,2124,1.7116,1.33,28.81
KeranCuka 1,6.28,254.0,ASAM,TIDAK LAYAK,Tercemar Asam (Cuka),55181.00,2.7786,15942.50,0.8028,0.7459,2122,1.7100,1.44,28.81
KeranCuka 1,6.28,254.0,ASAM,TIDAK LAYAK,Tercemar Asam (Cuka),55224.20,2.7808,15918.70,0.8016,0.7448,2123,1.7108,1.38,28.81
KeranCuka 1,6.28,254.0,ASAM,TIDAK LAYAK,Tercemar Asam (Cuka),55563.40,2.7979,14191.90,0.7146,0.6640,2138,1.7229,0.62,28.81
KeranCuka 1,6.28,254.0,ASAM,TIDAK LAYAK,Tercemar Asam (Cuka),55272.20,2.7832,15819.40,0.7966,0.7401,2124,1.7116,1.33,28.81
KeranCuka 1,6.28,254.0,ASAM,TIDAK LAYAK,Tercemar Asam (Cuka),55137.80,2.7765,14867.00,0.7486,0.6956,2122,1.7100,1.44,28.81
KeranCuka 1,6.28,254.0,ASAM,TIDAK LAYAK,Tercemar Asam (Cuka),55441.80,2.7918,13321.30,0.6708,0.6233,2126,1.7133,1.23,28.81
KeranCuka 1,6.28,254.0,ASAM,TIDAK LAYAK,Tercemar Asam (Cuka),55214.60,2.7803,15781.00,0.7946,0.7383,2122,1.7100,1.44,28.81
KeranCuka 5,4.93,252.0,ASAM,TIDAK LAYAK,Tercemar Asam (Cuka),54158.20,2.7271,19066.70,0.9601,0.8962,2114,1.7036,1.85,28.56
KeranCuka 5,4.93,252.0,ASAM,TIDAK LAYAK,Tercemar Asam (Cuka),54307.10,2.7346,13673.40,0.6885,0.6427,2115,1.7044,1.79,28.56
KeranCuka 5,4.93,252.0,ASAM,TIDAK LAYAK,Tercemar Asam (Cuka),53908.60,2.7146,16566.60,0.8342,0.7787,2110,1.7004,2.05,28.56
KeranCuka 5,4.93,252.0,ASAM,TIDAK LAYAK,Tercemar Asam (Cuka),53633.30,2.7007,18333.60,0.9232,0.8618,2113,1.7028,1.90,28.56
KeranCuka 5,4.93,252.0,ASAM,TIDAK LAYAK,Tercemar Asam (Cuka),53724.50,2.7053,15169.50,0.7639,0.7131,2118,1.7068,1.64,28.56
KeranCuka 5,4.93,252.0,ASAM,TIDAK LAYAK,Tercemar Asam (Cuka),53847.70,2.7115,17227.90,0.8675,0.8098,2110,1.7004,2.05,28.56
KeranCuka 5,4.93,252.0,ASAM,TIDAK LAYAK,Tercemar Asam (Cuka),53964.50,2.7174,16313.90,0.8215,0.7660,2114,1.7036,1.85,28.63
KeranCuka 5,4.93,252.0,ASAM,TIDAK LAYAK,Tercemar Asam (Cuka),53814.10,2.7098,13870.10,0.6984,0.6512,2116,1.7052,1.74,28.63
KeranCuka 5,4.93,252.0,ASAM,TIDAK LAYAK,Tercemar Asam (Cuka),53993.40,2.7188,19695.30,0.9918,0.9247,2112,1.7020,1.95,28.63
KeranCuka 5,4.93,252.0,ASAM,TIDAK LAYAK,Tercemar Asam (Cuka),53623.60,2.7002,17410.40,0.8767,0.8174,2113,1.7028,1.90,28.63
KeranCuka 5,4.93,252.0,ASAM,TIDAK LAYAK,Tercemar Asam (Cuka),54055.70,2.7220,14300.70,0.7201,0.6714,2116,1.7052,1.74,28.63
KeranCuka 5,4.93,252.0,ASAM,TIDAK LAYAK,Tercemar Asam (Cuka),53753.20,2.7067,19073.10,0.9604,0.8955,2114,1.7036,1.85,28.63
KeranCuka 5,4.93,252.0,ASAM,TIDAK LAYAK,Tercemar Asam (Cuka),53996.50,2.7190,18438.90,0.9285,0.8657,2114,1.7036,1.85,28.63
KeranCuka 5,4.93,252.0,ASAM,TIDAK LAYAK,Tercemar Asam (Cuka),53801.30,2.7092,14876.60,0.7491,0.6985,2117,1.7060,1.69,28.63
KeranCuka 5,4.93,252.0,ASAM,TIDAK LAYAK,Tercemar Asam (Cuka),53900.60,2.7142,20226.50,1.0185,0.9497,2113,1.7028,1.90,28.63
KeranCuka 5,4.93,252.0,ASAM,TIDAK LAYAK,Tercemar Asam (Cuka),54020.50,2.7202,15753.90,0.7933,0.7397,2114,1.7036,1.85,28.63
KeranCuka 5,4.93,252.0,ASAM,TIDAK LAYAK,Tercemar Asam (Cuka),53951.70,2.7167,13996.70,0.7048,0.6572,2117,1.7060,1.69,28.63
KeranCuka 5,4.93,252.0,ASAM,TIDAK LAYAK,Tercemar Asam (Cuka),54207.80,2.7296,17626.20,0.8876,0.8276,2112,1.7020,1.95,28.63
KeranCuka 5,4.93,252.0,ASAM,TIDAK LAYAK,Tercemar Asam (Cuka),53719.70,2.7050,18560.60,0.9346,0.8714,2115,1.7044,1.79,28.63
KeranCuka 5,4.93,252.0,ASAM,TIDAK LAYAK,Tercemar Asam (Cuka),54340.70,2.7363,16334.70,0.8225,0.7669,2130,1.7165,1.03,28.63
KeranCuka 5,4.93,252.0,ASAM,TIDAK LAYAK,Tercemar Asam (Cuka),53932.50,2.7158,18021.70,0.9075,0.8461,2112,1.7020,1.95,28.63
KeranCuka 5,4.93,252.0,ASAM,TIDAK LAYAK,Tercemar Asam (Cuka),54307.00,2.7346,17816.50,0.8971,0.8365,2114,1.7036,1.85,28.63
KeranCuka 5,4.93,252.0,ASAM,TIDAK LAYAK,Tercemar Asam (Cuka),54002.90,2.7193,16483.50,0.8300,0.7739,2114,1.7036,1.85,28.63
KeranCuka 5,4.93,252.0,ASAM,TIDAK LAYAK,Tercemar Asam (Cuka),53847.60,2.7115,19951.50,1.0047,0.9367,2115,1.7044,1.79,28.63
KeranCuka 5,4.93,252.0,ASAM,TIDAK LAYAK,Tercemar Asam (Cuka),54131.10,2.7258,14238.40,0.7170,0.6685,2113,1.7028,1.90,28.63
KeranCuka 5,4.93,252.0,ASAM,TIDAK LAYAK,Tercemar Asam (Cuka),54275.20,2.7330,18466.40,0.9299,0.8670,2113,1.7028,1.90,28.63
KeranCuka 5,4.93,252.0,ASAM,TIDAK LAYAK,Tercemar Asam (Cuka),54388.70,2.7387,19821.90,0.9981,0.9296,2113,1.7028,1.90,28.69
KeranCuka 5,4.93,252.0,ASAM,TIDAK LAYAK,Tercemar Asam (Cuka),54171.00,2.7278,14273.70,0.7187,0.6702,2113,1.7028,1.90,28.63
KeranCuka 5,4.93,252.0,ASAM,TIDAK LAYAK,Tercemar Asam (Cuka),54163.00,2.7274,17381.20,0.8752,0.8161,2115,1.7044,1.79,28.63
KeranCuka 5,4.93,252.0,ASAM,TIDAK LAYAK,Tercemar Asam (Cuka),54177.30,2.7281,20153.00,1.0148,0.9462,2112,1.7020,1.95,28.63
KeranCuka 5,4.93,252.0,ASAM,TIDAK LAYAK,Tercemar Asam (Cuka),53886.10,2.7134,14177.50,0.7139,0.6656,2118,1.7068,1.64,28.63
KeranCuka 5,4.93,252.0,ASAM,TIDAK LAYAK,Tercemar Asam (Cuka),54063.70,2.7224,18621.60,0.9377,0.8743,2112,1.7020,1.95,28.63
KeranCuka 5,4.93,252.0,ASAM,TIDAK LAYAK,Tercemar Asam (Cuka),54243.00,2.7314,18013.50,0.9071,0.8457,2112,1.7020,1.95,28.63
KeranCuka 5,4.93,252.0,ASAM,TIDAK LAYAK,Tercemar Asam (Cuka),53974.10,2.7179,15985.70,0.8050,0.7505,2113,1.7028,1.90,28.63
KeranCuka 5,4.93,252.0,ASAM,TIDAK LAYAK,Tercemar Asam (Cuka),54343.80,2.7365,18173.40,0.9151,0.8533,2105,1.6963,2.31,28.63
KeranCuka 5,4.93,252.0,ASAM,TIDAK LAYAK,Tercemar Asam (Cuka),53966.10,2.7175,16965.10,0.8543,0.7965,2112,1.7020,1.95,28.63
KeranCuka 5,4.93,252.0,ASAM,TIDAK LAYAK,Tercemar Asam (Cuka),54313.50,2.7349,15396.80,0.7753,0.7221,2113,1.7028,1.90,28.69
KeranCuka 5,4.93,252.0,ASAM,TIDAK LAYAK,Tercemar Asam (Cuka),54110.30,2.7247,19151.30,0.9644,0.8981,2123,1.7108,1.38,28.69
KeranCuka 5,4.93,252.0,ASAM,TIDAK LAYAK,Tercemar Asam (Cuka),54047.80,2.7216,17560.80,0.8843,0.8245,2112,1.7020,1.95,28.63
KeranCuka 5,4.93,252.0,ASAM,TIDAK LAYAK,Tercemar Asam (Cuka),54063.70,2.7224,14353.50,0.7228,0.6739,2113,1.7028,1.90,28.63
KeranCuka 5,4.93,252.0,ASAM,TIDAK LAYAK,Tercemar Asam (Cuka),54372.70,2.7379,20194.80,1.0169,0.9471,2111,1.7012,2.00,28.69
KeranCuka 5,4.93,252.0,ASAM,TIDAK LAYAK,Tercemar Asam (Cuka),54139.10,2.7262,16891.60,0.8506,0.7931,2115,1.7044,1.79,28.63
KeranCuka 5,4.93,252.0,ASAM,TIDAK LAYAK,Tercemar Asam (Cuka),54175.90,2.7280,14207.70,0.7154,0.6663,2116,1.7052,1.74,28.69
KeranCuka 5,4.93,252.0,ASAM,TIDAK LAYAK,Tercemar Asam (Cuka),54433.50,2.7410,21097.50,1.0624,0.9894,2105,1.6963,2.31,28.69
KeranCuka 5,4.93,252.0,ASAM,TIDAK LAYAK,Tercemar Asam (Cuka),54038.20,2.7211,15958.70,0.8036,0.7484,2110,1.7004,2.05,28.69
KeranCuka 5,4.93,252.0,ASAM,TIDAK LAYAK,Tercemar Asam (Cuka),54033.50,2.7208,15358.40,0.7734,0.7203,2114,1.7036,1.85,28.69
KeranCuka 5,4.93,252.0,ASAM,TIDAK LAYAK,Tercemar Asam (Cuka),54030.20,2.7207,20719.70,1.0433,0.9728,2111,1.7012,2.00,28.63
KeranCuka 5,4.93,252.0,ASAM,TIDAK LAYAK,Tercemar Asam (Cuka),54419.20,2.7403,14888.10,0.7497,0.6990,2113,1.7028,1.90,28.63
KeranCuka 5,4.93,252.0,ASAM,TIDAK LAYAK,Tercemar Asam (Cuka),53860.60,2.7121,17758.80,0.8942,0.8338,2114,1.7036,1.85,28.63
KeranCuka 5,4.93,252.0,ASAM,TIDAK LAYAK,Tercemar Asam (Cuka),53778.90,2.7080,17310.80,0.8717,0.8118,2113,1.7028,1.90,28.69
KeranCuka 5,4.93,252.0,ASAM,TIDAK LAYAK,Tercemar Asam (Cuka),54159.70,2.7272,15926.60,0.8020,0.7478,2126,1.7133,1.23,28.63
KeranCuka 5,4.93,252.0,ASAM,TIDAK LAYAK,Tercemar Asam (Cuka),54236.60,2.7311,18176.70,0.9153,0.8534,2113,1.7028,1.90,28.63
KeranCuka 5,4.93,252.0,ASAM,TIDAK LAYAK,Tercemar Asam (Cuka),53866.80,2.7125,17062.80,0.8592,0.8002,2128,1.7149,1.13,28.69
KeranCuka 5,4.93,252.0,ASAM,TIDAK LAYAK,Tercemar Asam (Cuka),54028.40,2.7206,16145.80,0.8130,0.7572,2113,1.7028,1.90,28.69
KeranCuka 5,4.93,252.0,ASAM,TIDAK LAYAK,Tercemar Asam (Cuka),54307.00,2.7346,17768.40,0.8947,0.8333,2111,1.7012,2.00,28.69
KeranCuka 5,4.93,252.0,ASAM,TIDAK LAYAK,Tercemar Asam (Cuka),54023.80,2.7204,15708.90,0.7910,0.7367,2111,1.7012,2.00,28.69
KeranCuka 5,4.93,252.0,ASAM,TIDAK LAYAK,Tercemar Asam (Cuka),54291.10,2.7338,17298.10,0.8710,0.8122,2116,1.7052,1.74,28.63
KeranCuka 5,4.93,252.0,ASAM,TIDAK LAYAK,Tercemar Asam (Cuka),53745.20,2.7063,19039.30,0.9587,0.8939,2113,1.7028,1.90,28.63
KeranCuka 5,4.93,252.0,ASAM,TIDAK LAYAK,Tercemar Asam (Cuka),54180.50,2.7282,14687.80,0.7396,0.6896,2113,1.7028,1.90,28.63
KeranCuka 5,4.93,252.0,ASAM,TIDAK LAYAK,Tercemar Asam (Cuka),54078.10,2.7231,18842.10,0.9488,0.8836,2113,1.7028,1.90,28.69
KeranCuka 5,4.93,252.0,ASAM,TIDAK LAYAK,Tercemar Asam (Cuka),54300.60,2.7343,17187.90,0.8655,0.8070,2113,1.7028,1.90,28.63
KeranCuka 5,4.93,252.0,ASAM,TIDAK LAYAK,Tercemar Asam (Cuka),54033.30,2.7208,15825.80,0.7969,0.7422,2114,1.7036,1.85,28.69
KeranCuka 5,4.93,252.0,ASAM,TIDAK LAYAK,Tercemar Asam (Cuka),54439.90,2.7413,19000.80,0.9568,0.8921,2112,1.7020,1.95,28.63
KeranCuka 5,4.93,252.0,ASAM,TIDAK LAYAK,Tercemar Asam (Cuka),54129.30,2.7257,16963.70,0.8542,0.7965,2112,1.7020,1.95,28.63
KeranCuka 5,4.93,252.0,ASAM,TIDAK LAYAK,Tercemar Asam (Cuka),54201.30,2.7293,14062.30,0.7081,0.6595,2112,1.7020,1.95,28.69
KeranCuka 5,4.93,252.0,ASAM,TIDAK LAYAK,Tercemar Asam (Cuka),54279.80,2.7332,20975.70,1.0562,0.9848,2112,1.7020,1.95,28.63
KeranCuka 5,4.93,252.0,ASAM,TIDAK LAYAK,Tercemar Asam (Cuka),54041.40,2.7212,14372.90,0.7237,0.6740,2114,1.7036,1.85,28.69
KeranCuka 5,4.93,252.0,ASAM,TIDAK LAYAK,Tercemar Asam (Cuka),53986.90,2.7185,17888.50,0.9008,0.8389,2112,1.7020,1.95,28.69
KeranCuka 5,4.93,252.0,ASAM,TIDAK LAYAK,Tercemar Asam (Cuka),53892.50,2.7137,18616.90,0.9374,0.8741,2112,1.7020,1.95,28.63
KeranCuka 5,4.93,252.0,ASAM,TIDAK LAYAK,Tercemar Asam (Cuka),54175.80,2.7280,15518.50,0.7814,0.7278,2113,1.7028,1.90,28.69
KeranCuka 5,4.93,252.0,ASAM,TIDAK LAYAK,Tercemar Asam (Cuka),54388.80,2.7387,18568.70,0.9350,0.8708,2114,1.7036,1.85,28.69
KeranCuka 5,4.93,252.0,ASAM,TIDAK LAYAK,Tercemar Asam (Cuka),54222.10,2.7303,18037.40,0.9083,0.8459,2110,1.7004,2.05,28.69
KeranCuka 5,4.93,252.0,ASAM,TIDAK LAYAK,Tercemar Asam (Cuka),54084.70,2.7234,15459.00,0.7784,0.7258,2113,1.7028,1.90,28.63
KeranCuka 5,4.93,252.0,ASAM,TIDAK LAYAK,Tercemar Asam (Cuka),54260.80,2.7323,20641.20,1.0394,0.9680,2111,1.7012,2.00,28.69
KeranCuka 5,4.93,252.0,ASAM,TIDAK LAYAK,Tercemar Asam (Cuka),53923.00,2.7153,13502.20,0.6799,0.6332,2110,1.7004,2.05,28.69
KeranCuka 5,4.93,252.0,ASAM,TIDAK LAYAK,Tercemar Asam (Cuka),54417.50,2.7402,17251.50,0.8687,0.8090,2103,1.6947,2.41,28.69
KeranCuka 5,4.93,252.0,ASAM,TIDAK LAYAK,Tercemar Asam (Cuka),53940.50,2.7162,20049.10,1.0096,0.9413,2110,1.7004,2.05,28.63
KeranCuka 5,4.93,252.0,ASAM,TIDAK LAYAK,Tercemar Asam (Cuka),54406.40,2.7396,14772.90,0.7439,0.6928,2112,1.7020,1.95,28.69
KeranCuka 5,4.93,252.0,ASAM,TIDAK LAYAK,Tercemar Asam (Cuka),54163.00,2.7274,18160.60,0.9145,0.8517,2110,1.7004,2.05,28.69
KeranCuka 5,4.93,252.0,ASAM,TIDAK LAYAK,Tercemar Asam (Cuka),54319.90,2.7353,18314.30,0.9222,0.8589,2104,1.6955,2.36,28.69
KeranCuka 5,4.93,252.0,ASAM,TIDAK LAYAK,Tercemar Asam (Cuka),54451.30,2.7419,15561.60,0.7836,0.7298,2111,1.7012,2.00,28.69
KeranCuka 5,4.93,252.0,ASAM,TIDAK LAYAK,Tercemar Asam (Cuka),54286.30,2.7336,20137.20,1.0140,0.9444,2110,1.7004,2.05,28.69
KeranCuka 5,4.93,252.0,ASAM,TIDAK LAYAK,Tercemar Asam (Cuka),54247.80,2.7316,16549.30,0.8333,0.7761,2110,1.7004,2.05,28.69
KeranCuka 5,4.93,252.0,ASAM,TIDAK LAYAK,Tercemar Asam (Cuka),54268.70,2.7327,16249.70,0.8182,0.7620,2111,1.7012,2.00,28.69
KeranCuka 5,4.93,252.0,ASAM,TIDAK LAYAK,Tercemar Asam (Cuka),54271.80,2.7328,20196.30,1.0170,0.9471,2109,1.6996,2.10,28.69
KeranCuka 5,4.93,252.0,ASAM,TIDAK LAYAK,Tercemar Asam (Cuka),54505.60,2.7446,14292.80,0.7197,0.6703,2110,1.7004,2.05,28.69
KeranCuka 5,4.93,252.0,ASAM,TIDAK LAYAK,Tercemar Asam (Cuka),54086.20,2.7235,18077.30,0.9103,0.8478,2109,1.6996,2.10,28.69
KeranCuka 5,4.93,252.0,ASAM,TIDAK LAYAK,Tercemar Asam (Cuka),54020.60,2.7202,18642.20,0.9387,0.8742,2108,1.6988,2.15,28.69
KeranCuka 5,4.93,252.0,ASAM,TIDAK LAYAK,Tercemar Asam (Cuka),54162.90,2.7274,14088.00,0.7094,0.6607,2109,1.6996,2.10,28.69
KeranCuka 5,4.93,252.0,ASAM,TIDAK LAYAK,Tercemar Asam (Cuka),53881.40,2.7132,20494.10,1.0320,0.9611,2104,1.6955,2.36,28.69
KeranCuka 5,4.93,252.0,ASAM,TIDAK LAYAK,Tercemar Asam (Cuka),54492.70,2.7440,15608.20,0.7859,0.7320,2106,1.6971,2.26,28.69
KeranCuka 5,4.93,252.0,ASAM,TIDAK LAYAK,Tercemar Asam (Cuka),54119.80,2.7252,16784.40,0.8452,0.7871,2111,1.7012,2.00,28.69
KeranCuka 5,4.93,252.0,ASAM,TIDAK LAYAK,Tercemar Asam (Cuka),53874.90,2.7129,19465.00,0.9802,0.9128,2107,1.6979,2.21,28.69
KeranCuka 5,4.93,252.0,ASAM,TIDAK LAYAK,Tercemar Asam (Cuka),54265.40,2.7325,14489.60,0.7296,0.6795,2108,1.6988,2.15,28.69
KeranCuka 5,4.93,252.0,ASAM,TIDAK LAYAK,Tercemar Asam (Cuka),54078.10,2.7231,14680.00,0.7392,0.6884,2112,1.7020,1.95,28.69
KeranCuka 5,4.93,252.0,ASAM,TIDAK LAYAK,Tercemar Asam (Cuka),53761.20,2.7071,20514.80,1.0330,0.9621,2110,1.7004,2.05,28.69
KeranCuka 5,4.93,252.0,ASAM,TIDAK LAYAK,Tercemar Asam (Cuka),54220.60,2.7303,14195.10,0.7148,0.6657,2112,1.7020,1.95,28.69
KeranCuka 5,4.93,252.0,ASAM,TIDAK LAYAK,Tercemar Asam (Cuka),54422.30,2.7404,18536.70,0.9334,0.8693,2108,1.6988,2.15,28.69
KeranCuka 5,4.93,252.0,ASAM,TIDAK LAYAK,Tercemar Asam (Cuka),54113.50,2.7249,18618.40,0.9375,0.8731,2109,1.6996,2.10,28.69
KeranCuka 5,4.93,252.0,ASAM,TIDAK LAYAK,Tercemar Asam (Cuka),54251.10,2.7318,14574.50,0.7339,0.6835,2118,1.7068,1.64,28.69
KeranCuka 5,4.93,252.0,ASAM,TIDAK LAYAK,Tercemar Asam (Cuka),54495.90,2.7441,20615.70,1.0381,0.9668,2108,1.6988,2.15,28.69
KeranCuka 5,4.93,252.0,ASAM,TIDAK LAYAK,Tercemar Asam (Cuka),54313.50,2.7349,14396.70,0.7249,0.6752,2109,1.6996,2.10,28.69
KeranCuka 5,4.93,252.0,ASAM,TIDAK LAYAK,Tercemar Asam (Cuka),54435.00,2.7411,14991.90,0.7549,0.7031,2113,1.7028,1.90,28.69
KeranCuka 5,4.93,252.0,ASAM,TIDAK LAYAK,Tercemar Asam (Cuka),54030.10,2.7207,21129.30,1.0640,0.9909,2109,1.6996,2.10,28.69
KeranCuka 5,4.93,252.0,ASAM,TIDAK LAYAK,Tercemar Asam (Cuka),54244.60,2.7315,14395.00,0.7249,0.6751,2115,1.7044,1.79,28.69
KeranCuka 5,4.93,252.0,ASAM,TIDAK LAYAK,Tercemar Asam (Cuka),53852.40,2.7117,18967.30,0.9551,0.8895,2111,1.7012,2.00,28.69
KeranCuka 5,4.93,252.0,ASAM,TIDAK LAYAK,Tercemar Asam (Cuka),54492.70,2.7440,18815.20,0.9474,0.8824,2108,1.6988,2.15,28.69
KeranCuka 5,4.93,252.0,ASAM,TIDAK LAYAK,Tercemar Asam (Cuka),54329.60,2.7358,14193.40,0.7147,0.6656,2112,1.7020,1.95,28.69
KeranCuka 5,4.93,252.0,ASAM,TIDAK LAYAK,Tercemar Asam (Cuka),54119.80,2.7252,20950.30,1.0549,0.9813,2108,1.6988,2.15,28.75
KeranCuka 5,4.93,252.0,ASAM,TIDAK LAYAK,Tercemar Asam (Cuka),54316.70,2.7351,15886.50,0.8000,0.7450,2111,1.7012,2.00,28.69
KeranCuka 5,4.93,252.0,ASAM,TIDAK LAYAK,Tercemar Asam (Cuka),54316.80,2.7351,16923.60,0.8522,0.7937,2112,1.7020,1.95,28.69
KeranCuka 5,4.93,252.0,ASAM,TIDAK LAYAK,Tercemar Asam (Cuka),54003.00,2.7193,21031.80,1.0591,0.9863,2108,1.6988,2.15,28.69
KeranCuka 5,4.93,252.0,ASAM,TIDAK LAYAK,Tercemar Asam (Cuka),54114.90,2.7249,13751.70,0.6925,0.6449,2107,1.6979,2.21,28.69
KeranCuka 5,4.93,252.0,ASAM,TIDAK LAYAK,Tercemar Asam (Cuka),54044.50,2.7214,15995.50,0.8054,0.7501,2110,1.7004,2.05,28.69
KeranCuka 5,4.93,252.0,ASAM,TIDAK LAYAK,Tercemar Asam (Cuka),54052.60,2.7218,16845.40,0.8482,0.7900,2110,1.7004,2.05,28.69
KeranCuka 5,4.93,252.0,ASAM,TIDAK LAYAK,Tercemar Asam (Cuka),54377.60,2.7382,14354.90,0.7228,0.6732,2111,1.7012,2.00,28.69
KeranCuka 5,4.93,252.0,ASAM,TIDAK LAYAK,Tercemar Asam (Cuka),54289.40,2.7337,19765.70,0.9953,0.9269,2107,1.6979,2.21,28.69
KeranCuka 5,4.93,252.0,ASAM,TIDAK LAYAK,Tercemar Asam (Cuka),54468.70,2.7428,16867.50,0.8494,0.7910,2109,1.6996,2.10,28.69
KeranCuka 5,4.93,252.0,ASAM,TIDAK LAYAK,Tercemar Asam (Cuka),54268.50,2.7327,15484.90,0.7797,0.7262,2110,1.7004,2.05,28.69
KeranCuka 5,4.93,252.0,ASAM,TIDAK LAYAK,Tercemar Asam (Cuka),54278.30,2.7332,20551.60,1.0349,0.9638,2104,1.6955,2.36,28.69
KeranCuka 5,4.93,252.0,ASAM,TIDAK LAYAK,Tercemar Asam (Cuka),54150.40,2.7267,13996.80,0.7048,0.6564,2110,1.7004,2.05,28.69
KeranCuka 5,4.93,252.0,ASAM,TIDAK LAYAK,Tercemar Asam (Cuka),53906.80,2.7145,18796.00,0.9465,0.8804,2109,1.6996,2.10,28.75
KeranCuka 5,4.93,252.0,ASAM,TIDAK LAYAK,Tercemar Asam (Cuka),54295.80,2.7341,17103.00,0.8612,0.8021,2109,1.6996,2.10,28.69
KeranCuka 5,4.93,252.0,ASAM,TIDAK LAYAK,Tercemar Asam (Cuka),54476.80,2.7432,17294.80,0.8709,0.8111,2115,1.7044,1.79,28.69
KeranCuka 5,4.93,252.0,ASAM,TIDAK LAYAK,Tercemar Asam (Cuka),54252.60,2.7319,19357.90,0.9748,0.9078,2102,1.6939,2.46,28.69
KeranCuka 5,4.93,252.0,ASAM,TIDAK LAYAK,Tercemar Asam (Cuka),54126.30,2.7255,15115.20,0.7611,0.7088,2110,1.7004,2.05,28.69
KeranCuka 5,4.93,252.0,ASAM,TIDAK LAYAK,Tercemar Asam (Cuka),54262.20,2.7324,18717.60,0.9425,0.8778,2110,1.7004,2.05,28.69
KeranCuka 5,4.93,252.0,ASAM,TIDAK LAYAK,Tercemar Asam (Cuka),53998.10,2.7191,17432.40,0.8778,0.8175,2109,1.6996,2.10,28.69
KeranCuka 5,4.93,252.0,ASAM,TIDAK LAYAK,Tercemar Asam (Cuka),54041.40,2.7212,15910.40,0.8012,0.7461,2111,1.7012,2.00,28.69
KeranCuka 5,4.93,252.0,ASAM,TIDAK LAYAK,Tercemar Asam (Cuka),54177.40,2.7281,17979.90,0.9054,0.8432,2106,1.6971,2.26,28.69
KeranCuka 5,4.93,252.0,ASAM,TIDAK LAYAK,Tercemar Asam (Cuka),54047.80,2.7216,18584.70,0.9358,0.8716,2107,1.6979,2.21,28.69
KeranCuka 5,4.93,252.0,ASAM,TIDAK LAYAK,Tercemar Asam (Cuka),54046.20,2.7215,18532.00,0.9332,0.8691,2109,1.6996,2.10,28.69
KeranCuka 5,4.93,252.0,ASAM,TIDAK LAYAK,Tercemar Asam (Cuka),54402.90,2.7394,17924.10,0.9026,0.8406,2100,1.6923,2.56,28.69
KeranCuka 5,4.93,252.0,ASAM,TIDAK LAYAK,Tercemar Asam (Cuka),54095.80,2.7240,15676.80,0.7894,0.7352,2109,1.6996,2.10,28.69
KeranCuka 5,4.93,252.0,ASAM,TIDAK LAYAK,Tercemar Asam (Cuka),53995.00,2.7189,18138.10,0.9133,0.8506,2112,1.7020,1.95,28.69
KeranCuka 5,4.93,252.0,ASAM,TIDAK LAYAK,Tercemar Asam (Cuka),53900.50,2.7141,17181.50,0.8652,0.8057,2108,1.6988,2.15,28.69
KeranCuka 5,4.93,252.0,ASAM,TIDAK LAYAK,Tercemar Asam (Cuka),54320.00,2.7353,15492.80,0.7801,0.7266,2120,1.7084,1.54,28.69
KeranCuka 5,4.93,252.0,ASAM,TIDAK LAYAK,Tercemar Asam (Cuka),53908.50,2.7146,18639.10,0.9386,0.8731,2107,1.6979,2.21,28.75
KeranCuka 5,4.93,252.0,ASAM,TIDAK LAYAK,Tercemar Asam (Cuka),53938.90,2.7161,17414.90,0.8769,0.8167,2108,1.6988,2.15,28.69
KeranCuka 5,4.93,252.0,ASAM,TIDAK LAYAK,Tercemar Asam (Cuka),53819.00,2.7100,14681.40,0.7393,0.6885,2108,1.6988,2.15,28.69
KeranCuka 5,4.93,252.0,ASAM,TIDAK LAYAK,Tercemar Asam (Cuka),54129.40,2.7257,19716.10,0.9928,0.9246,2109,1.6996,2.10,28.69
KeranCuka 5,4.93,252.0,ASAM,TIDAK LAYAK,Tercemar Asam (Cuka),54225.40,2.7305,14163.00,0.7132,0.6642,2116,1.7052,1.74,28.69
KeranCuka 5,4.93,252.0,ASAM,TIDAK LAYAK,Tercemar Asam (Cuka),53970.90,2.7177,18578.30,0.9355,0.8713,2108,1.6988,2.15,28.69
KeranCuka 5,4.93,252.0,ASAM,TIDAK LAYAK,Tercemar Asam (Cuka),54081.30,2.7233,16926.80,0.8523,0.7938,2120,1.7084,1.54,28.69
KeranCuka 5,4.93,252.0,ASAM,TIDAK LAYAK,Tercemar Asam (Cuka),54515.20,2.7451,14958.20,0.7532,0.7015,2111,1.7012,2.00,28.69
KeranCuka 5,4.93,252.0,ASAM,TIDAK LAYAK,Tercemar Asam (Cuka),54340.70,2.7363,18279.00,0.9204,0.8572,2112,1.7020,1.95,28.69
KeranCuka 5,4.93,252.0,ASAM,TIDAK LAYAK,Tercemar Asam (Cuka),54129.30,2.7257,17658.30,0.8892,0.8281,2107,1.6979,2.21,28.69
KeranCuka 5,4.93,252.0,ASAM,TIDAK LAYAK,Tercemar Asam (Cuka),54411.20,2.7399,14512.10,0.7308,0.6806,2109,1.6996,2.10,28.69
KeranCuka 5,4.93,252.0,ASAM,TIDAK LAYAK,Tercemar Asam (Cuka),54051.00,2.7217,19999.60,1.0071,0.9379,2108,1.6988,2.15,28.69
KeranCuka 5,4.93,252.0,ASAM,TIDAK LAYAK,Tercemar Asam (Cuka),54396.60,2.7391,16677.40,0.8398,0.7821,2109,1.6996,2.10,28.69
KeranCuka 5,4.93,252.0,ASAM,TIDAK LAYAK,Tercemar Asam (Cuka),54412.80,2.7399,14231.80,0.7166,0.6674,2109,1.6996,2.10,28.69
KeranCuka 5,4.93,252.0,ASAM,TIDAK LAYAK,Tercemar Asam (Cuka),54185.30,2.7285,20532.30,1.0339,0.9629,2109,1.6996,2.10,28.69
KeranCuka 5,4.93,252.0,ASAM,TIDAK LAYAK,Tercemar Asam (Cuka),53913.30,2.7148,17938.20,0.9033,0.8412,2107,1.6979,2.21,28.69
KeranCuka 5,4.93,252.0,ASAM,TIDAK LAYAK,Tercemar Asam (Cuka),54004.60,2.7194,13860.60,0.6979,0.6508,2110,1.7004,2.05,28.63
KeranCuka 5,4.93,252.0,ASAM,TIDAK LAYAK,Tercemar Asam (Cuka),54273.40,2.7329,20428.40,1.0287,0.9580,2110,1.7004,2.05,28.69
KeranCuka 5,4.93,252.0,ASAM,TIDAK LAYAK,Tercemar Asam (Cuka),54263.80,2.7324,15337.60,0.7723,0.7193,2102,1.6939,2.46,28.69
KeranCuka 5,4.93,252.0,ASAM,TIDAK LAYAK,Tercemar Asam (Cuka),54033.30,2.7208,17485.50,0.8805,0.8200,2109,1.6996,2.10,28.69
KeranCuka 5,4.93,252.0,ASAM,TIDAK LAYAK,Tercemar Asam (Cuka),53857.20,2.7120,17770.20,0.8948,0.8334,2111,1.7012,2.00,28.69
KeranCuka 5,4.93,252.0,ASAM,TIDAK LAYAK,Tercemar Asam (Cuka),54297.40,2.7341,15185.30,0.7647,0.7121,2112,1.7020,1.95,28.69
KeranCuka 5,4.93,252.0,ASAM,TIDAK LAYAK,Tercemar Asam (Cuka),53807.70,2.7095,16805.20,0.8462,0.7881,2108,1.6988,2.15,28.69
KeranCuka 5,4.93,252.0,ASAM,TIDAK LAYAK,Tercemar Asam (Cuka),54191.70,2.7288,18324.00,0.9227,0.8593,2109,1.6996,2.10,28.69
KeranCuka 5,4.93,252.0,ASAM,TIDAK LAYAK,Tercemar Asam (Cuka),54188.60,2.7287,14615.70,0.7360,0.6854,2110,1.7004,2.05,28.69
KeranCuka 5,4.93,252.0,ASAM,TIDAK LAYAK,Tercemar Asam (Cuka),54079.80,2.7232,19656.90,0.9898,0.9218,2110,1.7004,2.05,28.69
KeranCuka 5,4.93,252.0,ASAM,TIDAK LAYAK,Tercemar Asam (Cuka),54099.00,2.7241,17890.20,0.9009,0.8390,2110,1.7004,2.05,28.69
KeranCuka 5,4.93,252.0,ASAM,TIDAK LAYAK,Tercemar Asam (Cuka),54150.10,2.7267,17599.10,0.8862,0.8253,2107,1.6979,2.21,28.69
KeranCuka 5,4.93,252.0,ASAM,TIDAK LAYAK,Tercemar Asam (Cuka),54473.60,2.7430,19818.70,0.9980,0.9294,2109,1.6996,2.10,28.69
KeranCuka 5,4.93,252.0,ASAM,TIDAK LAYAK,Tercemar Asam (Cuka),53836.40,2.7109,13980.60,0.7040,0.6556,2108,1.6988,2.15,28.69
KeranCuka 5,4.93,252.0,ASAM,TIDAK LAYAK,Tercemar Asam (Cuka),53590.00,2.6985,17429.30,0.8776,0.8174,2113,1.7028,1.90,28.69
KeranCuka 5,4.93,252.0,ASAM,TIDAK LAYAK,Tercemar Asam (Cuka),54345.40,2.7366,20873.20,1.0511,0.9789,2107,1.6979,2.21,28.69
KeranCuka 5,4.93,252.0,ASAM,TIDAK LAYAK,Tercemar Asam (Cuka),54043.00,2.7213,14100.70,0.7100,0.6613,2111,1.7012,2.00,28.69
KeranCuka 5,4.93,252.0,ASAM,TIDAK LAYAK,Tercemar Asam (Cuka),54292.80,2.7339,17682.10,0.8904,0.8292,2112,1.7020,1.95,28.69
KeranCuka 5,4.93,252.0,ASAM,TIDAK LAYAK,Tercemar Asam (Cuka),54175.80,2.7280,20911.60,1.0530,0.9807,2106,1.6971,2.26,28.69
KeranCuka 5,4.93,252.0,ASAM,TIDAK LAYAK,Tercemar Asam (Cuka),54400.00,2.7393,16493.10,0.8305,0.7735,2106,1.6971,2.26,28.69
KeranCuka 5,4.93,252.0,ASAM,TIDAK LAYAK,Tercemar Asam (Cuka),53774.20,2.7078,17586.10,0.8855,0.8247,2111,1.7012,2.00,28.69
KeranCuka 5,4.93,252.0,ASAM,TIDAK LAYAK,Tercemar Asam (Cuka),54146.90,2.7266,18474.30,0.9303,0.8664,2109,1.6996,2.10,28.69
KeranCuka 5,4.93,252.0,ASAM,TIDAK LAYAK,Tercemar Asam (Cuka),54196.60,2.7291,15479.90,0.7795,0.7259,2110,1.7004,2.05,28.69
KeranCuka 5,4.93,252.0,ASAM,TIDAK LAYAK,Tercemar Asam (Cuka),54092.60,2.7238,17328.70,0.8726,0.8126,2109,1.6996,2.10,28.69
KeranCuka 5,4.93,252.0,ASAM,TIDAK LAYAK,Tercemar Asam (Cuka),54339.00,2.7362,18485.60,0.9308,0.8669,2108,1.6988,2.15,28.69
KeranCuka 5,4.93,252.0,ASAM,TIDAK LAYAK,Tercemar Asam (Cuka),54126.10,2.7255,15217.50,0.7663,0.7136,2112,1.7020,1.95,28.69
KeranCuka 5,4.93,252.0,ASAM,TIDAK LAYAK,Tercemar Asam (Cuka),54075.00,2.7229,17493.20,0.8809,0.8204,2110,1.7004,2.05,28.69
KeranCuka 5,4.93,252.0,ASAM,TIDAK LAYAK,Tercemar Asam (Cuka),53972.40,2.7178,18567.10,0.9349,0.8707,2119,1.7076,1.59,28.69
KeranCuka 5,4.93,252.0,ASAM,TIDAK LAYAK,Tercemar Asam (Cuka),54142.10,2.7263,15166.50,0.7637,0.7113,2112,1.7020,1.95,28.69
KeranCuka 5,4.93,252.0,ASAM,TIDAK LAYAK,Tercemar Asam (Cuka),54367.80,2.7377,21327.80,1.0740,1.0002,2110,1.7004,2.05,28.69
KeranCuka 5,4.93,252.0,ASAM,TIDAK LAYAK,Tercemar Asam (Cuka),54420.60,2.7403,14844.70,0.7475,0.6962,2123,1.7108,1.38,28.69
KeranCuka 5,4.93,252.0,ASAM,TIDAK LAYAK,Tercemar Asam (Cuka),54391.90,2.7389,16172.90,0.8144,0.7584,2110,1.7004,2.05,28.69
KeranCuka 5,4.93,252.0,ASAM,TIDAK LAYAK,Tercemar Asam (Cuka),54361.40,2.7374,21239.90,1.0695,0.9961,2111,1.7012,2.00,28.69
KeranCuka 5,4.93,252.0,ASAM,TIDAK LAYAK,Tercemar Asam (Cuka),54139.00,2.7262,14558.30,0.7331,0.6827,2111,1.7012,2.00,28.69
KeranCuka 5,4.93,252.0,ASAM,TIDAK LAYAK,Tercemar Asam (Cuka),54254.20,2.7320,16164.90,0.8140,0.7581,2114,1.7036,1.85,28.69
KeranCuka 5,4.93,252.0,ASAM,TIDAK LAYAK,Tercemar Asam (Cuka),53718.10,2.7050,20878.30,1.0513,0.9791,2105,1.6963,2.31,28.69
KeranCuka 5,4.93,252.0,ASAM,TIDAK LAYAK,Tercemar Asam (Cuka),54110.10,2.7247,15464.00,0.7787,0.7252,2117,1.7060,1.69,28.69
KeranCuka 5,4.93,252.0,ASAM,TIDAK LAYAK,Tercemar Asam (Cuka),54105.50,2.7245,17652.00,0.8889,0.8278,2112,1.7020,1.95,28.69
KeranCuka 5,4.93,252.0,ASAM,TIDAK LAYAK,Tercemar Asam (Cuka),54159.70,2.7272,18175.00,0.9152,0.8523,2112,1.7020,1.95,28.69
KeranCuka 5,4.93,252.0,ASAM,TIDAK LAYAK,Tercemar Asam (Cuka),54160.00,2.7272,15547.20,0.7829,0.7291,2114,1.7036,1.85,28.69
KeranCuka 5,4.93,252.0,ASAM,TIDAK LAYAK,Tercemar Asam (Cuka),54012.50,2.7198,17404.00,0.8764,0.8162,2104,1.6955,2.36,28.69
KeranCuka 5,4.93,252.0,ASAM,TIDAK LAYAK,Tercemar Asam (Cuka),54283.00,2.7334,18466.40,0.9299,0.8660,2112,1.7020,1.95,28.69
KeranCuka 5,4.93,252.0,ASAM,TIDAK LAYAK,Tercemar Asam (Cuka),54167.70,2.7276,15393.50,0.7751,0.7219,2120,1.7084,1.54,28.69
KeranCuka 5,4.93,252.0,ASAM,TIDAK LAYAK,Tercemar Asam (Cuka),53932.50,2.7158,17783.20,0.8955,0.8340,2120,1.7084,1.54,28.69
KeranCuka 5,4.93,252.0,ASAM,TIDAK LAYAK,Tercemar Asam (Cuka),54239.90,2.7312,16248.00,0.8182,0.7620,2111,1.7012,2.00,28.69
KeranCuka 5,4.93,252.0,ASAM,TIDAK LAYAK,Tercemar Asam (Cuka),53948.60,2.7166,14412.70,0.7257,0.6759,2112,1.7020,1.95,28.69
KeranCuka 5,4.93,252.0,ASAM,TIDAK LAYAK,Tercemar Asam (Cuka),54251.10,2.7318,17708.10,0.8917,0.8304,2109,1.6996,2.10,28.69
HujanCuka 5,3.84,83.0,ASAM,TIDAK LAYAK,Tercemar Asam (Cuka),53494.00,2.6937,19647.40,0.9893,0.9225,2093,1.6867,2.92,28.63
HujanCuka 5,3.84,83.0,ASAM,TIDAK LAYAK,Tercemar Asam (Cuka),53876.60,2.7129,19191.40,0.9664,0.9011,2106,1.6971,2.26,28.63
HujanCuka 5,3.84,83.0,ASAM,TIDAK LAYAK,Tercemar Asam (Cuka),53652.50,2.7017,20206.00,1.0175,0.9487,2105,1.6963,2.31,28.63
HujanCuka 5,3.84,83.0,ASAM,TIDAK LAYAK,Tercemar Asam (Cuka),53738.90,2.7060,15152.00,0.7630,0.7114,2119,1.7076,1.59,28.63
HujanCuka 5,3.84,83.0,ASAM,TIDAK LAYAK,Tercemar Asam (Cuka),54051.10,2.7217,19508.30,0.9823,0.9159,2106,1.6971,2.26,28.63
HujanCuka 5,3.84,83.0,ASAM,TIDAK LAYAK,Tercemar Asam (Cuka),53697.30,2.7039,18889.10,0.9512,0.8869,2105,1.6963,2.31,28.63
HujanCuka 5,3.84,83.0,ASAM,TIDAK LAYAK,Tercemar Asam (Cuka),53628.50,2.7005,16835.70,0.8478,0.7895,2104,1.6955,2.36,28.69
HujanCuka 5,3.84,83.0,ASAM,TIDAK LAYAK,Tercemar Asam (Cuka),53690.90,2.7036,18393.00,0.9262,0.8626,2106,1.6971,2.26,28.69
HujanCuka 5,3.84,83.0,ASAM,TIDAK LAYAK,Tercemar Asam (Cuka),53964.50,2.7174,18927.20,0.9531,0.8886,2105,1.6963,2.31,28.63
HujanCuka 5,3.84,83.0,ASAM,TIDAK LAYAK,Tercemar Asam (Cuka),53846.30,2.7114,16865.80,0.8493,0.7909,2105,1.6963,2.31,28.69
HujanCuka 5,3.84,83.0,ASAM,TIDAK LAYAK,Tercemar Asam (Cuka),53556.60,2.6968,17994.50,0.9061,0.8439,2105,1.6963,2.31,28.69
HujanCuka 5,3.84,83.0,ASAM,TIDAK LAYAK,Tercemar Asam (Cuka),53887.70,2.7135,18964.10,0.9549,0.8893,2107,1.6979,2.21,28.69
HujanCuka 5,3.84,83.0,ASAM,TIDAK LAYAK,Tercemar Asam (Cuka),53681.30,2.7031,15515.60,0.7813,0.7276,2106,1.6971,2.26,28.69
HujanCuka 5,3.84,83.0,ASAM,TIDAK LAYAK,Tercemar Asam (Cuka),53673.30,2.7027,20078.00,1.0110,0.9416,2105,1.6963,2.31,28.69
HujanCuka 5,3.84,83.0,ASAM,TIDAK LAYAK,Tercemar Asam (Cuka),53990.20,2.7187,14982.40,0.7544,0.7026,2105,1.6963,2.31,28.69
HujanCuka 5,3.84,83.0,ASAM,TIDAK LAYAK,Tercemar Asam (Cuka),53907.00,2.7145,19636.10,0.9888,0.9209,2105,1.6963,2.31,28.69
HujanCuka 5,3.84,83.0,ASAM,TIDAK LAYAK,Tercemar Asam (Cuka),53826.90,2.7104,18099.90,0.9114,0.8488,2109,1.6996,2.10,28.69
HujanCuka 5,3.84,83.0,ASAM,TIDAK LAYAK,Tercemar Asam (Cuka),53940.60,2.7162,16339.50,0.8228,0.7663,2105,1.6963,2.31,28.69
HujanCuka 5,3.84,83.0,ASAM,TIDAK LAYAK,Tercemar Asam (Cuka),53914.90,2.7149,17999.00,0.9063,0.8441,2105,1.6963,2.31,28.69
HujanCuka 5,3.84,83.0,ASAM,TIDAK LAYAK,Tercemar Asam (Cuka),54001.30,2.7192,18387.90,0.9259,0.8623,2104,1.6955,2.36,28.69
HujanCuka 5,3.84,83.0,ASAM,TIDAK LAYAK,Tercemar Asam (Cuka),53890.90,2.7137,16315.50,0.8216,0.7651,2105,1.6963,2.31,28.69
HujanCuka 5,3.84,83.0,ASAM,TIDAK LAYAK,Tercemar Asam (Cuka),53834.90,2.7108,19559.50,0.9849,0.9173,2106,1.6971,2.26,28.69
HujanCuka 5,3.84,83.0,ASAM,TIDAK LAYAK,Tercemar Asam (Cuka),54030.20,2.7207,15641.70,0.7876,0.7335,2106,1.6971,2.26,28.69
HujanCuka 5,3.84,83.0,ASAM,TIDAK LAYAK,Tercemar Asam (Cuka),53686.20,2.7034,18832.80,0.9483,0.8832,2105,1.6963,2.31,28.69
HujanCuka 5,3.84,83.0,ASAM,TIDAK LAYAK,Tercemar Asam (Cuka),53524.50,2.6952,19122.40,0.9629,0.8968,2106,1.6971,2.26,28.69
HujanCuka 5,3.84,83.0,ASAM,TIDAK LAYAK,Tercemar Asam (Cuka),53889.40,2.7136,15705.80,0.7909,0.7365,2101,1.6931,2.51,28.69
HujanCuka 5,3.84,83.0,ASAM,TIDAK LAYAK,Tercemar Asam (Cuka),53772.60,2.7077,20863.60,1.0506,0.9784,2112,1.7020,1.95,28.69
HujanCuka 5,3.84,83.0,ASAM,TIDAK LAYAK,Tercemar Asam (Cuka),54049.40,2.7216,16543.00,0.8330,0.7758,2106,1.6971,2.26,28.69
HujanCuka 5,3.84,83.0,ASAM,TIDAK LAYAK,Tercemar Asam (Cuka),53884.50,2.7133,16773.20,0.8446,0.7866,2105,1.6963,2.31,28.69
HujanCuka 5,3.84,83.0,ASAM,TIDAK LAYAK,Tercemar Asam (Cuka),53714.90,2.7048,21170.90,1.0661,0.9928,2105,1.6963,2.31,28.69
HujanCuka 5,3.84,83.0,ASAM,TIDAK LAYAK,Tercemar Asam (Cuka),54043.00,2.7213,14211.00,0.7156,0.6664,2106,1.6971,2.26,28.69
HujanCuka 5,3.84,83.0,ASAM,TIDAK LAYAK,Tercemar Asam (Cuka),53742.10,2.7062,18477.80,0.9304,0.8665,2105,1.6963,2.31,28.69
HujanCuka 5,3.84,83.0,ASAM,TIDAK LAYAK,Tercemar Asam (Cuka),54052.70,2.7218,18800.70,0.9467,0.8817,2117,1.7060,1.69,28.69
HujanCuka 5,3.84,83.0,ASAM,TIDAK LAYAK,Tercemar Asam (Cuka),53764.50,2.7073,14812.90,0.7459,0.6947,2103,1.6947,2.41,28.69
HujanCuka 5,3.84,83.0,ASAM,TIDAK LAYAK,Tercemar Asam (Cuka),53971.10,2.7177,21649.50,1.0902,1.0153,2092,1.6859,2.97,28.69
HujanCuka 5,3.84,83.0,ASAM,TIDAK LAYAK,Tercemar Asam (Cuka),53650.90,2.7016,14995.10,0.7551,0.7032,2117,1.7060,1.69,28.69
HujanCuka 5,3.84,83.0,ASAM,TIDAK LAYAK,Tercemar Asam (Cuka),53839.70,2.7111,19524.20,0.9831,0.9156,2102,1.6939,2.46,28.69
HujanCuka 5,3.84,83.0,ASAM,TIDAK LAYAK,Tercemar Asam (Cuka),53897.30,2.7140,18327.20,0.9229,0.8595,2102,1.6939,2.46,28.69
HujanCuka 5,3.84,83.0,ASAM,TIDAK LAYAK,Tercemar Asam (Cuka),53940.50,2.7162,16617.90,0.8368,0.7793,2100,1.6923,2.56,28.69
HujanCuka 5,3.84,83.0,ASAM,TIDAK LAYAK,Tercemar Asam (Cuka),53932.50,2.7158,21684.70,1.0919,1.0169,2104,1.6955,2.36,28.69
HujanCuka 5,3.84,83.0,ASAM,TIDAK LAYAK,Tercemar Asam (Cuka),53732.50,2.7057,14390.30,0.7246,0.6749,2101,1.6931,2.51,28.69
HujanCuka 5,3.84,83.0,ASAM,TIDAK LAYAK,Tercemar Asam (Cuka),53969.30,2.7176,19191.40,0.9664,0.9000,2101,1.6931,2.51,28.69
HujanCuka 5,3.84,83.0,ASAM,TIDAK LAYAK,Tercemar Asam (Cuka),53793.30,2.7087,18492.00,0.9312,0.8672,2102,1.6939,2.46,28.69
HujanCuka 5,3.84,83.0,ASAM,TIDAK LAYAK,Tercemar Asam (Cuka),53817.30,2.7100,15689.60,0.7900,0.7358,2125,1.7125,1.28,28.69
HujanCuka 5,3.84,83.0,ASAM,TIDAK LAYAK,Tercemar Asam (Cuka),53743.70,2.7063,20766.20,1.0457,0.9739,2102,1.6939,2.46,28.69
HujanCuka 5,3.84,83.0,ASAM,TIDAK LAYAK,Tercemar Asam (Cuka),53999.70,2.7191,16834.10,0.8477,0.7895,2101,1.6931,2.51,28.69
HujanCuka 5,3.84,83.0,ASAM,TIDAK LAYAK,Tercemar Asam (Cuka),53937.30,2.7160,17863.10,0.8995,0.8377,2112,1.7020,1.95,28.69
HujanCuka 5,3.84,83.0,ASAM,TIDAK LAYAK,Tercemar Asam (Cuka),53788.50,2.7085,19231.40,0.9684,0.9019,2101,1.6931,2.51,28.69
HujanCuka 5,3.84,83.0,ASAM,TIDAK LAYAK,Tercemar Asam (Cuka),53822.20,2.7102,15109.00,0.7608,0.7086,2105,1.6963,2.31,28.69
HujanCuka 5,3.84,83.0,ASAM,TIDAK LAYAK,Tercemar Asam (Cuka),53847.70,2.7115,21678.30,1.0916,1.0166,2117,1.7060,1.69,28.69
HujanCuka 5,3.84,83.0,ASAM,TIDAK LAYAK,Tercemar Asam (Cuka),53794.90,2.7088,15961.90,0.8038,0.7486,2102,1.6939,2.46,28.69
HujanCuka 5,3.84,83.0,ASAM,TIDAK LAYAK,Tercemar Asam (Cuka),53892.60,2.7137,18492.00,0.9312,0.8662,2107,1.6979,2.21,28.75
HujanCuka 5,3.84,83.0,ASAM,TIDAK LAYAK,Tercemar Asam (Cuka),53775.80,2.7079,20630.00,1.0388,0.9675,2102,1.6939,2.46,28.69
HujanCuka 5,3.84,83.0,ASAM,TIDAK LAYAK,Tercemar Asam (Cuka),53947.00,2.7165,15545.80,0.7828,0.7290,2107,1.6979,2.21,28.69
HujanCuka 5,3.84,83.0,ASAM,TIDAK LAYAK,Tercemar Asam (Cuka),53818.90,2.7100,19253.70,0.9695,0.9029,2104,1.6955,2.36,28.69
HujanCuka 5,3.84,83.0,ASAM,TIDAK LAYAK,Tercemar Asam (Cuka),54211.20,2.7298,19389.80,0.9764,0.9093,2091,1.6851,3.03,28.69
HujanCuka 5,3.84,83.0,ASAM,TIDAK LAYAK,Tercemar Asam (Cuka),53915.00,2.7149,19778.60,0.9959,0.9275,2105,1.6963,2.31,28.69
HujanCuka 5,3.84,83.0,ASAM,TIDAK LAYAK,Tercemar Asam (Cuka),53833.30,2.7108,19048.80,0.9592,0.8933,2102,1.6939,2.46,28.69
HujanCuka 5,3.84,83.0,ASAM,TIDAK LAYAK,Tercemar Asam (Cuka),53719.80,2.7050,16048.20,0.8081,0.7526,2108,1.6988,2.15,28.69
HujanCuka 5,3.84,83.0,ASAM,TIDAK LAYAK,Tercemar Asam (Cuka),53732.50,2.7057,18410.30,0.9270,0.8634,2104,1.6955,2.36,28.69
HujanCuka 5,3.84,83.0,ASAM,TIDAK LAYAK,Tercemar Asam (Cuka),53866.90,2.7125,18895.30,0.9515,0.8861,2107,1.6979,2.21,28.69
HujanCuka 5,3.84,83.0,ASAM,TIDAK LAYAK,Tercemar Asam (Cuka),53804.50,2.7093,15414.50,0.7762,0.7229,2106,1.6971,2.26,28.69
HujanCuka 5,3.84,83.0,ASAM,TIDAK LAYAK,Tercemar Asam (Cuka),53786.90,2.7084,21804.90,1.0980,1.0226,2103,1.6947,2.41,28.69
HujanCuka 5,3.84,83.0,ASAM,TIDAK LAYAK,Tercemar Asam (Cuka),53719.80,2.7050,16110.60,0.8112,0.7555,2104,1.6955,2.36,28.69
HujanCuka 5,3.84,83.0,ASAM,TIDAK LAYAK,Tercemar Asam (Cuka),53862.10,2.7122,18996.20,0.9565,0.8908,2106,1.6971,2.26,28.69
HujanCuka 5,3.84,83.0,ASAM,TIDAK LAYAK,Tercemar Asam (Cuka),53751.80,2.7067,19364.20,0.9751,0.9081,2104,1.6955,2.36,28.69
HujanCuka 5,3.84,83.0,ASAM,TIDAK LAYAK,Tercemar Asam (Cuka),53817.30,2.7100,14532.70,0.7318,0.6815,2105,1.6963,2.31,28.69
HujanCuka 5,3.84,83.0,ASAM,TIDAK LAYAK,Tercemar Asam (Cuka),53961.50,2.7172,21808.00,1.0981,1.0227,2105,1.6963,2.31,28.69
HujanCuka 5,3.84,83.0,ASAM,TIDAK LAYAK,Tercemar Asam (Cuka),53876.50,2.7129,16033.70,0.8074,0.7528,2100,1.6923,2.56,28.63
HujanCuka 5,3.84,83.0,ASAM,TIDAK LAYAK,Tercemar Asam (Cuka),53782.10,2.7082,18299.90,0.9215,0.8592,2107,1.6979,2.21,28.63
HujanCuka 5,3.84,83.0,ASAM,TIDAK LAYAK,Tercemar Asam (Cuka),53614.10,2.6997,19769.10,0.9955,0.9271,2106,1.6971,2.26,28.69
HujanCuka 5,3.84,83.0,ASAM,TIDAK LAYAK,Tercemar Asam (Cuka),53759.70,2.7071,15660.90,0.7886,0.7344,2104,1.6955,2.36,28.69
HujanCuka 5,3.84,83.0,ASAM,TIDAK LAYAK,Tercemar Asam (Cuka),53673.30,2.7027,18933.60,0.9534,0.8879,2105,1.6963,2.31,28.69
HujanCuka 5,3.84,83.0,ASAM,TIDAK LAYAK,Tercemar Asam (Cuka),53793.30,2.7087,16910.70,0.8515,0.7930,2105,1.6963,2.31,28.69
HujanCuka 5,3.84,83.0,ASAM,TIDAK LAYAK,Tercemar Asam (Cuka),53708.50,2.7045,15083.30,0.7595,0.7073,2105,1.6963,2.31,28.69
HujanCuka 5,3.84,83.0,ASAM,TIDAK LAYAK,Tercemar Asam (Cuka),53753.30,2.7067,21599.90,1.0877,1.0130,2118,1.7068,1.64,28.69
HujanCuka 5,3.84,83.0,ASAM,TIDAK LAYAK,Tercemar Asam (Cuka),53786.90,2.7084,15774.50,0.7943,0.7398,2102,1.6939,2.46,28.69
HujanCuka 5,3.84,83.0,ASAM,TIDAK LAYAK,Tercemar Asam (Cuka),53766.10,2.7074,18237.50,0.9183,0.8553,2106,1.6971,2.26,28.69
HujanCuka 5,3.84,83.0,ASAM,TIDAK LAYAK,Tercemar Asam (Cuka),53489.20,2.6934,19485.70,0.9812,0.9138,2106,1.6971,2.26,28.69
HujanCuka 5,3.84,83.0,ASAM,TIDAK LAYAK,Tercemar Asam (Cuka),54068.60,2.7226,15710.50,0.7911,0.7376,2105,1.6963,2.31,28.63
HujanCuka 5,3.84,83.0,ASAM,TIDAK LAYAK,Tercemar Asam (Cuka),53926.10,2.7154,19479.30,0.9809,0.9135,2102,1.6939,2.46,28.69
HujanCuka 5,3.84,83.0,ASAM,TIDAK LAYAK,Tercemar Asam (Cuka),53863.70,2.7123,17133.30,0.8627,0.8044,2111,1.7012,2.00,28.63
HujanCuka 5,3.84,83.0,ASAM,TIDAK LAYAK,Tercemar Asam (Cuka),53706.90,2.7044,15646.60,0.7879,0.7338,2107,1.6979,2.21,28.69
HujanCuka 5,3.84,83.0,ASAM,TIDAK LAYAK,Tercemar Asam (Cuka),53780.50,2.7081,21175.70,1.0663,0.9931,2104,1.6955,2.36,28.69
HujanCuka 5,3.84,83.0,ASAM,TIDAK LAYAK,Tercemar Asam (Cuka),53823.70,2.7103,14508.60,0.7306,0.6804,2105,1.6963,2.31,28.69
HujanCuka 5,3.84,83.0,ASAM,TIDAK LAYAK,Tercemar Asam (Cuka),53857.40,2.7120,17693.50,0.8910,0.8298,2105,1.6963,2.31,28.69
HujanCuka 5,3.84,83.0,ASAM,TIDAK LAYAK,Tercemar Asam (Cuka),53780.50,2.7081,20166.00,1.0155,0.9457,2104,1.6955,2.36,28.69
HujanCuka 5,3.84,83.0,ASAM,TIDAK LAYAK,Tercemar Asam (Cuka),53892.50,2.7137,15004.90,0.7556,0.7037,2098,1.6907,2.67,28.69
HujanCuka 5,3.84,83.0,ASAM,TIDAK LAYAK,Tercemar Asam (Cuka),53913.30,2.7148,18917.70,0.9526,0.8872,2105,1.6963,2.31,28.69
HujanCuka 5,3.84,83.0,ASAM,TIDAK LAYAK,Tercemar Asam (Cuka),53535.60,2.6958,17424.60,0.8774,0.8171,2106,1.6971,2.26,28.69
HujanCuka 5,3.84,83.0,ASAM,TIDAK LAYAK,Tercemar Asam (Cuka),53825.30,2.7104,14550.20,0.7327,0.6823,2105,1.6963,2.31,28.69
HujanCuka 5,3.84,83.0,ASAM,TIDAK LAYAK,Tercemar Asam (Cuka),53692.60,2.7037,21212.70,1.0682,0.9948,2105,1.6963,2.31,28.69
HujanCuka 5,3.84,83.0,ASAM,TIDAK LAYAK,Tercemar Asam (Cuka),53842.90,2.7112,14302.00,0.7202,0.6707,2105,1.6963,2.31,28.69
HujanCuka 5,3.84,83.0,ASAM,TIDAK LAYAK,Tercemar Asam (Cuka),53835.00,2.7108,15542.70,0.7826,0.7289,2106,1.6971,2.26,28.69
HujanCuka 5,3.84,83.0,ASAM,TIDAK LAYAK,Tercemar Asam (Cuka),53812.70,2.7097,20894.30,1.0521,0.9799,2105,1.6963,2.31,28.69
HujanCuka 5,3.84,83.0,ASAM,TIDAK LAYAK,Tercemar Asam (Cuka),53934.30,2.7158,14228.60,0.7165,0.6673,2100,1.6923,2.56,28.69
HujanCuka 5,3.84,83.0,ASAM,TIDAK LAYAK,Tercemar Asam (Cuka),53836.50,2.7109,18279.10,0.9204,0.8572,2106,1.6971,2.26,28.69
HujanCuka 5,3.84,83.0,ASAM,TIDAK LAYAK,Tercemar Asam (Cuka),53854.10,2.7118,16560.20,0.8339,0.7766,2105,1.6963,2.31,28.69
HujanCuka 5,3.84,83.0,ASAM,TIDAK LAYAK,Tercemar Asam (Cuka),53655.60,2.7018,13173.80,0.6634,0.6178,2105,1.6963,2.31,28.69
HujanCuka 5,3.84,83.0,ASAM,TIDAK LAYAK,Tercemar Asam (Cuka),53990.20,2.7187,20055.60,1.0099,0.9405,2101,1.6931,2.51,28.69
HujanCuka 5,3.84,83.0,ASAM,TIDAK LAYAK,Tercemar Asam (Cuka),53820.60,2.7101,14374.40,0.7238,0.6741,2102,1.6939,2.46,28.69
HujanCuka 5,3.84,83.0,ASAM,TIDAK LAYAK,Tercemar Asam (Cuka),53796.50,2.7089,18772.10,0.9453,0.8803,2120,1.7084,1.54,28.69
HujanCuka 5,3.84,83.0,ASAM,TIDAK LAYAK,Tercemar Asam (Cuka),53620.50,2.7000,17928.60,0.9028,0.8408,2107,1.6979,2.21,28.69
HujanCuka 5,3.84,83.0,ASAM,TIDAK LAYAK,Tercemar Asam (Cuka),53772.50,2.7077,15510.50,0.7810,0.7274,2105,1.6963,2.31,28.69
HujanCuka 5,3.84,83.0,ASAM,TIDAK LAYAK,Tercemar Asam (Cuka),53660.50,2.7021,18051.90,0.9090,0.8466,2104,1.6955,2.36,28.69
HujanCuka 5,3.84,83.0,ASAM,TIDAK LAYAK,Tercemar Asam (Cuka),53906.90,2.7145,19082.50,0.9609,0.8949,2105,1.6963,2.31,28.69
HujanCuka 5,3.84,83.0,ASAM,TIDAK LAYAK,Tercemar Asam (Cuka),54175.90,2.7280,18029.50,0.9079,0.8455,2104,1.6955,2.36,28.69
HujanCuka 5,3.84,83.0,ASAM,TIDAK LAYAK,Tercemar Asam (Cuka),53710.10,2.7046,20334.00,1.0239,0.9536,2118,1.7068,1.64,28.69
HujanCuka 5,3.84,83.0,ASAM,TIDAK LAYAK,Tercemar Asam (Cuka),53559.60,2.6970,14462.40,0.7283,0.6782,2105,1.6963,2.31,28.69
HujanCuka 5,3.84,83.0,ASAM,TIDAK LAYAK,Tercemar Asam (Cuka),53844.70,2.7113,16069.00,0.8092,0.7536,2104,1.6955,2.36,28.69
HujanCuka 5,3.84,83.0,ASAM,TIDAK LAYAK,Tercemar Asam (Cuka),53770.90,2.7076,20978.80,1.0564,0.9838,2104,1.6955,2.36,28.69
HujanCuka 5,3.84,83.0,ASAM,TIDAK LAYAK,Tercemar Asam (Cuka),53927.80,2.7155,14300.70,0.7201,0.6714,2105,1.6963,2.31,28.63
HujanCuka 5,3.84,83.0,ASAM,TIDAK LAYAK,Tercemar Asam (Cuka),53833.30,2.7108,17451.80,0.8788,0.8184,2107,1.6979,2.21,28.69
HujanCuka 5,3.84,83.0,ASAM,TIDAK LAYAK,Tercemar Asam (Cuka),53890.90,2.7137,19956.20,1.0049,0.9359,2106,1.6971,2.26,28.69
HujanCuka 5,3.84,83.0,ASAM,TIDAK LAYAK,Tercemar Asam (Cuka),53918.10,2.7150,14027.00,0.7063,0.6578,2105,1.6963,2.31,28.69
HujanCuka 5,3.84,83.0,ASAM,TIDAK LAYAK,Tercemar Asam (Cuka),53738.90,2.7060,19285.90,0.9711,0.9044,2104,1.6955,2.36,28.69
HujanCuka 5,3.84,83.0,ASAM,TIDAK LAYAK,Tercemar Asam (Cuka),53902.10,2.7142,17265.90,0.8694,0.8097,2104,1.6955,2.36,28.69
HujanCuka 5,3.84,83.0,ASAM,TIDAK LAYAK,Tercemar Asam (Cuka),54025.60,2.7204,15009.60,0.7558,0.7039,2105,1.6963,2.31,28.69
HujanCuka 5,3.84,83.0,ASAM,TIDAK LAYAK,Tercemar Asam (Cuka),53914.90,2.7149,20889.40,1.0519,0.9796,2105,1.6963,2.31,28.69
HujanCuka 5,3.84,83.0,ASAM,TIDAK LAYAK,Tercemar Asam (Cuka),53604.50,2.6992,14041.60,0.7071,0.6585,2105,1.6963,2.31,28.69
HujanCuka 5,3.84,83.0,ASAM,TIDAK LAYAK,Tercemar Asam (Cuka),53903.70,2.7143,17762.30,0.8944,0.8330,2105,1.6963,2.31,28.69
HujanCuka 5,3.84,83.0,ASAM,TIDAK LAYAK,Tercemar Asam (Cuka),53924.70,2.7154,19074.40,0.9605,0.8945,2112,1.7020,1.95,28.69
HujanCuka 5,3.84,83.0,ASAM,TIDAK LAYAK,Tercemar Asam (Cuka),53991.70,2.7187,15076.70,0.7592,0.7070,2106,1.6971,2.26,28.69
HujanCuka 5,3.84,83.0,ASAM,TIDAK LAYAK,Tercemar Asam (Cuka),53838.20,2.7110,20972.70,1.0561,0.9835,2106,1.6971,2.26,28.69
HujanCuka 5,3.84,83.0,ASAM,TIDAK LAYAK,Tercemar Asam (Cuka),53783.80,2.7083,13801.10,0.6950,0.6472,2104,1.6955,2.36,28.69
HujanCuka 5,3.84,83.0,ASAM,TIDAK LAYAK,Tercemar Asam (Cuka),53803.10,2.7092,18868.10,0.9501,0.8848,2104,1.6955,2.36,28.69
HujanCuka 5,3.84,83.0,ASAM,TIDAK LAYAK,Tercemar Asam (Cuka),53679.70,2.7030,18496.60,0.9314,0.8674,2102,1.6939,2.46,28.69
HujanCuka 5,3.84,83.0,ASAM,TIDAK LAYAK,Tercemar Asam (Cuka),53844.50,2.7113,15243.20,0.7676,0.7148,2104,1.6955,2.36,28.69
HujanCuka 5,3.84,83.0,ASAM,TIDAK LAYAK,Tercemar Asam (Cuka),53681.40,2.7031,19106.40,0.9621,0.8960,2102,1.6939,2.46,28.69
HujanCuka 5,3.84,83.0,ASAM,TIDAK LAYAK,Tercemar Asam (Cuka),53874.90,2.7129,17682.20,0.8904,0.8302,2100,1.6923,2.56,28.63
HujanCuka 5,3.84,83.0,ASAM,TIDAK LAYAK,Tercemar Asam (Cuka),53650.90,2.7016,15441.60,0.7776,0.7242,2106,1.6971,2.26,28.69
HujanCuka 5,3.84,83.0,ASAM,TIDAK LAYAK,Tercemar Asam (Cuka),53913.30,2.7148,20034.80,1.0088,0.9396,2102,1.6939,2.46,28.69
HujanCuka 5,3.84,83.0,ASAM,TIDAK LAYAK,Tercemar Asam (Cuka),53755.10,2.7068,17920.60,0.9024,0.8414,2103,1.6947,2.41,28.63
HujanCuka 5,3.84,83.0,ASAM,TIDAK LAYAK,Tercemar Asam (Cuka),53618.90,2.7000,14460.60,0.7282,0.6781,2101,1.6931,2.51,28.69
HujanCuka 5,3.84,83.0,ASAM,TIDAK LAYAK,Tercemar Asam (Cuka),53673.30,2.7027,21553.60,1.0853,1.0108,2104,1.6955,2.36,28.69
HujanCuka 5,3.84,83.0,ASAM,TIDAK LAYAK,Tercemar Asam (Cuka),53770.90,2.7076,16763.50,0.8441,0.7861,2105,1.6963,2.31,28.69
HujanCuka 5,3.84,83.0,ASAM,TIDAK LAYAK,Tercemar Asam (Cuka),53455.60,2.6917,14969.60,0.7538,0.7028,2104,1.6955,2.36,28.63
HujanCuka 5,3.84,83.0,ASAM,TIDAK LAYAK,Tercemar Asam (Cuka),53714.90,2.7048,21663.90,1.0909,1.0160,2117,1.7060,1.69,28.69
HujanCuka 5,3.84,83.0,ASAM,TIDAK LAYAK,Tercemar Asam (Cuka),53609.30,2.6995,15673.60,0.7892,0.7359,2104,1.6955,2.36,28.63
HujanCuka 5,3.84,83.0,ASAM,TIDAK LAYAK,Tercemar Asam (Cuka),53454.10,2.6917,15830.70,0.7972,0.7424,2105,1.6963,2.31,28.69
HujanCuka 5,3.84,83.0,ASAM,TIDAK LAYAK,Tercemar Asam (Cuka),53841.50,2.7112,18877.60,0.9506,0.8853,2106,1.6971,2.26,28.69
HujanCuka 5,3.84,83.0,ASAM,TIDAK LAYAK,Tercemar Asam (Cuka),53754.90,2.7068,14599.90,0.7352,0.6847,2106,1.6971,2.26,28.69
HujanCuka 5,3.84,83.0,ASAM,TIDAK LAYAK,Tercemar Asam (Cuka),53410.90,2.6895,18828.10,0.9481,0.8830,2106,1.6971,2.26,28.69
HujanCuka 5,3.84,83.0,ASAM,TIDAK LAYAK,Tercemar Asam (Cuka),53886.30,2.7134,19237.70,0.9687,0.9022,2106,1.6971,2.26,28.69
HujanCuka 5,3.84,83.0,ASAM,TIDAK LAYAK,Tercemar Asam (Cuka),53886.10,2.7134,15294.50,0.7702,0.7173,2115,1.7044,1.79,28.69
HujanCuka 5,3.84,83.0,ASAM,TIDAK LAYAK,Tercemar Asam (Cuka),53657.40,2.7019,17671.20,0.8898,0.8287,2106,1.6971,2.26,28.69
HujanCuka 5,3.84,83.0,ASAM,TIDAK LAYAK,Tercemar Asam (Cuka),53730.90,2.7056,21319.90,1.0736,0.9998,2102,1.6939,2.46,28.69
HujanCuka 5,3.84,83.0,ASAM,TIDAK LAYAK,Tercemar Asam (Cuka),53889.30,2.7136,13498.70,0.6797,0.6330,2121,1.7092,1.49,28.69
HujanCuka 5,3.84,83.0,ASAM,TIDAK LAYAK,Tercemar Asam (Cuka),53593.30,2.6987,17934.90,0.9031,0.8411,2104,1.6955,2.36,28.69
HujanCuka 5,3.84,83.0,ASAM,TIDAK LAYAK,Tercemar Asam (Cuka),53796.50,2.7089,18785.00,0.9459,0.8809,2106,1.6971,2.26,28.69
HujanCuka 5,3.84,83.0,ASAM,TIDAK LAYAK,Tercemar Asam (Cuka),53580.50,2.6980,15577.50,0.7844,0.7305,2093,1.6867,2.92,28.69
HujanCuka 5,3.84,83.0,ASAM,TIDAK LAYAK,Tercemar Asam (Cuka),53882.90,2.7133,17248.60,0.8685,0.8098,2103,1.6947,2.41,28.63
HujanCuka 5,3.84,83.0,ASAM,TIDAK LAYAK,Tercemar Asam (Cuka),53814.10,2.7098,18778.50,0.9456,0.8806,2101,1.6931,2.51,28.69
HujanCuka 5,3.84,83.0,ASAM,TIDAK LAYAK,Tercemar Asam (Cuka),53633.30,2.7007,15447.90,0.7779,0.7244,2106,1.6971,2.26,28.69
HujanCuka 5,3.84,83.0,ASAM,TIDAK LAYAK,Tercemar Asam (Cuka),53614.10,2.6997,17717.50,0.8922,0.8309,2106,1.6971,2.26,28.69
HujanCuka 5,3.84,83.0,ASAM,TIDAK LAYAK,Tercemar Asam (Cuka),53678.10,2.7029,18570.50,0.9351,0.8709,2104,1.6955,2.36,28.69
HujanCuka 5,3.84,83.0,ASAM,TIDAK LAYAK,Tercemar Asam (Cuka),53703.70,2.7042,15617.80,0.7864,0.7333,2113,1.7028,1.90,28.63
HujanCuka 5,3.84,83.0,ASAM,TIDAK LAYAK,Tercemar Asam (Cuka),53655.70,2.7018,18960.80,0.9548,0.8892,2105,1.6963,2.31,28.69
HujanCuka 5,3.84,83.0,ASAM,TIDAK LAYAK,Tercemar Asam (Cuka),53548.50,2.6964,14159.80,0.7130,0.6640,2104,1.6955,2.36,28.69
HujanCuka 5,3.84,83.0,ASAM,TIDAK LAYAK,Tercemar Asam (Cuka),53700.50,2.7041,15920.30,0.8017,0.7466,2106,1.6971,2.26,28.69
HujanCuka 5,3.84,83.0,ASAM,TIDAK LAYAK,Tercemar Asam (Cuka),53572.50,2.6976,21663.90,1.0909,1.0160,2104,1.6955,2.36,28.69
HujanCuka 5,3.84,83.0,ASAM,TIDAK LAYAK,Tercemar Asam (Cuka),53769.40,2.7075,14884.60,0.7495,0.6980,2104,1.6955,2.36,28.69
HujanCuka 5,3.84,83.0,ASAM,TIDAK LAYAK,Tercemar Asam (Cuka),53833.30,2.7108,14193.40,0.7147,0.6656,2105,1.6963,2.31,28.69
HujanCuka 5,3.84,83.0,ASAM,TIDAK LAYAK,Tercemar Asam (Cuka),53791.70,2.7087,21233.40,1.0692,0.9958,2103,1.6947,2.41,28.69
HujanCuka 5,3.84,83.0,ASAM,TIDAK LAYAK,Tercemar Asam (Cuka),53895.70,2.7139,15904.10,0.8008,0.7458,2112,1.7020,1.95,28.69
HujanCuka 5,3.84,83.0,ASAM,TIDAK LAYAK,Tercemar Asam (Cuka),53738.90,2.7060,19112.80,0.9624,0.8963,2117,1.7060,1.69,28.69
HujanCuka 5,3.84,83.0,ASAM,TIDAK LAYAK,Tercemar Asam (Cuka),53826.90,2.7104,17770.20,0.8948,0.8343,2104,1.6955,2.36,28.63
HujanCuka 5,3.84,83.0,ASAM,TIDAK LAYAK,Tercemar Asam (Cuka),53900.50,2.7141,15755.30,0.7934,0.7389,2104,1.6955,2.36,28.69
HujanCuka 5,3.84,83.0,ASAM,TIDAK LAYAK,Tercemar Asam (Cuka),53615.70,2.6998,17951.00,0.9039,0.8428,2104,1.6955,2.36,28.63
HujanCuka 5,3.84,83.0,ASAM,TIDAK LAYAK,Tercemar Asam (Cuka),53460.40,2.6920,18346.40,0.9238,0.8604,2112,1.7020,1.95,28.69
HujanCuka 5,3.84,83.0,ASAM,TIDAK LAYAK,Tercemar Asam (Cuka),53788.50,2.7085,15593.70,0.7852,0.7313,2104,1.6955,2.36,28.69
HujanCuka 5,3.84,83.0,ASAM,TIDAK LAYAK,Tercemar Asam (Cuka),53646.10,2.7013,18211.90,0.9171,0.8541,2109,1.6996,2.10,28.69
HujanCuka 5,3.84,83.0,ASAM,TIDAK LAYAK,Tercemar Asam (Cuka),53759.70,2.7071,17472.80,0.8798,0.8194,2105,1.6963,2.31,28.69
HujanCuka 5,3.84,83.0,ASAM,TIDAK LAYAK,Tercemar Asam (Cuka),53791.70,2.7087,14207.90,0.7154,0.6663,2107,1.6979,2.21,28.69
HujanCuka 5,3.84,83.0,ASAM,TIDAK LAYAK,Tercemar Asam (Cuka),53519.60,2.6950,20798.30,1.0473,0.9765,2106,1.6971,2.26,28.63
HujanCuka 5,3.84,83.0,ASAM,TIDAK LAYAK,Tercemar Asam (Cuka),53937.50,2.7160,13763.00,0.6930,0.6454,2105,1.6963,2.31,28.69
HujanCuka 5,3.84,83.0,ASAM,TIDAK LAYAK,Tercemar Asam (Cuka),53810.90,2.7096,17851.80,0.8989,0.8372,2128,1.7149,1.13,28.69
HujanCuka 5,3.84,83.0,ASAM,TIDAK LAYAK,Tercemar Asam (Cuka),53929.30,2.7156,19058.40,0.9597,0.8938,2104,1.6955,2.36,28.69
HujanCuka 5,3.84,83.0,ASAM,TIDAK LAYAK,Tercemar Asam (Cuka),53921.30,2.7152,15152.10,0.7630,0.7106,2105,1.6963,2.31,28.69
HujanCuka 5,3.84,83.0,ASAM,TIDAK LAYAK,Tercemar Asam (Cuka),53721.30,2.7051,18669.60,0.9401,0.8755,2105,1.6963,2.31,28.69
HujanCuka 5,3.84,83.0,ASAM,TIDAK LAYAK,Tercemar Asam (Cuka),53894.20,2.7138,17637.40,0.8881,0.8281,2100,1.6923,2.56,28.63
HujanCuka 5,3.84,83.0,ASAM,TIDAK LAYAK,Tercemar Asam (Cuka),53953.30,2.7168,15798.50,0.7955,0.7418,2099,1.6915,2.62,28.63
HujanCuka 5,3.84,83.0,ASAM,TIDAK LAYAK,Tercemar Asam (Cuka),53769.30,2.7075,21270.20,1.0711,0.9987,2106,1.6971,2.26,28.63
HujanCuka 5,3.84,83.0,ASAM,TIDAK LAYAK,Tercemar Asam (Cuka),53818.90,2.7100,17442.00,0.8783,0.8180,2125,1.7125,1.28,28.69
HujanCuka 5,3.84,83.0,ASAM,TIDAK LAYAK,Tercemar Asam (Cuka),53582.00,2.6981,14250.90,0.7176,0.6683,2106,1.6971,2.26,28.69
HujanCuka 5,3.84,83.0,ASAM,TIDAK LAYAK,Tercemar Asam (Cuka),53926.30,2.7154,21841.50,1.0998,1.0255,2106,1.6971,2.26,28.63
HujanCuka 5,3.84,83.0,ASAM,TIDAK LAYAK,Tercemar Asam (Cuka),53820.60,2.7101,15529.50,0.7820,0.7283,2103,1.6947,2.41,28.69
HujanCuka 5,3.84,83.0,ASAM,TIDAK LAYAK,Tercemar Asam (Cuka),53998.10,2.7191,18426.50,0.9279,0.8641,2110,1.7004,2.05,28.69
HujanCuka 5,3.84,83.0,ASAM,TIDAK LAYAK,Tercemar Asam (Cuka),53951.70,2.7167,20167.50,1.0155,0.9458,2104,1.6955,2.36,28.69
HujanCuka 5,3.84,83.0,ASAM,TIDAK LAYAK,Tercemar Asam (Cuka),53722.90,2.7052,14724.70,0.7415,0.6905,2105,1.6963,2.31,28.69
HujanCuka 5,3.84,83.0,ASAM,TIDAK LAYAK,Tercemar Asam (Cuka),54062.40,2.7223,22045.00,1.1101,1.0338,2110,1.7004,2.05,28.69
HujanCuka 5,3.84,83.0,ASAM,TIDAK LAYAK,Tercemar Asam (Cuka),54060.70,2.7222,14468.60,0.7286,0.6785,2105,1.6963,2.31,28.69
HujanCuka 5,3.84,83.0,ASAM,TIDAK LAYAK,Tercemar Asam (Cuka),53820.80,2.7101,17911.20,0.9019,0.8400,2106,1.6971,2.26,28.69
HujanCuka 5,3.84,83.0,ASAM,TIDAK LAYAK,Tercemar Asam (Cuka),53873.30,2.7128,21484.60,1.0819,1.0075,2103,1.6947,2.41,28.69
HujanCuka 5,3.84,83.0,ASAM,TIDAK LAYAK,Tercemar Asam (Cuka),53998.10,2.7191,14635.10,0.7369,0.6863,2122,1.7100,1.44,28.69
HujanCuka 5,3.84,83.0,ASAM,TIDAK LAYAK,Tercemar Asam (Cuka),53748.50,2.7065,19810.80,0.9976,0.9291,2118,1.7068,1.64,28.69
HujanCuka 5,3.84,83.0,ASAM,TIDAK LAYAK,Tercemar Asam (Cuka),53873.30,2.7128,17426.10,0.8775,0.8182,2101,1.6931,2.51,28.63
HujanCuka 5,3.84,83.0,ASAM,TIDAK LAYAK,Tercemar Asam (Cuka),53993.30,2.7188,16321.90,0.8219,0.7654,2104,1.6955,2.36,28.69
HujanCuka 5,3.84,83.0,ASAM,TIDAK LAYAK,Tercemar Asam (Cuka),53978.90,2.7181,21729.60,1.0942,1.0190,2105,1.6963,2.31,28.69
HujanCuka 5,3.84,83.0,ASAM,TIDAK LAYAK,Tercemar Asam (Cuka),54051.20,2.7217,17166.80,0.8644,0.8051,2104,1.6955,2.36,28.69
GalonJeruk Nipis,2.71,470.0,ASAM,TIDAK LAYAK,Tercemar Asam (Cuka),53660.50,2.7021,17679.00,0.8902,0.8243,2037,1.6415,5.79,29.00
GalonJeruk Nipis,2.71,470.0,ASAM,TIDAK LAYAK,Tercemar Asam (Cuka),53535.70,2.6958,22904.20,1.1533,1.0679,2034,1.6391,5.95,29.00
GalonJeruk Nipis,2.71,470.0,ASAM,TIDAK LAYAK,Tercemar Asam (Cuka),53730.90,2.7056,21814.60,1.0985,1.0171,2029,1.6351,6.21,29.00
GalonJeruk Nipis,2.71,470.0,ASAM,TIDAK LAYAK,Tercemar Asam (Cuka),53721.30,2.7051,18069.40,0.9099,0.8415,2044,1.6472,5.44,29.06
GalonJeruk Nipis,2.71,470.0,ASAM,TIDAK LAYAK,Tercemar Asam (Cuka),53486.10,2.6933,20129.20,1.0136,0.9374,2038,1.6423,5.74,29.06
GalonJeruk Nipis,2.71,470.0,ASAM,TIDAK LAYAK,Tercemar Asam (Cuka),53756.50,2.7069,21379.00,1.0765,0.9956,2052,1.6536,5.03,29.06
GalonJeruk Nipis,2.71,470.0,ASAM,TIDAK LAYAK,Tercemar Asam (Cuka),53518.10,2.6949,15425.60,0.7768,0.7184,2046,1.6488,5.33,29.06
GalonJeruk Nipis,2.71,470.0,ASAM,TIDAK LAYAK,Tercemar Asam (Cuka),53722.90,2.7052,21416.00,1.0784,0.9974,2045,1.6480,5.38,29.06
GalonJeruk Nipis,2.71,470.0,ASAM,TIDAK LAYAK,Tercemar Asam (Cuka),53860.50,2.7121,21865.60,1.1010,1.0183,2041,1.6448,5.59,29.06
GalonJeruk Nipis,2.71,470.0,ASAM,TIDAK LAYAK,Tercemar Asam (Cuka),54137.50,2.7261,18251.90,0.9191,0.8500,2049,1.6512,5.18,29.06
GalonJeruk Nipis,2.71,470.0,ASAM,TIDAK LAYAK,Tercemar Asam (Cuka),53692.50,2.7037,21342.40,1.0747,0.9939,2042,1.6456,5.54,29.06
GalonJeruk Nipis,2.71,470.0,ASAM,TIDAK LAYAK,Tercemar Asam (Cuka),53942.10,2.7162,23483.60,1.1825,1.0937,2044,1.6472,5.44,29.06
GalonJeruk Nipis,2.71,470.0,ASAM,TIDAK LAYAK,Tercemar Asam (Cuka),54092.50,2.7238,19050.40,0.9593,0.8872,2044,1.6472,5.44,29.06
GalonJeruk Nipis,2.71,470.0,ASAM,TIDAK LAYAK,Tercemar Asam (Cuka),53886.10,2.7134,16236.90,0.8176,0.7570,2045,1.6480,5.38,29.00
GalonJeruk Nipis,2.71,470.0,ASAM,TIDAK LAYAK,Tercemar Asam (Cuka),53895.70,2.7139,23757.30,1.1963,1.1064,2058,1.6585,4.72,29.06
GalonJeruk Nipis,2.71,470.0,ASAM,TIDAK LAYAK,Tercemar Asam (Cuka),54078.10,2.7231,16051.30,0.8083,0.7475,2043,1.6464,5.49,29.06
GalonJeruk Nipis,2.71,470.0,ASAM,TIDAK LAYAK,Tercemar Asam (Cuka),53937.30,2.7160,16769.90,0.8444,0.7810,2035,1.6399,5.90,29.06
GalonJeruk Nipis,2.71,470.0,ASAM,TIDAK LAYAK,Tercemar Asam (Cuka),53841.30,2.7112,24213.50,1.2193,1.1276,2032,1.6375,6.05,29.06
GalonJeruk Nipis,2.71,470.0,ASAM,TIDAK LAYAK,Tercemar Asam (Cuka),53970.90,2.7177,21311.90,1.0732,0.9925,2028,1.6343,6.26,29.06
GalonJeruk Nipis,2.71,470.0,ASAM,TIDAK LAYAK,Tercemar Asam (Cuka),53823.70,2.7103,16411.50,0.8264,0.7643,2036,1.6407,5.85,29.06
GalonJeruk Nipis,2.71,470.0,ASAM,TIDAK LAYAK,Tercemar Asam (Cuka),53692.50,2.7037,20130.70,1.0137,0.9375,2044,1.6472,5.44,29.06
GalonJeruk Nipis,2.71,470.0,ASAM,TIDAK LAYAK,Tercemar Asam (Cuka),53791.70,2.7087,21210.80,1.0681,0.9878,2041,1.6448,5.59,29.06
GalonJeruk Nipis,2.71,470.0,ASAM,TIDAK LAYAK,Tercemar Asam (Cuka),54425.40,2.7406,18637.60,0.9385,0.8680,2042,1.6456,5.54,29.06
GalonJeruk Nipis,2.71,470.0,ASAM,TIDAK LAYAK,Tercemar Asam (Cuka),53892.50,2.7137,25017.00,1.2597,1.1651,2042,1.6456,5.54,29.06
GalonJeruk Nipis,2.71,470.0,ASAM,TIDAK LAYAK,Tercemar Asam (Cuka),53962.90,2.7173,20430.00,1.0287,0.9514,2043,1.6464,5.49,29.06
GalonJeruk Nipis,2.71,470.0,ASAM,TIDAK LAYAK,Tercemar Asam (Cuka),54042.90,2.7213,15932.90,0.8023,0.7420,2049,1.6512,5.18,29.06
GalonJeruk Nipis,2.71,470.0,ASAM,TIDAK LAYAK,Tercemar Asam (Cuka),53993.30,2.7188,21580.80,1.0867,1.0050,2044,1.6472,5.44,29.06
GalonJeruk Nipis,2.71,470.0,ASAM,TIDAK LAYAK,Tercemar Asam (Cuka),54447.90,2.7417,21331.30,1.0741,0.9934,2046,1.6488,5.33,29.06
GalonJeruk Nipis,2.71,470.0,ASAM,TIDAK LAYAK,Tercemar Asam (Cuka),54110.10,2.7247,18207.20,0.9168,0.8479,2059,1.6593,4.67,29.06
GalonJeruk Nipis,2.71,470.0,ASAM,TIDAK LAYAK,Tercemar Asam (Cuka),54062.10,2.7223,21667.20,1.0910,1.0091,2051,1.6528,5.08,29.06
GalonJeruk Nipis,2.71,470.0,ASAM,TIDAK LAYAK,Tercemar Asam (Cuka),54041.30,2.7212,21075.00,1.0612,0.9815,2044,1.6472,5.44,29.06
GalonJeruk Nipis,2.71,470.0,ASAM,TIDAK LAYAK,Tercemar Asam (Cuka),54135.70,2.7260,17909.50,0.9018,0.8341,2043,1.6464,5.49,29.06
GalonJeruk Nipis,2.71,470.0,ASAM,TIDAK LAYAK,Tercemar Asam (Cuka),53937.30,2.7160,21947.20,1.1051,1.0221,2029,1.6351,6.21,29.06
GalonJeruk Nipis,2.71,470.0,ASAM,TIDAK LAYAK,Tercemar Asam (Cuka),53806.10,2.7094,20756.40,1.0452,0.9666,2030,1.6359,6.15,29.06
GalonJeruk Nipis,2.71,470.0,ASAM,TIDAK LAYAK,Tercemar Asam (Cuka),54135.70,2.7260,15225.50,0.7667,0.7091,2039,1.6432,5.69,29.06
GalonJeruk Nipis,2.71,470.0,ASAM,TIDAK LAYAK,Tercemar Asam (Cuka),53726.00,2.7054,15681.50,0.7896,0.7303,2041,1.6448,5.59,29.06
GalonJeruk Nipis,2.71,470.0,ASAM,TIDAK LAYAK,Tercemar Asam (Cuka),54193.30,2.7289,23677.20,1.1923,1.1027,2041,1.6448,5.59,29.06
GalonJeruk Nipis,2.71,470.0,ASAM,TIDAK LAYAK,Tercemar Asam (Cuka),53950.10,2.7166,22797.10,1.1479,1.0617,2042,1.6456,5.54,29.06
GalonJeruk Nipis,2.71,470.0,ASAM,TIDAK LAYAK,Tercemar Asam (Cuka),54014.10,2.7199,17178.10,0.8650,0.8000,2043,1.6464,5.49,29.06
GalonJeruk Nipis,2.71,470.0,ASAM,TIDAK LAYAK,Tercemar Asam (Cuka),54009.30,2.7196,22366.60,1.1263,1.0416,2042,1.6456,5.54,29.06
GalonJeruk Nipis,2.71,470.0,ASAM,TIDAK LAYAK,Tercemar Asam (Cuka),54156.50,2.7270,23187.50,1.1676,1.0799,2044,1.6472,5.44,29.06
GalonJeruk Nipis,2.71,470.0,ASAM,TIDAK LAYAK,Tercemar Asam (Cuka),54115.00,2.7249,19005.90,0.9570,0.8851,2060,1.6601,4.62,29.06
GalonJeruk Nipis,2.71,470.0,ASAM,TIDAK LAYAK,Tercemar Asam (Cuka),54034.90,2.7209,22779.60,1.1471,1.0609,2055,1.6560,4.87,29.06
GalonJeruk Nipis,2.71,470.0,ASAM,TIDAK LAYAK,Tercemar Asam (Cuka),54098.90,2.7241,20529.40,1.0338,0.9561,2035,1.6399,5.90,29.06
GalonJeruk Nipis,2.71,470.0,ASAM,TIDAK LAYAK,Tercemar Asam (Cuka),54286.10,2.7336,18074.40,0.9101,0.8417,2034,1.6391,5.95,29.06
GalonJeruk Nipis,2.71,470.0,ASAM,TIDAK LAYAK,Tercemar Asam (Cuka),54204.50,2.7295,23719.00,1.1944,1.1046,2033,1.6383,6.00,29.06
GalonJeruk Nipis,2.71,470.0,ASAM,TIDAK LAYAK,Tercemar Asam (Cuka),54140.50,2.7262,20971.20,1.0560,0.9766,2031,1.6367,6.10,29.06
GalonJeruk Nipis,2.71,470.0,ASAM,TIDAK LAYAK,Tercemar Asam (Cuka),54244.50,2.7315,18682.80,0.9408,0.8701,2034,1.6391,5.95,29.06
GalonJeruk Nipis,2.71,470.0,ASAM,TIDAK LAYAK,Tercemar Asam (Cuka),54098.90,2.7241,23670.90,1.1919,1.1024,2048,1.6504,5.23,29.06
GalonJeruk Nipis,2.71,470.0,ASAM,TIDAK LAYAK,Tercemar Asam (Cuka),54228.60,2.7307,21939.30,1.1047,1.0217,2036,1.6407,5.85,29.06
GalonJeruk Nipis,2.71,470.0,ASAM,TIDAK LAYAK,Tercemar Asam (Cuka),54199.70,2.7292,17463.10,0.8794,0.8133,2032,1.6375,6.05,29.06
GalonJeruk Nipis,2.71,470.0,ASAM,TIDAK LAYAK,Tercemar Asam (Cuka),54095.80,2.7240,23664.60,1.1916,1.1021,2020,1.6278,6.67,29.06
GalonJeruk Nipis,2.71,470.0,ASAM,TIDAK LAYAK,Tercemar Asam (Cuka),53991.70,2.7187,25509.90,1.2845,1.1880,2011,1.6206,7.13,29.06
GalonJeruk Nipis,2.71,470.0,ASAM,TIDAK LAYAK,Tercemar Asam (Cuka),54202.90,2.7294,19372.20,0.9755,0.9022,2026,1.6327,6.36,29.06
GalonJeruk Nipis,2.71,470.0,ASAM,TIDAK LAYAK,Tercemar Asam (Cuka),54098.90,2.7241,22192.10,1.1175,1.0335,2040,1.6440,5.64,29.06
GalonJeruk Nipis,2.71,470.0,ASAM,TIDAK LAYAK,Tercemar Asam (Cuka),53926.10,2.7154,20403.00,1.0274,0.9502,2048,1.6504,5.23,29.06
GalonJeruk Nipis,2.71,470.0,ASAM,TIDAK LAYAK,Tercemar Asam (Cuka),54167.70,2.7276,18592.80,0.9362,0.8659,2051,1.6528,5.08,29.06
GalonJeruk Nipis,2.71,470.0,ASAM,TIDAK LAYAK,Tercemar Asam (Cuka),54129.30,2.7257,24048.80,1.2110,1.1200,2050,1.6520,5.13,29.06
GalonJeruk Nipis,2.71,470.0,ASAM,TIDAK LAYAK,Tercemar Asam (Cuka),54415.80,2.7401,24306.40,1.2239,1.1320,2045,1.6480,5.38,29.06
GalonJeruk Nipis,2.71,470.0,ASAM,TIDAK LAYAK,Tercemar Asam (Cuka),54054.10,2.7219,15739.20,0.7925,0.7321,2045,1.6480,5.38,29.13
GalonJeruk Nipis,2.71,470.0,ASAM,TIDAK LAYAK,Tercemar Asam (Cuka),54188.50,2.7286,21271.90,1.0711,0.9907,2037,1.6415,5.79,29.06
GalonJeruk Nipis,2.71,470.0,ASAM,TIDAK LAYAK,Tercemar Asam (Cuka),54038.10,2.7211,27166.40,1.3680,1.2652,2040,1.6440,5.64,29.06
GalonJeruk Nipis,2.71,470.0,ASAM,TIDAK LAYAK,Tercemar Asam (Cuka),54231.70,2.7308,17938.40,0.9033,0.8354,2044,1.6472,5.44,29.06
GalonJeruk Nipis,2.71,470.0,ASAM,TIDAK LAYAK,Tercemar Asam (Cuka),54182.10,2.7283,24016.60,1.2094,1.1185,2042,1.6456,5.54,29.06
GalonJeruk Nipis,2.71,470.0,ASAM,TIDAK LAYAK,Tercemar Asam (Cuka),54182.10,2.7283,24221.50,1.2197,1.1280,2042,1.6456,5.54,29.06
GalonJeruk Nipis,2.71,470.0,ASAM,TIDAK LAYAK,Tercemar Asam (Cuka),54447.70,2.7417,15288.10,0.7698,0.7120,2049,1.6512,5.18,29.06
GalonJeruk Nipis,2.71,470.0,ASAM,TIDAK LAYAK,Tercemar Asam (Cuka),54300.50,2.7343,20067.00,1.0105,0.9345,2045,1.6480,5.38,29.06
GalonJeruk Nipis,2.71,470.0,ASAM,TIDAK LAYAK,Tercemar Asam (Cuka),54260.50,2.7323,27694.40,1.3945,1.2883,2040,1.6440,5.64,29.13
GalonJeruk Nipis,2.71,470.0,ASAM,TIDAK LAYAK,Tercemar Asam (Cuka),54124.50,2.7254,22928.40,1.1546,1.0678,2037,1.6415,5.79,29.06
GalonJeruk Nipis,2.71,470.0,ASAM,TIDAK LAYAK,Tercemar Asam (Cuka),54230.10,2.7307,17749.50,0.8938,0.8266,2042,1.6456,5.54,29.06
GalonJeruk Nipis,2.71,470.0,ASAM,TIDAK LAYAK,Tercemar Asam (Cuka),54034.90,2.7209,27183.90,1.3688,1.2660,2032,1.6375,6.05,29.06
GalonJeruk Nipis,2.71,470.0,ASAM,TIDAK LAYAK,Tercemar Asam (Cuka),54242.90,2.7314,19766.00,0.9953,0.9195,2019,1.6270,6.72,29.13
GalonJeruk Nipis,2.71,470.0,ASAM,TIDAK LAYAK,Tercemar Asam (Cuka),54262.10,2.7324,15881.80,0.7997,0.7396,2013,1.6222,7.03,29.06
GalonJeruk Nipis,2.71,470.0,ASAM,TIDAK LAYAK,Tercemar Asam (Cuka),54052.50,2.7218,24840.90,1.2509,1.1555,2015,1.6238,6.92,29.13
GalonJeruk Nipis,2.71,470.0,ASAM,TIDAK LAYAK,Tercemar Asam (Cuka),54455.80,2.7421,23551.10,1.1859,1.0968,2037,1.6415,5.79,29.06
GalonJeruk Nipis,2.71,470.0,ASAM,TIDAK LAYAK,Tercemar Asam (Cuka),54230.10,2.7307,18685.90,0.9409,0.8702,2051,1.6528,5.08,29.06
GalonJeruk Nipis,2.71,470.0,ASAM,TIDAK LAYAK,Tercemar Asam (Cuka),54162.90,2.7274,21928.10,1.1042,1.0212,2050,1.6520,5.13,29.06
GalonJeruk Nipis,2.71,470.0,ASAM,TIDAK LAYAK,Tercemar Asam (Cuka),54074.90,2.7229,21721.70,1.0938,1.0116,2044,1.6472,5.44,29.06
GalonJeruk Nipis,2.71,470.0,ASAM,TIDAK LAYAK,Tercemar Asam (Cuka),54025.30,2.7204,16385.90,0.8251,0.7631,2045,1.6480,5.38,29.06
GalonJeruk Nipis,2.71,470.0,ASAM,TIDAK LAYAK,Tercemar Asam (Cuka),53748.60,2.7065,25013.70,1.2596,1.1636,2044,1.6472,5.44,29.13
GalonJeruk Nipis,2.71,470.0,ASAM,TIDAK LAYAK,Tercemar Asam (Cuka),54423.90,2.7405,23626.20,1.1897,1.1003,2043,1.6464,5.49,29.06
GalonJeruk Nipis,2.71,470.0,ASAM,TIDAK LAYAK,Tercemar Asam (Cuka),54204.50,2.7295,18404.10,0.9267,0.8571,2042,1.6456,5.54,29.06
GalonJeruk Nipis,2.71,470.0,ASAM,TIDAK LAYAK,Tercemar Asam (Cuka),53994.90,2.7189,21638.30,1.0896,1.0066,2062,1.6617,4.51,29.13
GalonJeruk Nipis,2.71,470.0,ASAM,TIDAK LAYAK,Tercemar Asam (Cuka),53934.10,2.7158,21817.70,1.0986,1.0161,2040,1.6440,5.64,29.06
GalonJeruk Nipis,2.71,470.0,ASAM,TIDAK LAYAK,Tercemar Asam (Cuka),54367.90,2.7377,18423.20,0.9277,0.8570,2041,1.6448,5.59,29.13
GalonJeruk Nipis,2.71,470.0,ASAM,TIDAK LAYAK,Tercemar Asam (Cuka),54102.10,2.7243,22348.90,1.1254,1.0408,2035,1.6399,5.90,29.06
GalonJeruk Nipis,2.71,470.0,ASAM,TIDAK LAYAK,Tercemar Asam (Cuka),54223.70,2.7304,23155.70,1.1660,1.0784,2040,1.6440,5.64,29.06
GalonJeruk Nipis,2.71,470.0,ASAM,TIDAK LAYAK,Tercemar Asam (Cuka),54033.30,2.7208,17014.90,0.8568,0.7924,2048,1.6504,5.23,29.06
GalonJeruk Nipis,2.71,470.0,ASAM,TIDAK LAYAK,Tercemar Asam (Cuka),53990.10,2.7187,21574.30,1.0864,1.0036,2043,1.6464,5.49,29.13
GalonJeruk Nipis,2.71,470.0,ASAM,TIDAK LAYAK,Tercemar Asam (Cuka),54186.90,2.7286,22984.50,1.1574,1.0704,2043,1.6464,5.49,29.06
GalonJeruk Nipis,2.71,470.0,ASAM,TIDAK LAYAK,Tercemar Asam (Cuka),54132.50,2.7258,19423.70,0.9781,0.9046,2059,1.6593,4.67,29.06
GalonJeruk Nipis,2.71,470.0,ASAM,TIDAK LAYAK,Tercemar Asam (Cuka),54263.70,2.7324,24016.70,1.2094,1.1185,2049,1.6512,5.18,29.06
GalonJeruk Nipis,2.71,470.0,ASAM,TIDAK LAYAK,Tercemar Asam (Cuka),54127.70,2.7256,25220.30,1.2700,1.1745,2041,1.6448,5.59,29.06
GalonJeruk Nipis,2.71,470.0,ASAM,TIDAK LAYAK,Tercemar Asam (Cuka),54257.30,2.7321,15920.20,0.8017,0.7414,2044,1.6472,5.44,29.06
GalonJeruk Nipis,2.71,470.0,ASAM,TIDAK LAYAK,Tercemar Asam (Cuka),54090.90,2.7237,23498.30,1.1833,1.0943,2048,1.6504,5.23,29.06
GalonJeruk Nipis,2.71,470.0,ASAM,TIDAK LAYAK,Tercemar Asam (Cuka),54180.50,2.7282,20985.50,1.0567,0.9773,2042,1.6456,5.54,29.06
GalonJeruk Nipis,2.71,470.0,ASAM,TIDAK LAYAK,Tercemar Asam (Cuka),54473.40,2.7430,19034.70,0.9585,0.8865,2045,1.6480,5.38,29.06
GalonJeruk Nipis,2.71,470.0,ASAM,TIDAK LAYAK,Tercemar Asam (Cuka),53977.50,2.7180,23390.90,1.1778,1.0893,2048,1.6504,5.23,29.06
GalonJeruk Nipis,2.71,470.0,ASAM,TIDAK LAYAK,Tercemar Asam (Cuka),54153.30,2.7269,21803.30,1.0979,1.0154,2040,1.6440,5.64,29.06
GalonJeruk Nipis,2.71,470.0,ASAM,TIDAK LAYAK,Tercemar Asam (Cuka),54342.10,2.7364,18197.60,0.9163,0.8475,2043,1.6464,5.49,29.06
GalonJeruk Nipis,2.71,470.0,ASAM,TIDAK LAYAK,Tercemar Asam (Cuka),53937.40,2.7160,23997.60,1.2084,1.1176,2042,1.6456,5.54,29.06
GalonJeruk Nipis,2.71,470.0,ASAM,TIDAK LAYAK,Tercemar Asam (Cuka),54303.90,2.7345,21699.10,1.0927,1.0105,2043,1.6464,5.49,29.06
GalonJeruk Nipis,2.71,470.0,ASAM,TIDAK LAYAK,Tercemar Asam (Cuka),53985.40,2.7184,17139.80,0.8631,0.7982,2048,1.6504,5.23,29.06
GalonJeruk Nipis,2.71,470.0,ASAM,TIDAK LAYAK,Tercemar Asam (Cuka),54500.50,2.7444,24245.60,1.2209,1.1291,2039,1.6432,5.69,29.06
GalonJeruk Nipis,2.71,470.0,ASAM,TIDAK LAYAK,Tercemar Asam (Cuka),54342.40,2.7364,23600.70,1.1884,1.0978,2039,1.6432,5.69,29.13
GalonJeruk Nipis,2.71,470.0,ASAM,TIDAK LAYAK,Tercemar Asam (Cuka),53911.60,2.7147,17263.00,0.8693,0.8040,2044,1.6472,5.44,29.06
GalonJeruk Nipis,2.71,470.0,ASAM,TIDAK LAYAK,Tercemar Asam (Cuka),54324.70,2.7355,23747.80,1.1958,1.1060,2049,1.6512,5.18,29.06
GalonJeruk Nipis,2.71,470.0,ASAM,TIDAK LAYAK,Tercemar Asam (Cuka),54207.70,2.7296,23415.00,1.1791,1.0905,2043,1.6464,5.49,29.06
GalonJeruk Nipis,2.71,470.0,ASAM,TIDAK LAYAK,Tercemar Asam (Cuka),54271.70,2.7328,17183.00,0.8652,0.8002,2044,1.6472,5.44,29.06
GalonJeruk Nipis,2.71,470.0,ASAM,TIDAK LAYAK,Tercemar Asam (Cuka),54122.90,2.7253,21984.00,1.1070,1.0238,2049,1.6512,5.18,29.06
GalonJeruk Nipis,2.71,470.0,ASAM,TIDAK LAYAK,Tercemar Asam (Cuka),54352.00,2.7369,18730.50,0.9432,0.8723,2050,1.6520,5.13,29.06
GalonJeruk Nipis,2.71,470.0,ASAM,TIDAK LAYAK,Tercemar Asam (Cuka),53886.10,2.7134,17487.00,0.8806,0.8144,2061,1.6609,4.56,29.06
GalonJeruk Nipis,2.71,470.0,ASAM,TIDAK LAYAK,Tercemar Asam (Cuka),54383.70,2.7385,23072.40,1.1618,1.0745,2048,1.6504,5.23,29.06
GalonJeruk Nipis,2.71,470.0,ASAM,TIDAK LAYAK,Tercemar Asam (Cuka),54510.40,2.7449,21758.70,1.0957,1.0122,2049,1.6512,5.18,29.13
GalonJeruk Nipis,2.71,470.0,ASAM,TIDAK LAYAK,Tercemar Asam (Cuka),53919.70,2.7151,15987.30,0.8050,0.7445,2051,1.6528,5.08,29.06
GalonJeruk Nipis,2.71,470.0,ASAM,TIDAK LAYAK,Tercemar Asam (Cuka),54409.50,2.7398,23600.50,1.1884,1.0991,2042,1.6456,5.54,29.06
GalonJeruk Nipis,2.71,470.0,ASAM,TIDAK LAYAK,Tercemar Asam (Cuka),54239.90,2.7312,21214.30,1.0682,0.9880,2040,1.6440,5.64,29.06
GalonJeruk Nipis,2.71,470.0,ASAM,TIDAK LAYAK,Tercemar Asam (Cuka),54524.80,2.7456,15582.60,0.7847,0.7257,2043,1.6464,5.49,29.06
GalonJeruk Nipis,2.71,470.0,ASAM,TIDAK LAYAK,Tercemar Asam (Cuka),54369.40,2.7378,21595.20,1.0874,1.0057,2040,1.6440,5.64,29.06
GalonJeruk Nipis,2.71,470.0,ASAM,TIDAK LAYAK,Tercemar Asam (Cuka),54294.20,2.7340,18552.80,0.9342,0.8640,2041,1.6448,5.59,29.06
GalonJeruk Nipis,2.71,470.0,ASAM,TIDAK LAYAK,Tercemar Asam (Cuka),54361.40,2.7374,21729.60,1.0942,1.0120,2040,1.6440,5.64,29.06
GalonJeruk Nipis,2.71,470.0,ASAM,TIDAK LAYAK,Tercemar Asam (Cuka),54183.70,2.7284,22277.30,1.1218,1.0375,2046,1.6488,5.33,29.06
GalonJeruk Nipis,2.71,470.0,ASAM,TIDAK LAYAK,Tercemar Asam (Cuka),54340.50,2.7363,18761.00,0.9447,0.8737,2050,1.6520,5.13,29.06
GalonJeruk Nipis,2.71,470.0,ASAM,TIDAK LAYAK,Tercemar Asam (Cuka),54404.60,2.7395,20934.30,1.0541,0.9749,2040,1.6440,5.64,29.06
GalonJeruk Nipis,2.71,470.0,ASAM,TIDAK LAYAK,Tercemar Asam (Cuka),54305.30,2.7345,21676.90,1.0915,1.0095,2035,1.6399,5.90,29.06
GalonJeruk Nipis,2.71,470.0,ASAM,TIDAK LAYAK,Tercemar Asam (Cuka),54305.30,2.7345,18048.70,0.9088,0.8405,2035,1.6399,5.90,29.06
GalonJeruk Nipis,2.71,470.0,ASAM,TIDAK LAYAK,Tercemar Asam (Cuka),54199.70,2.7292,25290.50,1.2735,1.1778,2041,1.6448,5.59,29.06
GalonJeruk Nipis,2.71,470.0,ASAM,TIDAK LAYAK,Tercemar Asam (Cuka),54345.30,2.7365,15108.80,0.7608,0.7036,2063,1.6625,4.46,29.06
GalonJeruk Nipis,2.71,470.0,ASAM,TIDAK LAYAK,Tercemar Asam (Cuka),54166.10,2.7275,21241.70,1.0696,0.9892,2049,1.6512,5.18,29.06
GalonJeruk Nipis,2.71,470.0,ASAM,TIDAK LAYAK,Tercemar Asam (Cuka),54230.10,2.7307,21868.80,1.1012,1.0184,2043,1.6464,5.49,29.06
GalonJeruk Nipis,2.71,470.0,ASAM,TIDAK LAYAK,Tercemar Asam (Cuka),54351.70,2.7369,17026.00,0.8573,0.7929,2044,1.6472,5.44,29.06
GalonJeruk Nipis,2.71,470.0,ASAM,TIDAK LAYAK,Tercemar Asam (Cuka),54340.50,2.7363,22326.50,1.1242,1.0398,2045,1.6480,5.38,29.06
GalonJeruk Nipis,2.71,470.0,ASAM,TIDAK LAYAK,Tercemar Asam (Cuka),54204.50,2.7295,19237.80,0.9687,0.8959,2054,1.6552,4.92,29.06
GalonJeruk Nipis,2.71,470.0,ASAM,TIDAK LAYAK,Tercemar Asam (Cuka),54487.70,2.7437,18292.10,0.9211,0.8519,2034,1.6391,5.95,29.06
GalonJeruk Nipis,2.71,470.0,ASAM,TIDAK LAYAK,Tercemar Asam (Cuka),54260.50,2.7323,24847.20,1.2512,1.1572,2030,1.6359,6.15,29.06
GalonJeruk Nipis,2.71,470.0,ASAM,TIDAK LAYAK,Tercemar Asam (Cuka),54503.80,2.7445,18842.60,0.9488,0.8775,2029,1.6351,6.21,29.06
GalonJeruk Nipis,2.71,470.0,ASAM,TIDAK LAYAK,Tercemar Asam (Cuka),54311.70,2.7349,17095.00,0.8608,0.7952,2030,1.6359,6.15,29.13
GalonJeruk Nipis,2.71,470.0,ASAM,TIDAK LAYAK,Tercemar Asam (Cuka),54228.50,2.7307,25660.30,1.2921,1.1950,2035,1.6399,5.90,29.06
GalonJeruk Nipis,2.71,470.0,ASAM,TIDAK LAYAK,Tercemar Asam (Cuka),54399.80,2.7393,16227.60,0.8171,0.7557,2059,1.6593,4.67,29.06
GalonJeruk Nipis,2.71,470.0,ASAM,TIDAK LAYAK,Tercemar Asam (Cuka),54332.80,2.7359,18796.10,0.9465,0.8754,2043,1.6464,5.49,29.06
GalonJeruk Nipis,2.71,470.0,ASAM,TIDAK LAYAK,Tercemar Asam (Cuka),54513.40,2.7450,25743.50,1.2963,1.1989,2042,1.6456,5.54,29.06
GalonJeruk Nipis,2.71,470.0,ASAM,TIDAK LAYAK,Tercemar Asam (Cuka),54450.90,2.7419,16381.00,0.8249,0.7629,2043,1.6464,5.49,29.06
GalonJeruk Nipis,2.71,470.0,ASAM,TIDAK LAYAK,Tercemar Asam (Cuka),54390.10,2.7388,20699.00,1.0423,0.9640,2032,1.6375,6.05,29.06
GalonJeruk Nipis,2.71,470.0,ASAM,TIDAK LAYAK,Tercemar Asam (Cuka),54330.90,2.7358,22069.10,1.1113,1.0278,2041,1.6448,5.59,29.06
GalonJeruk Nipis,2.71,470.0,ASAM,TIDAK LAYAK,Tercemar Asam (Cuka),54449.30,2.7418,15853.00,0.7983,0.7383,2017,1.6254,6.82,29.06
GalonJeruk Nipis,2.71,470.0,ASAM,TIDAK LAYAK,Tercemar Asam (Cuka),54358.10,2.7372,24793.00,1.2484,1.1546,2013,1.6222,7.03,29.06
GalonJeruk Nipis,2.71,470.0,ASAM,TIDAK LAYAK,Tercemar Asam (Cuka),54257.30,2.7321,17131.70,0.8627,0.7978,2023,1.6303,6.51,29.06
GalonJeruk Nipis,2.71,470.0,ASAM,TIDAK LAYAK,Tercemar Asam (Cuka),54369.50,2.7378,19807.60,0.9974,0.9225,2040,1.6440,5.64,29.06
GalonJeruk Nipis,2.71,470.0,ASAM,TIDAK LAYAK,Tercemar Asam (Cuka),54470.30,2.7428,23333.30,1.1749,1.0867,2044,1.6472,5.44,29.06
GalonJeruk Nipis,2.71,470.0,ASAM,TIDAK LAYAK,Tercemar Asam (Cuka),54439.70,2.7413,17198.90,0.8660,0.8010,2050,1.6520,5.13,29.06
GalonJeruk Nipis,2.71,470.0,ASAM,TIDAK LAYAK,Tercemar Asam (Cuka),54278.10,2.7332,24992.90,1.2585,1.1639,2040,1.6440,5.64,29.06
GalonJeruk Nipis,2.71,470.0,ASAM,TIDAK LAYAK,Tercemar Asam (Cuka),54380.50,2.7383,16248.20,0.8182,0.7567,2028,1.6343,6.26,29.06
GalonJeruk Nipis,2.71,470.0,ASAM,TIDAK LAYAK,Tercemar Asam (Cuka),54319.70,2.7353,23005.40,1.1584,1.0714,2032,1.6375,6.05,29.06
GalonJeruk Nipis,2.71,470.0,ASAM,TIDAK LAYAK,Tercemar Asam (Cuka),54406.10,2.7396,21286.30,1.0719,0.9913,2038,1.6423,5.74,29.06
GalonJeruk Nipis,2.71,470.0,ASAM,TIDAK LAYAK,Tercemar Asam (Cuka),54063.90,2.7224,18933.90,0.9534,0.8818,2033,1.6383,6.00,29.06
GalonJeruk Nipis,2.71,470.0,ASAM,TIDAK LAYAK,Tercemar Asam (Cuka),54226.90,2.7306,23072.40,1.1618,1.0745,2040,1.6440,5.64,29.06
GalonJeruk Nipis,2.71,470.0,ASAM,TIDAK LAYAK,Tercemar Asam (Cuka),54211.10,2.7298,22509.00,1.1334,1.0483,2040,1.6440,5.64,29.06
GalonJeruk Nipis,2.71,470.0,ASAM,TIDAK LAYAK,Tercemar Asam (Cuka),54346.90,2.7366,18160.80,0.9145,0.8458,2037,1.6415,5.79,29.06
GalonJeruk Nipis,2.71,470.0,ASAM,TIDAK LAYAK,Tercemar Asam (Cuka),54210.90,2.7298,26887.90,1.3539,1.2522,2018,1.6262,6.77,29.06
GalonJeruk Nipis,2.71,470.0,ASAM,TIDAK LAYAK,Tercemar Asam (Cuka),54338.90,2.7362,15464.20,0.7787,0.7202,2009,1.6190,7.23,29.06
GalonJeruk Nipis,2.71,470.0,ASAM,TIDAK LAYAK,Tercemar Asam (Cuka),54250.90,2.7318,22966.90,1.1565,1.0696,2024,1.6311,6.46,29.06
GalonJeruk Nipis,2.71,470.0,ASAM,TIDAK LAYAK,Tercemar Asam (Cuka),54091.00,2.7237,20555.00,1.0350,0.9573,2039,1.6432,5.69,29.06
GalonJeruk Nipis,2.71,470.0,ASAM,TIDAK LAYAK,Tercemar Asam (Cuka),54377.30,2.7382,18809.10,0.9471,0.8760,2045,1.6480,5.38,29.06
GalonJeruk Nipis,2.71,470.0,ASAM,TIDAK LAYAK,Tercemar Asam (Cuka),54137.30,2.7261,21095.80,1.0623,0.9825,2044,1.6472,5.44,29.06
GalonJeruk Nipis,2.71,470.0,ASAM,TIDAK LAYAK,Tercemar Asam (Cuka),54407.70,2.7397,22651.70,1.1406,1.0549,2040,1.6440,5.64,29.06
GalonJeruk Nipis,2.71,470.0,ASAM,TIDAK LAYAK,Tercemar Asam (Cuka),54491.20,2.7439,16189.00,0.8152,0.7539,2041,1.6448,5.59,29.06
GalonJeruk Nipis,2.71,470.0,ASAM,TIDAK LAYAK,Tercemar Asam (Cuka),54327.70,2.7357,22795.40,1.1479,1.0616,2043,1.6464,5.49,29.06
GalonJeruk Nipis,2.71,470.0,ASAM,TIDAK LAYAK,Tercemar Asam (Cuka),54268.50,2.7327,18092.00,0.9110,0.8426,2041,1.6448,5.59,29.06
GalonJeruk Nipis,2.71,470.0,ASAM,TIDAK LAYAK,Tercemar Asam (Cuka),54351.70,2.7369,22718.70,1.1440,1.0580,2041,1.6448,5.59,29.06
GalonJeruk Nipis,2.71,470.0,ASAM,TIDAK LAYAK,Tercemar Asam (Cuka),54270.20,2.7328,20526.20,1.0336,0.9559,2040,1.6440,5.64,29.06
GalonJeruk Nipis,2.71,470.0,ASAM,TIDAK LAYAK,Tercemar Asam (Cuka),54306.90,2.7346,18541.90,0.9337,0.8635,2039,1.6432,5.69,29.06
GalonJeruk Nipis,2.71,470.0,ASAM,TIDAK LAYAK,Tercemar Asam (Cuka),54337.30,2.7361,21918.40,1.1037,1.0208,2037,1.6415,5.79,29.06
GalonJeruk Nipis,2.71,470.0,ASAM,TIDAK LAYAK,Tercemar Asam (Cuka),54262.10,2.7324,22448.20,1.1304,1.0454,2046,1.6488,5.33,29.06
GalonJeruk Nipis,2.71,470.0,ASAM,TIDAK LAYAK,Tercemar Asam (Cuka),54337.30,2.7361,18528.90,0.9330,0.8629,2039,1.6432,5.69,29.06
GalonJeruk Nipis,2.71,470.0,ASAM,TIDAK LAYAK,Tercemar Asam (Cuka),54322.90,2.7354,26153.10,1.3169,1.2180,2039,1.6432,5.69,29.06
GalonJeruk Nipis,2.71,470.0,ASAM,TIDAK LAYAK,Tercemar Asam (Cuka),54161.40,2.7273,15099.30,0.7603,0.7032,2041,1.6448,5.59,29.06
GalonJeruk Nipis,2.71,470.0,ASAM,TIDAK LAYAK,Tercemar Asam (Cuka),54273.30,2.7329,22013.10,1.1085,1.0252,2042,1.6456,5.54,29.06
GalonJeruk Nipis,2.71,470.0,ASAM,TIDAK LAYAK,Tercemar Asam (Cuka),54402.90,2.7394,23218.00,1.1691,1.0813,2038,1.6423,5.74,29.06
GalonJeruk Nipis,2.71,470.0,ASAM,TIDAK LAYAK,Tercemar Asam (Cuka),54414.10,2.7400,16626.00,0.8372,0.7743,2045,1.6480,5.38,29.06
GalonJeruk Nipis,2.71,470.0,ASAM,TIDAK LAYAK,Tercemar Asam (Cuka),54334.20,2.7360,23533.40,1.1850,1.0960,2037,1.6415,5.79,29.06
GalonJeruk Nipis,2.71,470.0,ASAM,TIDAK LAYAK,Tercemar Asam (Cuka),54222.10,2.7303,21644.70,1.0899,1.0080,2038,1.6423,5.74,29.06
GalonJeruk Nipis,2.71,470.0,ASAM,TIDAK LAYAK,Tercemar Asam (Cuka),54518.10,2.7452,17714.20,0.8920,0.8250,2037,1.6415,5.79,29.06
GalonJeruk Nipis,2.71,470.0,ASAM,TIDAK LAYAK,Tercemar Asam (Cuka),54062.10,2.7223,26815.80,1.3503,1.2488,2045,1.6480,5.38,29.06
GalonJeruk Nipis,2.71,470.0,ASAM,TIDAK LAYAK,Tercemar Asam (Cuka),54142.20,2.7263,16515.70,0.8316,0.7692,2029,1.6351,6.21,29.06
GalonJeruk Nipis,2.71,470.0,ASAM,TIDAK LAYAK,Tercemar Asam (Cuka),54204.50,2.7295,20055.60,1.0099,0.9340,2023,1.6303,6.51,29.06
GalonJeruk Nipis,2.71,470.0,ASAM,TIDAK LAYAK,Tercemar Asam (Cuka),54426.90,2.7407,26012.40,1.3098,1.2114,2025,1.6319,6.41,29.06
GalonJeruk Nipis,2.71,470.0,ASAM,TIDAK LAYAK,Tercemar Asam (Cuka),54159.70,2.7272,15713.70,0.7913,0.7318,2031,1.6367,6.10,29.06
GalonJeruk Nipis,2.71,470.0,ASAM,TIDAK LAYAK,Tercemar Asam (Cuka),54547.00,2.7467,21115.10,1.0632,0.9833,2036,1.6407,5.85,29.06
GalonJeruk Nipis,2.71,470.0,ASAM,TIDAK LAYAK,Tercemar Asam (Cuka),54209.30,2.7297,25524.20,1.2853,1.1887,2036,1.6407,5.85,29.06
GalonJeruk Nipis,2.71,470.0,ASAM,TIDAK LAYAK,Tercemar Asam (Cuka),54297.70,2.7341,15632.30,0.7872,0.7280,2036,1.6407,5.85,29.06
GalonJeruk Nipis,2.71,470.0,ASAM,TIDAK LAYAK,Tercemar Asam (Cuka),54378.90,2.7382,23494.80,1.1831,1.0942,2032,1.6375,6.05,29.06
GalonJeruk Nipis,2.71,470.0,ASAM,TIDAK LAYAK,Tercemar Asam (Cuka),54433.40,2.7410,20864.00,1.0506,0.9717,2038,1.6423,5.74,29.06
GalonJeruk Nipis,2.71,470.0,ASAM,TIDAK LAYAK,Tercemar Asam (Cuka),54398.10,2.7392,17160.50,0.8641,0.8001,2039,1.6432,5.69,29.00
GalonJeruk Nipis,2.71,470.0,ASAM,TIDAK LAYAK,Tercemar Asam (Cuka),54326.10,2.7356,22261.10,1.1210,1.0367,2030,1.6359,6.15,29.06
GalonJeruk Nipis,2.71,470.0,ASAM,TIDAK LAYAK,Tercemar Asam (Cuka),54151.70,2.7268,24040.50,1.2106,1.1196,2036,1.6407,5.85,29.06
GalonJeruk Nipis,2.71,470.0,ASAM,TIDAK LAYAK,Tercemar Asam (Cuka),54378.90,2.7382,15321.60,0.7715,0.7135,2039,1.6432,5.69,29.06
GalonJeruk Nipis,2.71,470.0,ASAM,TIDAK LAYAK,Tercemar Asam (Cuka),54470.10,2.7428,17342.80,0.8733,0.8077,2039,1.6432,5.69,29.06
GalonJeruk Nipis,2.71,470.0,ASAM,TIDAK LAYAK,Tercemar Asam (Cuka),54418.90,2.7403,26249.30,1.3218,1.2225,2040,1.6440,5.64,29.06
GalonJeruk Nipis,2.71,470.0,ASAM,TIDAK LAYAK,Tercemar Asam (Cuka),54487.80,2.7437,14198.20,0.7149,0.6612,2041,1.6448,5.59,29.06
GalonJeruk Nipis,2.71,470.0,ASAM,TIDAK LAYAK,Tercemar Asam (Cuka),54217.30,2.7301,22781.20,1.1471,1.0609,2048,1.6504,5.23,29.06
SumurCuka 1,6.12,222.0,ASAM,TIDAK LAYAK,Tercemar Asam (Cuka),53862.20,2.7122,20479.50,1.0312,0.9593,2110,1.7004,2.05,28.75
SumurCuka 1,6.12,222.0,ASAM,TIDAK LAYAK,Tercemar Asam (Cuka),53798.10,2.7090,18219.90,0.9175,0.8535,2110,1.7004,2.05,28.75
SumurCuka 1,6.12,222.0,ASAM,TIDAK LAYAK,Tercemar Asam (Cuka),53919.70,2.7151,17703.10,0.8914,0.8292,2113,1.7028,1.90,28.75
SumurCuka 1,6.12,222.0,ASAM,TIDAK LAYAK,Tercemar Asam (Cuka),53964.50,2.7174,15235.10,0.7672,0.7136,2113,1.7028,1.90,28.75
SumurCuka 1,6.12,222.0,ASAM,TIDAK LAYAK,Tercemar Asam (Cuka),53841.30,2.7112,18784.60,0.9459,0.8799,2104,1.6955,2.36,28.75
SumurCuka 1,6.12,222.0,ASAM,TIDAK LAYAK,Tercemar Asam (Cuka),53847.70,2.7115,21166.30,1.0658,0.9915,2110,1.7004,2.05,28.75
SumurCuka 1,6.12,222.0,ASAM,TIDAK LAYAK,Tercemar Asam (Cuka),54265.40,2.7325,15779.20,0.7946,0.7391,2113,1.7028,1.90,28.75
SumurCuka 1,6.12,222.0,ASAM,TIDAK LAYAK,Tercemar Asam (Cuka),53828.50,2.7105,19658.60,0.9899,0.9208,2112,1.7020,1.95,28.75
SumurCuka 1,6.12,222.0,ASAM,TIDAK LAYAK,Tercemar Asam (Cuka),53911.70,2.7147,21279.90,1.0715,0.9968,2111,1.7012,2.00,28.75
SumurCuka 1,6.12,222.0,ASAM,TIDAK LAYAK,Tercemar Asam (Cuka),53878.10,2.7130,18231.10,0.9180,0.8540,2110,1.7004,2.05,28.75
SumurCuka 1,6.12,222.0,ASAM,TIDAK LAYAK,Tercemar Asam (Cuka),53857.40,2.7120,16024.30,0.8069,0.7506,2111,1.7012,2.00,28.75
SumurCuka 1,6.12,222.0,ASAM,TIDAK LAYAK,Tercemar Asam (Cuka),53962.90,2.7173,18037.70,0.9083,0.8439,2113,1.7028,1.90,28.81
SumurCuka 1,6.12,222.0,ASAM,TIDAK LAYAK,Tercemar Asam (Cuka),54046.10,2.7215,17527.30,0.8826,0.8210,2112,1.7020,1.95,28.75
SumurCuka 1,6.12,222.0,ASAM,TIDAK LAYAK,Tercemar Asam (Cuka),54154.90,2.7270,15427.10,0.7768,0.7226,2110,1.7004,2.05,28.75
SumurCuka 1,6.12,222.0,ASAM,TIDAK LAYAK,Tercemar Asam (Cuka),54039.70,2.7212,18733.60,0.9433,0.8775,2098,1.6907,2.67,28.75
SumurCuka 1,6.12,222.0,ASAM,TIDAK LAYAK,Tercemar Asam (Cuka),54292.70,2.7339,18378.30,0.9254,0.8609,2110,1.7004,2.05,28.75
SumurCuka 1,6.12,222.0,ASAM,TIDAK LAYAK,Tercemar Asam (Cuka),54084.50,2.7234,16059.30,0.8087,0.7522,2109,1.6996,2.10,28.75
SumurCuka 1,6.12,222.0,ASAM,TIDAK LAYAK,Tercemar Asam (Cuka),54134.10,2.7259,19508.20,0.9823,0.9127,2108,1.6988,2.15,28.81
SumurCuka 1,6.12,222.0,ASAM,TIDAK LAYAK,Tercemar Asam (Cuka),54183.70,2.7284,20364.30,1.0254,0.9539,2111,1.7012,2.00,28.75
SumurCuka 1,6.12,222.0,ASAM,TIDAK LAYAK,Tercemar Asam (Cuka),54279.70,2.7332,17666.30,0.8896,0.8275,2113,1.7028,1.90,28.75
SumurCuka 1,6.12,222.0,ASAM,TIDAK LAYAK,Tercemar Asam (Cuka),54169.40,2.7277,16091.40,0.8103,0.7537,2111,1.7012,2.00,28.75
SumurCuka 1,6.12,222.0,ASAM,TIDAK LAYAK,Tercemar Asam (Cuka),53969.30,2.7176,18816.90,0.9475,0.8804,2111,1.7012,2.00,28.81
SumurCuka 1,6.12,222.0,ASAM,TIDAK LAYAK,Tercemar Asam (Cuka),54419.10,2.7403,17607.10,0.8866,0.8238,2113,1.7028,1.90,28.81
SumurCuka 1,6.12,222.0,ASAM,TIDAK LAYAK,Tercemar Asam (Cuka),54411.10,2.7399,16086.70,0.8100,0.7527,2112,1.7020,1.95,28.81
SumurCuka 1,6.12,222.0,ASAM,TIDAK LAYAK,Tercemar Asam (Cuka),53761.40,2.7071,18271.30,0.9200,0.8549,2111,1.7012,2.00,28.81
SumurCuka 1,6.12,222.0,ASAM,TIDAK LAYAK,Tercemar Asam (Cuka),54342.40,2.7364,17322.30,0.8723,0.8105,2113,1.7028,1.90,28.81
SumurCuka 1,6.12,222.0,ASAM,TIDAK LAYAK,Tercemar Asam (Cuka),54015.90,2.7200,14830.40,0.7468,0.6947,2113,1.7028,1.90,28.75
SumurCuka 1,6.12,222.0,ASAM,TIDAK LAYAK,Tercemar Asam (Cuka),54110.10,2.7247,18466.30,0.9299,0.8640,2110,1.7004,2.05,28.81
SumurCuka 1,6.12,222.0,ASAM,TIDAK LAYAK,Tercemar Asam (Cuka),54377.40,2.7382,21643.20,1.0898,1.0126,2113,1.7028,1.90,28.81
SumurCuka 1,6.12,222.0,ASAM,TIDAK LAYAK,Tercemar Asam (Cuka),54286.40,2.7336,18418.30,0.9274,0.8627,2112,1.7020,1.95,28.75
SumurCuka 1,6.12,222.0,ASAM,TIDAK LAYAK,Tercemar Asam (Cuka),54266.90,2.7326,15867.50,0.7990,0.7424,2112,1.7020,1.95,28.81
SumurCuka 1,6.12,222.0,ASAM,TIDAK LAYAK,Tercemar Asam (Cuka),54314.90,2.7350,21148.60,1.0649,0.9895,2107,1.6979,2.21,28.81
SumurCuka 1,6.12,222.0,ASAM,TIDAK LAYAK,Tercemar Asam (Cuka),54228.50,2.7307,18008.60,0.9068,0.8426,2104,1.6955,2.36,28.81
SumurCuka 1,6.12,222.0,ASAM,TIDAK LAYAK,Tercemar Asam (Cuka),54487.90,2.7437,15731.60,0.7922,0.7360,2109,1.6996,2.10,28.81
SumurCuka 1,6.12,222.0,ASAM,TIDAK LAYAK,Tercemar Asam (Cuka),54310.40,2.7348,18170.50,0.9150,0.8511,2115,1.7044,1.79,28.75
SumurCuka 1,6.12,222.0,ASAM,TIDAK LAYAK,Tercemar Asam (Cuka),54303.70,2.7345,17543.10,0.8834,0.8208,2108,1.6988,2.15,28.81
SumurCuka 1,6.12,222.0,ASAM,TIDAK LAYAK,Tercemar Asam (Cuka),54532.70,2.7460,15648.10,0.7880,0.7321,2109,1.6996,2.10,28.81
SumurCuka 1,6.12,222.0,ASAM,TIDAK LAYAK,Tercemar Asam (Cuka),54462.20,2.7424,19034.50,0.9585,0.8906,2110,1.7004,2.05,28.81
SumurCuka 1,6.12,222.0,ASAM,TIDAK LAYAK,Tercemar Asam (Cuka),54275.00,2.7330,19901.90,1.0022,0.9322,2108,1.6988,2.15,28.75
SumurCuka 1,6.12,222.0,ASAM,TIDAK LAYAK,Tercemar Asam (Cuka),54536.00,2.7461,17135.00,0.8628,0.8017,2110,1.7004,2.05,28.81
SumurCuka 1,6.12,222.0,ASAM,TIDAK LAYAK,Tercemar Asam (Cuka),54425.30,2.7406,18471.20,0.9301,0.8652,2104,1.6955,2.36,28.75
SumurCuka 1,6.12,222.0,ASAM,TIDAK LAYAK,Tercemar Asam (Cuka),54440.00,2.7413,20766.20,1.0457,0.9716,2111,1.7012,2.00,28.81
SumurCuka 1,6.12,222.0,ASAM,TIDAK LAYAK,Tercemar Asam (Cuka),54204.80,2.7295,16353.90,0.8235,0.7652,2107,1.6979,2.21,28.81
SumurCuka 1,6.12,222.0,ASAM,TIDAK LAYAK,Tercemar Asam (Cuka),54468.60,2.7428,15381.00,0.7745,0.7205,2112,1.7020,1.95,28.75
SumurCuka 1,6.12,222.0,ASAM,TIDAK LAYAK,Tercemar Asam (Cuka),54390.30,2.7388,17914.40,0.9021,0.8382,2112,1.7020,1.95,28.81
SumurCuka 1,6.12,222.0,ASAM,TIDAK LAYAK,Tercemar Asam (Cuka),54073.40,2.7229,17541.40,0.8833,0.8207,2111,1.7012,2.00,28.81
SumurCuka 1,6.12,222.0,ASAM,TIDAK LAYAK,Tercemar Asam (Cuka),54452.70,2.7420,15731.40,0.7922,0.7360,2104,1.6955,2.36,28.81
SumurCuka 1,6.12,222.0,ASAM,TIDAK LAYAK,Tercemar Asam (Cuka),54425.30,2.7406,19268.00,0.9702,0.9015,2113,1.7028,1.90,28.81
SumurCuka 1,6.12,222.0,ASAM,TIDAK LAYAK,Tercemar Asam (Cuka),54402.90,2.7394,18852.10,0.9493,0.8820,2109,1.6996,2.10,28.81
SumurCuka 1,6.12,222.0,ASAM,TIDAK LAYAK,Tercemar Asam (Cuka),54276.70,2.7331,15493.10,0.7802,0.7249,2125,1.7125,1.28,28.81
SumurCuka 1,6.12,222.0,ASAM,TIDAK LAYAK,Tercemar Asam (Cuka),54366.10,2.7376,18751.40,0.9442,0.8773,2110,1.7004,2.05,28.81
SumurCuka 1,6.12,222.0,ASAM,TIDAK LAYAK,Tercemar Asam (Cuka),54262.10,2.7324,17621.50,0.8873,0.8245,2110,1.7004,2.05,28.81
SumurCuka 1,6.12,222.0,ASAM,TIDAK LAYAK,Tercemar Asam (Cuka),54458.90,2.7423,14806.30,0.7456,0.6927,2109,1.6996,2.10,28.81
SumurCuka 1,6.12,222.0,ASAM,TIDAK LAYAK,Tercemar Asam (Cuka),54343.80,2.7365,15963.50,0.8038,0.7469,2108,1.6988,2.15,28.81
SumurCuka 1,6.12,222.0,ASAM,TIDAK LAYAK,Tercemar Asam (Cuka),54443.10,2.7415,20497.40,1.0321,0.9590,2111,1.7012,2.00,28.81
SumurCuka 1,6.12,222.0,ASAM,TIDAK LAYAK,Tercemar Asam (Cuka),54486.20,2.7436,18125.50,0.9127,0.8480,2108,1.6988,2.15,28.81
SumurCuka 1,6.12,222.0,ASAM,TIDAK LAYAK,Tercemar Asam (Cuka),54512.00,2.7449,14513.60,0.7308,0.6791,2118,1.7068,1.64,28.81
SumurCuka 1,6.12,222.0,ASAM,TIDAK LAYAK,Tercemar Asam (Cuka),54313.30,2.7349,20942.30,1.0545,0.9810,2112,1.7020,1.95,28.75
SumurCuka 1,6.12,222.0,ASAM,TIDAK LAYAK,Tercemar Asam (Cuka),54334.10,2.7360,18720.70,0.9427,0.8759,2109,1.6996,2.10,28.81
SumurCuka 1,6.12,222.0,ASAM,TIDAK LAYAK,Tercemar Asam (Cuka),54521.50,2.7454,15864.10,0.7988,0.7422,2106,1.6971,2.26,28.81
SumurCuka 1,6.12,222.0,ASAM,TIDAK LAYAK,Tercemar Asam (Cuka),54342.20,2.7364,18146.60,0.9138,0.8490,2113,1.7028,1.90,28.81
SumurCuka 1,6.12,222.0,ASAM,TIDAK LAYAK,Tercemar Asam (Cuka),54354.90,2.7370,17874.50,0.9001,0.8363,2111,1.7012,2.00,28.81
SumurCuka 1,6.12,222.0,ASAM,TIDAK LAYAK,Tercemar Asam (Cuka),54255.70,2.7320,14393.50,0.7248,0.6742,2110,1.7004,2.05,28.75
SumurCuka 1,6.12,222.0,ASAM,TIDAK LAYAK,Tercemar Asam (Cuka),54409.30,2.7398,18178.30,0.9154,0.8505,2112,1.7020,1.95,28.81
SumurCuka 1,6.12,222.0,ASAM,TIDAK LAYAK,Tercemar Asam (Cuka),54340.50,2.7363,17944.80,0.9036,0.8396,2108,1.6988,2.15,28.81
SumurCuka 1,6.12,222.0,ASAM,TIDAK LAYAK,Tercemar Asam (Cuka),54633.60,2.7511,15739.30,0.7925,0.7364,2108,1.6988,2.15,28.81
SumurCuka 1,6.12,222.0,ASAM,TIDAK LAYAK,Tercemar Asam (Cuka),54203.10,2.7294,18970.30,0.9552,0.8886,2110,1.7004,2.05,28.75
SumurCuka 1,6.12,222.0,ASAM,TIDAK LAYAK,Tercemar Asam (Cuka),54433.30,2.7410,19724.40,0.9932,0.9229,2111,1.7012,2.00,28.81
SumurCuka 1,6.12,222.0,ASAM,TIDAK LAYAK,Tercemar Asam (Cuka),54627.30,2.7507,14603.10,0.7353,0.6840,2114,1.7036,1.85,28.75
SumurCuka 1,6.12,222.0,ASAM,TIDAK LAYAK,Tercemar Asam (Cuka),54260.50,2.7323,21025.50,1.0587,0.9837,2112,1.7020,1.95,28.81
SumurCuka 1,6.12,222.0,ASAM,TIDAK LAYAK,Tercemar Asam (Cuka),54456.00,2.7421,17632.60,0.8879,0.8259,2111,1.7012,2.00,28.75
SumurCuka 1,6.12,222.0,ASAM,TIDAK LAYAK,Tercemar Asam (Cuka),54474.90,2.7431,14680.10,0.7392,0.6868,2114,1.7036,1.85,28.81
SumurCuka 1,6.12,222.0,ASAM,TIDAK LAYAK,Tercemar Asam (Cuka),54625.80,2.7507,18066.40,0.9097,0.8453,2112,1.7020,1.95,28.81
SumurCuka 1,6.12,222.0,ASAM,TIDAK LAYAK,Tercemar Asam (Cuka),54303.70,2.7345,16058.00,0.8086,0.7513,2112,1.7020,1.95,28.81
SumurCuka 1,6.12,222.0,ASAM,TIDAK LAYAK,Tercemar Asam (Cuka),54526.10,2.7456,14972.90,0.7540,0.7005,2110,1.7004,2.05,28.81
SumurCuka 1,6.12,222.0,ASAM,TIDAK LAYAK,Tercemar Asam (Cuka),54223.80,2.7304,18941.70,0.9538,0.8862,2112,1.7020,1.95,28.81
SumurCuka 1,6.12,222.0,ASAM,TIDAK LAYAK,Tercemar Asam (Cuka),54398.10,2.7392,19050.60,0.9593,0.8913,2112,1.7020,1.95,28.81
SumurCuka 1,6.12,222.0,ASAM,TIDAK LAYAK,Tercemar Asam (Cuka),54367.70,2.7377,14270.30,0.7186,0.6677,2111,1.7012,2.00,28.81
SumurCuka 1,6.12,222.0,ASAM,TIDAK LAYAK,Tercemar Asam (Cuka),54468.70,2.7428,14243.00,0.7172,0.6664,2112,1.7020,1.95,28.81
SumurCuka 1,6.12,222.0,ASAM,TIDAK LAYAK,Tercemar Asam (Cuka),54212.80,2.7299,18943.30,0.9539,0.8873,2111,1.7012,2.00,28.75
SumurCuka 1,6.12,222.0,ASAM,TIDAK LAYAK,Tercemar Asam (Cuka),54287.70,2.7336,18660.00,0.9396,0.8731,2113,1.7028,1.90,28.81
SumurCuka 1,6.12,222.0,ASAM,TIDAK LAYAK,Tercemar Asam (Cuka),54571.00,2.7479,15849.80,0.7981,0.7424,2111,1.7012,2.00,28.75
SumurCuka 1,6.12,222.0,ASAM,TIDAK LAYAK,Tercemar Asam (Cuka),54523.10,2.7455,20922.90,1.0536,0.9801,2109,1.6996,2.10,28.75
SumurCuka 1,6.12,222.0,ASAM,TIDAK LAYAK,Tercemar Asam (Cuka),54846.40,2.7618,18283.90,0.9207,0.8555,2110,1.7004,2.05,28.81
SumurCuka 1,6.12,222.0,ASAM,TIDAK LAYAK,Tercemar Asam (Cuka),54297.50,2.7341,16521.80,0.8320,0.7730,2112,1.7020,1.95,28.81
SumurCuka 1,6.12,222.0,ASAM,TIDAK LAYAK,Tercemar Asam (Cuka),54523.00,2.7455,18999.10,0.9567,0.8889,2112,1.7020,1.95,28.81
SumurCuka 1,6.12,222.0,ASAM,TIDAK LAYAK,Tercemar Asam (Cuka),53977.30,2.7180,18474.50,0.9303,0.8654,2109,1.6996,2.10,28.75
SumurCuka 1,6.12,222.0,ASAM,TIDAK LAYAK,Tercemar Asam (Cuka),54233.40,2.7309,14295.90,0.7199,0.6689,2107,1.6979,2.21,28.81
SumurCuka 1,6.12,222.0,ASAM,TIDAK LAYAK,Tercemar Asam (Cuka),54330.90,2.7358,14511.90,0.7307,0.6790,2112,1.7020,1.95,28.81
SumurCuka 1,6.12,222.0,ASAM,TIDAK LAYAK,Tercemar Asam (Cuka),54532.70,2.7460,19474.60,0.9806,0.9122,2110,1.7004,2.05,28.75
SumurCuka 1,6.12,222.0,ASAM,TIDAK LAYAK,Tercemar Asam (Cuka),54902.60,2.7646,14073.40,0.7087,0.6585,2109,1.6996,2.10,28.81
SumurCuka 1,6.12,222.0,ASAM,TIDAK LAYAK,Tercemar Asam (Cuka),54680.00,2.7534,17357.30,0.8740,0.8130,2111,1.7012,2.00,28.75
SumurCuka 1,6.12,222.0,ASAM,TIDAK LAYAK,Tercemar Asam (Cuka),54321.30,2.7353,20905.20,1.0527,0.9781,2111,1.7012,2.00,28.81
SumurCuka 1,6.12,222.0,ASAM,TIDAK LAYAK,Tercemar Asam (Cuka),54284.50,2.7335,16166.70,0.8141,0.7564,2110,1.7004,2.05,28.81
SumurCuka 1,6.12,222.0,ASAM,TIDAK LAYAK,Tercemar Asam (Cuka),54217.50,2.7301,14243.10,0.7172,0.6672,2112,1.7020,1.95,28.75
SumurCuka 1,6.12,222.0,ASAM,TIDAK LAYAK,Tercemar Asam (Cuka),54587.10,2.7487,20063.60,1.0103,0.9387,2112,1.7020,1.95,28.81
SumurCuka 1,6.12,222.0,ASAM,TIDAK LAYAK,Tercemar Asam (Cuka),54015.80,2.7200,18514.50,0.9323,0.8662,2110,1.7004,2.05,28.81
SumurCuka 1,6.12,222.0,ASAM,TIDAK LAYAK,Tercemar Asam (Cuka),54420.60,2.7403,15744.00,0.7928,0.7366,2111,1.7012,2.00,28.81
SumurCuka 1,6.12,222.0,ASAM,TIDAK LAYAK,Tercemar Asam (Cuka),54489.30,2.7438,18309.50,0.9220,0.8567,2111,1.7012,2.00,28.81
SumurCuka 1,6.12,222.0,ASAM,TIDAK LAYAK,Tercemar Asam (Cuka),54415.80,2.7401,18544.60,0.9338,0.8687,2110,1.7004,2.05,28.75
SumurCuka 1,6.12,222.0,ASAM,TIDAK LAYAK,Tercemar Asam (Cuka),54513.40,2.7450,15875.50,0.7994,0.7428,2109,1.6996,2.10,28.81
SumurCuka 1,6.12,222.0,ASAM,TIDAK LAYAK,Tercemar Asam (Cuka),54479.90,2.7433,17695.20,0.8910,0.8289,2111,1.7012,2.00,28.75
SumurCuka 1,6.12,222.0,ASAM,TIDAK LAYAK,Tercemar Asam (Cuka),54654.30,2.7521,17800.70,0.8964,0.8338,2109,1.6996,2.10,28.75
SumurCuka 1,6.12,222.0,ASAM,TIDAK LAYAK,Tercemar Asam (Cuka),54465.30,2.7426,14067.00,0.7083,0.6589,2112,1.7020,1.95,28.75
SumurCuka 1,6.12,222.0,ASAM,TIDAK LAYAK,Tercemar Asam (Cuka),54630.40,2.7509,15070.30,0.7589,0.7051,2112,1.7020,1.95,28.81
SumurCuka 1,6.12,222.0,ASAM,TIDAK LAYAK,Tercemar Asam (Cuka),54297.40,2.7341,20767.60,1.0457,0.9717,2108,1.6988,2.15,28.81
SumurCuka 1,6.12,222.0,ASAM,TIDAK LAYAK,Tercemar Asam (Cuka),54108.60,2.7246,14916.90,0.7511,0.6979,2111,1.7012,2.00,28.81
SumurCuka 1,6.12,222.0,ASAM,TIDAK LAYAK,Tercemar Asam (Cuka),54337.60,2.7362,14971.20,0.7539,0.7005,2111,1.7012,2.00,28.81
SumurCuka 1,6.12,222.0,ASAM,TIDAK LAYAK,Tercemar Asam (Cuka),54473.50,2.7430,20385.20,1.0265,0.9538,2111,1.7012,2.00,28.81
SumurCuka 1,6.12,222.0,ASAM,TIDAK LAYAK,Tercemar Asam (Cuka),54386.90,2.7386,18719.00,0.9426,0.8758,2110,1.7004,2.05,28.81
SumurCuka 1,6.12,222.0,ASAM,TIDAK LAYAK,Tercemar Asam (Cuka),54427.10,2.7407,16005.10,0.8059,0.7497,2125,1.7125,1.28,28.75
SumurCuka 1,6.12,222.0,ASAM,TIDAK LAYAK,Tercemar Asam (Cuka),54318.10,2.7352,18720.60,0.9427,0.8759,2110,1.7004,2.05,28.81
SumurCuka 1,6.12,222.0,ASAM,TIDAK LAYAK,Tercemar Asam (Cuka),54339.30,2.7362,18781.70,0.9457,0.8798,2109,1.6996,2.10,28.75
SumurCuka 1,6.12,222.0,ASAM,TIDAK LAYAK,Tercemar Asam (Cuka),54527.90,2.7457,16013.10,0.8063,0.7492,2111,1.7012,2.00,28.81
SumurCuka 1,6.12,222.0,ASAM,TIDAK LAYAK,Tercemar Asam (Cuka),54468.50,2.7427,18362.40,0.9246,0.8591,2110,1.7004,2.05,28.81
SumurCuka 1,6.12,222.0,ASAM,TIDAK LAYAK,Tercemar Asam (Cuka),54169.30,2.7277,16755.60,0.8437,0.7839,2110,1.7004,2.05,28.81
SumurCuka 1,6.12,222.0,ASAM,TIDAK LAYAK,Tercemar Asam (Cuka),54545.50,2.7466,15268.80,0.7689,0.7144,2112,1.7020,1.95,28.81
SumurCuka 1,6.12,222.0,ASAM,TIDAK LAYAK,Tercemar Asam (Cuka),54651.10,2.7519,18308.00,0.9219,0.8566,2111,1.7012,2.00,28.81
SumurCuka 1,6.12,222.0,ASAM,TIDAK LAYAK,Tercemar Asam (Cuka),54270.10,2.7328,20990.30,1.0570,0.9832,2111,1.7012,2.00,28.75
SumurCuka 1,6.12,222.0,ASAM,TIDAK LAYAK,Tercemar Asam (Cuka),54552.00,2.7470,17949.20,0.9038,0.8398,2112,1.7020,1.95,28.81
SumurCuka 1,6.12,222.0,ASAM,TIDAK LAYAK,Tercemar Asam (Cuka),54297.50,2.7341,15958.40,0.8036,0.7466,2112,1.7020,1.95,28.81
SumurCuka 1,6.12,222.0,ASAM,TIDAK LAYAK,Tercemar Asam (Cuka),54636.90,2.7512,18845.50,0.9490,0.8828,2110,1.7004,2.05,28.75
SumurCuka 1,6.12,222.0,ASAM,TIDAK LAYAK,Tercemar Asam (Cuka),54595.10,2.7491,19391.30,0.9764,0.9073,2111,1.7012,2.00,28.81
SumurCuka 1,6.12,222.0,ASAM,TIDAK LAYAK,Tercemar Asam (Cuka),54599.90,2.7494,15456.00,0.7783,0.7240,2111,1.7012,2.00,28.75
SumurCuka 1,6.12,222.0,ASAM,TIDAK LAYAK,Tercemar Asam (Cuka),54425.40,2.7406,18879.20,0.9507,0.8843,2111,1.7012,2.00,28.75
SumurCuka 1,6.12,222.0,ASAM,TIDAK LAYAK,Tercemar Asam (Cuka),54164.50,2.7274,18376.90,0.9254,0.8608,2112,1.7020,1.95,28.75
SumurCuka 1,6.12,222.0,ASAM,TIDAK LAYAK,Tercemar Asam (Cuka),54468.70,2.7428,14419.10,0.7261,0.6754,2111,1.7012,2.00,28.75
SumurCuka 1,6.12,222.0,ASAM,TIDAK LAYAK,Tercemar Asam (Cuka),54350.40,2.7368,15460.90,0.7785,0.7242,2109,1.6996,2.10,28.75
SumurCuka 1,6.12,222.0,ASAM,TIDAK LAYAK,Tercemar Asam (Cuka),54535.90,2.7461,20715.10,1.0431,0.9703,2124,1.7116,1.33,28.75
SumurCuka 1,6.12,222.0,ASAM,TIDAK LAYAK,Tercemar Asam (Cuka),54329.30,2.7357,18285.30,0.9208,0.8555,2112,1.7020,1.95,28.81
SumurCuka 1,6.12,222.0,ASAM,TIDAK LAYAK,Tercemar Asam (Cuka),54276.50,2.7331,16194.00,0.8154,0.7586,2110,1.7004,2.05,28.75
SumurCuka 1,6.12,222.0,ASAM,TIDAK LAYAK,Tercemar Asam (Cuka),54260.70,2.7323,20694.00,1.0420,0.9682,2113,1.7028,1.90,28.81
SumurCuka 1,6.12,222.0,ASAM,TIDAK LAYAK,Tercemar Asam (Cuka),54433.30,2.7410,18048.40,0.9088,0.8454,2110,1.7004,2.05,28.75
SumurCuka 1,6.12,222.0,ASAM,TIDAK LAYAK,Tercemar Asam (Cuka),54311.90,2.7349,16701.00,0.8410,0.7823,2111,1.7012,2.00,28.75
SumurCuka 1,6.12,222.0,ASAM,TIDAK LAYAK,Tercemar Asam (Cuka),54545.70,2.7466,17922.10,0.9025,0.8395,2112,1.7020,1.95,28.75
SumurCuka 1,6.12,222.0,ASAM,TIDAK LAYAK,Tercemar Asam (Cuka),54412.50,2.7399,21075.10,1.0612,0.9872,2112,1.7020,1.95,28.75
SumurCuka 1,6.12,222.0,ASAM,TIDAK LAYAK,Tercemar Asam (Cuka),54342.10,2.7364,16674.00,0.8396,0.7810,2113,1.7028,1.90,28.75
SumurCuka 1,6.12,222.0,ASAM,TIDAK LAYAK,Tercemar Asam (Cuka),54425.50,2.7406,14334.30,0.7218,0.6714,2113,1.7028,1.90,28.75
SumurCuka 1,6.12,222.0,ASAM,TIDAK LAYAK,Tercemar Asam (Cuka),54292.60,2.7339,18152.80,0.9141,0.8503,2109,1.6996,2.10,28.75
SumurCuka 1,6.12,222.0,ASAM,TIDAK LAYAK,Tercemar Asam (Cuka),54111.70,2.7248,16053.10,0.8084,0.7511,2112,1.7020,1.95,28.81
SumurCuka 1,6.12,222.0,ASAM,TIDAK LAYAK,Tercemar Asam (Cuka),54550.40,2.7469,15064.10,0.7585,0.7048,2111,1.7012,2.00,28.81
SumurCuka 1,6.12,222.0,ASAM,TIDAK LAYAK,Tercemar Asam (Cuka),54202.90,2.7294,17488.60,0.8806,0.8192,2112,1.7020,1.95,28.75
SumurCuka 1,6.12,222.0,ASAM,TIDAK LAYAK,Tercemar Asam (Cuka),54385.60,2.7386,17360.30,0.8742,0.8122,2113,1.7028,1.90,28.81
SumurCuka 1,6.12,222.0,ASAM,TIDAK LAYAK,Tercemar Asam (Cuka),54568.00,2.7478,15756.80,0.7934,0.7372,2104,1.6955,2.36,28.81
SumurCuka 1,6.12,222.0,ASAM,TIDAK LAYAK,Tercemar Asam (Cuka),54451.00,2.7419,17719.00,0.8922,0.8300,2112,1.7020,1.95,28.75
SumurCuka 1,6.12,222.0,ASAM,TIDAK LAYAK,Tercemar Asam (Cuka),54495.90,2.7441,19583.30,0.9861,0.9173,2111,1.7012,2.00,28.75
SumurCuka 1,6.12,222.0,ASAM,TIDAK LAYAK,Tercemar Asam (Cuka),54383.70,2.7385,16336.50,0.8226,0.7643,2110,1.7004,2.05,28.81
SumurCuka 1,6.12,222.0,ASAM,TIDAK LAYAK,Tercemar Asam (Cuka),54230.10,2.7307,15033.70,0.7570,0.7034,2110,1.7004,2.05,28.81
SumurCuka 1,6.12,222.0,ASAM,TIDAK LAYAK,Tercemar Asam (Cuka),54238.10,2.7311,18047.10,0.9088,0.8454,2110,1.7004,2.05,28.75
SumurCuka 1,6.12,222.0,ASAM,TIDAK LAYAK,Tercemar Asam (Cuka),54377.40,2.7382,13766.00,0.6932,0.6441,2114,1.7036,1.85,28.81
SumurCuka 1,6.12,222.0,ASAM,TIDAK LAYAK,Tercemar Asam (Cuka),54355.00,2.7370,16518.80,0.8318,0.7738,2109,1.6996,2.10,28.75
SumurCuka 1,6.12,222.0,ASAM,TIDAK LAYAK,Tercemar Asam (Cuka),54047.90,2.7216,20815.60,1.0482,0.9750,2110,1.7004,2.05,28.75
SumurCuka 1,6.12,222.0,ASAM,TIDAK LAYAK,Tercemar Asam (Cuka),54265.30,2.7325,17779.70,0.8953,0.8328,2113,1.7028,1.90,28.75
SumurCuka 1,6.12,222.0,ASAM,TIDAK LAYAK,Tercemar Asam (Cuka),54531.10,2.7459,17299.90,0.8711,0.8104,2107,1.6979,2.21,28.75
SumurCuka 1,6.12,222.0,ASAM,TIDAK LAYAK,Tercemar Asam (Cuka),54436.60,2.7411,21627.10,1.0890,1.0119,2109,1.6996,2.10,28.81
SumurCuka 1,6.12,222.0,ASAM,TIDAK LAYAK,Tercemar Asam (Cuka),54241.70,2.7313,24946.40,1.2562,1.1672,2109,1.6996,2.10,28.81
SumurCuka 1,6.12,222.0,ASAM,TIDAK LAYAK,Tercemar Asam (Cuka),54500.80,2.7444,16571.40,0.8344,0.7762,2110,1.7004,2.05,28.75
SumurCuka 1,6.12,222.0,ASAM,TIDAK LAYAK,Tercemar Asam (Cuka),54465.60,2.7426,20782.40,1.0465,0.9735,2113,1.7028,1.90,28.75
SumurCuka 1,6.12,222.0,ASAM,TIDAK LAYAK,Tercemar Asam (Cuka),54314.90,2.7350,25733.70,1.2958,1.2054,2112,1.7020,1.95,28.75
SumurCuka 1,6.12,222.0,ASAM,TIDAK LAYAK,Tercemar Asam (Cuka),54465.40,2.7426,21169.60,1.0660,0.9916,2112,1.7020,1.95,28.75
SumurCuka 1,6.12,222.0,ASAM,TIDAK LAYAK,Tercemar Asam (Cuka),54351.90,2.7369,17506.10,0.8815,0.8200,2111,1.7012,2.00,28.75
SumurCuka 1,6.12,222.0,ASAM,TIDAK LAYAK,Tercemar Asam (Cuka),54113.40,2.7249,20894.10,1.0521,0.9787,2112,1.7020,1.95,28.75
SumurCuka 1,6.12,222.0,ASAM,TIDAK LAYAK,Tercemar Asam (Cuka),54211.10,2.7298,19478.00,0.9808,0.9124,2133,1.7189,0.87,28.75
SumurCuka 1,6.12,222.0,ASAM,TIDAK LAYAK,Tercemar Asam (Cuka),54187.00,2.7286,14463.80,0.7283,0.6775,2111,1.7012,2.00,28.75
SumurCuka 1,6.12,222.0,ASAM,TIDAK LAYAK,Tercemar Asam (Cuka),54302.30,2.7344,21631.90,1.0893,1.0121,2112,1.7020,1.95,28.81
SumurCuka 1,6.12,222.0,ASAM,TIDAK LAYAK,Tercemar Asam (Cuka),54202.90,2.7294,20095.50,1.0119,0.9402,2111,1.7012,2.00,28.81
SumurCuka 1,6.12,222.0,ASAM,TIDAK LAYAK,Tercemar Asam (Cuka),54529.60,2.7458,14332.50,0.7217,0.6714,2110,1.7004,2.05,28.75
SumurCuka 1,6.12,222.0,ASAM,TIDAK LAYAK,Tercemar Asam (Cuka),54278.20,2.7332,18838.00,0.9486,0.8814,2126,1.7133,1.23,28.81
SumurCuka 1,6.12,222.0,ASAM,TIDAK LAYAK,Tercemar Asam (Cuka),54180.50,2.7282,25261.80,1.2721,1.1819,2113,1.7028,1.90,28.81
SumurCuka 1,6.12,222.0,ASAM,TIDAK LAYAK,Tercemar Asam (Cuka),54649.70,2.7519,21477.10,1.0815,1.0049,2110,1.7004,2.05,28.81
SumurCuka 1,6.12,222.0,ASAM,TIDAK LAYAK,Tercemar Asam (Cuka),54470.50,2.7428,18282.30,0.9206,0.8564,2111,1.7012,2.00,28.75
SumurCuka 1,6.12,222.0,ASAM,TIDAK LAYAK,Tercemar Asam (Cuka),54439.90,2.7413,22630.70,1.1396,1.0601,2112,1.7020,1.95,28.75
SumurCuka 1,6.12,222.0,ASAM,TIDAK LAYAK,Tercemar Asam (Cuka),54417.40,2.7402,22243.50,1.1201,1.0407,2110,1.7004,2.05,28.81
SumurCuka 1,6.12,222.0,ASAM,TIDAK LAYAK,Tercemar Asam (Cuka),54286.20,2.7336,17267.70,0.8695,0.8088,2111,1.7012,2.00,28.75
SumurCuka 1,6.12,222.0,ASAM,TIDAK LAYAK,Tercemar Asam (Cuka),54238.30,2.7312,22006.50,1.1081,1.0308,2112,1.7020,1.95,28.75
SumurCuka 1,6.12,222.0,ASAM,TIDAK LAYAK,Tercemar Asam (Cuka),54340.70,2.7363,21020.60,1.0585,0.9846,2110,1.7004,2.05,28.75
SumurCuka 1,6.12,222.0,ASAM,TIDAK LAYAK,Tercemar Asam (Cuka),54204.80,2.7295,15167.80,0.7638,0.7105,2110,1.7004,2.05,28.75
SumurCuka 1,6.12,222.0,ASAM,TIDAK LAYAK,Tercemar Asam (Cuka),54350.40,2.7368,18275.90,0.9203,0.8561,2111,1.7012,2.00,28.75
SumurCuka 1,6.12,222.0,ASAM,TIDAK LAYAK,Tercemar Asam (Cuka),54217.50,2.7301,24984.90,1.2581,1.1703,2112,1.7020,1.95,28.75
SumurCuka 1,6.12,222.0,ASAM,TIDAK LAYAK,Tercemar Asam (Cuka),54354.90,2.7370,21569.70,1.0861,1.0092,2104,1.6955,2.36,28.81
SumurCuka 1,6.12,222.0,ASAM,TIDAK LAYAK,Tercemar Asam (Cuka),54383.80,2.7385,18002.30,0.9065,0.8433,2113,1.7028,1.90,28.75
SumurCuka 1,6.12,222.0,ASAM,TIDAK LAYAK,Tercemar Asam (Cuka),54300.60,2.7343,25711.60,1.2947,1.2044,2112,1.7020,1.95,28.75
SumurCuka 1,6.12,222.0,ASAM,TIDAK LAYAK,Tercemar Asam (Cuka),54308.70,2.7347,20502.30,1.0324,0.9592,2112,1.7020,1.95,28.81
SumurCuka 1,6.12,222.0,ASAM,TIDAK LAYAK,Tercemar Asam (Cuka),54326.10,2.7356,17562.10,0.8843,0.8226,2112,1.7020,1.95,28.75
SumurCuka 1,6.12,222.0,ASAM,TIDAK LAYAK,Tercemar Asam (Cuka),54410.90,2.7398,21195.10,1.0673,0.9917,2111,1.7012,2.00,28.81
SumurCuka 1,6.12,222.0,ASAM,TIDAK LAYAK,Tercemar Asam (Cuka),54273.30,2.7329,21342.30,1.0747,0.9985,2110,1.7004,2.05,28.81
SumurCuka 1,6.12,222.0,ASAM,TIDAK LAYAK,Tercemar Asam (Cuka),54348.50,2.7367,16357.10,0.8237,0.7662,2111,1.7012,2.00,28.75
SumurCuka 1,6.12,222.0,ASAM,TIDAK LAYAK,Tercemar Asam (Cuka),54345.50,2.7366,15627.20,0.7869,0.7312,2113,1.7028,1.90,28.81
SumurCuka 1,6.12,222.0,ASAM,TIDAK LAYAK,Tercemar Asam (Cuka),54163.10,2.7274,20934.10,1.0541,0.9806,2110,1.7004,2.05,28.75
SumurCuka 1,6.12,222.0,ASAM,TIDAK LAYAK,Tercemar Asam (Cuka),54513.40,2.7450,21472.10,1.0812,1.0046,2111,1.7012,2.00,28.81
SumurCuka 1,6.12,222.0,ASAM,TIDAK LAYAK,Tercemar Asam (Cuka),54428.80,2.7407,17514.20,0.8819,0.8204,2110,1.7004,2.05,28.75
SumurCuka 1,6.12,222.0,ASAM,TIDAK LAYAK,Tercemar Asam (Cuka),54014.10,2.7199,20812.40,1.0480,0.9749,2109,1.6996,2.10,28.75
SumurCuka 1,6.12,222.0,ASAM,TIDAK LAYAK,Tercemar Asam (Cuka),54326.30,2.7356,19154.60,0.9645,0.8972,2112,1.7020,1.95,28.75
SumurCuka 1,6.12,222.0,ASAM,TIDAK LAYAK,Tercemar Asam (Cuka),54391.80,2.7389,15486.50,0.7798,0.7254,2110,1.7004,2.05,28.75
SumurCuka 1,6.12,222.0,ASAM,TIDAK LAYAK,Tercemar Asam (Cuka),54297.60,2.7341,19370.70,0.9754,0.9074,2108,1.6988,2.15,28.75
SumurCuka 1,6.12,222.0,ASAM,TIDAK LAYAK,Tercemar Asam (Cuka),54273.50,2.7329,24945.00,1.2561,1.1685,2109,1.6996,2.10,28.75
SumurCuka 1,6.12,222.0,ASAM,TIDAK LAYAK,Tercemar Asam (Cuka),54801.50,2.7595,21720.30,1.0937,1.0162,2106,1.6971,2.26,28.81
SumurCuka 1,6.12,222.0,ASAM,TIDAK LAYAK,Tercemar Asam (Cuka),54422.10,2.7404,15041.40,0.7574,0.7037,2108,1.6988,2.15,28.81
SumurCuka 1,6.12,222.0,ASAM,TIDAK LAYAK,Tercemar Asam (Cuka),54283.10,2.7334,23582.70,1.1875,1.1047,2107,1.6979,2.21,28.75
SumurCuka 1,6.12,222.0,ASAM,TIDAK LAYAK,Tercemar Asam (Cuka),54411.00,2.7399,21949.10,1.1052,1.0281,2107,1.6979,2.21,28.75
SumurCuka 5,5.02,216.0,ASAM,TIDAK LAYAK,Tercemar Asam (Cuka),52617.30,2.6495,21297.50,1.0724,1.0023,2120,1.7084,1.54,28.50
SumurCuka 5,5.02,216.0,ASAM,TIDAK LAYAK,Tercemar Asam (Cuka),52772.50,2.6573,23665.90,1.1917,1.1124,2118,1.7068,1.64,28.56
SumurCuka 5,5.02,216.0,ASAM,TIDAK LAYAK,Tercemar Asam (Cuka),52369.10,2.6370,15717.00,0.7914,0.7397,2119,1.7076,1.59,28.50
SumurCuka 5,5.02,216.0,ASAM,TIDAK LAYAK,Tercemar Asam (Cuka),52799.70,2.6587,17431.00,0.8777,0.8194,2119,1.7076,1.59,28.56
SumurCuka 5,5.02,216.0,ASAM,TIDAK LAYAK,Tercemar Asam (Cuka),52726.10,2.6550,24067.90,1.2119,1.1313,2118,1.7068,1.64,28.56
SumurCuka 5,5.02,216.0,ASAM,TIDAK LAYAK,Tercemar Asam (Cuka),52807.70,2.6591,19252.00,0.9694,0.9050,2119,1.7076,1.59,28.56
SumurCuka 5,5.02,216.0,ASAM,TIDAK LAYAK,Tercemar Asam (Cuka),52684.50,2.6529,20927.90,1.0538,0.9837,2122,1.7100,1.44,28.56
SumurCuka 5,5.02,216.0,ASAM,TIDAK LAYAK,Tercemar Asam (Cuka),52751.70,2.6563,23381.20,1.1774,1.0990,2121,1.7092,1.49,28.56
SumurCuka 5,5.02,216.0,ASAM,TIDAK LAYAK,Tercemar Asam (Cuka),52913.30,2.6644,17741.50,0.8934,0.8340,2120,1.7084,1.54,28.56
SumurCuka 5,5.02,216.0,ASAM,TIDAK LAYAK,Tercemar Asam (Cuka),52972.50,2.6674,15224.10,0.7666,0.7156,2121,1.7092,1.49,28.56
SumurCuka 5,5.02,216.0,ASAM,TIDAK LAYAK,Tercemar Asam (Cuka),52708.50,2.6541,19092.20,0.9614,0.8974,2121,1.7092,1.49,28.56
SumurCuka 5,5.02,216.0,ASAM,TIDAK LAYAK,Tercemar Asam (Cuka),52881.30,2.6628,19711.50,0.9926,0.9255,2122,1.7100,1.44,28.63
SumurCuka 5,5.02,216.0,ASAM,TIDAK LAYAK,Tercemar Asam (Cuka),52809.30,2.6592,17883.90,0.9005,0.8397,2112,1.7020,1.95,28.63
SumurCuka 5,5.02,216.0,ASAM,TIDAK LAYAK,Tercemar Asam (Cuka),52746.90,2.6561,21627.10,1.0890,1.0154,2125,1.7125,1.28,28.63
SumurCuka 5,5.02,216.0,ASAM,TIDAK LAYAK,Tercemar Asam (Cuka),52922.90,2.6649,19820.30,0.9980,0.9317,2122,1.7100,1.44,28.56
SumurCuka 5,5.02,216.0,ASAM,TIDAK LAYAK,Tercemar Asam (Cuka),52852.50,2.6614,16070.60,0.8092,0.7545,2121,1.7092,1.49,28.63
SumurCuka 5,5.02,216.0,ASAM,TIDAK LAYAK,Tercemar Asam (Cuka),52770.90,2.6573,22315.20,1.1237,1.0477,2122,1.7100,1.44,28.63
SumurCuka 5,5.02,216.0,ASAM,TIDAK LAYAK,Tercemar Asam (Cuka),53059.00,2.6718,21212.60,1.0682,0.9959,2121,1.7092,1.49,28.63
SumurCuka 5,5.02,216.0,ASAM,TIDAK LAYAK,Tercemar Asam (Cuka),52698.90,2.6536,17493.40,0.8809,0.8213,2123,1.7108,1.38,28.63
SumurCuka 5,5.02,216.0,ASAM,TIDAK LAYAK,Tercemar Asam (Cuka),53135.80,2.6756,21515.10,1.0834,1.0102,2121,1.7092,1.49,28.63
SumurCuka 5,5.02,216.0,ASAM,TIDAK LAYAK,Tercemar Asam (Cuka),53098.90,2.6738,20158.00,1.0151,0.9464,2117,1.7060,1.69,28.63
SumurCuka 5,5.02,216.0,ASAM,TIDAK LAYAK,Tercemar Asam (Cuka),52862.10,2.6619,16829.30,0.8474,0.7901,2121,1.7092,1.49,28.63
SumurCuka 5,5.02,216.0,ASAM,TIDAK LAYAK,Tercemar Asam (Cuka),52810.90,2.6593,19565.80,0.9852,0.9186,2122,1.7100,1.44,28.63
SumurCuka 5,5.02,216.0,ASAM,TIDAK LAYAK,Tercemar Asam (Cuka),52999.70,2.6688,19417.10,0.9777,0.9116,2130,1.7165,1.03,28.63
SumurCuka 5,5.02,216.0,ASAM,TIDAK LAYAK,Tercemar Asam (Cuka),52983.70,2.6680,16142.60,0.8129,0.7579,2123,1.7108,1.38,28.63
SumurCuka 5,5.02,216.0,ASAM,TIDAK LAYAK,Tercemar Asam (Cuka),52825.30,2.6600,20878.30,1.0513,0.9803,2124,1.7116,1.33,28.63
SumurCuka 5,5.02,216.0,ASAM,TIDAK LAYAK,Tercemar Asam (Cuka),52894.10,2.6635,24752.80,1.2464,1.1622,2116,1.7052,1.74,28.63
SumurCuka 5,5.02,216.0,ASAM,TIDAK LAYAK,Tercemar Asam (Cuka),53014.10,2.6695,19201.00,0.9669,0.9015,2118,1.7068,1.64,28.63
SumurCuka 5,5.02,216.0,ASAM,TIDAK LAYAK,Tercemar Asam (Cuka),53001.30,2.6689,15824.10,0.7968,0.7430,2116,1.7052,1.74,28.63
SumurCuka 5,5.02,216.0,ASAM,TIDAK LAYAK,Tercemar Asam (Cuka),53041.30,2.6709,20146.60,1.0145,0.9459,2120,1.7084,1.54,28.63
SumurCuka 5,5.02,216.0,ASAM,TIDAK LAYAK,Tercemar Asam (Cuka),52934.10,2.6655,20771.10,1.0459,0.9752,2119,1.7076,1.59,28.63
SumurCuka 5,5.02,216.0,ASAM,TIDAK LAYAK,Tercemar Asam (Cuka),52814.00,2.6594,15152.00,0.7630,0.7114,2120,1.7084,1.54,28.63
SumurCuka 5,5.02,216.0,ASAM,TIDAK LAYAK,Tercemar Asam (Cuka),52959.70,2.6668,22749.10,1.1455,1.0681,2121,1.7092,1.49,28.63
SumurCuka 5,5.02,216.0,ASAM,TIDAK LAYAK,Tercemar Asam (Cuka),52945.30,2.6660,20828.80,1.0488,0.9779,2119,1.7076,1.59,28.63
SumurCuka 5,5.02,216.0,ASAM,TIDAK LAYAK,Tercemar Asam (Cuka),52983.70,2.6680,17437.50,0.8781,0.8187,2118,1.7068,1.64,28.63
SumurCuka 5,5.02,216.0,ASAM,TIDAK LAYAK,Tercemar Asam (Cuka),52986.90,2.6681,21233.60,1.0692,0.9958,2121,1.7092,1.49,28.69
SumurCuka 5,5.02,216.0,ASAM,TIDAK LAYAK,Tercemar Asam (Cuka),52913.30,2.6644,19766.10,0.9953,0.9270,2116,1.7052,1.74,28.69
SumurCuka 5,5.02,216.0,ASAM,TIDAK LAYAK,Tercemar Asam (Cuka),53170.90,2.6774,16725.20,0.8422,0.7843,2116,1.7052,1.74,28.69
SumurCuka 5,5.02,216.0,ASAM,TIDAK LAYAK,Tercemar Asam (Cuka),52938.90,2.6657,18991.30,0.9563,0.8917,2121,1.7092,1.49,28.63
SumurCuka 5,5.02,216.0,ASAM,TIDAK LAYAK,Tercemar Asam (Cuka),52833.30,2.6604,20540.70,1.0343,0.9644,2120,1.7084,1.54,28.63
SumurCuka 5,5.02,216.0,ASAM,TIDAK LAYAK,Tercemar Asam (Cuka),53129.30,2.6753,15845.10,0.7979,0.7431,2119,1.7076,1.59,28.69
SumurCuka 5,5.02,216.0,ASAM,TIDAK LAYAK,Tercemar Asam (Cuka),52954.90,2.6665,20537.20,1.0341,0.9642,2118,1.7068,1.64,28.63
SumurCuka 5,5.02,216.0,ASAM,TIDAK LAYAK,Tercemar Asam (Cuka),53002.90,2.6689,24586.40,1.2380,1.1530,2133,1.7189,0.87,28.69
SumurCuka 5,5.02,216.0,ASAM,TIDAK LAYAK,Tercemar Asam (Cuka),53169.40,2.6773,17214.90,0.8669,0.8073,2119,1.7076,1.59,28.69
SumurCuka 5,5.02,216.0,ASAM,TIDAK LAYAK,Tercemar Asam (Cuka),53145.30,2.6761,15929.70,0.8021,0.7470,2111,1.7012,2.00,28.69
SumurCuka 5,5.02,216.0,ASAM,TIDAK LAYAK,Tercemar Asam (Cuka),53098.90,2.6738,22627.40,1.1394,1.0624,2110,1.7004,2.05,28.63
SumurCuka 5,5.02,216.0,ASAM,TIDAK LAYAK,Tercemar Asam (Cuka),53098.90,2.6738,20775.90,1.0462,0.9743,2118,1.7068,1.64,28.69
SumurCuka 5,5.02,216.0,ASAM,TIDAK LAYAK,Tercemar Asam (Cuka),53063.70,2.6720,21512.10,1.0832,1.0088,2119,1.7076,1.59,28.69
SumurCuka 5,5.02,216.0,ASAM,TIDAK LAYAK,Tercemar Asam (Cuka),52974.10,2.6675,21532.70,1.0843,1.0110,2117,1.7060,1.69,28.63
SumurCuka 5,5.02,216.0,ASAM,TIDAK LAYAK,Tercemar Asam (Cuka),53050.90,2.6714,14881.50,0.7494,0.6979,2116,1.7052,1.74,28.69
SumurCuka 5,5.02,216.0,ASAM,TIDAK LAYAK,Tercemar Asam (Cuka),53097.30,2.6737,17362.30,0.8743,0.8142,2117,1.7060,1.69,28.69
SumurCuka 5,5.02,216.0,ASAM,TIDAK LAYAK,Tercemar Asam (Cuka),52929.30,2.6652,23331.70,1.1749,1.0942,2131,1.7173,0.97,28.69
SumurCuka 5,5.02,216.0,ASAM,TIDAK LAYAK,Tercemar Asam (Cuka),52863.70,2.6619,20585.50,1.0366,0.9665,2118,1.7068,1.64,28.63
SumurCuka 5,5.02,216.0,ASAM,TIDAK LAYAK,Tercemar Asam (Cuka),53047.70,2.6712,17127.10,0.8624,0.8032,2120,1.7084,1.54,28.69
SumurCuka 5,5.02,216.0,ASAM,TIDAK LAYAK,Tercemar Asam (Cuka),52930.90,2.6653,20116.40,1.0130,0.9434,2132,1.7181,0.92,28.69
SumurCuka 5,5.02,216.0,ASAM,TIDAK LAYAK,Tercemar Asam (Cuka),52866.80,2.6621,19681.20,0.9910,0.9230,2119,1.7076,1.59,28.69
SumurCuka 5,5.02,216.0,ASAM,TIDAK LAYAK,Tercemar Asam (Cuka),53174.20,2.6776,17797.50,0.8962,0.8356,2118,1.7068,1.64,28.63
SumurCuka 5,5.02,216.0,ASAM,TIDAK LAYAK,Tercemar Asam (Cuka),53159.70,2.6768,21054.30,1.0602,0.9874,2139,1.7237,0.56,28.69
SumurCuka 5,5.02,216.0,ASAM,TIDAK LAYAK,Tercemar Asam (Cuka),52866.80,2.6621,21964.90,1.1060,1.0301,2118,1.7068,1.64,28.69
SumurCuka 5,5.02,216.0,ASAM,TIDAK LAYAK,Tercemar Asam (Cuka),53322.90,2.6851,17338.20,0.8731,0.8131,2120,1.7084,1.54,28.69
SumurCuka 5,5.02,216.0,ASAM,TIDAK LAYAK,Tercemar Asam (Cuka),53177.30,2.6777,15510.40,0.7810,0.7274,2121,1.7092,1.49,28.69
SumurCuka 5,5.02,216.0,ASAM,TIDAK LAYAK,Tercemar Asam (Cuka),52921.30,2.6648,22142.60,1.1150,1.0384,2138,1.7229,0.62,28.69
SumurCuka 5,5.02,216.0,ASAM,TIDAK LAYAK,Tercemar Asam (Cuka),53294.20,2.6836,20169.20,1.0156,0.9459,2128,1.7149,1.13,28.69
SumurCuka 5,5.02,216.0,ASAM,TIDAK LAYAK,Tercemar Asam (Cuka),53145.30,2.6761,17855.20,0.8991,0.8373,2126,1.7133,1.23,28.69
SumurCuka 5,5.02,216.0,ASAM,TIDAK LAYAK,Tercemar Asam (Cuka),53014.10,2.6695,23390.80,1.1778,1.0982,2122,1.7100,1.44,28.63
SumurCuka 5,5.02,216.0,ASAM,TIDAK LAYAK,Tercemar Asam (Cuka),52884.50,2.6630,20724.80,1.0436,0.9719,2116,1.7052,1.74,28.69
SumurCuka 5,5.02,216.0,ASAM,TIDAK LAYAK,Tercemar Asam (Cuka),53113.30,2.6745,17408.50,0.8766,0.8164,2115,1.7044,1.79,28.69
SumurCuka 5,5.02,216.0,ASAM,TIDAK LAYAK,Tercemar Asam (Cuka),52846.10,2.6611,20614.10,1.0380,0.9667,2111,1.7012,2.00,28.69
SumurCuka 5,5.02,216.0,ASAM,TIDAK LAYAK,Tercemar Asam (Cuka),52934.10,2.6655,19812.30,0.9976,0.9291,2112,1.7020,1.95,28.69
SumurCuka 5,5.02,216.0,ASAM,TIDAK LAYAK,Tercemar Asam (Cuka),53175.70,2.6777,16358.60,0.8237,0.7672,2116,1.7052,1.74,28.69
SumurCuka 5,5.02,216.0,ASAM,TIDAK LAYAK,Tercemar Asam (Cuka),53407.80,2.6893,21030.30,1.0590,0.9862,2118,1.7068,1.64,28.69
SumurCuka 5,5.02,216.0,ASAM,TIDAK LAYAK,Tercemar Asam (Cuka),53009.30,2.6693,24352.60,1.2263,1.1420,2117,1.7060,1.69,28.69
SumurCuka 5,5.02,216.0,ASAM,TIDAK LAYAK,Tercemar Asam (Cuka),53162.90,2.6770,16570.20,0.8344,0.7771,2117,1.7060,1.69,28.69
SumurCuka 5,5.02,216.0,ASAM,TIDAK LAYAK,Tercemar Asam (Cuka),52642.80,2.6508,22176.20,1.1167,1.0400,2117,1.7060,1.69,28.69
SumurCuka 5,5.02,216.0,ASAM,TIDAK LAYAK,Tercemar Asam (Cuka),52777.20,2.6576,22681.80,1.1421,1.0637,2118,1.7068,1.64,28.69
SumurCuka 5,5.02,216.0,ASAM,TIDAK LAYAK,Tercemar Asam (Cuka),53012.50,2.6694,15491.20,0.7801,0.7265,2118,1.7068,1.64,28.69
SumurCuka 5,5.02,216.0,ASAM,TIDAK LAYAK,Tercemar Asam (Cuka),53470.20,2.6925,17333.20,0.8728,0.8129,2119,1.7076,1.59,28.69
SumurCuka 5,5.02,216.0,ASAM,TIDAK LAYAK,Tercemar Asam (Cuka),53038.10,2.6707,24322.40,1.2247,1.1406,2116,1.7052,1.74,28.69
SumurCuka 5,5.02,216.0,ASAM,TIDAK LAYAK,Tercemar Asam (Cuka),52967.70,2.6672,20499.00,1.0322,0.9613,2120,1.7084,1.54,28.69
SumurCuka 5,5.02,216.0,ASAM,TIDAK LAYAK,Tercemar Asam (Cuka),52996.50,2.6686,15384.10,0.7747,0.7215,2117,1.7060,1.69,28.69
SumurCuka 5,5.02,216.0,ASAM,TIDAK LAYAK,Tercemar Asam (Cuka),53233.30,2.6806,24711.30,1.2443,1.1589,2132,1.7181,0.92,28.69
SumurCuka 5,5.02,216.0,ASAM,TIDAK LAYAK,Tercemar Asam (Cuka),53193.30,2.6785,16064.20,0.8089,0.7533,2119,1.7076,1.59,28.69
SumurCuka 5,5.02,216.0,ASAM,TIDAK LAYAK,Tercemar Asam (Cuka),53380.60,2.6880,19039.40,0.9587,0.8929,2118,1.7068,1.64,28.69
SumurCuka 5,5.02,216.0,ASAM,TIDAK LAYAK,Tercemar Asam (Cuka),53081.30,2.6729,24248.70,1.2210,1.1372,2118,1.7068,1.64,28.69
SumurCuka 5,5.02,216.0,ASAM,TIDAK LAYAK,Tercemar Asam (Cuka),53052.50,2.6714,20635.10,1.0391,0.9677,2118,1.7068,1.64,28.69
SumurCuka 5,5.02,216.0,ASAM,TIDAK LAYAK,Tercemar Asam (Cuka),53106.90,2.6742,17333.40,0.8728,0.8129,2119,1.7076,1.59,28.69
SumurCuka 5,5.02,216.0,ASAM,TIDAK LAYAK,Tercemar Asam (Cuka),53054.10,2.6715,21038.10,1.0594,0.9866,2119,1.7076,1.59,28.69
SumurCuka 5,5.02,216.0,ASAM,TIDAK LAYAK,Tercemar Asam (Cuka),52908.50,2.6642,20588.40,1.0367,0.9655,2119,1.7076,1.59,28.69
SumurCuka 5,5.02,216.0,ASAM,TIDAK LAYAK,Tercemar Asam (Cuka),52980.50,2.6678,15199.80,0.7654,0.7128,2118,1.7068,1.64,28.69
SumurCuka 5,5.02,216.0,ASAM,TIDAK LAYAK,Tercemar Asam (Cuka),53070.10,2.6723,20812.50,1.0480,0.9760,2117,1.7060,1.69,28.69
SumurCuka 5,5.02,216.0,ASAM,TIDAK LAYAK,Tercemar Asam (Cuka),52999.70,2.6688,19869.80,1.0005,0.9329,2118,1.7068,1.64,28.63
SumurCuka 5,5.02,216.0,ASAM,TIDAK LAYAK,Tercemar Asam (Cuka),53113.20,2.6745,17250.10,0.8686,0.8090,2117,1.7060,1.69,28.69
SumurCuka 5,5.02,216.0,ASAM,TIDAK LAYAK,Tercemar Asam (Cuka),53111.70,2.6744,21486.50,1.0819,1.0076,2119,1.7076,1.59,28.69
SumurCuka 5,5.02,216.0,ASAM,TIDAK LAYAK,Tercemar Asam (Cuka),53026.90,2.6702,22507.40,1.1334,1.0555,2139,1.7237,0.56,28.69
SumurCuka 5,5.02,216.0,ASAM,TIDAK LAYAK,Tercemar Asam (Cuka),53070.10,2.6723,16166.70,0.8141,0.7582,2118,1.7068,1.64,28.69
SumurCuka 5,5.02,216.0,ASAM,TIDAK LAYAK,Tercemar Asam (Cuka),53044.50,2.6710,15016.00,0.7561,0.7042,2120,1.7084,1.54,28.69
SumurCuka 5,5.02,216.0,ASAM,TIDAK LAYAK,Tercemar Asam (Cuka),53268.60,2.6823,20348.50,1.0246,0.9543,2117,1.7060,1.69,28.69
SumurCuka 5,5.02,216.0,ASAM,TIDAK LAYAK,Tercemar Asam (Cuka),53326.10,2.6852,18594.50,0.9363,0.8720,2119,1.7076,1.59,28.69
SumurCuka 5,5.02,216.0,ASAM,TIDAK LAYAK,Tercemar Asam (Cuka),52964.50,2.6670,15182.20,0.7645,0.7120,2114,1.7036,1.85,28.69
SumurCuka 5,5.02,216.0,ASAM,TIDAK LAYAK,Tercemar Asam (Cuka),52929.20,2.6652,22172.90,1.1165,1.0398,2118,1.7068,1.64,28.69
SumurCuka 5,5.02,216.0,ASAM,TIDAK LAYAK,Tercemar Asam (Cuka),53094.10,2.6735,20739.20,1.0443,0.9726,2116,1.7052,1.74,28.69
SumurCuka 5,5.02,216.0,ASAM,TIDAK LAYAK,Tercemar Asam (Cuka),53222.10,2.6800,17666.30,0.8896,0.8285,2117,1.7060,1.69,28.69
SumurCuka 5,5.02,216.0,ASAM,TIDAK LAYAK,Tercemar Asam (Cuka),53087.70,2.6732,21113.50,1.0632,0.9901,2117,1.7060,1.69,28.69
SumurCuka 5,5.02,216.0,ASAM,TIDAK LAYAK,Tercemar Asam (Cuka),53167.70,2.6772,24882.40,1.2529,1.1669,2117,1.7060,1.69,28.69
SumurCuka 5,5.02,216.0,ASAM,TIDAK LAYAK,Tercemar Asam (Cuka),53258.90,2.6818,18716.20,0.9424,0.8777,2118,1.7068,1.64,28.69
SumurCuka 5,5.02,216.0,ASAM,TIDAK LAYAK,Tercemar Asam (Cuka),53119.60,2.6748,19274.60,0.9706,0.9039,2117,1.7060,1.69,28.69
SumurCuka 5,5.02,216.0,ASAM,TIDAK LAYAK,Tercemar Asam (Cuka),53206.10,2.6792,24596.10,1.2385,1.1535,2117,1.7060,1.69,28.69
SumurCuka 5,5.02,216.0,ASAM,TIDAK LAYAK,Tercemar Asam (Cuka),53289.30,2.6834,17891.90,0.9009,0.8391,2116,1.7052,1.74,28.69
SumurCuka 5,5.02,216.0,ASAM,TIDAK LAYAK,Tercemar Asam (Cuka),52874.90,2.6625,15390.40,0.7750,0.7218,2117,1.7060,1.69,28.69
SumurCuka 5,5.02,216.0,ASAM,TIDAK LAYAK,Tercemar Asam (Cuka),52985.20,2.6681,21923.30,1.1039,1.0281,2122,1.7100,1.44,28.69
SumurCuka 5,5.02,216.0,ASAM,TIDAK LAYAK,Tercemar Asam (Cuka),53143.70,2.6760,20391.80,1.0268,0.9574,2117,1.7060,1.69,28.63
SumurCuka 5,5.02,216.0,ASAM,TIDAK LAYAK,Tercemar Asam (Cuka),53385.30,2.6882,17154.30,0.8638,0.8045,2121,1.7092,1.49,28.69
SumurCuka 5,5.02,216.0,ASAM,TIDAK LAYAK,Tercemar Asam (Cuka),53121.20,2.6749,20899.10,1.0524,0.9812,2120,1.7084,1.54,28.63
SumurCuka 5,5.02,216.0,ASAM,TIDAK LAYAK,Tercemar Asam (Cuka),53074.90,2.6726,23720.60,1.1944,1.1124,2117,1.7060,1.69,28.69
SumurCuka 5,5.02,216.0,ASAM,TIDAK LAYAK,Tercemar Asam (Cuka),53303.70,2.6841,16851.70,0.8486,0.7912,2116,1.7052,1.74,28.63
SumurCuka 5,5.02,216.0,ASAM,TIDAK LAYAK,Tercemar Asam (Cuka),52982.00,2.6679,19954.70,1.0048,0.9358,2118,1.7068,1.64,28.69
SumurCuka 5,5.02,216.0,ASAM,TIDAK LAYAK,Tercemar Asam (Cuka),53140.50,2.6759,19676.30,0.9908,0.9227,2117,1.7060,1.69,28.69
SumurCuka 5,5.02,216.0,ASAM,TIDAK LAYAK,Tercemar Asam (Cuka),53558.20,2.6969,15683.20,0.7897,0.7355,2117,1.7060,1.69,28.69
SumurCuka 5,5.02,216.0,ASAM,TIDAK LAYAK,Tercemar Asam (Cuka),53266.90,2.6822,20082.70,1.0113,0.9418,2123,1.7108,1.38,28.69
SumurCuka 5,5.02,216.0,ASAM,TIDAK LAYAK,Tercemar Asam (Cuka),53127.70,2.6752,24906.40,1.2542,1.1680,2118,1.7068,1.64,28.69
SumurCuka 5,5.02,216.0,ASAM,TIDAK LAYAK,Tercemar Asam (Cuka),53262.10,2.6820,18420.00,0.9275,0.8648,2118,1.7068,1.64,28.63
SumurCuka 5,5.02,216.0,ASAM,TIDAK LAYAK,Tercemar Asam (Cuka),52897.20,2.6636,14974.40,0.7540,0.7022,2116,1.7052,1.74,28.69
SumurCuka 5,5.02,216.0,ASAM,TIDAK LAYAK,Tercemar Asam (Cuka),52847.70,2.6611,22627.60,1.1394,1.0624,2131,1.7173,0.97,28.63
SumurCuka 5,5.02,216.0,ASAM,TIDAK LAYAK,Tercemar Asam (Cuka),53025.30,2.6701,14948.80,0.7527,0.7019,2117,1.7060,1.69,28.63
SumurCuka 5,5.02,216.0,ASAM,TIDAK LAYAK,Tercemar Asam (Cuka),53222.10,2.6800,18440.70,0.9286,0.8648,2120,1.7084,1.54,28.69
SumurCuka 5,5.02,216.0,ASAM,TIDAK LAYAK,Tercemar Asam (Cuka),53204.50,2.6791,24805.80,1.2491,1.1647,2117,1.7060,1.69,28.63
SumurCuka 5,5.02,216.0,ASAM,TIDAK LAYAK,Tercemar Asam (Cuka),53225.30,2.6801,18610.50,0.9371,0.8728,2088,1.6826,3.18,28.69
SumurCuka 5,5.02,216.0,ASAM,TIDAK LAYAK,Tercemar Asam (Cuka),53140.50,2.6759,15348.70,0.7729,0.7206,2118,1.7068,1.64,28.63
SumurCuka 5,5.02,216.0,ASAM,TIDAK LAYAK,Tercemar Asam (Cuka),52762.80,2.6569,21295.80,1.0723,0.9987,2117,1.7060,1.69,28.69
SumurCuka 5,5.02,216.0,ASAM,TIDAK LAYAK,Tercemar Asam (Cuka),53178.90,2.6778,19596.40,0.9868,0.9190,2118,1.7068,1.64,28.69
SumurCuka 5,5.02,216.0,ASAM,TIDAK LAYAK,Tercemar Asam (Cuka),53196.50,2.6787,15523.30,0.7817,0.7280,2120,1.7084,1.54,28.69
SumurCuka 5,5.02,216.0,ASAM,TIDAK LAYAK,Tercemar Asam (Cuka),53113.30,2.6745,20057.10,1.0100,0.9406,2116,1.7052,1.74,28.69
SumurCuka 5,5.02,216.0,ASAM,TIDAK LAYAK,Tercemar Asam (Cuka),53244.50,2.6811,20583.60,1.0365,0.9664,2120,1.7084,1.54,28.63
SumurCuka 5,5.02,216.0,ASAM,TIDAK LAYAK,Tercemar Asam (Cuka),53271.70,2.6825,16537.90,0.8328,0.7756,2119,1.7076,1.59,28.69
SumurCuka 5,5.02,216.0,ASAM,TIDAK LAYAK,Tercemar Asam (Cuka),53191.70,2.6785,17735.00,0.8930,0.8327,2120,1.7084,1.54,28.63
SumurCuka 5,5.02,216.0,ASAM,TIDAK LAYAK,Tercemar Asam (Cuka),53006.00,2.6691,24738.60,1.2457,1.1615,2117,1.7060,1.69,28.63
SumurCuka 5,5.02,216.0,ASAM,TIDAK LAYAK,Tercemar Asam (Cuka),53202.80,2.6790,17624.70,0.8875,0.8265,2118,1.7068,1.64,28.69
SumurCuka 5,5.02,216.0,ASAM,TIDAK LAYAK,Tercemar Asam (Cuka),52972.40,2.6674,15217.50,0.7663,0.7136,2128,1.7149,1.13,28.69
SumurCuka 5,5.02,216.0,ASAM,TIDAK LAYAK,Tercemar Asam (Cuka),53068.40,2.6722,21424.00,1.0788,1.0059,2116,1.7052,1.74,28.63
SumurCuka 5,5.02,216.0,ASAM,TIDAK LAYAK,Tercemar Asam (Cuka),53289.30,2.6834,18520.90,0.9326,0.8686,2118,1.7068,1.64,28.69
SumurCuka 5,5.02,216.0,ASAM,TIDAK LAYAK,Tercemar Asam (Cuka),52985.20,2.6681,15195.00,0.7651,0.7134,2120,1.7084,1.54,28.63
SumurCuka 5,5.02,216.0,ASAM,TIDAK LAYAK,Tercemar Asam (Cuka),53012.50,2.6694,19689.10,0.9914,0.9244,2120,1.7084,1.54,28.63
SumurCuka 5,5.02,216.0,ASAM,TIDAK LAYAK,Tercemar Asam (Cuka),52847.60,2.6611,19420.20,0.9779,0.9118,2119,1.7076,1.59,28.63
SumurCuka 5,5.02,216.0,ASAM,TIDAK LAYAK,Tercemar Asam (Cuka),53362.90,2.6871,16589.10,0.8353,0.7780,2118,1.7068,1.64,28.69
SumurCuka 5,5.02,216.0,ASAM,TIDAK LAYAK,Tercemar Asam (Cuka),53375.70,2.6877,20618.80,1.0383,0.9669,2113,1.7028,1.90,28.69
SumurCuka 5,5.02,216.0,ASAM,TIDAK LAYAK,Tercemar Asam (Cuka),53313.30,2.6846,24359.20,1.2266,1.1424,2117,1.7060,1.69,28.69
SumurCuka 5,5.02,216.0,ASAM,TIDAK LAYAK,Tercemar Asam (Cuka),53510.10,2.6945,19593.20,0.9866,0.9188,2117,1.7060,1.69,28.69
SumurCuka 5,5.02,216.0,ASAM,TIDAK LAYAK,Tercemar Asam (Cuka),53433.40,2.6906,20694.30,1.0421,0.9705,2119,1.7076,1.59,28.69
SumurCuka 5,5.02,216.0,ASAM,TIDAK LAYAK,Tercemar Asam (Cuka),53345.30,2.6862,23025.90,1.1595,1.0811,2115,1.7044,1.79,28.63
SumurCuka 5,5.02,216.0,ASAM,TIDAK LAYAK,Tercemar Asam (Cuka),53038.00,2.6707,14908.60,0.7507,0.6992,2117,1.7060,1.69,28.69
SumurCuka 5,5.02,216.0,ASAM,TIDAK LAYAK,Tercemar Asam (Cuka),53386.90,2.6883,16078.50,0.8096,0.7549,2118,1.7068,1.64,28.63
SumurCuka 5,5.02,216.0,ASAM,TIDAK LAYAK,Tercemar Asam (Cuka),53588.50,2.6984,24365.50,1.2269,1.1426,2118,1.7068,1.64,28.69
SumurCuka 5,5.02,216.0,ASAM,TIDAK LAYAK,Tercemar Asam (Cuka),53665.40,2.7023,21366.50,1.0759,1.0020,2119,1.7076,1.59,28.69
SumurCuka 5,5.02,216.0,ASAM,TIDAK LAYAK,Tercemar Asam (Cuka),53374.20,2.6876,16821.20,0.8470,0.7898,2119,1.7076,1.59,28.63
SumurCuka 5,5.02,216.0,ASAM,TIDAK LAYAK,Tercemar Asam (Cuka),53290.90,2.6835,20334.00,1.0239,0.9536,2115,1.7044,1.79,28.69
SumurCuka 5,5.02,216.0,ASAM,TIDAK LAYAK,Tercemar Asam (Cuka),53281.30,2.6830,17312.60,0.8718,0.8119,2116,1.7052,1.74,28.69
SumurCuka 5,5.02,216.0,ASAM,TIDAK LAYAK,Tercemar Asam (Cuka),53241.30,2.6810,16078.50,0.8096,0.7540,2113,1.7028,1.90,28.69
SumurCuka 5,5.02,216.0,ASAM,TIDAK LAYAK,Tercemar Asam (Cuka),53126.00,2.6751,24379.90,1.2276,1.1447,2108,1.6988,2.15,28.63
SumurCuka 5,5.02,216.0,ASAM,TIDAK LAYAK,Tercemar Asam (Cuka),52998.00,2.6687,19129.10,0.9632,0.8971,2111,1.7012,2.00,28.69
SumurCuka 5,5.02,216.0,ASAM,TIDAK LAYAK,Tercemar Asam (Cuka),53396.50,2.6888,14940.70,0.7523,0.7015,2116,1.7052,1.74,28.63
SumurCuka 5,5.02,216.0,ASAM,TIDAK LAYAK,Tercemar Asam (Cuka),53292.50,2.6835,22677.00,1.1419,1.0635,2116,1.7052,1.74,28.69
SumurCuka 5,5.02,216.0,ASAM,TIDAK LAYAK,Tercemar Asam (Cuka),53420.50,2.6900,21317.00,1.0734,1.0009,2116,1.7052,1.74,28.63
SumurCuka 5,5.02,216.0,ASAM,TIDAK LAYAK,Tercemar Asam (Cuka),53249.30,2.6814,17099.70,0.8611,0.8028,2117,1.7060,1.69,28.63
SumurCuka 5,5.02,216.0,ASAM,TIDAK LAYAK,Tercemar Asam (Cuka),53166.10,2.6772,19805.70,0.9973,0.9299,2118,1.7068,1.64,28.63
SumurCuka 5,5.02,216.0,ASAM,TIDAK LAYAK,Tercemar Asam (Cuka),53330.90,2.6855,18650.60,0.9391,0.8757,2116,1.7052,1.74,28.63
SumurCuka 5,5.02,216.0,ASAM,TIDAK LAYAK,Tercemar Asam (Cuka),53116.40,2.6747,15769.70,0.7941,0.7404,2114,1.7036,1.85,28.63
SumurCuka 5,5.02,216.0,ASAM,TIDAK LAYAK,Tercemar Asam (Cuka),53361.30,2.6870,20322.90,1.0234,0.9542,2117,1.7060,1.69,28.63
SumurCuka 5,5.02,216.0,ASAM,TIDAK LAYAK,Tercemar Asam (Cuka),53487.70,2.6934,21086.20,1.0618,0.9900,2117,1.7060,1.69,28.63
SumurCuka 5,5.02,216.0,ASAM,TIDAK LAYAK,Tercemar Asam (Cuka),53747.00,2.7064,17506.30,0.8815,0.8219,2117,1.7060,1.69,28.63
SumurCuka 5,5.02,216.0,ASAM,TIDAK LAYAK,Tercemar Asam (Cuka),53425.30,2.6902,20630.20,1.0388,0.9686,2114,1.7036,1.85,28.63
SumurCuka 5,5.02,216.0,ASAM,TIDAK LAYAK,Tercemar Asam (Cuka),53287.70,2.6833,22806.70,1.1484,1.0708,2119,1.7076,1.59,28.63
SumurCuka 5,5.02,216.0,ASAM,TIDAK LAYAK,Tercemar Asam (Cuka),52982.10,2.6679,14968.00,0.7537,0.7028,2114,1.7036,1.85,28.63
SumurCuka 5,5.02,216.0,ASAM,TIDAK LAYAK,Tercemar Asam (Cuka),52844.40,2.6610,21199.90,1.0675,0.9954,2138,1.7229,0.62,28.63
SumurCuka 5,5.02,216.0,ASAM,TIDAK LAYAK,Tercemar Asam (Cuka),53295.80,2.6837,19573.80,0.9856,0.9179,2118,1.7068,1.64,28.69
SumurCuka 5,5.02,216.0,ASAM,TIDAK LAYAK,Tercemar Asam (Cuka),53666.90,2.7024,17135.10,0.8628,0.8036,2117,1.7060,1.69,28.69
SumurCuka 5,5.02,216.0,ASAM,TIDAK LAYAK,Tercemar Asam (Cuka),53215.70,2.6797,21819.40,1.0987,1.0232,2116,1.7052,1.74,28.69
SumurCuka 5,5.02,216.0,ASAM,TIDAK LAYAK,Tercemar Asam (Cuka),53369.40,2.6874,23048.30,1.1606,1.0821,2113,1.7028,1.90,28.63
SumurCuka 5,5.02,216.0,ASAM,TIDAK LAYAK,Tercemar Asam (Cuka),53513.30,2.6946,15046.30,0.7577,0.7056,2120,1.7084,1.54,28.69
SumurCuka 5,5.02,216.0,ASAM,TIDAK LAYAK,Tercemar Asam (Cuka),53428.50,2.6904,19036.20,0.9586,0.8927,2118,1.7068,1.64,28.69
SumurCuka 5,5.02,216.0,ASAM,TIDAK LAYAK,Tercemar Asam (Cuka),53215.70,2.6797,24050.40,1.2111,1.1279,2119,1.7076,1.59,28.69
SumurCuka 5,5.02,216.0,ASAM,TIDAK LAYAK,Tercemar Asam (Cuka),53366.10,2.6872,17653.70,0.8889,0.8289,2118,1.7068,1.64,28.63
SumurCuka 5,5.02,216.0,ASAM,TIDAK LAYAK,Tercemar Asam (Cuka),53254.10,2.6816,21055.80,1.0603,0.9886,2116,1.7052,1.74,28.63
SumurCuka 5,5.02,216.0,ASAM,TIDAK LAYAK,Tercemar Asam (Cuka),52993.20,2.6685,19476.20,0.9807,0.9144,2119,1.7076,1.59,28.63
SumurCuka 5,5.02,216.0,ASAM,TIDAK LAYAK,Tercemar Asam (Cuka),53321.30,2.6850,15276.70,0.7693,0.7164,2118,1.7068,1.64,28.69
SumurCuka 5,5.02,216.0,ASAM,TIDAK LAYAK,Tercemar Asam (Cuka),53418.90,2.6899,20073.40,1.0108,0.9425,2118,1.7068,1.64,28.63
SumurCuka 5,5.02,216.0,ASAM,TIDAK LAYAK,Tercemar Asam (Cuka),53172.50,2.6775,24850.40,1.2513,1.1654,2116,1.7052,1.74,28.69
SumurCuka 5,5.02,216.0,ASAM,TIDAK LAYAK,Tercemar Asam (Cuka),53418.90,2.6899,21126.30,1.0638,0.9919,2116,1.7052,1.74,28.63
SumurCuka 5,5.02,216.0,ASAM,TIDAK LAYAK,Tercemar Asam (Cuka),53215.70,2.6797,16080.30,0.8097,0.7550,2117,1.7060,1.69,28.63
SumurCuka 5,5.02,216.0,ASAM,TIDAK LAYAK,Tercemar Asam (Cuka),53204.50,2.6791,24143.10,1.2157,1.1322,2118,1.7068,1.64,28.69
SumurCuka 5,5.02,216.0,ASAM,TIDAK LAYAK,Tercemar Asam (Cuka),53274.90,2.6826,17189.30,0.8656,0.8071,2117,1.7060,1.69,28.63
SumurCuka 5,5.02,216.0,ASAM,TIDAK LAYAK,Tercemar Asam (Cuka),53322.90,2.6851,15761.70,0.7937,0.7392,2117,1.7060,1.69,28.69
SumurCuka 5,5.02,216.0,ASAM,TIDAK LAYAK,Tercemar Asam (Cuka),53246.10,2.6812,23699.70,1.1934,1.1114,2118,1.7068,1.64,28.69
SumurCuka 5,5.02,216.0,ASAM,TIDAK LAYAK,Tercemar Asam (Cuka),53319.70,2.6849,20315.00,1.0230,0.9538,2118,1.7068,1.64,28.63
SumurCuka 5,5.02,216.0,ASAM,TIDAK LAYAK,Tercemar Asam (Cuka),53010.80,2.6693,15960.30,0.8037,0.7485,2120,1.7084,1.54,28.69
SumurCuka 5,5.02,216.0,ASAM,TIDAK LAYAK,Tercemar Asam (Cuka),53081.30,2.6729,19826.70,0.9984,0.9309,2119,1.7076,1.59,28.63
SumurCuka 5,5.02,216.0,ASAM,TIDAK LAYAK,Tercemar Asam (Cuka),53218.90,2.6798,20266.80,1.0205,0.9515,2118,1.7068,1.64,28.63
SumurCuka 5,5.02,216.0,ASAM,TIDAK LAYAK,Tercemar Asam (Cuka),53330.80,2.6855,16037.00,0.8075,0.7530,2118,1.7068,1.64,28.63
SumurCuka 5,5.02,216.0,ASAM,TIDAK LAYAK,Tercemar Asam (Cuka),53135.70,2.6756,20146.70,1.0145,0.9459,2119,1.7076,1.59,28.63
SumurCuka 5,5.02,216.0,ASAM,TIDAK LAYAK,Tercemar Asam (Cuka),53215.70,2.6797,20396.50,1.0271,0.9565,2118,1.7068,1.64,28.69
SumurCuka 5,5.02,216.0,ASAM,TIDAK LAYAK,Tercemar Asam (Cuka),53386.90,2.6883,15771.40,0.7942,0.7405,2118,1.7068,1.64,28.63
KeranTanah,6.67,277.0,NETRAL,TIDAK LAYAK,Tercemar Basa (Kapur),54193.40,2.7289,14851.00,0.7478,0.6916,1383,1.1145,39.33,29.06
KeranTanah,6.67,277.0,NETRAL,TIDAK LAYAK,Tercemar Basa (Kapur),54470.40,2.7428,14534.50,0.7319,0.6761,1384,1.1153,39.28,29.13
KeranTanah,6.67,277.0,NETRAL,TIDAK LAYAK,Tercemar Basa (Kapur),54059.10,2.7221,18965.50,0.9550,0.8822,1385,1.1161,39.23,29.13
KeranTanah,6.67,277.0,NETRAL,TIDAK LAYAK,Tercemar Basa (Kapur),54014.10,2.7199,17741.40,0.8934,0.8253,1403,1.1306,38.31,29.13
KeranTanah,6.67,277.0,NETRAL,TIDAK LAYAK,Tercemar Basa (Kapur),54286.20,2.7336,15091.10,0.7599,0.7020,1460,1.1766,35.38,29.13
KeranTanah,6.67,277.0,NETRAL,TIDAK LAYAK,Tercemar Basa (Kapur),54087.70,2.7236,19257.00,0.9697,0.8958,1437,1.1580,36.56,29.13
KeranTanah,6.67,277.0,NETRAL,TIDAK LAYAK,Tercemar Basa (Kapur),53990.10,2.7187,16056.00,0.8085,0.7469,1430,1.1524,36.92,29.13
KeranTanah,6.67,277.0,NETRAL,TIDAK LAYAK,Tercemar Basa (Kapur),54047.70,2.7216,17659.90,0.8893,0.8215,1445,1.1645,36.15,29.13
KeranTanah,6.67,277.0,NETRAL,TIDAK LAYAK,Tercemar Basa (Kapur),53871.70,2.7127,18311.00,0.9220,0.8518,1425,1.1484,37.18,29.13
KeranTanah,6.67,277.0,NETRAL,TIDAK LAYAK,Tercemar Basa (Kapur),53772.50,2.7077,14435.00,0.7269,0.6715,1413,1.1387,37.79,29.13
KeranTanah,6.67,277.0,NETRAL,TIDAK LAYAK,Tercemar Basa (Kapur),53697.40,2.7039,20610.80,1.0379,0.9576,1408,1.1347,38.05,29.19
KeranTanah,6.67,277.0,NETRAL,TIDAK LAYAK,Tercemar Basa (Kapur),53726.10,2.7054,14636.70,0.7370,0.6809,1413,1.1387,37.79,29.13
KeranTanah,6.67,277.0,NETRAL,TIDAK LAYAK,Tercemar Basa (Kapur),54092.60,2.7238,18741.60,0.9437,0.8718,1412,1.1379,37.85,29.13
KeranTanah,6.67,277.0,NETRAL,TIDAK LAYAK,Tercemar Basa (Kapur),53767.70,2.7075,13993.40,0.7046,0.6509,1396,1.1250,38.67,29.13
KeranTanah,6.67,277.0,NETRAL,TIDAK LAYAK,Tercemar Basa (Kapur),54227.10,2.7306,19106.60,0.9621,0.8878,1384,1.1153,39.28,29.19
KeranTanah,6.67,277.0,NETRAL,TIDAK LAYAK,Tercemar Basa (Kapur),53870.20,2.7126,18125.30,0.9127,0.8431,1387,1.1177,39.13,29.13
KeranTanah,6.67,277.0,NETRAL,TIDAK LAYAK,Tercemar Basa (Kapur),54126.10,2.7255,15365.10,0.7737,0.7147,1432,1.1540,36.82,29.13
KeranTanah,6.67,277.0,NETRAL,TIDAK LAYAK,Tercemar Basa (Kapur),53934.10,2.7158,19881.20,1.0011,0.9237,1452,1.1701,35.79,29.19
KeranTanah,6.67,277.0,NETRAL,TIDAK LAYAK,Tercemar Basa (Kapur),54118.30,2.7251,16125.10,0.8120,0.7501,1482,1.1943,34.26,29.13
KeranTanah,6.67,277.0,NETRAL,TIDAK LAYAK,Tercemar Basa (Kapur),54017.30,2.7200,17635.80,0.8880,0.8194,1443,1.1629,36.26,29.19
KeranTanah,6.67,277.0,NETRAL,TIDAK LAYAK,Tercemar Basa (Kapur),54121.40,2.7253,18661.80,0.9397,0.8671,1448,1.1669,36.00,29.19
KeranTanah,6.67,277.0,NETRAL,TIDAK LAYAK,Tercemar Basa (Kapur),53986.90,2.7185,14409.50,0.7256,0.6703,1444,1.1637,36.21,29.13
KeranTanah,6.67,277.0,NETRAL,TIDAK LAYAK,Tercemar Basa (Kapur),54295.90,2.7341,21002.90,1.0576,0.9759,1447,1.1661,36.05,29.19
KeranTanah,6.67,277.0,NETRAL,TIDAK LAYAK,Tercemar Basa (Kapur),53878.10,2.7130,14246.20,0.7174,0.6619,1460,1.1766,35.38,29.19
KeranTanah,6.67,277.0,NETRAL,TIDAK LAYAK,Tercemar Basa (Kapur),54195.00,2.7290,17571.70,0.8848,0.8174,1426,1.1492,37.13,29.13
KeranTanah,6.67,277.0,NETRAL,TIDAK LAYAK,Tercemar Basa (Kapur),53891.00,2.7137,20202.60,1.0173,0.9398,1453,1.1709,35.74,29.13
KeranTanah,6.67,277.0,NETRAL,TIDAK LAYAK,Tercemar Basa (Kapur),54028.50,2.7206,15081.50,0.7594,0.7007,1477,1.1903,34.51,29.19
KeranTanah,6.67,277.0,NETRAL,TIDAK LAYAK,Tercemar Basa (Kapur),53718.10,2.7050,18999.10,0.9567,0.8828,1496,1.2056,33.54,29.19
KeranTanah,6.67,277.0,NETRAL,TIDAK LAYAK,Tercemar Basa (Kapur),53996.60,2.7190,18007.20,0.9067,0.8367,1539,1.2402,31.33,29.19
KeranTanah,6.67,277.0,NETRAL,TIDAK LAYAK,Tercemar Basa (Kapur),53985.30,2.7184,15851.50,0.7982,0.7365,1538,1.2394,31.38,29.19
KeranTanah,6.67,277.0,NETRAL,TIDAK LAYAK,Tercemar Basa (Kapur),53862.10,2.7122,19591.50,0.9865,0.9103,1529,1.2322,31.85,29.19
KeranTanah,6.67,277.0,NETRAL,TIDAK LAYAK,Tercemar Basa (Kapur),54158.20,2.7271,15099.00,0.7603,0.7016,1527,1.2305,31.95,29.19
KeranTanah,6.67,277.0,NETRAL,TIDAK LAYAK,Tercemar Basa (Kapur),53932.50,2.7158,17975.20,0.9051,0.8352,1547,1.2467,30.92,29.19
KeranTanah,6.67,277.0,NETRAL,TIDAK LAYAK,Tercemar Basa (Kapur),53948.60,2.7166,19039.30,0.9587,0.8846,1540,1.2410,31.28,29.19
KeranTanah,6.67,277.0,NETRAL,TIDAK LAYAK,Tercemar Basa (Kapur),54127.90,2.7256,14057.40,0.7079,0.6532,1550,1.2491,30.77,29.19
KeranTanah,6.67,277.0,NETRAL,TIDAK LAYAK,Tercemar Basa (Kapur),54074.90,2.7229,20617.20,1.0382,0.9579,1497,1.2064,33.49,29.19
KeranTanah,6.67,277.0,NETRAL,TIDAK LAYAK,Tercemar Basa (Kapur),53865.30,2.7124,14166.20,0.7133,0.6582,1529,1.2322,31.85,29.19
KeranTanah,6.67,277.0,NETRAL,TIDAK LAYAK,Tercemar Basa (Kapur),53727.70,2.7054,18944.90,0.9540,0.8813,1533,1.2354,31.64,29.13
KeranTanah,6.67,277.0,NETRAL,TIDAK LAYAK,Tercemar Basa (Kapur),54391.80,2.7389,17059.50,0.8590,0.7926,1537,1.2386,31.44,29.19
KeranTanah,6.67,277.0,NETRAL,TIDAK LAYAK,Tercemar Basa (Kapur),54067.00,2.7225,14302.50,0.7202,0.6645,1517,1.2225,32.46,29.19
KeranTanah,6.67,277.0,NETRAL,TIDAK LAYAK,Tercemar Basa (Kapur),53823.70,2.7103,20238.00,1.0191,0.9403,1549,1.2483,30.82,29.19
KeranTanah,6.67,277.0,NETRAL,TIDAK LAYAK,Tercemar Basa (Kapur),53927.70,2.7155,16480.20,0.8299,0.7666,1525,1.2289,32.05,29.13
KeranTanah,6.67,277.0,NETRAL,TIDAK LAYAK,Tercemar Basa (Kapur),53874.90,2.7129,14790.30,0.7448,0.6880,1567,1.2628,29.90,29.13
KeranTanah,6.67,277.0,NETRAL,TIDAK LAYAK,Tercemar Basa (Kapur),53759.70,2.7071,20684.40,1.0416,0.9611,1585,1.2773,28.97,29.19
KeranTanah,6.67,277.0,NETRAL,TIDAK LAYAK,Tercemar Basa (Kapur),54116.80,2.7250,13550.00,0.6823,0.6296,1566,1.2620,29.95,29.19
KeranTanah,6.67,277.0,NETRAL,TIDAK LAYAK,Tercemar Basa (Kapur),53796.60,2.7089,18325.50,0.9228,0.8515,1557,1.2547,30.41,29.19
KeranTanah,6.67,277.0,NETRAL,TIDAK LAYAK,Tercemar Basa (Kapur),54121.30,2.7253,14225.50,0.7163,0.6610,1598,1.2878,28.31,29.19
KeranTanah,6.67,277.0,NETRAL,TIDAK LAYAK,Tercemar Basa (Kapur),53913.30,2.7148,17912.40,0.9020,0.8323,1637,1.3192,26.31,29.19
KeranTanah,6.67,277.0,NETRAL,TIDAK LAYAK,Tercemar Basa (Kapur),54063.70,2.7224,19597.90,0.9868,0.9106,1589,1.2805,28.77,29.19
KeranTanah,6.67,277.0,NETRAL,TIDAK LAYAK,Tercemar Basa (Kapur),54046.10,2.7215,14808.10,0.7457,0.6880,1576,1.2700,29.44,29.19
KeranTanah,6.67,277.0,NETRAL,TIDAK LAYAK,Tercemar Basa (Kapur),53809.30,2.7096,16742.80,0.8431,0.7779,1614,1.3007,27.49,29.19
KeranTanah,6.67,277.0,NETRAL,TIDAK LAYAK,Tercemar Basa (Kapur),54003.00,2.7193,18237.70,0.9184,0.8474,1635,1.3176,26.41,29.19
KeranTanah,6.67,277.0,NETRAL,TIDAK LAYAK,Tercemar Basa (Kapur),53934.10,2.7158,14374.30,0.7238,0.6679,1633,1.3160,26.51,29.19
KeranTanah,6.67,277.0,NETRAL,TIDAK LAYAK,Tercemar Basa (Kapur),54510.30,2.7449,18274.30,0.9202,0.8491,1583,1.2757,29.08,29.19
KeranTanah,6.67,277.0,NETRAL,TIDAK LAYAK,Tercemar Basa (Kapur),53859.00,2.7121,18466.30,0.9299,0.8580,1553,1.2515,30.62,29.19
KeranTanah,6.67,277.0,NETRAL,TIDAK LAYAK,Tercemar Basa (Kapur),54094.20,2.7239,14100.60,0.7100,0.6552,1572,1.2668,29.64,29.19
KeranTanah,6.67,277.0,NETRAL,TIDAK LAYAK,Tercemar Basa (Kapur),54134.20,2.7259,20722.80,1.0435,0.9629,1616,1.3023,27.38,29.19
KeranTanah,6.67,277.0,NETRAL,TIDAK LAYAK,Tercemar Basa (Kapur),53993.30,2.7188,14006.20,0.7053,0.6508,1616,1.3023,27.38,29.19
KeranTanah,6.67,277.0,NETRAL,TIDAK LAYAK,Tercemar Basa (Kapur),54233.50,2.7309,18924.00,0.9529,0.8793,1622,1.3071,27.08,29.19
KeranTanah,6.67,277.0,NETRAL,TIDAK LAYAK,Tercemar Basa (Kapur),54065.30,2.7224,17390.90,0.8757,0.8090,1602,1.2910,28.10,29.13
KeranTanah,6.67,277.0,NETRAL,TIDAK LAYAK,Tercemar Basa (Kapur),53778.90,2.7080,16243.40,0.8179,0.7547,1557,1.2547,30.41,29.19
KeranTanah,6.67,277.0,NETRAL,TIDAK LAYAK,Tercemar Basa (Kapur),53975.70,2.7179,17954.40,0.9041,0.8342,1590,1.2813,28.72,29.19
KeranTanah,6.67,277.0,NETRAL,TIDAK LAYAK,Tercemar Basa (Kapur),53985.40,2.7184,16112.20,0.8113,0.7495,1637,1.3192,26.31,29.13
KeranTanah,6.67,277.0,NETRAL,TIDAK LAYAK,Tercemar Basa (Kapur),53930.90,2.7157,17783.10,0.8955,0.8263,1643,1.3240,26.00,29.19
KeranTanah,6.67,277.0,NETRAL,TIDAK LAYAK,Tercemar Basa (Kapur),53706.90,2.7044,18744.90,0.9439,0.8710,1632,1.3152,26.56,29.19
KeranTanah,6.67,277.0,NETRAL,TIDAK LAYAK,Tercemar Basa (Kapur),54196.70,2.7291,15305.70,0.7707,0.7112,1613,1.2999,27.54,29.19
KeranTanah,6.67,277.0,NETRAL,TIDAK LAYAK,Tercemar Basa (Kapur),53998.20,2.7191,19218.50,0.9677,0.8930,1613,1.2999,27.54,29.19
KeranTanah,6.67,277.0,NETRAL,TIDAK LAYAK,Tercemar Basa (Kapur),54025.30,2.7204,17980.10,0.9054,0.8364,1614,1.3007,27.49,29.13
KeranTanah,6.67,277.0,NETRAL,TIDAK LAYAK,Tercemar Basa (Kapur),54487.80,2.7437,15760.20,0.7936,0.7323,1608,1.2958,27.79,29.19
KeranTanah,6.67,277.0,NETRAL,TIDAK LAYAK,Tercemar Basa (Kapur),53978.90,2.7181,18810.70,0.9472,0.8740,1655,1.3337,25.38,29.19
KeranTanah,6.67,277.0,NETRAL,TIDAK LAYAK,Tercemar Basa (Kapur),53982.10,2.7183,16770.20,0.8445,0.7792,1649,1.3289,25.69,29.19
KeranTanah,6.67,277.0,NETRAL,TIDAK LAYAK,Tercemar Basa (Kapur),54063.70,2.7224,17683.80,0.8905,0.8226,1650,1.3297,25.64,29.13
KeranTanah,6.67,277.0,NETRAL,TIDAK LAYAK,Tercemar Basa (Kapur),54042.90,2.7213,19478.00,0.9808,0.9050,1621,1.3063,27.13,29.19
KeranTanah,6.67,277.0,NETRAL,TIDAK LAYAK,Tercemar Basa (Kapur),53831.70,2.7107,15500.80,0.7805,0.7202,1640,1.3216,26.15,29.19
KeranTanah,6.67,277.0,NETRAL,TIDAK LAYAK,Tercemar Basa (Kapur),53761.30,2.7071,18644.10,0.9388,0.8673,1641,1.3224,26.10,29.13
KeranTanah,6.67,277.0,NETRAL,TIDAK LAYAK,Tercemar Basa (Kapur),53905.30,2.7144,17946.40,0.9037,0.8348,1653,1.3321,25.49,29.13
KeranTanah,6.67,277.0,NETRAL,TIDAK LAYAK,Tercemar Basa (Kapur),54030.10,2.7207,15632.30,0.7872,0.7272,1668,1.3442,24.72,29.13
KeranTanah,6.67,277.0,NETRAL,TIDAK LAYAK,Tercemar Basa (Kapur),53799.70,2.7091,18815.30,0.9474,0.8742,1669,1.3450,24.67,29.19
KeranTanah,6.67,277.0,NETRAL,TIDAK LAYAK,Tercemar Basa (Kapur),54046.10,2.7215,16517.10,0.8317,0.7683,1712,1.3796,22.46,29.13
KeranTanah,6.67,277.0,NETRAL,TIDAK LAYAK,Tercemar Basa (Kapur),53890.90,2.7137,18106.50,0.9117,0.8423,1692,1.3635,23.49,29.13
KeranTanah,6.67,277.0,NETRAL,TIDAK LAYAK,Tercemar Basa (Kapur),53809.30,2.7096,19247.40,0.9692,0.8953,1692,1.3635,23.49,29.13
KeranTanah,6.67,277.0,NETRAL,TIDAK LAYAK,Tercemar Basa (Kapur),54132.50,2.7258,14881.60,0.7494,0.6922,1667,1.3434,24.77,29.13
KeranTanah,6.67,277.0,NETRAL,TIDAK LAYAK,Tercemar Basa (Kapur),53737.30,2.7059,20198.20,1.0171,0.9396,1658,1.3361,25.23,29.13
KeranTanah,6.67,277.0,NETRAL,TIDAK LAYAK,Tercemar Basa (Kapur),53852.50,2.7117,15153.40,0.7630,0.7041,1639,1.3208,26.21,29.19
KeranTanah,6.67,277.0,NETRAL,TIDAK LAYAK,Tercemar Basa (Kapur),53969.40,2.7176,18471.30,0.9301,0.8592,1674,1.3490,24.41,29.13
KeranTanah,6.67,277.0,NETRAL,TIDAK LAYAK,Tercemar Basa (Kapur),53951.70,2.7167,18173.60,0.9151,0.8444,1694,1.3651,23.38,29.19
KeranTanah,6.67,277.0,NETRAL,TIDAK LAYAK,Tercemar Basa (Kapur),54042.90,2.7213,17515.60,0.8820,0.8148,1696,1.3667,23.28,29.13
KeranTanah,6.67,277.0,NETRAL,TIDAK LAYAK,Tercemar Basa (Kapur),53889.40,2.7136,19553.00,0.9846,0.9095,1683,1.3563,23.95,29.13
KeranTanah,6.67,277.0,NETRAL,TIDAK LAYAK,Tercemar Basa (Kapur),53924.50,2.7154,14327.70,0.7215,0.6665,1683,1.3563,23.95,29.13
KeranTanah,6.67,277.0,NETRAL,TIDAK LAYAK,Tercemar Basa (Kapur),53732.50,2.7057,18692.20,0.9412,0.8685,1706,1.3748,22.77,29.19
KeranTanah,6.67,277.0,NETRAL,TIDAK LAYAK,Tercemar Basa (Kapur),53721.30,2.7051,17503.20,0.8814,0.8133,1721,1.3869,22.00,29.19
KeranTanah,6.67,277.0,NETRAL,TIDAK LAYAK,Tercemar Basa (Kapur),54044.50,2.7214,16046.50,0.8080,0.7464,1717,1.3837,22.21,29.13
KeranTanah,6.67,277.0,NETRAL,TIDAK LAYAK,Tercemar Basa (Kapur),54129.30,2.7257,18320.60,0.9225,0.8522,1696,1.3667,23.28,29.13
KeranTanah,6.67,277.0,NETRAL,TIDAK LAYAK,Tercemar Basa (Kapur),54034.90,2.7209,18688.90,0.9411,0.8694,1693,1.3643,23.44,29.13
KeranTanah,6.67,277.0,NETRAL,TIDAK LAYAK,Tercemar Basa (Kapur),53961.50,2.7172,16675.60,0.8397,0.7757,1676,1.3506,24.31,29.13
KeranTanah,6.67,277.0,NETRAL,TIDAK LAYAK,Tercemar Basa (Kapur),53894.10,2.7138,17938.50,0.9033,0.8344,1629,1.3127,26.72,29.13
KeranTanah,6.67,277.0,NETRAL,TIDAK LAYAK,Tercemar Basa (Kapur),54242.90,2.7314,15953.80,0.8033,0.7421,1693,1.3643,23.44,29.13
KeranTanah,6.67,277.0,NETRAL,TIDAK LAYAK,Tercemar Basa (Kapur),53902.10,2.7142,17619.90,0.8872,0.8196,1676,1.3506,24.31,29.13
KeranTanah,6.67,277.0,NETRAL,TIDAK LAYAK,Tercemar Basa (Kapur),54017.30,2.7200,18408.90,0.9270,0.8563,1663,1.3401,24.97,29.13
KeranTanah,6.67,277.0,NETRAL,TIDAK LAYAK,Tercemar Basa (Kapur),53980.60,2.7182,14196.60,0.7149,0.6596,1670,1.3458,24.62,29.19
KeranTanah,6.67,277.0,NETRAL,TIDAK LAYAK,Tercemar Basa (Kapur),54036.50,2.7210,20542.20,1.0344,0.9556,1712,1.3796,22.46,29.13
KeranTanah,6.67,277.0,NETRAL,TIDAK LAYAK,Tercemar Basa (Kapur),54033.30,2.7208,14841.50,0.7473,0.6904,1707,1.3756,22.72,29.13
KeranTanah,6.67,277.0,NETRAL,TIDAK LAYAK,Tercemar Basa (Kapur),53751.70,2.7067,17831.00,0.8979,0.8294,1690,1.3619,23.59,29.13
KeranTanah,6.67,277.0,NETRAL,TIDAK LAYAK,Tercemar Basa (Kapur),54283.10,2.7334,17656.70,0.8891,0.8213,1692,1.3635,23.49,29.13
KeranTanah,6.67,277.0,NETRAL,TIDAK LAYAK,Tercemar Basa (Kapur),54031.70,2.7208,16157.10,0.8136,0.7516,1731,1.3949,21.49,29.13
KeranTanah,6.67,277.0,NETRAL,TIDAK LAYAK,Tercemar Basa (Kapur),54142.30,2.7263,19490.60,0.9814,0.9066,1734,1.3974,21.33,29.13
KeranTanah,6.67,277.0,NETRAL,TIDAK LAYAK,Tercemar Basa (Kapur),54108.50,2.7246,14623.90,0.7364,0.6803,1749,1.4095,20.56,29.13
KeranTanah,6.67,277.0,NETRAL,TIDAK LAYAK,Tercemar Basa (Kapur),54103.70,2.7244,18661.60,0.9397,0.8681,1729,1.3933,21.59,29.13
KeranTanah,6.67,277.0,NETRAL,TIDAK LAYAK,Tercemar Basa (Kapur),54009.30,2.7196,17379.90,0.8752,0.8075,1753,1.4127,20.36,29.19
KeranTanah,6.67,277.0,NETRAL,TIDAK LAYAK,Tercemar Basa (Kapur),54126.30,2.7255,15046.30,0.7577,0.6999,1782,1.4360,18.87,29.13
KeranTanah,6.67,277.0,NETRAL,TIDAK LAYAK,Tercemar Basa (Kapur),53977.30,2.7180,19573.90,0.9856,0.9105,1773,1.4288,19.33,29.13
KeranTanah,6.67,277.0,NETRAL,TIDAK LAYAK,Tercemar Basa (Kapur),53863.80,2.7123,15109.00,0.7608,0.7028,1734,1.3974,21.33,29.13
KeranTanah,6.67,277.0,NETRAL,TIDAK LAYAK,Tercemar Basa (Kapur),53911.70,2.7147,17861.40,0.8994,0.8309,1711,1.3788,22.51,29.13
KeranTanah,6.67,277.0,NETRAL,TIDAK LAYAK,Tercemar Basa (Kapur),53956.50,2.7170,18732.10,0.9433,0.8714,1701,1.3708,23.03,29.13
KeranTanah,6.67,277.0,NETRAL,TIDAK LAYAK,Tercemar Basa (Kapur),53983.70,2.7183,14721.40,0.7413,0.6848,1677,1.3514,24.26,29.13
KeranTanah,6.67,277.0,NETRAL,TIDAK LAYAK,Tercemar Basa (Kapur),53961.30,2.7172,20284.40,1.0214,0.9436,1654,1.3329,25.44,29.13
KeranTanah,6.67,277.0,NETRAL,TIDAK LAYAK,Tercemar Basa (Kapur),53852.60,2.7117,15691.30,0.7901,0.7299,1696,1.3667,23.28,29.13
KeranTanah,6.67,277.0,NETRAL,TIDAK LAYAK,Tercemar Basa (Kapur),54121.30,2.7253,14811.20,0.7458,0.6890,1720,1.3861,22.05,29.13
KeranTanah,6.67,277.0,NETRAL,TIDAK LAYAK,Tercemar Basa (Kapur),53844.50,2.7113,20476.40,1.0311,0.9525,1728,1.3925,21.64,29.13
KeranTanah,6.67,277.0,NETRAL,TIDAK LAYAK,Tercemar Basa (Kapur),54023.70,2.7204,15569.60,0.7840,0.7243,1736,1.3990,21.23,29.13
KeranTanah,6.67,277.0,NETRAL,TIDAK LAYAK,Tercemar Basa (Kapur),53844.50,2.7113,18477.40,0.9304,0.8595,1749,1.4095,20.56,29.13
KeranTanah,6.67,277.0,NETRAL,TIDAK LAYAK,Tercemar Basa (Kapur),54187.20,2.7286,17522.20,0.8823,0.8141,1747,1.4078,20.67,29.19
KeranTanah,6.67,277.0,NETRAL,TIDAK LAYAK,Tercemar Basa (Kapur),54099.00,2.7241,15901.20,0.8007,0.7397,1767,1.4240,19.64,29.13
KeranTanah,6.67,277.0,NETRAL,TIDAK LAYAK,Tercemar Basa (Kapur),53950.10,2.7166,18631.30,0.9382,0.8667,1762,1.4199,19.90,29.13
KeranTanah,6.67,277.0,NETRAL,TIDAK LAYAK,Tercemar Basa (Kapur),53666.90,2.7024,17746.30,0.8936,0.8255,1766,1.4232,19.69,29.13
KeranTanah,6.67,277.0,NETRAL,TIDAK LAYAK,Tercemar Basa (Kapur),53858.90,2.7121,15801.70,0.7957,0.7350,1754,1.4135,20.31,29.13
KeranTanah,6.67,277.0,NETRAL,TIDAK LAYAK,Tercemar Basa (Kapur),53849.30,2.7116,17359.10,0.8741,0.8075,1773,1.4288,19.33,29.13
KeranTanah,6.67,277.0,NETRAL,TIDAK LAYAK,Tercemar Basa (Kapur),54014.20,2.7199,14814.40,0.7460,0.6891,1757,1.4159,20.15,29.13
KeranTanah,6.67,277.0,NETRAL,TIDAK LAYAK,Tercemar Basa (Kapur),53746.90,2.7064,17128.40,0.8625,0.7968,1737,1.3998,21.18,29.13
KeranTanah,6.67,277.0,NETRAL,TIDAK LAYAK,Tercemar Basa (Kapur),53793.30,2.7087,20103.70,1.0123,0.9352,1745,1.4062,20.77,29.13
KeranTanah,6.67,277.0,NETRAL,TIDAK LAYAK,Tercemar Basa (Kapur),53790.10,2.7086,14201.40,0.7151,0.6606,1764,1.4215,19.79,29.13
KeranTanah,6.67,277.0,NETRAL,TIDAK LAYAK,Tercemar Basa (Kapur),53974.10,2.7179,17264.60,0.8694,0.8031,1759,1.4175,20.05,29.13
KeranTanah,6.67,277.0,NETRAL,TIDAK LAYAK,Tercemar Basa (Kapur),53852.50,2.7117,20013.80,1.0078,0.9310,1764,1.4215,19.79,29.13
KeranTanah,6.67,277.0,NETRAL,TIDAK LAYAK,Tercemar Basa (Kapur),53886.10,2.7134,14263.90,0.7183,0.6635,1789,1.4417,18.51,29.13
KeranTanah,6.67,277.0,NETRAL,TIDAK LAYAK,Tercemar Basa (Kapur),53999.70,2.7191,17786.20,0.8956,0.8274,1801,1.4514,17.90,29.13
KeranTanah,6.67,277.0,NETRAL,TIDAK LAYAK,Tercemar Basa (Kapur),54038.20,2.7211,18444.20,0.9288,0.8580,1801,1.4514,17.90,29.13
KeranTanah,6.67,277.0,NETRAL,TIDAK LAYAK,Tercemar Basa (Kapur),54102.10,2.7243,15755.20,0.7933,0.7320,1798,1.4489,18.05,29.19
KeranTanah,6.67,277.0,NETRAL,TIDAK LAYAK,Tercemar Basa (Kapur),53871.70,2.7127,17411.70,0.8768,0.8099,1801,1.4514,17.90,29.13
KeranTanah,6.67,277.0,NETRAL,TIDAK LAYAK,Tercemar Basa (Kapur),54086.10,2.7235,18335.10,0.9233,0.8529,1796,1.4473,18.15,29.13
KeranTanah,6.67,277.0,NETRAL,TIDAK LAYAK,Tercemar Basa (Kapur),53761.30,2.7071,15166.30,0.7637,0.7055,1812,1.4602,17.33,29.13
KeranTanah,6.67,277.0,NETRAL,TIDAK LAYAK,Tercemar Basa (Kapur),54044.50,2.7214,17888.60,0.9008,0.8321,1810,1.4586,17.44,29.13
KeranTanah,6.67,277.0,NETRAL,TIDAK LAYAK,Tercemar Basa (Kapur),53778.90,2.7080,18413.50,0.9272,0.8565,1793,1.4449,18.31,29.13
KeranTanah,6.67,277.0,NETRAL,TIDAK LAYAK,Tercemar Basa (Kapur),54079.70,2.7232,14913.60,0.7510,0.6937,1786,1.4393,18.67,29.13
KeranTanah,6.67,277.0,NETRAL,TIDAK LAYAK,Tercemar Basa (Kapur),54046.30,2.7215,18119.20,0.9124,0.8429,1773,1.4288,19.33,29.13
KeranTanah,6.67,277.0,NETRAL,TIDAK LAYAK,Tercemar Basa (Kapur),54316.50,2.7351,15300.80,0.7705,0.7117,1777,1.4320,19.13,29.13
KeranTanah,6.67,277.0,NETRAL,TIDAK LAYAK,Tercemar Basa (Kapur),54310.10,2.7348,18253.30,0.9191,0.8491,1791,1.4433,18.41,29.13
KeranTanah,6.67,277.0,NETRAL,TIDAK LAYAK,Tercemar Basa (Kapur),53998.10,2.7191,18354.50,0.9242,0.8538,1779,1.4336,19.03,29.13
KeranTanah,6.67,277.0,NETRAL,TIDAK LAYAK,Tercemar Basa (Kapur),53818.90,2.7100,14374.20,0.7238,0.6686,1779,1.4336,19.03,29.13
KeranTanah,6.67,277.0,NETRAL,TIDAK LAYAK,Tercemar Basa (Kapur),54020.50,2.7202,18519.20,0.9325,0.8615,1765,1.4223,19.74,29.13
KeranTanah,6.67,277.0,NETRAL,TIDAK LAYAK,Tercemar Basa (Kapur),53982.40,2.7183,18583.30,0.9358,0.8644,1786,1.4393,18.67,29.13
KeranTanah,6.67,277.0,NETRAL,TIDAK LAYAK,Tercemar Basa (Kapur),54067.00,2.7225,14503.80,0.7303,0.6747,1793,1.4449,18.31,29.13
KeranTanah,6.67,277.0,NETRAL,TIDAK LAYAK,Tercemar Basa (Kapur),53835.00,2.7108,17591.00,0.8858,0.8183,1786,1.4393,18.67,29.13
KeranTanah,6.67,277.0,NETRAL,TIDAK LAYAK,Tercemar Basa (Kapur),54030.10,2.7207,18189.50,0.9159,0.8461,1790,1.4425,18.46,29.13
KeranTanah,6.67,277.0,NETRAL,TIDAK LAYAK,Tercemar Basa (Kapur),53975.80,2.7179,15731.20,0.7921,0.7318,1809,1.4578,17.49,29.13
KeranTanah,6.67,277.0,NETRAL,TIDAK LAYAK,Tercemar Basa (Kapur),54023.80,2.7204,17176.30,0.8649,0.7990,1817,1.4642,17.08,29.13
KeranTanah,6.67,277.0,NETRAL,TIDAK LAYAK,Tercemar Basa (Kapur),54212.50,2.7299,17407.00,0.8765,0.8097,1822,1.4683,16.82,29.13
KeranTanah,6.67,277.0,NETRAL,TIDAK LAYAK,Tercemar Basa (Kapur),54038.10,2.7211,15841.60,0.7977,0.7369,1819,1.4659,16.97,29.13
KeranTanah,6.67,277.0,NETRAL,TIDAK LAYAK,Tercemar Basa (Kapur),53894.10,2.7138,18216.80,0.9173,0.8474,1815,1.4626,17.18,29.13
KeranTanah,6.67,277.0,NETRAL,TIDAK LAYAK,Tercemar Basa (Kapur),53919.70,2.7151,17022.80,0.8572,0.7919,1818,1.4651,17.03,29.13
KeranTanah,6.67,277.0,NETRAL,TIDAK LAYAK,Tercemar Basa (Kapur),53998.10,2.7191,14226.90,0.7164,0.6618,1815,1.4626,17.18,29.13
KeranTanah,6.67,277.0,NETRAL,TIDAK LAYAK,Tercemar Basa (Kapur),53842.90,2.7112,17379.70,0.8752,0.8085,1817,1.4642,17.08,29.13
KeranTanah,6.67,277.0,NETRAL,TIDAK LAYAK,Tercemar Basa (Kapur),53631.90,2.7006,18532.10,0.9332,0.8621,1818,1.4651,17.03,29.13
KeranTanah,6.67,277.0,NETRAL,TIDAK LAYAK,Tercemar Basa (Kapur),54094.10,2.7239,15708.90,0.7910,0.7307,1831,1.4755,16.36,29.13
KeranTanah,6.67,277.0,NETRAL,TIDAK LAYAK,Tercemar Basa (Kapur),53826.90,2.7104,17866.10,0.8996,0.8311,1826,1.4715,16.62,29.13
KeranTanah,6.67,277.0,NETRAL,TIDAK LAYAK,Tercemar Basa (Kapur),53950.10,2.7166,19725.90,0.9933,0.9176,1817,1.4642,17.08,29.13
KeranTanah,6.67,277.0,NETRAL,TIDAK LAYAK,Tercemar Basa (Kapur),53986.90,2.7185,13721.30,0.6909,0.6383,1823,1.4691,16.77,29.13
KeranTanah,6.67,277.0,NETRAL,TIDAK LAYAK,Tercemar Basa (Kapur),53863.70,2.7123,17221.40,0.8672,0.8011,1829,1.4739,16.46,29.13
KeranTanah,6.67,277.0,NETRAL,TIDAK LAYAK,Tercemar Basa (Kapur),54025.30,2.7204,17533.40,0.8829,0.8156,1831,1.4755,16.36,29.13
KeranTanah,6.67,277.0,NETRAL,TIDAK LAYAK,Tercemar Basa (Kapur),54228.50,2.7307,16253.20,0.8184,0.7561,1836,1.4796,16.10,29.13
KeranTanah,6.67,277.0,NETRAL,TIDAK LAYAK,Tercemar Basa (Kapur),53863.70,2.7123,18876.20,0.9505,0.8781,1838,1.4812,16.00,29.13
KeranTanah,6.67,277.0,NETRAL,TIDAK LAYAK,Tercemar Basa (Kapur),53868.50,2.7125,17381.50,0.8752,0.8085,1843,1.4852,15.74,29.13
KeranTanah,6.67,277.0,NETRAL,TIDAK LAYAK,Tercemar Basa (Kapur),54033.40,2.7208,15033.50,0.7570,0.6993,1876,1.5118,14.05,29.13
KeranTanah,6.67,277.0,NETRAL,TIDAK LAYAK,Tercemar Basa (Kapur),53894.10,2.7138,17352.50,0.8738,0.8072,1865,1.5029,14.62,29.13
KeranTanah,6.67,277.0,NETRAL,TIDAK LAYAK,Tercemar Basa (Kapur),53999.70,2.7191,20273.30,1.0209,0.9431,1869,1.5062,14.41,29.13
KeranTanah,6.67,277.0,NETRAL,TIDAK LAYAK,Tercemar Basa (Kapur),54094.10,2.7239,17000.40,0.8561,0.7908,1873,1.5094,14.21,29.13
KeranTanah,6.67,277.0,NETRAL,TIDAK LAYAK,Tercemar Basa (Kapur),53935.70,2.7159,18416.80,0.9274,0.8567,1861,1.4997,14.82,29.13
KeranTanah,6.67,277.0,NETRAL,TIDAK LAYAK,Tercemar Basa (Kapur),53654.00,2.7017,17821.50,0.8974,0.8290,1851,1.4916,15.33,29.13
KeranTanah,6.67,277.0,NETRAL,TIDAK LAYAK,Tercemar Basa (Kapur),54090.90,2.7237,14787.10,0.7446,0.6879,1828,1.4731,16.51,29.13
KeranTanah,6.67,277.0,NETRAL,TIDAK LAYAK,Tercemar Basa (Kapur),53927.70,2.7155,18472.70,0.9302,0.8593,1832,1.4763,16.31,29.13
KeranTanah,6.67,277.0,NETRAL,TIDAK LAYAK,Tercemar Basa (Kapur),54196.60,2.7291,19116.40,0.9626,0.8892,1850,1.4908,15.38,29.13
KeranTanah,6.67,277.0,NETRAL,TIDAK LAYAK,Tercemar Basa (Kapur),54014.10,2.7199,14172.40,0.7136,0.6593,1846,1.4876,15.59,29.13
KeranTanah,6.67,277.0,NETRAL,TIDAK LAYAK,Tercemar Basa (Kapur),54444.60,2.7415,14873.60,0.7490,0.6919,1856,1.4957,15.08,29.13
KeranTanah,6.67,277.0,NETRAL,TIDAK LAYAK,Tercemar Basa (Kapur),53961.30,2.7172,19119.40,0.9628,0.8894,1861,1.4997,14.82,29.13
KeranTanah,6.67,277.0,NETRAL,TIDAK LAYAK,Tercemar Basa (Kapur),53842.90,2.7112,13916.50,0.7008,0.6474,1858,1.4973,14.97,29.13
KeranTanah,6.67,277.0,NETRAL,TIDAK LAYAK,Tercemar Basa (Kapur),53786.90,2.7084,17395.60,0.8760,0.8092,1879,1.5142,13.90,29.13
KeranTanah,6.67,277.0,NETRAL,TIDAK LAYAK,Tercemar Basa (Kapur),54073.30,2.7228,20518.10,1.0332,0.9544,1889,1.5223,13.38,29.13
KeranTanah,6.67,277.0,NETRAL,TIDAK LAYAK,Tercemar Basa (Kapur),54167.80,2.7276,17040.50,0.8581,0.7927,1884,1.5182,13.64,29.13
KeranTanah,6.67,277.0,NETRAL,TIDAK LAYAK,Tercemar Basa (Kapur),53838.10,2.7110,14671.90,0.7388,0.6825,1883,1.5174,13.69,29.13
KeranTanah,6.67,277.0,NETRAL,TIDAK LAYAK,Tercemar Basa (Kapur),53966.10,2.7175,17856.80,0.8992,0.8306,1885,1.5190,13.59,29.13
KeranTanah,6.67,277.0,NETRAL,TIDAK LAYAK,Tercemar Basa (Kapur),54047.70,2.7216,19111.30,0.9623,0.8890,1886,1.5199,13.54,29.13
KeranTanah,6.67,277.0,NETRAL,TIDAK LAYAK,Tercemar Basa (Kapur),54377.70,2.7382,15582.40,0.7846,0.7248,1872,1.5086,14.26,29.13
KeranTanah,6.67,277.0,NETRAL,TIDAK LAYAK,Tercemar Basa (Kapur),53964.50,2.7174,17346.20,0.8735,0.8069,1870,1.5070,14.36,29.13
KeranTanah,6.67,277.0,NETRAL,TIDAK LAYAK,Tercemar Basa (Kapur),54068.50,2.7226,16366.70,0.8241,0.7613,1874,1.5102,14.15,29.13
KeranTanah,6.67,277.0,NETRAL,TIDAK LAYAK,Tercemar Basa (Kapur),54206.40,2.7296,14017.30,0.7058,0.6520,1867,1.5045,14.51,29.13
KeranTanah,6.67,277.0,NETRAL,TIDAK LAYAK,Tercemar Basa (Kapur),54054.10,2.7219,19898.80,1.0020,0.9256,1879,1.5142,13.90,29.13
KeranTanah,6.67,277.0,NETRAL,TIDAK LAYAK,Tercemar Basa (Kapur),53865.50,2.7124,18176.80,0.9153,0.8455,1862,1.5005,14.77,29.13
KeranTanah,6.67,277.0,NETRAL,TIDAK LAYAK,Tercemar Basa (Kapur),54068.50,2.7226,14996.90,0.7552,0.6976,1856,1.4957,15.08,29.13
KeranTanah,6.67,277.0,NETRAL,TIDAK LAYAK,Tercemar Basa (Kapur),53726.30,2.7054,17415.10,0.8769,0.8101,1846,1.4876,15.59,29.13
KeranTanah,6.67,277.0,NETRAL,TIDAK LAYAK,Tercemar Basa (Kapur),53934.10,2.7158,17189.40,0.8656,0.7996,1824,1.4699,16.72,29.13
KeranTanah,6.67,277.0,NETRAL,TIDAK LAYAK,Tercemar Basa (Kapur),54151.90,2.7268,15142.40,0.7625,0.7044,1744,1.4054,20.82,29.13
GalonTanah,7.17,183.0,NETRAL,TIDAK LAYAK,Tercemar Basa (Kapur),52646.00,2.6510,20129.10,1.0136,0.9310,1764,1.4215,19.79,29.44
GalonTanah,7.17,183.0,NETRAL,TIDAK LAYAK,Tercemar Basa (Kapur),53161.30,2.6769,20977.40,1.0563,0.9702,1753,1.4127,20.36,29.44
GalonTanah,7.17,183.0,NETRAL,TIDAK LAYAK,Tercemar Basa (Kapur),53119.70,2.6748,17003.50,0.8562,0.7864,1804,1.4538,17.74,29.44
GalonTanah,7.17,183.0,NETRAL,TIDAK LAYAK,Tercemar Basa (Kapur),52990.10,2.6683,20065.30,1.0104,0.9280,1794,1.4457,18.26,29.44
GalonTanah,7.17,183.0,NETRAL,TIDAK LAYAK,Tercemar Basa (Kapur),53068.50,2.6723,19756.40,0.9948,0.9137,1795,1.4465,18.21,29.44
GalonTanah,7.17,183.0,NETRAL,TIDAK LAYAK,Tercemar Basa (Kapur),53286.10,2.6832,17146.10,0.8634,0.7930,1795,1.4465,18.21,29.44
GalonTanah,7.17,183.0,NETRAL,TIDAK LAYAK,Tercemar Basa (Kapur),52954.90,2.6665,20018.60,1.0080,0.9259,1789,1.4417,18.51,29.44
GalonTanah,7.17,183.0,NETRAL,TIDAK LAYAK,Tercemar Basa (Kapur),52908.50,2.6642,22313.60,1.1236,1.0320,1791,1.4433,18.41,29.44
GalonTanah,7.17,183.0,NETRAL,TIDAK LAYAK,Tercemar Basa (Kapur),53278.10,2.6828,16741.20,0.8430,0.7734,1787,1.4401,18.62,29.50
GalonTanah,7.17,183.0,NETRAL,TIDAK LAYAK,Tercemar Basa (Kapur),52958.10,2.6667,19234.60,0.9686,0.8896,1821,1.4675,16.87,29.44
GalonTanah,7.17,183.0,NETRAL,TIDAK LAYAK,Tercemar Basa (Kapur),53100.50,2.6739,20298.90,1.0221,0.9388,1839,1.4820,15.95,29.44
GalonTanah,7.17,183.0,NETRAL,TIDAK LAYAK,Tercemar Basa (Kapur),52791.70,2.6583,16797.20,0.8458,0.7760,1814,1.4618,17.23,29.50
GalonTanah,7.17,183.0,NETRAL,TIDAK LAYAK,Tercemar Basa (Kapur),52954.90,2.6665,18828.20,0.9481,0.8698,1852,1.4925,15.28,29.50
GalonTanah,7.17,183.0,NETRAL,TIDAK LAYAK,Tercemar Basa (Kapur),53097.30,2.6737,21065.20,1.0607,0.9743,1834,1.4779,16.21,29.44
GalonTanah,7.17,183.0,NETRAL,TIDAK LAYAK,Tercemar Basa (Kapur),53116.50,2.6747,16777.80,0.8448,0.7760,1784,1.4377,18.77,29.44
GalonTanah,7.17,183.0,NETRAL,TIDAK LAYAK,Tercemar Basa (Kapur),53002.80,2.6689,19021.60,0.9578,0.8787,1843,1.4852,15.74,29.50
GalonTanah,7.17,183.0,NETRAL,TIDAK LAYAK,Tercemar Basa (Kapur),53355.00,2.6867,17734.90,0.8930,0.8193,1851,1.4916,15.33,29.50
GalonTanah,7.17,183.0,NETRAL,TIDAK LAYAK,Tercemar Basa (Kapur),52897.20,2.6636,15724.80,0.7918,0.7264,1826,1.4715,16.62,29.50
GalonTanah,7.17,183.0,NETRAL,TIDAK LAYAK,Tercemar Basa (Kapur),53390.20,2.6885,21937.50,1.1047,1.0134,1836,1.4796,16.10,29.50
GalonTanah,7.17,183.0,NETRAL,TIDAK LAYAK,Tercemar Basa (Kapur),53098.90,2.6738,21094.20,1.0622,0.9745,1842,1.4844,15.79,29.50
GalonTanah,7.17,183.0,NETRAL,TIDAK LAYAK,Tercemar Basa (Kapur),53194.90,2.6786,16123.30,0.8119,0.7448,1849,1.4900,15.44,29.50
GalonTanah,7.17,183.0,NETRAL,TIDAK LAYAK,Tercemar Basa (Kapur),52657.20,2.6515,19545.00,0.9842,0.9029,1866,1.5037,14.56,29.50
GalonTanah,7.17,183.0,NETRAL,TIDAK LAYAK,Tercemar Basa (Kapur),53126.10,2.6752,21175.80,1.0663,0.9783,1852,1.4925,15.28,29.50
GalonTanah,7.17,183.0,NETRAL,TIDAK LAYAK,Tercemar Basa (Kapur),53150.10,2.6764,16974.80,0.8548,0.7842,1845,1.4868,15.64,29.50
GalonTanah,7.17,183.0,NETRAL,TIDAK LAYAK,Tercemar Basa (Kapur),53135.70,2.6756,23211.70,1.1688,1.0723,1848,1.4892,15.49,29.50
GalonTanah,7.17,183.0,NETRAL,TIDAK LAYAK,Tercemar Basa (Kapur),53105.30,2.6741,16669.10,0.8394,0.7701,1859,1.4981,14.92,29.50
GalonTanah,7.17,183.0,NETRAL,TIDAK LAYAK,Tercemar Basa (Kapur),53188.50,2.6783,18274.30,0.9202,0.8433,1860,1.4989,14.87,29.56
GalonTanah,7.17,183.0,NETRAL,TIDAK LAYAK,Tercemar Basa (Kapur),53180.50,2.6779,22417.70,1.1288,1.0344,1827,1.4723,16.56,29.56
GalonTanah,7.17,183.0,NETRAL,TIDAK LAYAK,Tercemar Basa (Kapur),53103.70,2.6740,16062.50,0.8088,0.7420,1869,1.5062,14.41,29.50
GalonTanah,7.17,183.0,NETRAL,TIDAK LAYAK,Tercemar Basa (Kapur),53199.70,2.6789,18952.70,0.9544,0.8756,1839,1.4820,15.95,29.50
GalonTanah,7.17,183.0,NETRAL,TIDAK LAYAK,Tercemar Basa (Kapur),52935.70,2.6656,21017.30,1.0583,0.9709,1779,1.4336,19.03,29.50
GalonTanah,7.17,183.0,NETRAL,TIDAK LAYAK,Tercemar Basa (Kapur),53170.90,2.6774,16763.50,0.8441,0.7744,1884,1.5182,13.64,29.50
GalonTanah,7.17,183.0,NETRAL,TIDAK LAYAK,Tercemar Basa (Kapur),52959.70,2.6668,20820.60,1.0484,0.9607,1851,1.4916,15.33,29.56
GalonTanah,7.17,183.0,NETRAL,TIDAK LAYAK,Tercemar Basa (Kapur),53073.30,2.6725,20353.20,1.0249,0.9403,1865,1.5029,14.62,29.50
GalonTanah,7.17,183.0,NETRAL,TIDAK LAYAK,Tercemar Basa (Kapur),53121.30,2.6749,15291.10,0.7700,0.7056,1890,1.5231,13.33,29.56
GalonTanah,7.17,183.0,NETRAL,TIDAK LAYAK,Tercemar Basa (Kapur),53186.90,2.6782,22563.50,1.1362,1.0424,1867,1.5045,14.51,29.50
GalonTanah,7.17,183.0,NETRAL,TIDAK LAYAK,Tercemar Basa (Kapur),53023.70,2.6700,16491.70,0.8304,0.7619,1873,1.5094,14.21,29.50
GalonTanah,7.17,183.0,NETRAL,TIDAK LAYAK,Tercemar Basa (Kapur),53326.10,2.6852,16845.30,0.8482,0.7773,1874,1.5102,14.15,29.56
GalonTanah,7.17,183.0,NETRAL,TIDAK LAYAK,Tercemar Basa (Kapur),53188.50,2.6783,22677.00,1.1419,1.0464,1874,1.5102,14.15,29.56
GalonTanah,7.17,183.0,NETRAL,TIDAK LAYAK,Tercemar Basa (Kapur),53239.70,2.6809,17354.10,0.8739,0.8008,1895,1.5271,13.08,29.56
GalonTanah,7.17,183.0,NETRAL,TIDAK LAYAK,Tercemar Basa (Kapur),53323.00,2.6851,20441.30,1.0293,0.9432,1866,1.5037,14.56,29.56
GalonTanah,7.17,183.0,NETRAL,TIDAK LAYAK,Tercemar Basa (Kapur),53206.10,2.6792,19421.80,0.9780,0.8962,1865,1.5029,14.62,29.56
GalonTanah,7.17,183.0,NETRAL,TIDAK LAYAK,Tercemar Basa (Kapur),53158.10,2.6768,15587.30,0.7849,0.7193,1883,1.5174,13.69,29.56
GalonTanah,7.17,183.0,NETRAL,TIDAK LAYAK,Tercemar Basa (Kapur),53138.90,2.6758,23243.70,1.1704,1.0726,1881,1.5158,13.79,29.56
GalonTanah,7.17,183.0,NETRAL,TIDAK LAYAK,Tercemar Basa (Kapur),53314.90,2.6847,16211.30,0.8163,0.7481,1890,1.5231,13.33,29.56
GalonTanah,7.17,183.0,NETRAL,TIDAK LAYAK,Tercemar Basa (Kapur),53270.10,2.6824,19629.90,0.9885,0.9058,1903,1.5336,12.67,29.56
GalonTanah,7.17,183.0,NETRAL,TIDAK LAYAK,Tercemar Basa (Kapur),52972.50,2.6674,20087.70,1.0115,0.9269,1889,1.5223,13.38,29.56
GalonTanah,7.17,183.0,NETRAL,TIDAK LAYAK,Tercemar Basa (Kapur),53223.70,2.6801,17474.20,0.8799,0.8063,1897,1.5287,12.97,29.56
GalonTanah,7.17,183.0,NETRAL,TIDAK LAYAK,Tercemar Basa (Kapur),53082.80,2.6730,22673.90,1.1417,1.0463,1887,1.5207,13.49,29.56
GalonTanah,7.17,183.0,NETRAL,TIDAK LAYAK,Tercemar Basa (Kapur),53154.90,2.6766,16771.40,0.8445,0.7739,1880,1.5150,13.85,29.56
GalonTanah,7.17,183.0,NETRAL,TIDAK LAYAK,Tercemar Basa (Kapur),53332.50,2.6855,18768.80,0.9451,0.8661,1886,1.5199,13.54,29.56
GalonTanah,7.17,183.0,NETRAL,TIDAK LAYAK,Tercemar Basa (Kapur),53135.70,2.6756,20066.60,1.0104,0.9260,1877,1.5126,14.00,29.56
GalonTanah,7.17,183.0,NETRAL,TIDAK LAYAK,Tercemar Basa (Kapur),53359.70,2.6869,17192.40,0.8657,0.7933,1877,1.5126,14.00,29.56
GalonTanah,7.17,183.0,NETRAL,TIDAK LAYAK,Tercemar Basa (Kapur),52951.70,2.6664,19831.40,0.9986,0.9151,1855,1.4949,15.13,29.56
GalonTanah,7.17,183.0,NETRAL,TIDAK LAYAK,Tercemar Basa (Kapur),53194.90,2.6786,20830.00,1.0489,0.9612,1850,1.4908,15.38,29.56
GalonTanah,7.17,183.0,NETRAL,TIDAK LAYAK,Tercemar Basa (Kapur),53258.90,2.6818,16297.90,0.8207,0.7521,1891,1.5239,13.28,29.56
GalonTanah,7.17,183.0,NETRAL,TIDAK LAYAK,Tercemar Basa (Kapur),53156.50,2.6767,22376.20,1.1267,1.0325,1909,1.5384,12.36,29.56
GalonTanah,7.17,183.0,NETRAL,TIDAK LAYAK,Tercemar Basa (Kapur),53210.90,2.6794,15705.70,0.7909,0.7247,1920,1.5473,11.79,29.56
GalonTanah,7.17,183.0,NETRAL,TIDAK LAYAK,Tercemar Basa (Kapur),53559.80,2.6970,17946.10,0.9037,0.8281,1909,1.5384,12.36,29.56
GalonTanah,7.17,183.0,NETRAL,TIDAK LAYAK,Tercemar Basa (Kapur),53166.10,2.6772,21791.70,1.0973,1.0056,1907,1.5368,12.46,29.56
GalonTanah,7.17,183.0,NETRAL,TIDAK LAYAK,Tercemar Basa (Kapur),53446.20,2.6913,16856.40,0.8488,0.7778,1891,1.5239,13.28,29.56
GalonTanah,7.17,183.0,NETRAL,TIDAK LAYAK,Tercemar Basa (Kapur),53199.70,2.6789,19218.70,0.9678,0.8868,1897,1.5287,12.97,29.56
GalonTanah,7.17,183.0,NETRAL,TIDAK LAYAK,Tercemar Basa (Kapur),53164.50,2.6771,19645.80,0.9893,0.9065,1904,1.5344,12.62,29.56
GalonTanah,7.17,183.0,NETRAL,TIDAK LAYAK,Tercemar Basa (Kapur),53226.90,2.6802,16901.10,0.8511,0.7799,1882,1.5166,13.74,29.56
GalonTanah,7.17,183.0,NETRAL,TIDAK LAYAK,Tercemar Basa (Kapur),53082.90,2.6730,18535.20,0.9333,0.8553,1889,1.5223,13.38,29.56
GalonTanah,7.17,183.0,NETRAL,TIDAK LAYAK,Tercemar Basa (Kapur),53206.10,2.6792,15365.00,0.7737,0.7090,1883,1.5174,13.69,29.56
GalonTanah,7.17,183.0,NETRAL,TIDAK LAYAK,Tercemar Basa (Kapur),53070.10,2.6723,19039.20,0.9587,0.8785,1881,1.5158,13.79,29.56
GalonTanah,7.17,183.0,NETRAL,TIDAK LAYAK,Tercemar Basa (Kapur),53028.50,2.6702,18792.90,0.9463,0.8672,1895,1.5271,13.08,29.56
GalonTanah,7.17,183.0,NETRAL,TIDAK LAYAK,Tercemar Basa (Kapur),53199.70,2.6789,15875.30,0.7994,0.7326,1903,1.5336,12.67,29.56
GalonTanah,7.17,183.0,NETRAL,TIDAK LAYAK,Tercemar Basa (Kapur),53100.50,2.6739,19490.70,0.9814,0.8994,1904,1.5344,12.62,29.56
GalonTanah,7.17,183.0,NETRAL,TIDAK LAYAK,Tercemar Basa (Kapur),53188.50,2.6783,18784.70,0.9459,0.8668,1915,1.5432,12.05,29.56
GalonTanah,7.17,183.0,NETRAL,TIDAK LAYAK,Tercemar Basa (Kapur),53207.70,2.6793,15480.00,0.7795,0.7143,1903,1.5336,12.67,29.56
GalonTanah,7.17,183.0,NETRAL,TIDAK LAYAK,Tercemar Basa (Kapur),53204.50,2.6791,21976.00,1.1066,1.0141,1893,1.5255,13.18,29.56
GalonTanah,7.17,183.0,NETRAL,TIDAK LAYAK,Tercemar Basa (Kapur),53121.30,2.6749,14257.40,0.7179,0.6579,1900,1.5311,12.82,29.56
GalonTanah,7.17,183.0,NETRAL,TIDAK LAYAK,Tercemar Basa (Kapur),53175.70,2.6777,22505.80,1.1333,1.0385,1906,1.5360,12.51,29.56
GalonTanah,7.17,183.0,NETRAL,TIDAK LAYAK,Tercemar Basa (Kapur),53270.10,2.6824,15299.10,0.7704,0.7060,1913,1.5416,12.15,29.56
GalonTanah,7.17,183.0,NETRAL,TIDAK LAYAK,Tercemar Basa (Kapur),53430.20,2.6905,16952.30,0.8536,0.7822,1902,1.5327,12.72,29.56
GalonTanah,7.17,183.0,NETRAL,TIDAK LAYAK,Tercemar Basa (Kapur),53166.10,2.6772,21374.20,1.0763,0.9863,1882,1.5166,13.74,29.56
GalonTanah,7.17,183.0,NETRAL,TIDAK LAYAK,Tercemar Basa (Kapur),53401.40,2.6890,15688.00,0.7900,0.7239,1889,1.5223,13.38,29.56
GalonTanah,7.17,183.0,NETRAL,TIDAK LAYAK,Tercemar Basa (Kapur),53118.10,2.6747,19444.10,0.9791,0.8972,1895,1.5271,13.08,29.56
GalonTanah,7.17,183.0,NETRAL,TIDAK LAYAK,Tercemar Basa (Kapur),53164.50,2.6771,19754.60,0.9947,0.9116,1888,1.5215,13.44,29.56
GalonTanah,7.17,183.0,NETRAL,TIDAK LAYAK,Tercemar Basa (Kapur),53114.90,2.6746,14294.30,0.7198,0.6596,1893,1.5255,13.18,29.56
GalonTanah,7.17,183.0,NETRAL,TIDAK LAYAK,Tercemar Basa (Kapur),53031.70,2.6704,22592.10,1.1376,1.0425,1923,1.5497,11.64,29.56
GalonTanah,7.17,183.0,NETRAL,TIDAK LAYAK,Tercemar Basa (Kapur),53150.10,2.6764,14878.40,0.7492,0.6866,1914,1.5424,12.10,29.56
GalonTanah,7.17,183.0,NETRAL,TIDAK LAYAK,Tercemar Basa (Kapur),53122.90,2.6750,19138.50,0.9637,0.8831,1915,1.5432,12.05,29.56
GalonTanah,7.17,183.0,NETRAL,TIDAK LAYAK,Tercemar Basa (Kapur),53298.90,2.6839,19228.30,0.9682,0.8873,1921,1.5481,11.74,29.56
GalonTanah,7.17,183.0,NETRAL,TIDAK LAYAK,Tercemar Basa (Kapur),53164.50,2.6771,16698.00,0.8408,0.7705,1921,1.5481,11.74,29.56
GalonTanah,7.17,183.0,NETRAL,TIDAK LAYAK,Tercemar Basa (Kapur),53025.30,2.6701,18306.10,0.9218,0.8457,1914,1.5424,12.10,29.50
GalonTanah,7.17,183.0,NETRAL,TIDAK LAYAK,Tercemar Basa (Kapur),53263.70,2.6821,20273.30,1.0209,0.9355,1905,1.5352,12.56,29.56
GalonTanah,7.17,183.0,NETRAL,TIDAK LAYAK,Tercemar Basa (Kapur),53148.50,2.6763,17890.30,0.9009,0.8246,1909,1.5384,12.36,29.63
GalonTanah,7.17,183.0,NETRAL,TIDAK LAYAK,Tercemar Basa (Kapur),53367.80,2.6873,19873.30,1.0007,0.9170,1912,1.5408,12.21,29.56
GalonTanah,7.17,183.0,NETRAL,TIDAK LAYAK,Tercemar Basa (Kapur),52969.20,2.6673,15308.70,0.7709,0.7064,1913,1.5416,12.15,29.56
GalonTanah,7.17,183.0,NETRAL,TIDAK LAYAK,Tercemar Basa (Kapur),53105.30,2.6741,17560.60,0.8843,0.8103,1913,1.5416,12.15,29.56
GalonTanah,7.17,183.0,NETRAL,TIDAK LAYAK,Tercemar Basa (Kapur),53119.70,2.6748,21918.40,1.1037,1.0114,1901,1.5319,12.77,29.56
GalonTanah,7.17,183.0,NETRAL,TIDAK LAYAK,Tercemar Basa (Kapur),52860.40,2.6618,17802.20,0.8964,0.8215,1899,1.5303,12.87,29.56
GalonTanah,7.17,183.0,NETRAL,TIDAK LAYAK,Tercemar Basa (Kapur),53246.10,2.6812,14158.20,0.7129,0.6533,1908,1.5376,12.41,29.56
GalonTanah,7.17,183.0,NETRAL,TIDAK LAYAK,Tercemar Basa (Kapur),53108.50,2.6743,22733.10,1.1447,1.0490,1911,1.5400,12.26,29.56
GalonTanah,7.17,183.0,NETRAL,TIDAK LAYAK,Tercemar Basa (Kapur),53170.90,2.6774,15716.90,0.7914,0.7252,1897,1.5287,12.97,29.56
GalonTanah,7.17,183.0,NETRAL,TIDAK LAYAK,Tercemar Basa (Kapur),52924.50,2.6650,18064.70,0.9096,0.8336,1900,1.5311,12.82,29.56
GalonTanah,7.17,183.0,NETRAL,TIDAK LAYAK,Tercemar Basa (Kapur),53132.50,2.6755,20354.90,1.0250,0.9393,1916,1.5440,12.00,29.56
GalonTanah,7.17,183.0,NETRAL,TIDAK LAYAK,Tercemar Basa (Kapur),53162.90,2.6770,15368.00,0.7739,0.7091,1914,1.5424,12.10,29.56
GalonTanah,7.17,183.0,NETRAL,TIDAK LAYAK,Tercemar Basa (Kapur),52996.50,2.6686,18634.40,0.9383,0.8599,1916,1.5440,12.00,29.56
GalonTanah,7.17,183.0,NETRAL,TIDAK LAYAK,Tercemar Basa (Kapur),53161.30,2.6769,20039.80,1.0091,0.9247,1912,1.5408,12.21,29.56
GalonTanah,7.17,183.0,NETRAL,TIDAK LAYAK,Tercemar Basa (Kapur),52982.00,2.6679,16563.50,0.8341,0.7643,1913,1.5416,12.15,29.56
GalonTanah,7.17,183.0,NETRAL,TIDAK LAYAK,Tercemar Basa (Kapur),53060.50,2.6718,17458.30,0.8791,0.8056,1914,1.5424,12.10,29.56
GalonTanah,7.17,183.0,NETRAL,TIDAK LAYAK,Tercemar Basa (Kapur),53322.90,2.6851,16421.00,0.8269,0.7577,1911,1.5400,12.26,29.56
GalonTanah,7.17,183.0,NETRAL,TIDAK LAYAK,Tercemar Basa (Kapur),53170.90,2.6774,19306.40,0.9722,0.8909,1913,1.5416,12.15,29.56
GalonTanah,7.17,183.0,NETRAL,TIDAK LAYAK,Tercemar Basa (Kapur),53210.90,2.6794,20324.40,1.0234,0.9379,1924,1.5505,11.59,29.56
GalonTanah,7.17,183.0,NETRAL,TIDAK LAYAK,Tercemar Basa (Kapur),53204.50,2.6791,16059.30,0.8087,0.7410,1934,1.5585,11.08,29.56
GalonTanah,7.17,183.0,NETRAL,TIDAK LAYAK,Tercemar Basa (Kapur),53191.70,2.6785,20092.30,1.0117,0.9271,1935,1.5593,11.03,29.56
GalonTanah,7.17,183.0,NETRAL,TIDAK LAYAK,Tercemar Basa (Kapur),53257.30,2.6818,19218.50,0.9677,0.8868,1925,1.5513,11.54,29.56
GalonTanah,7.17,183.0,NETRAL,TIDAK LAYAK,Tercemar Basa (Kapur),53198.10,2.6788,14295.80,0.7199,0.6597,1897,1.5287,12.97,29.56
GalonTanah,7.17,183.0,NETRAL,TIDAK LAYAK,Tercemar Basa (Kapur),53098.90,2.6738,22376.10,1.1267,1.0325,1908,1.5376,12.41,29.56
GalonTanah,7.17,183.0,NETRAL,TIDAK LAYAK,Tercemar Basa (Kapur),53180.50,2.6779,16227.40,0.8171,0.7488,1924,1.5505,11.59,29.56
GalonTanah,7.17,183.0,NETRAL,TIDAK LAYAK,Tercemar Basa (Kapur),52953.30,2.6665,18555.80,0.9344,0.8562,1941,1.5642,10.72,29.56
GalonTanah,7.17,183.0,NETRAL,TIDAK LAYAK,Tercemar Basa (Kapur),53254.10,2.6816,20329.30,1.0237,0.9381,1924,1.5505,11.59,29.56
GalonTanah,7.17,183.0,NETRAL,TIDAK LAYAK,Tercemar Basa (Kapur),53220.50,2.6799,16000.00,0.8057,0.7383,1898,1.5295,12.92,29.56
GalonTanah,7.17,183.0,NETRAL,TIDAK LAYAK,Tercemar Basa (Kapur),52996.50,2.6686,19388.30,0.9763,0.8947,1909,1.5384,12.36,29.56
GalonTanah,7.17,183.0,NETRAL,TIDAK LAYAK,Tercemar Basa (Kapur),53172.50,2.6775,19985.20,1.0064,0.9222,1925,1.5513,11.54,29.56
GalonTanah,7.17,183.0,NETRAL,TIDAK LAYAK,Tercemar Basa (Kapur),53246.10,2.6812,15094.20,0.7601,0.6965,1926,1.5521,11.49,29.56
GalonTanah,7.17,183.0,NETRAL,TIDAK LAYAK,Tercemar Basa (Kapur),53124.50,2.6751,20124.30,1.0134,0.9286,1920,1.5473,11.79,29.56
GalonTanah,7.17,183.0,NETRAL,TIDAK LAYAK,Tercemar Basa (Kapur),53346.90,2.6863,14643.10,0.7373,0.6757,1904,1.5344,12.62,29.56
GalonTanah,7.17,183.0,NETRAL,TIDAK LAYAK,Tercemar Basa (Kapur),53182.10,2.6780,19231.30,0.9684,0.8874,1900,1.5311,12.82,29.56
GalonTanah,7.17,183.0,NETRAL,TIDAK LAYAK,Tercemar Basa (Kapur),53055.70,2.6716,20489.00,1.0317,0.9454,1920,1.5473,11.79,29.56
GalonTanah,7.17,183.0,NETRAL,TIDAK LAYAK,Tercemar Basa (Kapur),53142.10,2.6760,16171.30,0.8143,0.7462,1940,1.5634,10.77,29.56
GalonTanah,7.17,183.0,NETRAL,TIDAK LAYAK,Tercemar Basa (Kapur),53111.70,2.6744,19495.30,0.9817,0.8996,1925,1.5513,11.54,29.56
GalonTanah,7.17,183.0,NETRAL,TIDAK LAYAK,Tercemar Basa (Kapur),53311.80,2.6845,19879.30,1.0010,0.9173,1917,1.5448,11.95,29.56
GalonTanah,7.17,183.0,NETRAL,TIDAK LAYAK,Tercemar Basa (Kapur),53122.90,2.6750,16462.70,0.8290,0.7597,1923,1.5497,11.64,29.56
GalonTanah,7.17,183.0,NETRAL,TIDAK LAYAK,Tercemar Basa (Kapur),53092.50,2.6735,18829.40,0.9482,0.8689,1926,1.5521,11.49,29.56
GalonTanah,7.17,183.0,NETRAL,TIDAK LAYAK,Tercemar Basa (Kapur),53451.00,2.6915,19576.90,0.9858,0.9034,1928,1.5537,11.38,29.56
GalonTanah,7.17,183.0,NETRAL,TIDAK LAYAK,Tercemar Basa (Kapur),53188.50,2.6783,15804.80,0.7958,0.7293,1928,1.5537,11.38,29.56
GalonTanah,7.17,183.0,NETRAL,TIDAK LAYAK,Tercemar Basa (Kapur),53111.70,2.6744,21118.10,1.0634,0.9745,1938,1.5618,10.87,29.56
GalonTanah,7.17,183.0,NETRAL,TIDAK LAYAK,Tercemar Basa (Kapur),53161.30,2.6769,20302.10,1.0223,0.9368,1933,1.5577,11.13,29.56
GalonTanah,7.17,183.0,NETRAL,TIDAK LAYAK,Tercemar Basa (Kapur),53169.30,2.6773,14865.60,0.7486,0.6860,1913,1.5416,12.15,29.56
GalonTanah,7.17,183.0,NETRAL,TIDAK LAYAK,Tercemar Basa (Kapur),53121.30,2.6749,19951.50,1.0047,0.9206,1927,1.5529,11.44,29.56
GalonTanah,7.17,183.0,NETRAL,TIDAK LAYAK,Tercemar Basa (Kapur),53274.90,2.6826,20668.60,1.0408,0.9537,1912,1.5408,12.21,29.56
GalonTanah,7.17,183.0,NETRAL,TIDAK LAYAK,Tercemar Basa (Kapur),53066.90,2.6722,16794.10,0.8457,0.7749,1910,1.5392,12.31,29.56
GalonTanah,7.17,183.0,NETRAL,TIDAK LAYAK,Tercemar Basa (Kapur),53138.90,2.6758,19396.10,0.9767,0.8950,1909,1.5384,12.36,29.56
GalonTanah,7.17,183.0,NETRAL,TIDAK LAYAK,Tercemar Basa (Kapur),53146.90,2.6762,15046.30,0.7577,0.6943,1910,1.5392,12.31,29.56
GalonTanah,7.17,183.0,NETRAL,TIDAK LAYAK,Tercemar Basa (Kapur),53126.10,2.6752,19385.10,0.9761,0.8945,1906,1.5360,12.51,29.56
GalonTanah,7.17,183.0,NETRAL,TIDAK LAYAK,Tercemar Basa (Kapur),53025.30,2.6701,21303.70,1.0727,0.9830,1908,1.5376,12.41,29.56
GalonTanah,7.17,183.0,NETRAL,TIDAK LAYAK,Tercemar Basa (Kapur),53180.50,2.6779,16505.90,0.8312,0.7617,1922,1.5489,11.69,29.56
GalonTanah,7.17,183.0,NETRAL,TIDAK LAYAK,Tercemar Basa (Kapur),53206.10,2.6792,19908.40,1.0025,0.9187,1931,1.5561,11.23,29.56
GalonTanah,7.17,183.0,NETRAL,TIDAK LAYAK,Tercemar Basa (Kapur),52926.10,2.6651,20031.50,1.0087,0.9243,1927,1.5529,11.44,29.56
GalonTanah,7.17,183.0,NETRAL,TIDAK LAYAK,Tercemar Basa (Kapur),53257.30,2.6818,16782.70,0.8451,0.7744,1924,1.5505,11.59,29.56
GalonTanah,7.17,183.0,NETRAL,TIDAK LAYAK,Tercemar Basa (Kapur),53366.10,2.6872,19937.10,1.0039,0.9200,1915,1.5432,12.05,29.56
GalonTanah,7.17,183.0,NETRAL,TIDAK LAYAK,Tercemar Basa (Kapur),53169.30,2.6773,19612.30,0.9876,0.9050,1926,1.5521,11.49,29.56
GalonTanah,7.17,183.0,NETRAL,TIDAK LAYAK,Tercemar Basa (Kapur),53044.50,2.6710,17166.70,0.8644,0.7921,1932,1.5569,11.18,29.56
GalonTanah,7.17,183.0,NETRAL,TIDAK LAYAK,Tercemar Basa (Kapur),53033.30,2.6705,19096.90,0.9616,0.8812,1928,1.5537,11.38,29.56
GalonTanah,7.17,183.0,NETRAL,TIDAK LAYAK,Tercemar Basa (Kapur),53081.30,2.6729,20303.50,1.0224,0.9369,1931,1.5561,11.23,29.56
GalonTanah,7.17,183.0,NETRAL,TIDAK LAYAK,Tercemar Basa (Kapur),53438.20,2.6909,16939.60,0.8530,0.7817,1920,1.5473,11.79,29.56
GalonTanah,7.17,183.0,NETRAL,TIDAK LAYAK,Tercemar Basa (Kapur),53058.90,2.6718,19117.80,0.9627,0.8822,1914,1.5424,12.10,29.56
GalonTanah,7.17,183.0,NETRAL,TIDAK LAYAK,Tercemar Basa (Kapur),53204.50,2.6791,20775.70,1.0462,0.9587,1931,1.5561,11.23,29.56
GalonTanah,7.17,183.0,NETRAL,TIDAK LAYAK,Tercemar Basa (Kapur),53094.10,2.6735,16069.10,0.8092,0.7415,1930,1.5553,11.28,29.56
GalonTanah,7.17,183.0,NETRAL,TIDAK LAYAK,Tercemar Basa (Kapur),53207.70,2.6793,21081.40,1.0615,0.9728,1939,1.5626,10.82,29.56
GalonTanah,7.17,183.0,NETRAL,TIDAK LAYAK,Tercemar Basa (Kapur),53023.70,2.6700,15363.20,0.7736,0.7089,1930,1.5553,11.28,29.56
GalonTanah,7.17,183.0,NETRAL,TIDAK LAYAK,Tercemar Basa (Kapur),53190.10,2.6784,18404.00,0.9267,0.8492,1909,1.5384,12.36,29.56
GalonTanah,7.17,183.0,NETRAL,TIDAK LAYAK,Tercemar Basa (Kapur),53226.90,2.6802,20966.10,1.0557,0.9675,1900,1.5311,12.82,29.56
GalonTanah,7.17,183.0,NETRAL,TIDAK LAYAK,Tercemar Basa (Kapur),53142.10,2.6760,15048.00,0.7577,0.6944,1907,1.5368,12.46,29.56
GalonTanah,7.17,183.0,NETRAL,TIDAK LAYAK,Tercemar Basa (Kapur),52932.50,2.6654,19194.50,0.9665,0.8857,1908,1.5376,12.41,29.56
GalonTanah,7.17,183.0,NETRAL,TIDAK LAYAK,Tercemar Basa (Kapur),53063.70,2.6720,20126.00,1.0134,0.9287,1913,1.5416,12.15,29.56
GalonTanah,7.17,183.0,NETRAL,TIDAK LAYAK,Tercemar Basa (Kapur),53055.70,2.6716,14755.00,0.7430,0.6809,1914,1.5424,12.10,29.56
GalonTanah,7.17,183.0,NETRAL,TIDAK LAYAK,Tercemar Basa (Kapur),53097.30,2.6737,18299.90,0.9215,0.8444,1913,1.5416,12.15,29.56
GalonTanah,7.17,183.0,NETRAL,TIDAK LAYAK,Tercemar Basa (Kapur),53220.50,2.6799,19842.70,0.9992,0.9156,1912,1.5408,12.21,29.56
GalonTanah,7.17,183.0,NETRAL,TIDAK LAYAK,Tercemar Basa (Kapur),53012.50,2.6694,15454.40,0.7782,0.7131,1903,1.5336,12.67,29.56
GalonTanah,7.17,183.0,NETRAL,TIDAK LAYAK,Tercemar Basa (Kapur),52901.90,2.6639,18453.70,0.9292,0.8515,1895,1.5271,13.08,29.56
GalonTanah,7.17,183.0,NETRAL,TIDAK LAYAK,Tercemar Basa (Kapur),53201.30,2.6789,19860.30,1.0001,0.9164,1917,1.5448,11.95,29.56
GalonTanah,7.17,183.0,NETRAL,TIDAK LAYAK,Tercemar Basa (Kapur),53170.90,2.6774,14683.00,0.7394,0.6775,1928,1.5537,11.38,29.56
GalonTanah,7.17,183.0,NETRAL,TIDAK LAYAK,Tercemar Basa (Kapur),53014.10,2.6695,20836.50,1.0492,0.9615,1927,1.5529,11.44,29.56
GalonTanah,7.17,183.0,NETRAL,TIDAK LAYAK,Tercemar Basa (Kapur),53047.70,2.6712,20047.40,1.0095,0.9261,1926,1.5521,11.49,29.50
GalonTanah,7.17,183.0,NETRAL,TIDAK LAYAK,Tercemar Basa (Kapur),52846.10,2.6611,19276.10,0.9706,0.8895,1922,1.5489,11.69,29.56
GalonTanah,7.17,183.0,NETRAL,TIDAK LAYAK,Tercemar Basa (Kapur),52956.50,2.6666,17784.60,0.8955,0.8207,1919,1.5464,11.85,29.56
GalonTanah,7.17,183.0,NETRAL,TIDAK LAYAK,Tercemar Basa (Kapur),53316.50,2.6847,15872.00,0.7992,0.7324,1939,1.5626,10.82,29.56
GalonTanah,7.17,183.0,NETRAL,TIDAK LAYAK,Tercemar Basa (Kapur),53214.10,2.6796,17811.90,0.8969,0.8219,1946,1.5682,10.46,29.56
GalonTanah,7.17,183.0,NETRAL,TIDAK LAYAK,Tercemar Basa (Kapur),53007.70,2.6692,17760.60,0.8943,0.8195,1937,1.5610,10.92,29.56
GalonTanah,7.17,183.0,NETRAL,TIDAK LAYAK,Tercemar Basa (Kapur),53185.30,2.6781,15833.60,0.7973,0.7306,1944,1.5666,10.56,29.56
GalonTanah,7.17,183.0,NETRAL,TIDAK LAYAK,Tercemar Basa (Kapur),53014.00,2.6695,17992.90,0.9060,0.8303,1936,1.5601,10.97,29.56
GalonTanah,7.17,183.0,NETRAL,TIDAK LAYAK,Tercemar Basa (Kapur),53204.50,2.6791,17096.30,0.8609,0.7889,1938,1.5618,10.87,29.56
GalonTanah,7.17,183.0,NETRAL,TIDAK LAYAK,Tercemar Basa (Kapur),53078.10,2.6727,14183.90,0.7142,0.6545,1913,1.5416,12.15,29.56
GalonTanah,7.17,183.0,NETRAL,TIDAK LAYAK,Tercemar Basa (Kapur),53018.90,2.6698,20167.50,1.0155,0.9306,1912,1.5408,12.21,29.56
GalonTanah,7.17,183.0,NETRAL,TIDAK LAYAK,Tercemar Basa (Kapur),52940.50,2.6658,17611.60,0.8868,0.8127,1907,1.5368,12.46,29.56
GalonTanah,7.17,183.0,NETRAL,TIDAK LAYAK,Tercemar Basa (Kapur),53164.50,2.6771,13844.60,0.6971,0.6388,1930,1.5553,11.28,29.56
GalonTanah,7.17,183.0,NETRAL,TIDAK LAYAK,Tercemar Basa (Kapur),53419.10,2.6899,19749.90,0.9945,0.9113,1955,1.5755,10.00,29.56
GalonTanah,7.17,183.0,NETRAL,TIDAK LAYAK,Tercemar Basa (Kapur),53098.90,2.6738,17816.60,0.8972,0.8221,1922,1.5489,11.69,29.56
GalonTanah,7.17,183.0,NETRAL,TIDAK LAYAK,Tercemar Basa (Kapur),53151.70,2.6764,14518.40,0.7311,0.6707,1921,1.5481,11.74,29.50
GalonTanah,7.17,183.0,NETRAL,TIDAK LAYAK,Tercemar Basa (Kapur),53143.70,2.6760,19529.00,0.9834,0.9011,1928,1.5537,11.38,29.56
GalonTanah,7.17,183.0,NETRAL,TIDAK LAYAK,Tercemar Basa (Kapur),53049.30,2.6713,14329.30,0.7215,0.6612,1934,1.5585,11.08,29.56
GalonTanah,7.17,183.0,NETRAL,TIDAK LAYAK,Tercemar Basa (Kapur),53087.70,2.6732,16228.90,0.8172,0.7489,1922,1.5489,11.69,29.56
GalonTanah,7.17,183.0,NETRAL,TIDAK LAYAK,Tercemar Basa (Kapur),53143.70,2.6760,20836.40,1.0492,0.9615,1912,1.5408,12.21,29.56
GalonTanah,7.17,183.0,NETRAL,TIDAK LAYAK,Tercemar Basa (Kapur),53108.50,2.6743,14697.60,0.7401,0.6782,1919,1.5464,11.85,29.56
GalonTanah,7.17,183.0,NETRAL,TIDAK LAYAK,Tercemar Basa (Kapur),52996.50,2.6686,13806.10,0.6952,0.6371,1927,1.5529,11.44,29.56
GalonTanah,7.17,183.0,NETRAL,TIDAK LAYAK,Tercemar Basa (Kapur),53146.90,2.6762,18479.40,0.9305,0.8527,1940,1.5634,10.77,29.56
GalonTanah,7.17,183.0,NETRAL,TIDAK LAYAK,Tercemar Basa (Kapur),53180.50,2.6779,17390.90,0.8757,0.8025,1951,1.5722,10.21,29.56
GalonTanah,7.17,183.0,NETRAL,TIDAK LAYAK,Tercemar Basa (Kapur),53121.30,2.6749,15198.50,0.7653,0.7013,1937,1.5610,10.92,29.56
GalonTanah,7.17,183.0,NETRAL,TIDAK LAYAK,Tercemar Basa (Kapur),52988.50,2.6682,20271.60,1.0208,0.9354,1922,1.5489,11.69,29.56
GalonTanah,7.17,183.0,NETRAL,TIDAK LAYAK,Tercemar Basa (Kapur),53182.10,2.6780,16096.50,0.8105,0.7428,1936,1.5601,10.97,29.56
GalonTanah,7.17,183.0,NETRAL,TIDAK LAYAK,Tercemar Basa (Kapur),53198.10,2.6788,14550.30,0.7327,0.6714,1921,1.5481,11.74,29.56
GalonTanah,7.17,183.0,NETRAL,TIDAK LAYAK,Tercemar Basa (Kapur),53113.30,2.6745,20599.60,1.0373,0.9506,1915,1.5432,12.05,29.56
GalonTanah,7.17,183.0,NETRAL,TIDAK LAYAK,Tercemar Basa (Kapur),53252.50,2.6815,15550.70,0.7831,0.7176,1927,1.5529,11.44,29.56
GalonTanah,7.17,183.0,NETRAL,TIDAK LAYAK,Tercemar Basa (Kapur),53086.10,2.6731,15344.10,0.7726,0.7080,1941,1.5642,10.72,29.56
GalonKapur Sirih,12.14,2472.0,BASA,TIDAK LAYAK,Tercemar Basa (Kapur),40704.00,2.0496,20801.20,1.0474,0.9710,537,0.4327,82.72,28.94
GalonKapur Sirih,12.14,2472.0,BASA,TIDAK LAYAK,Tercemar Basa (Kapur),40427.10,2.0357,21135.80,1.0643,0.9855,531,0.4279,83.03,29.00
GalonKapur Sirih,12.14,2472.0,BASA,TIDAK LAYAK,Tercemar Basa (Kapur),40559.90,2.0424,16491.50,0.8304,0.7689,543,0.4376,82.41,29.00
GalonKapur Sirih,12.14,2472.0,BASA,TIDAK LAYAK,Tercemar Basa (Kapur),40267.10,2.0276,21607.90,1.0881,1.0075,568,0.4577,81.13,29.00
GalonKapur Sirih,12.14,2472.0,BASA,TIDAK LAYAK,Tercemar Basa (Kapur),40708.70,2.0499,23168.40,1.1666,1.0802,554,0.4464,81.85,29.00
GalonKapur Sirih,12.14,2472.0,BASA,TIDAK LAYAK,Tercemar Basa (Kapur),40390.30,2.0338,17471.00,0.8797,0.8146,571,0.4601,80.97,29.00
GalonKapur Sirih,12.14,2472.0,BASA,TIDAK LAYAK,Tercemar Basa (Kapur),40334.30,2.0310,22321.60,1.1240,1.0407,619,0.4988,78.51,29.00
GalonKapur Sirih,12.14,2472.0,BASA,TIDAK LAYAK,Tercemar Basa (Kapur),40494.40,2.0391,22453.00,1.1306,1.0469,615,0.4956,78.72,29.00
GalonKapur Sirih,12.14,2472.0,BASA,TIDAK LAYAK,Tercemar Basa (Kapur),40369.50,2.0328,18724.00,0.9428,0.8730,645,0.5198,77.18,29.00
GalonKapur Sirih,12.14,2472.0,BASA,TIDAK LAYAK,Tercemar Basa (Kapur),40787.20,2.0538,21382.40,1.0767,0.9969,643,0.5182,77.28,29.00
GalonKapur Sirih,12.14,2472.0,BASA,TIDAK LAYAK,Tercemar Basa (Kapur),40203.10,2.0244,20820.50,1.0484,0.9708,656,0.5286,76.62,29.00
GalonKapur Sirih,12.14,2472.0,BASA,TIDAK LAYAK,Tercemar Basa (Kapur),40339.10,2.0313,19100.10,0.9618,0.8905,675,0.5440,75.64,29.00
GalonKapur Sirih,12.14,2472.0,BASA,TIDAK LAYAK,Tercemar Basa (Kapur),40276.70,2.0281,25474.50,1.2828,1.1877,660,0.5319,76.41,29.00
GalonKapur Sirih,12.14,2472.0,BASA,TIDAK LAYAK,Tercemar Basa (Kapur),40291.10,2.0288,17576.40,0.8851,0.8195,669,0.5391,75.95,29.00
GalonKapur Sirih,12.14,2472.0,BASA,TIDAK LAYAK,Tercemar Basa (Kapur),39967.80,2.0126,21105.40,1.0628,0.9840,715,0.5762,73.59,29.00
GalonKapur Sirih,12.14,2472.0,BASA,TIDAK LAYAK,Tercemar Basa (Kapur),40051.10,2.0168,23010.00,1.1587,1.0728,717,0.5778,73.49,29.00
GalonKapur Sirih,12.14,2472.0,BASA,TIDAK LAYAK,Tercemar Basa (Kapur),40527.90,2.0408,18679.10,0.9406,0.8709,729,0.5875,72.87,29.00
GalonKapur Sirih,12.14,2472.0,BASA,TIDAK LAYAK,Tercemar Basa (Kapur),40209.50,2.0247,22344.20,1.1251,1.0418,717,0.5778,73.49,29.00
GalonKapur Sirih,12.14,2472.0,BASA,TIDAK LAYAK,Tercemar Basa (Kapur),40420.70,2.0354,23272.40,1.1719,1.0851,685,0.5520,75.13,29.00
GalonKapur Sirih,12.14,2472.0,BASA,TIDAK LAYAK,Tercemar Basa (Kapur),40451.10,2.0369,16641.90,0.8380,0.7750,713,0.5746,73.69,29.06
GalonKapur Sirih,12.14,2472.0,BASA,TIDAK LAYAK,Tercemar Basa (Kapur),40222.30,2.0254,25396.10,1.2788,1.1841,829,0.6681,67.74,29.00
GalonKapur Sirih,12.14,2472.0,BASA,TIDAK LAYAK,Tercemar Basa (Kapur),40259.10,2.0272,22524.80,1.1342,1.0502,847,0.6826,66.82,29.00
GalonKapur Sirih,12.14,2472.0,BASA,TIDAK LAYAK,Tercemar Basa (Kapur),40752.00,2.0521,17750.90,0.8938,0.8267,797,0.6423,69.38,29.06
GalonKapur Sirih,12.14,2472.0,BASA,TIDAK LAYAK,Tercemar Basa (Kapur),40158.30,2.0222,21820.90,1.0988,1.0174,752,0.6060,71.69,29.00
GalonKapur Sirih,12.14,2472.0,BASA,TIDAK LAYAK,Tercemar Basa (Kapur),40276.70,2.0281,22552.20,1.1356,1.0515,772,0.6221,70.67,29.00
GalonKapur Sirih,12.14,2472.0,BASA,TIDAK LAYAK,Tercemar Basa (Kapur),40347.10,2.0317,17744.70,0.8935,0.8273,825,0.6648,67.95,29.00
GalonKapur Sirih,12.14,2472.0,BASA,TIDAK LAYAK,Tercemar Basa (Kapur),40323.10,2.0305,25156.00,1.2667,1.1729,847,0.6826,66.82,29.00
GalonKapur Sirih,12.14,2472.0,BASA,TIDAK LAYAK,Tercemar Basa (Kapur),40239.90,2.0263,17272.60,0.8698,0.8053,908,0.7317,63.69,29.00
GalonKapur Sirih,12.14,2472.0,BASA,TIDAK LAYAK,Tercemar Basa (Kapur),40417.50,2.0352,22128.10,1.1143,1.0305,904,0.7285,63.90,29.06
GalonKapur Sirih,12.14,2472.0,BASA,TIDAK LAYAK,Tercemar Basa (Kapur),40123.10,2.0204,23120.40,1.1642,1.0767,905,0.7293,63.85,29.06
GalonKapur Sirih,12.14,2472.0,BASA,TIDAK LAYAK,Tercemar Basa (Kapur),40265.50,2.0276,18439.20,0.9285,0.8597,931,0.7503,62.51,29.00
GalonKapur Sirih,12.14,2472.0,BASA,TIDAK LAYAK,Tercemar Basa (Kapur),40180.70,2.0233,21851.00,1.1003,1.0188,935,0.7535,62.31,29.00
GalonKapur Sirih,12.14,2472.0,BASA,TIDAK LAYAK,Tercemar Basa (Kapur),40017.50,2.0151,22211.40,1.1184,1.0356,928,0.7478,62.67,29.00
GalonKapur Sirih,12.14,2472.0,BASA,TIDAK LAYAK,Tercemar Basa (Kapur),40231.90,2.0259,18704.70,0.9419,0.8711,976,0.7865,60.21,29.06
GalonKapur Sirih,12.14,2472.0,BASA,TIDAK LAYAK,Tercemar Basa (Kapur),40033.50,2.0159,26405.80,1.3297,1.2297,1000,0.8059,58.97,29.06
GalonKapur Sirih,12.14,2472.0,BASA,TIDAK LAYAK,Tercemar Basa (Kapur),39623.80,1.9952,21169.50,1.0660,0.9859,964,0.7768,60.82,29.06
GalonKapur Sirih,12.14,2472.0,BASA,TIDAK LAYAK,Tercemar Basa (Kapur),39883.10,2.0083,17227.80,0.8675,0.8023,955,0.7696,61.28,29.06
GalonKapur Sirih,12.14,2472.0,BASA,TIDAK LAYAK,Tercemar Basa (Kapur),40043.10,2.0164,24848.70,1.2513,1.1572,1011,0.8147,58.41,29.06
GalonKapur Sirih,12.14,2472.0,BASA,TIDAK LAYAK,Tercemar Basa (Kapur),40470.40,2.0379,21380.60,1.0766,0.9957,943,0.7599,61.90,29.06
GalonKapur Sirih,12.14,2472.0,BASA,TIDAK LAYAK,Tercemar Basa (Kapur),40179.10,2.0232,18392.70,0.9262,0.8576,973,0.7841,60.36,29.00
GalonKapur Sirih,12.14,2472.0,BASA,TIDAK LAYAK,Tercemar Basa (Kapur),39907.10,2.0095,20754.90,1.0451,0.9666,999,0.8051,59.03,29.06
GalonKapur Sirih,12.14,2472.0,BASA,TIDAK LAYAK,Tercemar Basa (Kapur),39785.50,2.0034,18948.10,0.9541,0.8824,956,0.7704,61.23,29.06
GalonKapur Sirih,12.14,2472.0,BASA,TIDAK LAYAK,Tercemar Basa (Kapur),40046.30,2.0165,18141.50,0.9135,0.8449,970,0.7817,60.51,29.06
GalonKapur Sirih,12.14,2472.0,BASA,TIDAK LAYAK,Tercemar Basa (Kapur),39481.40,1.9881,25223.10,1.2701,1.1760,1055,0.8502,56.15,29.00
GalonKapur Sirih,12.14,2472.0,BASA,TIDAK LAYAK,Tercemar Basa (Kapur),39875.00,2.0079,19826.80,0.9984,0.9244,1085,0.8744,54.62,29.00
GalonKapur Sirih,12.14,2472.0,BASA,TIDAK LAYAK,Tercemar Basa (Kapur),40153.50,2.0219,17478.90,0.8801,0.8150,1101,0.8873,53.79,29.00
GalonKapur Sirih,12.14,2472.0,BASA,TIDAK LAYAK,Tercemar Basa (Kapur),40046.30,2.0165,25060.00,1.2619,1.1684,1112,0.8961,53.23,29.00
GalonKapur Sirih,12.14,2472.0,BASA,TIDAK LAYAK,Tercemar Basa (Kapur),40100.70,2.0193,20700.50,1.0424,0.9640,1083,0.8727,54.72,29.06
GalonKapur Sirih,12.14,2472.0,BASA,TIDAK LAYAK,Tercemar Basa (Kapur),39945.50,2.0114,16320.20,0.8218,0.7609,1038,0.8365,57.03,29.00
GalonKapur Sirih,12.14,2472.0,BASA,TIDAK LAYAK,Tercemar Basa (Kapur),40580.80,2.0434,25043.80,1.2611,1.1677,1033,0.8325,57.28,29.00
GalonKapur Sirih,12.14,2472.0,BASA,TIDAK LAYAK,Tercemar Basa (Kapur),40142.30,2.0214,17656.60,0.8891,0.8232,1076,0.8671,55.08,29.00
GalonKapur Sirih,12.14,2472.0,BASA,TIDAK LAYAK,Tercemar Basa (Kapur),40079.90,2.0182,20833.30,1.0491,0.9702,1037,0.8357,57.08,29.06
GalonKapur Sirih,12.14,2472.0,BASA,TIDAK LAYAK,Tercemar Basa (Kapur),40291.10,2.0288,24943.20,1.2560,1.1616,1063,0.8566,55.74,29.06
GalonKapur Sirih,12.14,2472.0,BASA,TIDAK LAYAK,Tercemar Basa (Kapur),39991.80,2.0138,17711.10,0.8918,0.8248,1121,0.9034,52.77,29.06
GalonKapur Sirih,12.14,2472.0,BASA,TIDAK LAYAK,Tercemar Basa (Kapur),40095.80,2.0190,19492.30,0.9815,0.9088,1169,0.9421,50.31,29.00
GalonKapur Sirih,12.14,2472.0,BASA,TIDAK LAYAK,Tercemar Basa (Kapur),40035.10,2.0160,24575.20,1.2375,1.1458,1141,0.9195,51.74,29.00
GalonKapur Sirih,12.14,2472.0,BASA,TIDAK LAYAK,Tercemar Basa (Kapur),40523.20,2.0405,16979.60,0.8550,0.7908,1155,0.9308,51.03,29.06
GalonKapur Sirih,12.14,2472.0,BASA,TIDAK LAYAK,Tercemar Basa (Kapur),40273.60,2.0280,22397.00,1.1278,1.0443,1162,0.9364,50.67,29.00
GalonKapur Sirih,12.14,2472.0,BASA,TIDAK LAYAK,Tercemar Basa (Kapur),39903.90,2.0094,21836.80,1.0996,1.0170,1207,0.9727,48.36,29.06
GalonKapur Sirih,12.14,2472.0,BASA,TIDAK LAYAK,Tercemar Basa (Kapur),40262.30,2.0274,19367.40,0.9752,0.9020,1212,0.9767,48.10,29.06
GalonKapur Sirih,12.14,2472.0,BASA,TIDAK LAYAK,Tercemar Basa (Kapur),40115.10,2.0200,21915.00,1.1035,1.0218,1208,0.9735,48.31,29.00
GalonKapur Sirih,12.14,2472.0,BASA,TIDAK LAYAK,Tercemar Basa (Kapur),40004.70,2.0144,24533.50,1.2354,1.1439,1139,0.9179,51.85,29.00
GalonKapur Sirih,12.14,2472.0,BASA,TIDAK LAYAK,Tercemar Basa (Kapur),39798.30,2.0040,17486.80,0.8805,0.8153,1156,0.9316,50.97,29.00
GalonKapur Sirih,12.14,2472.0,BASA,TIDAK LAYAK,Tercemar Basa (Kapur),40091.10,2.0188,17325.20,0.8724,0.8078,1200,0.9670,48.72,29.00
GalonKapur Sirih,12.14,2472.0,BASA,TIDAK LAYAK,Tercemar Basa (Kapur),40119.90,2.0202,25601.00,1.2891,1.1923,1207,0.9727,48.36,29.06
GalonKapur Sirih,12.14,2472.0,BASA,TIDAK LAYAK,Tercemar Basa (Kapur),39982.30,2.0133,17919.20,0.9023,0.8345,1208,0.9735,48.31,29.06
GalonKapur Sirih,12.14,2472.0,BASA,TIDAK LAYAK,Tercemar Basa (Kapur),40059.10,2.0172,21687.80,1.0921,1.0100,1218,0.9815,47.79,29.06
GalonKapur Sirih,12.14,2472.0,BASA,TIDAK LAYAK,Tercemar Basa (Kapur),39659.00,1.9970,23057.70,1.1611,1.0738,1227,0.9888,47.33,29.06
GalonKapur Sirih,12.14,2472.0,BASA,TIDAK LAYAK,Tercemar Basa (Kapur),39895.90,2.0089,18423.20,0.9277,0.8580,1215,0.9791,47.95,29.06
GalonKapur Sirih,12.14,2472.0,BASA,TIDAK LAYAK,Tercemar Basa (Kapur),39809.50,2.0046,21582.30,1.0868,1.0051,1234,0.9944,46.97,29.06
GalonKapur Sirih,12.14,2472.0,BASA,TIDAK LAYAK,Tercemar Basa (Kapur),40241.50,2.0264,22728.10,1.1445,1.0597,1228,0.9896,47.28,29.00
GalonKapur Sirih,12.14,2472.0,BASA,TIDAK LAYAK,Tercemar Basa (Kapur),40137.50,2.0211,18767.40,0.9450,0.8740,1216,0.9799,47.90,29.06
GalonKapur Sirih,12.14,2472.0,BASA,TIDAK LAYAK,Tercemar Basa (Kapur),40070.30,2.0177,25255.10,1.2717,1.1762,1213,0.9775,48.05,29.06
GalonKapur Sirih,12.14,2472.0,BASA,TIDAK LAYAK,Tercemar Basa (Kapur),40143.90,2.0214,18146.10,0.9137,0.8451,1216,0.9799,47.90,29.06
GalonKapur Sirih,12.14,2472.0,BASA,TIDAK LAYAK,Tercemar Basa (Kapur),40044.70,2.0164,17352.70,0.8738,0.8081,1229,0.9904,47.23,29.06
GalonKapur Sirih,12.14,2472.0,BASA,TIDAK LAYAK,Tercemar Basa (Kapur),40371.20,2.0329,24338.10,1.2255,1.1348,1243,1.0017,46.51,29.00
GalonKapur Sirih,12.14,2472.0,BASA,TIDAK LAYAK,Tercemar Basa (Kapur),40158.30,2.0222,22089.60,1.1123,1.0287,1236,0.9960,46.87,29.06
GalonKapur Sirih,12.14,2472.0,BASA,TIDAK LAYAK,Tercemar Basa (Kapur),39852.60,2.0068,17752.70,0.8939,0.8277,1240,0.9993,46.67,29.00
GalonKapur Sirih,12.14,2472.0,BASA,TIDAK LAYAK,Tercemar Basa (Kapur),39715.00,1.9998,21199.90,1.0675,0.9884,1239,0.9985,46.72,29.00
GalonKapur Sirih,12.14,2472.0,BASA,TIDAK LAYAK,Tercemar Basa (Kapur),39979.10,2.0131,22044.80,1.1101,1.0278,1241,1.0001,46.62,29.00
GalonKapur Sirih,12.14,2472.0,BASA,TIDAK LAYAK,Tercemar Basa (Kapur),40105.50,2.0195,16962.10,0.8541,0.7909,1257,1.0130,45.79,29.00
GalonKapur Sirih,12.14,2472.0,BASA,TIDAK LAYAK,Tercemar Basa (Kapur),40063.90,2.0174,22416.00,1.1288,1.0451,1252,1.0089,46.05,29.00
GalonKapur Sirih,12.14,2472.0,BASA,TIDAK LAYAK,Tercemar Basa (Kapur),39803.10,2.0043,22729.80,1.1446,1.0598,1257,1.0130,45.79,29.00
GalonKapur Sirih,12.14,2472.0,BASA,TIDAK LAYAK,Tercemar Basa (Kapur),40247.90,2.0267,19052.20,0.9594,0.8883,1254,1.0105,45.95,29.00
GalonKapur Sirih,12.14,2472.0,BASA,TIDAK LAYAK,Tercemar Basa (Kapur),39602.90,1.9942,21062.20,1.0606,0.9809,1259,1.0146,45.69,29.06
GalonKapur Sirih,12.14,2472.0,BASA,TIDAK LAYAK,Tercemar Basa (Kapur),39835.10,2.0059,25429.80,1.2805,1.1843,1260,1.0154,45.64,29.06
GalonKapur Sirih,12.14,2472.0,BASA,TIDAK LAYAK,Tercemar Basa (Kapur),39983.90,2.0134,18562.50,0.9347,0.8645,1286,1.0363,44.31,29.06
GalonKapur Sirih,12.14,2472.0,BASA,TIDAK LAYAK,Tercemar Basa (Kapur),39914.80,2.0099,16260.90,0.8188,0.7582,1307,1.0533,43.23,29.00
GalonKapur Sirih,12.14,2472.0,BASA,TIDAK LAYAK,Tercemar Basa (Kapur),39930.90,2.0107,23234.10,1.1699,1.0833,1312,1.0573,42.97,29.00
GalonKapur Sirih,12.14,2472.0,BASA,TIDAK LAYAK,Tercemar Basa (Kapur),40004.50,2.0144,17802.20,0.8964,0.8300,1331,1.0726,42.00,29.00
GalonKapur Sirih,12.14,2472.0,BASA,TIDAK LAYAK,Tercemar Basa (Kapur),39964.50,2.0124,21377.30,1.0764,0.9967,1320,1.0637,42.56,29.00
GalonKapur Sirih,12.14,2472.0,BASA,TIDAK LAYAK,Tercemar Basa (Kapur),39740.50,2.0011,22741.30,1.1451,1.0603,1309,1.0549,43.13,29.00
GalonKapur Sirih,12.14,2472.0,BASA,TIDAK LAYAK,Tercemar Basa (Kapur),40019.10,2.0152,17302.90,0.8713,0.8067,1308,1.0541,43.18,29.00
GalonKapur Sirih,12.14,2472.0,BASA,TIDAK LAYAK,Tercemar Basa (Kapur),40286.30,2.0286,22616.20,1.1388,1.0545,1335,1.0758,41.79,29.00
GalonKapur Sirih,12.14,2472.0,BASA,TIDAK LAYAK,Tercemar Basa (Kapur),39924.60,2.0104,22400.20,1.1280,1.0444,1355,1.0919,40.77,29.00
GalonKapur Sirih,12.14,2472.0,BASA,TIDAK LAYAK,Tercemar Basa (Kapur),40185.50,2.0235,18594.30,0.9363,0.8670,1346,1.0847,41.23,29.00
GalonKapur Sirih,12.14,2472.0,BASA,TIDAK LAYAK,Tercemar Basa (Kapur),40127.90,2.0206,25722.50,1.2953,1.1993,1350,1.0879,41.03,29.00
GalonKapur Sirih,12.14,2472.0,BASA,TIDAK LAYAK,Tercemar Basa (Kapur),39969.50,2.0127,18115.90,0.9122,0.8446,1340,1.0799,41.54,29.00
GalonKapur Sirih,12.14,2472.0,BASA,TIDAK LAYAK,Tercemar Basa (Kapur),39923.00,2.0103,20111.60,1.0127,0.9377,1312,1.0573,42.97,29.00
GalonKapur Sirih,12.14,2472.0,BASA,TIDAK LAYAK,Tercemar Basa (Kapur),40135.90,2.0210,24602.20,1.2388,1.1471,1300,1.0476,43.59,29.00
GalonKapur Sirih,12.14,2472.0,BASA,TIDAK LAYAK,Tercemar Basa (Kapur),39714.80,1.9998,17645.30,0.8885,0.8227,1325,1.0678,42.31,29.00
GalonKapur Sirih,12.14,2472.0,BASA,TIDAK LAYAK,Tercemar Basa (Kapur),39974.30,2.0129,19498.50,0.9818,0.9091,1394,1.1234,38.77,29.00
GalonKapur Sirih,12.14,2472.0,BASA,TIDAK LAYAK,Tercemar Basa (Kapur),39812.70,2.0048,24947.90,1.2562,1.1632,1442,1.1621,36.31,29.00
GalonKapur Sirih,12.14,2472.0,BASA,TIDAK LAYAK,Tercemar Basa (Kapur),39799.90,2.0041,18379.90,0.9255,0.8570,1449,1.1677,35.95,29.00
GalonKapur Sirih,12.14,2472.0,BASA,TIDAK LAYAK,Tercemar Basa (Kapur),40263.90,2.0275,21499.30,1.0826,1.0024,1438,1.1588,36.51,29.00
GalonKapur Sirih,12.14,2472.0,BASA,TIDAK LAYAK,Tercemar Basa (Kapur),40166.30,2.0226,22752.40,1.1457,1.0608,1429,1.1516,36.97,29.00
GalonKapur Sirih,12.14,2472.0,BASA,TIDAK LAYAK,Tercemar Basa (Kapur),39902.30,2.0093,17018.20,0.8569,0.7935,1429,1.1516,36.97,29.00
GalonKapur Sirih,12.14,2472.0,BASA,TIDAK LAYAK,Tercemar Basa (Kapur),39972.70,2.0128,24871.20,1.2524,1.1596,1405,1.1322,38.21,29.00
GalonKapur Sirih,12.14,2472.0,BASA,TIDAK LAYAK,Tercemar Basa (Kapur),39934.20,2.0109,20601.20,1.0374,0.9605,1402,1.1298,38.36,29.00
GalonKapur Sirih,12.14,2472.0,BASA,TIDAK LAYAK,Tercemar Basa (Kapur),39740.40,2.0011,18498.30,0.9315,0.8625,1400,1.1282,38.46,29.00
GalonKapur Sirih,12.14,2472.0,BASA,TIDAK LAYAK,Tercemar Basa (Kapur),39887.70,2.0085,25093.40,1.2636,1.1700,1387,1.1177,39.13,29.00
GalonKapur Sirih,12.14,2472.0,BASA,TIDAK LAYAK,Tercemar Basa (Kapur),39883.00,2.0083,18752.90,0.9443,0.8744,1346,1.0847,41.23,29.00
GalonKapur Sirih,12.14,2472.0,BASA,TIDAK LAYAK,Tercemar Basa (Kapur),39798.20,2.0040,20761.40,1.0454,0.9680,1369,1.1032,40.05,29.00
GalonKapur Sirih,12.14,2472.0,BASA,TIDAK LAYAK,Tercemar Basa (Kapur),39905.50,2.0094,23064.30,1.1614,1.0754,1423,1.1467,37.28,29.00
GalonKapur Sirih,12.14,2472.0,BASA,TIDAK LAYAK,Tercemar Basa (Kapur),40073.50,2.0179,17098.10,0.8610,0.7972,1453,1.1709,35.74,29.00
GalonKapur Sirih,12.14,2472.0,BASA,TIDAK LAYAK,Tercemar Basa (Kapur),39831.90,2.0057,24496.60,1.2335,1.1421,1452,1.1701,35.79,29.00
GalonKapur Sirih,12.14,2472.0,BASA,TIDAK LAYAK,Tercemar Basa (Kapur),40038.30,2.0161,21963.20,1.1060,1.0240,1449,1.1677,35.95,29.00
GalonKapur Sirih,12.14,2472.0,BASA,TIDAK LAYAK,Tercemar Basa (Kapur),39833.30,2.0058,17954.10,0.9041,0.8371,1445,1.1645,36.15,29.00
GalonKapur Sirih,12.14,2472.0,BASA,TIDAK LAYAK,Tercemar Basa (Kapur),39796.60,2.0039,21089.50,1.0620,0.9833,1411,1.1371,37.90,29.00
GalonKapur Sirih,12.14,2472.0,BASA,TIDAK LAYAK,Tercemar Basa (Kapur),39862.30,2.0073,17767.20,0.8947,0.8284,1402,1.1298,38.36,29.00
GalonKapur Sirih,12.14,2472.0,BASA,TIDAK LAYAK,Tercemar Basa (Kapur),39721.40,2.0002,21977.50,1.1067,1.0247,1467,1.1822,35.03,29.00
GalonKapur Sirih,12.14,2472.0,BASA,TIDAK LAYAK,Tercemar Basa (Kapur),39719.50,2.0001,25266.50,1.2723,1.1780,1453,1.1709,35.74,29.00
GalonKapur Sirih,12.14,2472.0,BASA,TIDAK LAYAK,Tercemar Basa (Kapur),39609.30,1.9945,19260.10,0.9698,0.8980,1458,1.1749,35.49,29.00
GalonKapur Sirih,12.14,2472.0,BASA,TIDAK LAYAK,Tercemar Basa (Kapur),40051.10,2.0168,20017.20,1.0080,0.9333,1464,1.1798,35.18,29.00
GalonKapur Sirih,12.14,2472.0,BASA,TIDAK LAYAK,Tercemar Basa (Kapur),40023.90,2.0154,25336.80,1.2758,1.1813,1454,1.1717,35.69,29.00
GalonKapur Sirih,12.14,2472.0,BASA,TIDAK LAYAK,Tercemar Basa (Kapur),39890.70,2.0087,17131.80,0.8627,0.7988,1452,1.1701,35.79,29.00
GalonKapur Sirih,12.14,2472.0,BASA,TIDAK LAYAK,Tercemar Basa (Kapur),39748.70,2.0015,22808.20,1.1485,1.0634,1392,1.1218,38.87,29.00
GalonKapur Sirih,12.14,2472.0,BASA,TIDAK LAYAK,Tercemar Basa (Kapur),39932.70,2.0108,22325.00,1.1242,1.0409,1368,1.1024,40.10,29.00
GalonKapur Sirih,12.14,2472.0,BASA,TIDAK LAYAK,Tercemar Basa (Kapur),39377.40,1.9828,15809.80,0.7961,0.7371,1409,1.1355,38.00,29.00
GalonKapur Sirih,12.14,2472.0,BASA,TIDAK LAYAK,Tercemar Basa (Kapur),39769.40,2.0026,25858.60,1.3021,1.2057,1451,1.1693,35.85,29.00
GalonKapur Sirih,12.14,2472.0,BASA,TIDAK LAYAK,Tercemar Basa (Kapur),39771.10,2.0027,20524.50,1.0335,0.9570,1522,1.2265,32.21,29.00
GalonKapur Sirih,12.14,2472.0,BASA,TIDAK LAYAK,Tercemar Basa (Kapur),39841.50,2.0062,16781.30,0.8450,0.7824,1531,1.2338,31.74,29.00
GalonKapur Sirih,12.14,2472.0,BASA,TIDAK LAYAK,Tercemar Basa (Kapur),40140.80,2.0213,25060.00,1.2619,1.1684,1508,1.2152,32.92,29.00
GalonKapur Sirih,12.14,2472.0,BASA,TIDAK LAYAK,Tercemar Basa (Kapur),39852.70,2.0068,21113.50,1.0632,0.9844,1487,1.1983,34.00,29.00
GalonKapur Sirih,12.14,2472.0,BASA,TIDAK LAYAK,Tercemar Basa (Kapur),39830.20,2.0056,21825.60,1.0990,1.0176,1488,1.1991,33.95,29.00
GalonKapur Sirih,12.14,2472.0,BASA,TIDAK LAYAK,Tercemar Basa (Kapur),39939.10,2.0111,22288.10,1.1223,1.0404,1482,1.1943,34.26,28.94
GalonKapur Sirih,12.14,2472.0,BASA,TIDAK LAYAK,Tercemar Basa (Kapur),39471.80,1.9876,18252.00,0.9191,0.8510,1517,1.2225,32.46,29.00
GalonKapur Sirih,12.14,2472.0,BASA,TIDAK LAYAK,Tercemar Basa (Kapur),39745.40,2.0014,21425.50,1.0789,0.9990,1527,1.2305,31.95,29.00
GalonKapur Sirih,12.14,2472.0,BASA,TIDAK LAYAK,Tercemar Basa (Kapur),39787.10,2.0035,22854.70,1.1508,1.0656,1526,1.2297,32.00,29.00
GalonKapur Sirih,12.14,2472.0,BASA,TIDAK LAYAK,Tercemar Basa (Kapur),39884.70,2.0084,17768.50,0.8947,0.8285,1523,1.2273,32.15,29.00
GalonKapur Sirih,12.14,2472.0,BASA,TIDAK LAYAK,Tercemar Basa (Kapur),39908.60,2.0096,23902.90,1.2036,1.1145,1516,1.2217,32.51,29.00
GalonKapur Sirih,12.14,2472.0,BASA,TIDAK LAYAK,Tercemar Basa (Kapur),39940.60,2.0112,22036.80,1.1097,1.0275,1510,1.2168,32.82,29.00
GalonKapur Sirih,12.14,2472.0,BASA,TIDAK LAYAK,Tercemar Basa (Kapur),39921.50,2.0102,22289.60,1.1224,1.0392,1485,1.1967,34.10,29.00
GalonKapur Sirih,12.14,2472.0,BASA,TIDAK LAYAK,Tercemar Basa (Kapur),39820.70,2.0052,22723.50,1.1442,1.0595,1464,1.1798,35.18,29.00
GalonKapur Sirih,12.14,2472.0,BASA,TIDAK LAYAK,Tercemar Basa (Kapur),39849.50,2.0066,18355.90,0.9243,0.8568,1444,1.1637,36.21,28.94
GalonKapur Sirih,12.14,2472.0,BASA,TIDAK LAYAK,Tercemar Basa (Kapur),39743.90,2.0013,22747.30,1.1454,1.0606,1443,1.1629,36.26,29.00
GalonKapur Sirih,12.14,2472.0,BASA,TIDAK LAYAK,Tercemar Basa (Kapur),39867.10,2.0075,23131.60,1.1648,1.0785,1445,1.1645,36.15,29.00
GalonKapur Sirih,12.14,2472.0,BASA,TIDAK LAYAK,Tercemar Basa (Kapur),39780.70,2.0031,16897.80,0.8509,0.7879,1483,1.1951,34.21,29.00
GalonKapur Sirih,12.14,2472.0,BASA,TIDAK LAYAK,Tercemar Basa (Kapur),39844.50,2.0064,22704.40,1.1433,1.0586,1507,1.2144,32.97,29.00
GalonKapur Sirih,12.14,2472.0,BASA,TIDAK LAYAK,Tercemar Basa (Kapur),39982.30,2.0133,23821.40,1.1995,1.1107,1520,1.2249,32.31,29.00
GalonKapur Sirih,12.14,2472.0,BASA,TIDAK LAYAK,Tercemar Basa (Kapur),39859.10,2.0071,21264.00,1.0707,0.9914,1532,1.2346,31.69,29.00
GalonKapur Sirih,12.14,2472.0,BASA,TIDAK LAYAK,Tercemar Basa (Kapur),40265.50,2.0276,22457.80,1.1309,1.0471,1542,1.2426,31.18,29.00
GalonKapur Sirih,12.14,2472.0,BASA,TIDAK LAYAK,Tercemar Basa (Kapur),39374.20,1.9827,18043.80,0.9086,0.8413,1555,1.2531,30.51,29.00
GalonKapur Sirih,12.14,2472.0,BASA,TIDAK LAYAK,Tercemar Basa (Kapur),39860.70,2.0072,21881.60,1.1018,1.0202,1561,1.2579,30.21,29.00
GalonKapur Sirih,12.14,2472.0,BASA,TIDAK LAYAK,Tercemar Basa (Kapur),39723.10,2.0002,22635.60,1.1398,1.0554,1552,1.2507,30.67,29.00
GalonKapur Sirih,12.14,2472.0,BASA,TIDAK LAYAK,Tercemar Basa (Kapur),39921.30,2.0102,19084.10,0.9610,0.8908,1547,1.2467,30.92,28.94
GalonKapur Sirih,12.14,2472.0,BASA,TIDAK LAYAK,Tercemar Basa (Kapur),39745.50,2.0014,21345.60,1.0749,0.9952,1546,1.2459,30.97,29.00
GalonKapur Sirih,12.14,2472.0,BASA,TIDAK LAYAK,Tercemar Basa (Kapur),39830.00,2.0056,17887.00,0.9007,0.8340,1531,1.2338,31.74,29.00
GalonKapur Sirih,12.14,2472.0,BASA,TIDAK LAYAK,Tercemar Basa (Kapur),39668.60,1.9975,21945.60,1.1051,1.0232,1528,1.2314,31.90,29.00
GalonKapur Sirih,12.14,2472.0,BASA,TIDAK LAYAK,Tercemar Basa (Kapur),39745.20,2.0014,23496.30,1.1832,1.0955,1522,1.2265,32.21,29.00
GalonKapur Sirih,12.14,2472.0,BASA,TIDAK LAYAK,Tercemar Basa (Kapur),39587.00,1.9934,17568.30,0.8846,0.8191,1508,1.2152,32.92,29.00
GalonKapur Sirih,12.14,2472.0,BASA,TIDAK LAYAK,Tercemar Basa (Kapur),39422.20,1.9851,25026.50,1.2602,1.1669,1484,1.1959,34.15,29.00
GalonKapur Sirih,12.14,2472.0,BASA,TIDAK LAYAK,Tercemar Basa (Kapur),39695.80,1.9989,19473.00,0.9806,0.9079,1480,1.1927,34.36,29.00
GalonKapur Sirih,12.14,2472.0,BASA,TIDAK LAYAK,Tercemar Basa (Kapur),39990.30,2.0137,20020.40,1.0081,0.9334,1484,1.1959,34.15,29.00
GalonKapur Sirih,12.14,2472.0,BASA,TIDAK LAYAK,Tercemar Basa (Kapur),39781.90,2.0032,24258.10,1.2215,1.1310,1520,1.2249,32.31,29.00
GalonKapur Sirih,12.14,2472.0,BASA,TIDAK LAYAK,Tercemar Basa (Kapur),39935.90,2.0110,15550.40,0.7830,0.7259,1557,1.2547,30.41,28.94
GalonKapur Sirih,12.14,2472.0,BASA,TIDAK LAYAK,Tercemar Basa (Kapur),39775.70,2.0029,26330.80,1.3259,1.2277,1571,1.2660,29.69,29.00
GalonKapur Sirih,12.14,2472.0,BASA,TIDAK LAYAK,Tercemar Basa (Kapur),39823.90,2.0053,17307.70,0.8715,0.8079,1579,1.2725,29.28,28.94
GalonKapur Sirih,12.14,2472.0,BASA,TIDAK LAYAK,Tercemar Basa (Kapur),39633.10,1.9957,22071.90,1.1114,1.0291,1572,1.2668,29.64,29.00
GalonKapur Sirih,12.14,2472.0,BASA,TIDAK LAYAK,Tercemar Basa (Kapur),39809.50,2.0046,22640.30,1.1400,1.0568,1558,1.2555,30.36,28.94
GalonKapur Sirih,12.14,2472.0,BASA,TIDAK LAYAK,Tercemar Basa (Kapur),39406.20,1.9843,18912.90,0.9524,0.8818,1544,1.2442,31.08,29.00
GalonKapur Sirih,12.14,2472.0,BASA,TIDAK LAYAK,Tercemar Basa (Kapur),39749.90,2.0016,21425.50,1.0789,0.9990,1537,1.2386,31.44,29.00
GalonKapur Sirih,12.14,2472.0,BASA,TIDAK LAYAK,Tercemar Basa (Kapur),39838.30,2.0060,24238.80,1.2205,1.1301,1515,1.2209,32.56,29.00
GalonKapur Sirih,12.14,2472.0,BASA,TIDAK LAYAK,Tercemar Basa (Kapur),39692.60,1.9987,21564.80,1.0859,1.0055,1544,1.2442,31.08,29.00
GalonKapur Sirih,12.14,2472.0,BASA,TIDAK LAYAK,Tercemar Basa (Kapur),40211.20,2.0248,22928.30,1.1545,1.0690,1562,1.2588,30.15,29.00
GalonKapur Sirih,12.14,2472.0,BASA,TIDAK LAYAK,Tercemar Basa (Kapur),39943.90,2.0114,18784.80,0.9459,0.8769,1572,1.2668,29.64,28.94
GalonKapur Sirih,12.14,2472.0,BASA,TIDAK LAYAK,Tercemar Basa (Kapur),39767.90,2.0025,22589.00,1.1375,1.0532,1573,1.2676,29.59,29.00
GalonKapur Sirih,12.14,2472.0,BASA,TIDAK LAYAK,Tercemar Basa (Kapur),39990.30,2.0137,22155.50,1.1156,1.0342,1579,1.2725,29.28,28.94
GalonKapur Sirih,12.14,2472.0,BASA,TIDAK LAYAK,Tercemar Basa (Kapur),39927.80,2.0106,18111.10,0.9120,0.8444,1574,1.2684,29.54,29.00
GalonKapur Sirih,12.14,2472.0,BASA,TIDAK LAYAK,Tercemar Basa (Kapur),39844.60,2.0064,25392.70,1.2786,1.1853,1566,1.2620,29.95,28.94
GalonKapur Sirih,12.14,2472.0,BASA,TIDAK LAYAK,Tercemar Basa (Kapur),39833.30,2.0058,18315.90,0.9223,0.8550,1572,1.2668,29.64,28.94
GalonKapur Sirih,12.14,2472.0,BASA,TIDAK LAYAK,Tercemar Basa (Kapur),39762.80,2.0022,24013.50,1.2092,1.1196,1572,1.2668,29.64,29.00
GalonKapur Sirih,12.14,2472.0,BASA,TIDAK LAYAK,Tercemar Basa (Kapur),39855.60,2.0069,19415.40,0.9777,0.9063,1575,1.2692,29.49,28.94
GalonKapur Sirih,12.14,2472.0,BASA,TIDAK LAYAK,Tercemar Basa (Kapur),39305.30,1.9792,17434.10,0.8779,0.8129,1575,1.2692,29.49,29.00
GalonKapur Sirih,12.14,2472.0,BASA,TIDAK LAYAK,Tercemar Basa (Kapur),39657.30,1.9969,25596.20,1.2889,1.1934,1578,1.2716,29.33,29.00
GalonKapur Sirih,12.14,2472.0,BASA,TIDAK LAYAK,Tercemar Basa (Kapur),40377.40,2.0332,20430.00,1.0287,0.9525,1577,1.2708,29.38,29.00
GalonKapur Sirih,12.14,2472.0,BASA,TIDAK LAYAK,Tercemar Basa (Kapur),39793.50,2.0038,16440.30,0.8278,0.7674,1570,1.2652,29.74,28.94
GalonKapur Sirih,12.14,2472.0,BASA,TIDAK LAYAK,Tercemar Basa (Kapur),39762.90,2.0023,26225.20,1.3206,1.2242,1568,1.2636,29.85,28.94
GalonKapur Sirih,12.14,2472.0,BASA,TIDAK LAYAK,Tercemar Basa (Kapur),39804.70,2.0044,16739.40,0.8429,0.7814,1557,1.2547,30.41,28.94
GalonKapur Sirih,12.14,2472.0,BASA,TIDAK LAYAK,Tercemar Basa (Kapur),39723.10,2.0002,25352.80,1.2766,1.1821,1554,1.2523,30.56,29.00
GalonKapur Sirih,12.14,2472.0,BASA,TIDAK LAYAK,Tercemar Basa (Kapur),39710.10,1.9996,18557.50,0.9345,0.8652,1551,1.2499,30.72,29.00
GalonKapur Sirih,12.14,2472.0,BASA,TIDAK LAYAK,Tercemar Basa (Kapur),39740.60,2.0011,20484.40,1.0315,0.9551,1545,1.2451,31.03,29.00
GalonKapur Sirih,12.14,2472.0,BASA,TIDAK LAYAK,Tercemar Basa (Kapur),39692.70,1.9987,22665.70,1.1413,1.0568,1542,1.2426,31.18,29.00
GalonKapur Sirih,12.14,2472.0,BASA,TIDAK LAYAK,Tercemar Basa (Kapur),39743.70,2.0013,18999.30,0.9567,0.8858,1559,1.2563,30.31,29.00
GalonKapur Sirih,12.14,2472.0,BASA,TIDAK LAYAK,Tercemar Basa (Kapur),39627.10,1.9954,21163.00,1.0657,0.9867,1581,1.2741,29.18,29.00
GalonKapur Sirih,12.14,2472.0,BASA,TIDAK LAYAK,Tercemar Basa (Kapur),39788.70,2.0036,23246.70,1.1706,1.0839,1593,1.2837,28.56,29.00
GalonKapur Sirih,12.14,2472.0,BASA,TIDAK LAYAK,Tercemar Basa (Kapur),39230.00,1.9754,20265.20,1.0204,0.9449,1581,1.2741,29.18,29.00
GalonKapur Sirih,12.14,2472.0,BASA,TIDAK LAYAK,Tercemar Basa (Kapur),39838.30,2.0060,24107.80,1.2139,1.1240,1588,1.2797,28.82,29.00
GalonKapur Sirih,12.14,2472.0,BASA,TIDAK LAYAK,Tercemar Basa (Kapur),39708.70,1.9995,18627.90,0.9380,0.8685,1578,1.2716,29.33,29.00
GalonKapur Sirih,12.14,2472.0,BASA,TIDAK LAYAK,Tercemar Basa (Kapur),39700.60,1.9991,21849.60,1.1002,1.0199,1571,1.2660,29.69,28.94
KeranKapur Sirih,12.19,2268.0,BASA,TIDAK LAYAK,Tercemar Basa (Kapur),39826.80,2.0055,20034.80,1.0088,0.9407,1823,1.4691,16.77,28.63
KeranKapur Sirih,12.19,2268.0,BASA,TIDAK LAYAK,Tercemar Basa (Kapur),39905.50,2.0094,20641.50,1.0394,0.9691,1772,1.4280,19.38,28.63
KeranKapur Sirih,12.19,2268.0,BASA,TIDAK LAYAK,Tercemar Basa (Kapur),39767.60,2.0025,18788.20,0.9461,0.8821,1768,1.4248,19.59,28.63
KeranKapur Sirih,12.19,2268.0,BASA,TIDAK LAYAK,Tercemar Basa (Kapur),39983.80,2.0134,14684.80,0.7394,0.6895,1820,1.4667,16.92,28.63
KeranKapur Sirih,12.19,2268.0,BASA,TIDAK LAYAK,Tercemar Basa (Kapur),40102.30,2.0193,19977.10,1.0059,0.9379,1840,1.4828,15.90,28.63
KeranKapur Sirih,12.19,2268.0,BASA,TIDAK LAYAK,Tercemar Basa (Kapur),39814.30,2.0048,20556.50,1.0351,0.9640,1837,1.4804,16.05,28.69
KeranKapur Sirih,12.19,2268.0,BASA,TIDAK LAYAK,Tercemar Basa (Kapur),40019.10,2.0152,17880.60,0.9004,0.8395,1841,1.4836,15.85,28.63
KeranKapur Sirih,12.19,2268.0,BASA,TIDAK LAYAK,Tercemar Basa (Kapur),39939.10,2.0111,20221.90,1.0183,0.9494,1846,1.4876,15.59,28.63
KeranKapur Sirih,12.19,2268.0,BASA,TIDAK LAYAK,Tercemar Basa (Kapur),39939.10,2.0111,20699.20,1.0423,0.9718,1850,1.4908,15.38,28.63
KeranKapur Sirih,12.19,2268.0,BASA,TIDAK LAYAK,Tercemar Basa (Kapur),39990.30,2.0137,15427.30,0.7768,0.7243,1811,1.4594,17.38,28.63
KeranKapur Sirih,12.19,2268.0,BASA,TIDAK LAYAK,Tercemar Basa (Kapur),40545.60,2.0417,18903.30,0.9519,0.8865,1808,1.4570,17.54,28.69
KeranKapur Sirih,12.19,2268.0,BASA,TIDAK LAYAK,Tercemar Basa (Kapur),40380.80,2.0334,23929.80,1.2050,1.1235,1834,1.4779,16.21,28.63
KeranKapur Sirih,12.19,2268.0,BASA,TIDAK LAYAK,Tercemar Basa (Kapur),39932.70,2.0108,15854.60,0.7984,0.7444,1862,1.5005,14.77,28.63
KeranKapur Sirih,12.19,2268.0,BASA,TIDAK LAYAK,Tercemar Basa (Kapur),40268.80,2.0277,15584.10,0.7847,0.7317,1871,1.5078,14.31,28.63
KeranKapur Sirih,12.19,2268.0,BASA,TIDAK LAYAK,Tercemar Basa (Kapur),39918.20,2.0101,19519.50,0.9829,0.9154,1863,1.5013,14.72,28.69
KeranKapur Sirih,12.19,2268.0,BASA,TIDAK LAYAK,Tercemar Basa (Kapur),39967.90,2.0126,18919.40,0.9527,0.8883,1877,1.5126,14.00,28.63
KeranKapur Sirih,12.19,2268.0,BASA,TIDAK LAYAK,Tercemar Basa (Kapur),39892.50,2.0088,16657.90,0.8388,0.7812,1882,1.5166,13.74,28.69
KeranKapur Sirih,12.19,2268.0,BASA,TIDAK LAYAK,Tercemar Basa (Kapur),39380.40,1.9830,18530.40,0.9331,0.8700,1880,1.5150,13.85,28.63
KeranKapur Sirih,12.19,2268.0,BASA,TIDAK LAYAK,Tercemar Basa (Kapur),39881.50,2.0082,24058.00,1.2114,1.1282,1876,1.5118,14.05,28.69
KeranKapur Sirih,12.19,2268.0,BASA,TIDAK LAYAK,Tercemar Basa (Kapur),39655.80,1.9969,17350.90,0.8737,0.8137,1870,1.5070,14.36,28.69
KeranKapur Sirih,12.19,2268.0,BASA,TIDAK LAYAK,Tercemar Basa (Kapur),39660.60,1.9971,20426.90,1.0286,0.9579,1870,1.5070,14.36,28.69
KeranKapur Sirih,12.19,2268.0,BASA,TIDAK LAYAK,Tercemar Basa (Kapur),39756.60,2.0019,21358.20,1.0755,1.0016,1870,1.5070,14.36,28.69
KeranKapur Sirih,12.19,2268.0,BASA,TIDAK LAYAK,Tercemar Basa (Kapur),39542.10,1.9911,15822.70,0.7967,0.7420,1874,1.5102,14.15,28.69
KeranKapur Sirih,12.19,2268.0,BASA,TIDAK LAYAK,Tercemar Basa (Kapur),39793.50,2.0038,17187.70,0.8655,0.8060,1881,1.5158,13.79,28.69
KeranKapur Sirih,12.19,2268.0,BASA,TIDAK LAYAK,Tercemar Basa (Kapur),39964.70,2.0124,22873.80,1.1518,1.0739,1886,1.5199,13.54,28.63
KeranKapur Sirih,12.19,2268.0,BASA,TIDAK LAYAK,Tercemar Basa (Kapur),39745.40,2.0014,20718.10,1.0433,0.9716,1889,1.5223,13.38,28.69
KeranKapur Sirih,12.19,2268.0,BASA,TIDAK LAYAK,Tercemar Basa (Kapur),40014.10,2.0149,18346.50,0.9238,0.8604,1891,1.5239,13.28,28.69
KeranKapur Sirih,12.19,2268.0,BASA,TIDAK LAYAK,Tercemar Basa (Kapur),40273.60,2.0280,22641.70,1.1401,1.0618,1894,1.5263,13.13,28.69
KeranKapur Sirih,12.19,2268.0,BASA,TIDAK LAYAK,Tercemar Basa (Kapur),39943.80,2.0114,21952.10,1.1054,1.0295,1893,1.5255,13.18,28.69
KeranKapur Sirih,12.19,2268.0,BASA,TIDAK LAYAK,Tercemar Basa (Kapur),39906.90,2.0095,17333.50,0.8728,0.8129,1891,1.5239,13.28,28.69
KeranKapur Sirih,12.19,2268.0,BASA,TIDAK LAYAK,Tercemar Basa (Kapur),39625.30,1.9953,19417.10,0.9777,0.9106,1888,1.5215,13.44,28.69
KeranKapur Sirih,12.19,2268.0,BASA,TIDAK LAYAK,Tercemar Basa (Kapur),40174.30,2.0230,20606.20,1.0376,0.9664,1885,1.5190,13.59,28.69
KeranKapur Sirih,12.19,2268.0,BASA,TIDAK LAYAK,Tercemar Basa (Kapur),39815.90,2.0049,16483.70,0.8300,0.7730,1888,1.5215,13.44,28.69
KeranKapur Sirih,12.19,2268.0,BASA,TIDAK LAYAK,Tercemar Basa (Kapur),39310.00,1.9794,15385.80,0.7747,0.7215,1896,1.5279,13.03,28.69
KeranKapur Sirih,12.19,2268.0,BASA,TIDAK LAYAK,Tercemar Basa (Kapur),39767.60,2.0025,19614.00,0.9877,0.9198,1888,1.5215,13.44,28.69
KeranKapur Sirih,12.19,2268.0,BASA,TIDAK LAYAK,Tercemar Basa (Kapur),40011.10,2.0148,19658.70,0.9899,0.9219,1888,1.5215,13.44,28.69
KeranKapur Sirih,12.19,2268.0,BASA,TIDAK LAYAK,Tercemar Basa (Kapur),39938.90,2.0111,16102.70,0.8108,0.7552,1888,1.5215,13.44,28.69
KeranKapur Sirih,12.19,2268.0,BASA,TIDAK LAYAK,Tercemar Basa (Kapur),39897.30,2.0090,18679.10,0.9406,0.8760,1889,1.5223,13.38,28.69
KeranKapur Sirih,12.19,2268.0,BASA,TIDAK LAYAK,Tercemar Basa (Kapur),40057.40,2.0171,20265.10,1.0204,0.9504,1889,1.5223,13.38,28.69
KeranKapur Sirih,12.19,2268.0,BASA,TIDAK LAYAK,Tercemar Basa (Kapur),39974.10,2.0129,17430.90,0.8777,0.8174,1889,1.5223,13.38,28.69
KeranKapur Sirih,12.19,2268.0,BASA,TIDAK LAYAK,Tercemar Basa (Kapur),39919.80,2.0102,19985.10,1.0063,0.9372,1889,1.5223,13.38,28.69
KeranKapur Sirih,12.19,2268.0,BASA,TIDAK LAYAK,Tercemar Basa (Kapur),39777.30,2.0030,20314.90,1.0230,0.9527,1891,1.5239,13.28,28.69
KeranKapur Sirih,12.19,2268.0,BASA,TIDAK LAYAK,Tercemar Basa (Kapur),39887.50,2.0085,16150.80,0.8133,0.7574,1905,1.5352,12.56,28.69
KeranKapur Sirih,12.19,2268.0,BASA,TIDAK LAYAK,Tercemar Basa (Kapur),39337.20,1.9808,19842.90,0.9992,0.9306,1894,1.5263,13.13,28.69
KeranKapur Sirih,12.19,2268.0,BASA,TIDAK LAYAK,Tercemar Basa (Kapur),39673.20,1.9977,20855.80,1.0502,0.9781,1892,1.5247,13.23,28.69
KeranKapur Sirih,12.19,2268.0,BASA,TIDAK LAYAK,Tercemar Basa (Kapur),39844.70,2.0064,17211.90,0.8667,0.8072,1898,1.5295,12.92,28.69
KeranKapur Sirih,12.19,2268.0,BASA,TIDAK LAYAK,Tercemar Basa (Kapur),39956.70,2.0120,15512.30,0.7811,0.7275,1896,1.5279,13.03,28.69
KeranKapur Sirih,12.19,2268.0,BASA,TIDAK LAYAK,Tercemar Basa (Kapur),39807.50,2.0045,19570.90,0.9855,0.9178,1899,1.5303,12.87,28.69
KeranKapur Sirih,12.19,2268.0,BASA,TIDAK LAYAK,Tercemar Basa (Kapur),39879.90,2.0081,19740.30,0.9940,0.9257,1897,1.5287,12.97,28.69
KeranKapur Sirih,12.19,2268.0,BASA,TIDAK LAYAK,Tercemar Basa (Kapur),39737.30,2.0010,16272.40,0.8194,0.7631,1901,1.5319,12.77,28.69
KeranKapur Sirih,12.19,2268.0,BASA,TIDAK LAYAK,Tercemar Basa (Kapur),39906.80,2.0095,21540.90,1.0847,1.0102,1905,1.5352,12.56,28.69
KeranKapur Sirih,12.19,2268.0,BASA,TIDAK LAYAK,Tercemar Basa (Kapur),39438.10,1.9859,20697.30,1.0422,0.9706,1910,1.5392,12.31,28.69
KeranKapur Sirih,12.19,2268.0,BASA,TIDAK LAYAK,Tercemar Basa (Kapur),39937.50,2.0110,17335.10,0.8729,0.8129,1902,1.5327,12.72,28.69
KeranKapur Sirih,12.19,2268.0,BASA,TIDAK LAYAK,Tercemar Basa (Kapur),39755.10,2.0019,19332.40,0.9735,0.9066,1900,1.5311,12.82,28.69
KeranKapur Sirih,12.19,2268.0,BASA,TIDAK LAYAK,Tercemar Basa (Kapur),39866.80,2.0075,22161.90,1.1160,1.0393,1909,1.5384,12.36,28.69
KeranKapur Sirih,12.19,2268.0,BASA,TIDAK LAYAK,Tercemar Basa (Kapur),39669.80,1.9976,16128.50,0.8121,0.7564,1909,1.5384,12.36,28.69
KeranKapur Sirih,12.19,2268.0,BASA,TIDAK LAYAK,Tercemar Basa (Kapur),39883.00,2.0083,16277.10,0.8196,0.7633,1909,1.5384,12.36,28.69
KeranKapur Sirih,12.19,2268.0,BASA,TIDAK LAYAK,Tercemar Basa (Kapur),39583.70,1.9932,22089.70,1.1123,1.0359,1907,1.5368,12.46,28.69
KeranKapur Sirih,12.19,2268.0,BASA,TIDAK LAYAK,Tercemar Basa (Kapur),39915.00,2.0099,16938.10,0.8529,0.7943,1908,1.5376,12.41,28.69
KeranKapur Sirih,12.19,2268.0,BASA,TIDAK LAYAK,Tercemar Basa (Kapur),39905.30,2.0094,16519.00,0.8318,0.7747,1909,1.5384,12.36,28.69
KeranKapur Sirih,12.19,2268.0,BASA,TIDAK LAYAK,Tercemar Basa (Kapur),39812.70,2.0048,22624.40,1.1392,1.0610,1907,1.5368,12.46,28.69
KeranKapur Sirih,12.19,2268.0,BASA,TIDAK LAYAK,Tercemar Basa (Kapur),40243.20,2.0264,20058.90,1.0101,0.9407,1906,1.5360,12.51,28.69
KeranKapur Sirih,12.19,2268.0,BASA,TIDAK LAYAK,Tercemar Basa (Kapur),39854.10,2.0068,15859.60,0.7986,0.7438,1908,1.5376,12.41,28.69
KeranKapur Sirih,12.19,2268.0,BASA,TIDAK LAYAK,Tercemar Basa (Kapur),39721.30,2.0002,18564.00,0.9348,0.8706,1913,1.5416,12.15,28.69
KeranKapur Sirih,12.19,2268.0,BASA,TIDAK LAYAK,Tercemar Basa (Kapur),39875.00,2.0079,20613.90,1.0380,0.9667,1912,1.5408,12.21,28.69
KeranKapur Sirih,12.19,2268.0,BASA,TIDAK LAYAK,Tercemar Basa (Kapur),39951.90,2.0118,17167.00,0.8644,0.8051,1917,1.5448,11.95,28.69
KeranKapur Sirih,12.19,2268.0,BASA,TIDAK LAYAK,Tercemar Basa (Kapur),39305.30,1.9792,20948.60,1.0549,0.9813,1918,1.5456,11.90,28.75
KeranKapur Sirih,12.19,2268.0,BASA,TIDAK LAYAK,Tercemar Basa (Kapur),39940.70,2.0112,20543.50,1.0345,0.9634,1921,1.5481,11.74,28.69
KeranKapur Sirih,12.19,2268.0,BASA,TIDAK LAYAK,Tercemar Basa (Kapur),40063.80,2.0174,17957.70,0.9043,0.8421,1923,1.5497,11.64,28.69
KeranKapur Sirih,12.19,2268.0,BASA,TIDAK LAYAK,Tercemar Basa (Kapur),40384.00,2.0335,17824.70,0.8976,0.8359,1927,1.5529,11.44,28.69
KeranKapur Sirih,12.19,2268.0,BASA,TIDAK LAYAK,Tercemar Basa (Kapur),39783.70,2.0033,22881.80,1.1522,1.0731,1928,1.5537,11.38,28.69
KeranKapur Sirih,12.19,2268.0,BASA,TIDAK LAYAK,Tercemar Basa (Kapur),39884.70,2.0084,20254.00,1.0199,0.9498,1935,1.5593,11.03,28.69
KeranKapur Sirih,12.19,2268.0,BASA,TIDAK LAYAK,Tercemar Basa (Kapur),39724.20,2.0003,16304.30,0.8210,0.7646,1935,1.5593,11.03,28.69
KeranKapur Sirih,12.19,2268.0,BASA,TIDAK LAYAK,Tercemar Basa (Kapur),39740.40,2.0011,18749.70,0.9441,0.8793,1936,1.5601,10.97,28.69
KeranKapur Sirih,12.19,2268.0,BASA,TIDAK LAYAK,Tercemar Basa (Kapur),39931.10,2.0107,18781.70,0.9457,0.8808,1932,1.5569,11.18,28.69
KeranKapur Sirih,12.19,2268.0,BASA,TIDAK LAYAK,Tercemar Basa (Kapur),40055.90,2.0170,14075.00,0.7087,0.6601,1933,1.5577,11.13,28.69
KeranKapur Sirih,12.19,2268.0,BASA,TIDAK LAYAK,Tercemar Basa (Kapur),39449.40,1.9865,20620.60,1.0383,0.9670,1932,1.5569,11.18,28.69
KeranKapur Sirih,12.19,2268.0,BASA,TIDAK LAYAK,Tercemar Basa (Kapur),39921.30,2.0102,20655.70,1.0401,0.9687,1931,1.5561,11.23,28.69
KeranKapur Sirih,12.19,2268.0,BASA,TIDAK LAYAK,Tercemar Basa (Kapur),39870.20,2.0077,16133.10,0.8124,0.7566,1944,1.5666,10.56,28.69
KeranKapur Sirih,12.19,2268.0,BASA,TIDAK LAYAK,Tercemar Basa (Kapur),39745.50,2.0014,18604.10,0.9368,0.8725,1933,1.5577,11.13,28.69
KeranKapur Sirih,12.19,2268.0,BASA,TIDAK LAYAK,Tercemar Basa (Kapur),40406.20,2.0346,20641.50,1.0394,0.9691,1933,1.5577,11.13,28.63
KeranKapur Sirih,12.19,2268.0,BASA,TIDAK LAYAK,Tercemar Basa (Kapur),39847.90,2.0065,17914.30,0.9021,0.8401,1931,1.5561,11.23,28.69
KeranKapur Sirih,12.19,2268.0,BASA,TIDAK LAYAK,Tercemar Basa (Kapur),39802.90,2.0043,22027.20,1.1092,1.0330,1931,1.5561,11.23,28.69
KeranKapur Sirih,12.19,2268.0,BASA,TIDAK LAYAK,Tercemar Basa (Kapur),39500.60,1.9890,20553.40,1.0350,0.9639,1934,1.5585,11.08,28.69
KeranKapur Sirih,12.19,2268.0,BASA,TIDAK LAYAK,Tercemar Basa (Kapur),39855.70,2.0069,15974.80,0.8044,0.7492,1935,1.5593,11.03,28.69
KeranKapur Sirih,12.19,2268.0,BASA,TIDAK LAYAK,Tercemar Basa (Kapur),39771.10,2.0027,18965.70,0.9550,0.8894,1937,1.5610,10.92,28.69
KeranKapur Sirih,12.19,2268.0,BASA,TIDAK LAYAK,Tercemar Basa (Kapur),40283.20,2.0285,20687.70,1.0417,0.9702,1939,1.5626,10.82,28.69
KeranKapur Sirih,12.19,2268.0,BASA,TIDAK LAYAK,Tercemar Basa (Kapur),39982.10,2.0133,17400.60,0.8762,0.8160,1940,1.5634,10.77,28.69
KeranKapur Sirih,12.19,2268.0,BASA,TIDAK LAYAK,Tercemar Basa (Kapur),39804.70,2.0044,19702.00,0.9921,0.9239,1941,1.5642,10.72,28.69
KeranKapur Sirih,12.19,2268.0,BASA,TIDAK LAYAK,Tercemar Basa (Kapur),39487.60,1.9884,20479.80,1.0313,0.9604,1944,1.5666,10.56,28.69
KeranKapur Sirih,12.19,2268.0,BASA,TIDAK LAYAK,Tercemar Basa (Kapur),40010.90,2.0147,16101.20,0.8108,0.7551,1941,1.5642,10.72,28.69
KeranKapur Sirih,12.19,2268.0,BASA,TIDAK LAYAK,Tercemar Basa (Kapur),39871.90,2.0077,19375.60,0.9757,0.9086,1941,1.5642,10.72,28.69
KeranKapur Sirih,12.19,2268.0,BASA,TIDAK LAYAK,Tercemar Basa (Kapur),39948.60,2.0116,20671.70,1.0409,0.9694,1942,1.5650,10.67,28.69
KeranKapur Sirih,12.19,2268.0,BASA,TIDAK LAYAK,Tercemar Basa (Kapur),40006.30,2.0145,16991.00,0.8556,0.7968,1940,1.5634,10.77,28.69
KeranKapur Sirih,12.19,2268.0,BASA,TIDAK LAYAK,Tercemar Basa (Kapur),40273.50,2.0280,19431.70,0.9785,0.9113,1930,1.5553,11.28,28.69
KeranKapur Sirih,12.19,2268.0,BASA,TIDAK LAYAK,Tercemar Basa (Kapur),39687.70,1.9985,19935.70,1.0039,0.9349,1936,1.5601,10.97,28.69
KeranKapur Sirih,12.19,2268.0,BASA,TIDAK LAYAK,Tercemar Basa (Kapur),39434.90,1.9857,17287.20,0.8705,0.8107,1935,1.5593,11.03,28.69
KeranKapur Sirih,12.19,2268.0,BASA,TIDAK LAYAK,Tercemar Basa (Kapur),40252.70,2.0269,19466.60,0.9802,0.9129,1938,1.5618,10.87,28.69
KeranKapur Sirih,12.19,2268.0,BASA,TIDAK LAYAK,Tercemar Basa (Kapur),39897.30,2.0090,20575.60,1.0361,0.9649,1938,1.5618,10.87,28.69
KeranKapur Sirih,12.19,2268.0,BASA,TIDAK LAYAK,Tercemar Basa (Kapur),39907.10,2.0095,16885.40,0.8503,0.7919,1930,1.5553,11.28,28.69
KeranKapur Sirih,12.19,2268.0,BASA,TIDAK LAYAK,Tercemar Basa (Kapur),39739.10,2.0011,17901.50,0.9014,0.8395,1944,1.5666,10.56,28.69
KeranKapur Sirih,12.19,2268.0,BASA,TIDAK LAYAK,Tercemar Basa (Kapur),39609.20,1.9945,20275.00,1.0209,0.9508,1947,1.5690,10.41,28.69
KeranKapur Sirih,12.19,2268.0,BASA,TIDAK LAYAK,Tercemar Basa (Kapur),40503.80,2.0396,17679.10,0.8902,0.8291,1951,1.5722,10.21,28.69
KeranKapur Sirih,12.19,2268.0,BASA,TIDAK LAYAK,Tercemar Basa (Kapur),39691.10,1.9986,20111.80,1.0127,0.9432,1971,1.5884,9.18,28.69
KeranKapur Sirih,12.19,2268.0,BASA,TIDAK LAYAK,Tercemar Basa (Kapur),39506.70,1.9894,20070.00,1.0106,0.9412,1953,1.5738,10.10,28.69
KeranKapur Sirih,12.19,2268.0,BASA,TIDAK LAYAK,Tercemar Basa (Kapur),39987.00,2.0135,17240.40,0.8681,0.8085,1952,1.5730,10.15,28.69
KeranKapur Sirih,12.19,2268.0,BASA,TIDAK LAYAK,Tercemar Basa (Kapur),39710.10,1.9996,19060.40,0.9598,0.8949,1953,1.5738,10.10,28.63
KeranKapur Sirih,12.19,2268.0,BASA,TIDAK LAYAK,Tercemar Basa (Kapur),39655.50,1.9968,19473.00,0.9806,0.9143,1953,1.5738,10.10,28.63
KeranKapur Sirih,12.19,2268.0,BASA,TIDAK LAYAK,Tercemar Basa (Kapur),40023.90,2.0154,17013.40,0.8567,0.7979,1949,1.5706,10.31,28.69
KeranKapur Sirih,12.19,2268.0,BASA,TIDAK LAYAK,Tercemar Basa (Kapur),39790.10,2.0036,19514.70,0.9827,0.9152,1946,1.5682,10.46,28.69
KeranKapur Sirih,12.19,2268.0,BASA,TIDAK LAYAK,Tercemar Basa (Kapur),39990.30,2.0137,20254.20,1.0199,0.9498,1941,1.5642,10.72,28.69
KeranKapur Sirih,12.19,2268.0,BASA,TIDAK LAYAK,Tercemar Basa (Kapur),39742.10,2.0012,16270.70,0.8193,0.7630,1937,1.5610,10.92,28.69
KeranKapur Sirih,12.19,2268.0,BASA,TIDAK LAYAK,Tercemar Basa (Kapur),39262.00,1.9770,21822.50,1.0989,1.0234,1933,1.5577,11.13,28.69
KeranKapur Sirih,12.19,2268.0,BASA,TIDAK LAYAK,Tercemar Basa (Kapur),39785.30,2.0034,20907.10,1.0528,0.9816,1924,1.5505,11.59,28.63
KeranKapur Sirih,12.19,2268.0,BASA,TIDAK LAYAK,Tercemar Basa (Kapur),39807.40,2.0045,16512.40,0.8315,0.7744,1929,1.5545,11.33,28.69
KeranKapur Sirih,12.19,2268.0,BASA,TIDAK LAYAK,Tercemar Basa (Kapur),39822.30,2.0052,20569.30,1.0358,0.9646,1928,1.5537,11.38,28.69
KeranKapur Sirih,12.19,2268.0,BASA,TIDAK LAYAK,Tercemar Basa (Kapur),39929.40,2.0106,19997.70,1.0070,0.9378,1929,1.5545,11.33,28.69
KeranKapur Sirih,12.19,2268.0,BASA,TIDAK LAYAK,Tercemar Basa (Kapur),39940.50,2.0112,16698.00,0.8408,0.7831,1935,1.5593,11.03,28.69
KeranKapur Sirih,12.19,2268.0,BASA,TIDAK LAYAK,Tercemar Basa (Kapur),39839.90,2.0061,19007.50,0.9571,0.8914,1935,1.5593,11.03,28.69
KeranKapur Sirih,12.19,2268.0,BASA,TIDAK LAYAK,Tercemar Basa (Kapur),39833.40,2.0058,20431.80,1.0288,0.9582,1944,1.5666,10.56,28.69
KeranKapur Sirih,12.19,2268.0,BASA,TIDAK LAYAK,Tercemar Basa (Kapur),39923.10,2.0103,15529.80,0.7820,0.7283,1947,1.5690,10.41,28.69
KeranKapur Sirih,12.19,2268.0,BASA,TIDAK LAYAK,Tercemar Basa (Kapur),39750.30,2.0016,21574.40,1.0864,1.0118,1949,1.5706,10.31,28.69
KeranKapur Sirih,12.19,2268.0,BASA,TIDAK LAYAK,Tercemar Basa (Kapur),39894.20,2.0089,21246.40,1.0699,0.9964,1947,1.5690,10.41,28.69
KeranKapur Sirih,12.19,2268.0,BASA,TIDAK LAYAK,Tercemar Basa (Kapur),39999.80,2.0142,18176.90,0.9153,0.8524,1949,1.5706,10.31,28.69
KeranKapur Sirih,12.19,2268.0,BASA,TIDAK LAYAK,Tercemar Basa (Kapur),39185.20,1.9732,19628.20,0.9884,0.9205,1939,1.5626,10.82,28.69
KeranKapur Sirih,12.19,2268.0,BASA,TIDAK LAYAK,Tercemar Basa (Kapur),39793.40,2.0038,21835.10,1.0995,1.0240,1952,1.5730,10.15,28.69
KeranKapur Sirih,12.19,2268.0,BASA,TIDAK LAYAK,Tercemar Basa (Kapur),39386.80,1.9833,18005.70,0.9067,0.8444,1956,1.5763,9.95,28.69
KeranKapur Sirih,12.19,2268.0,BASA,TIDAK LAYAK,Tercemar Basa (Kapur),39942.30,2.0113,16186.00,0.8150,0.7591,1949,1.5706,10.31,28.69
KeranKapur Sirih,12.19,2268.0,BASA,TIDAK LAYAK,Tercemar Basa (Kapur),39266.70,1.9773,20735.80,1.0441,0.9724,1949,1.5706,10.31,28.69
KeranKapur Sirih,12.19,2268.0,BASA,TIDAK LAYAK,Tercemar Basa (Kapur),39745.20,2.0014,17221.50,0.8672,0.8076,1950,1.5714,10.26,28.69
KeranKapur Sirih,12.19,2268.0,BASA,TIDAK LAYAK,Tercemar Basa (Kapur),39915.10,2.0099,20012.50,1.0077,0.9385,1964,1.5827,9.54,28.69
KeranKapur Sirih,12.19,2268.0,BASA,TIDAK LAYAK,Tercemar Basa (Kapur),39745.50,2.0014,20450.80,1.0298,0.9591,1943,1.5658,10.62,28.69
KeranKapur Sirih,12.19,2268.0,BASA,TIDAK LAYAK,Tercemar Basa (Kapur),39711.70,1.9997,15913.70,0.8013,0.7463,1944,1.5666,10.56,28.69
KeranKapur Sirih,12.19,2268.0,BASA,TIDAK LAYAK,Tercemar Basa (Kapur),40059.10,2.0172,20246.10,1.0195,0.9495,1942,1.5650,10.67,28.69
KeranKapur Sirih,12.19,2268.0,BASA,TIDAK LAYAK,Tercemar Basa (Kapur),39681.50,1.9982,20316.50,1.0230,0.9528,1942,1.5650,10.67,28.69
KeranKapur Sirih,12.19,2268.0,BASA,TIDAK LAYAK,Tercemar Basa (Kapur),39753.50,2.0018,17143.00,0.8632,0.8049,1954,1.5747,10.05,28.63
KeranKapur Sirih,12.19,2268.0,BASA,TIDAK LAYAK,Tercemar Basa (Kapur),39729.40,2.0006,20228.60,1.0186,0.9486,1942,1.5650,10.67,28.69
KeranKapur Sirih,12.19,2268.0,BASA,TIDAK LAYAK,Tercemar Basa (Kapur),39518.20,1.9899,21518.20,1.0835,1.0103,1944,1.5666,10.56,28.63
KeranKapur Sirih,12.19,2268.0,BASA,TIDAK LAYAK,Tercemar Basa (Kapur),39807.70,2.0045,15486.60,0.7798,0.7263,1944,1.5666,10.56,28.69
KeranKapur Sirih,12.19,2268.0,BASA,TIDAK LAYAK,Tercemar Basa (Kapur),39897.50,2.0090,22264.00,1.1211,1.0441,1945,1.5674,10.51,28.69
KeranKapur Sirih,12.19,2268.0,BASA,TIDAK LAYAK,Tercemar Basa (Kapur),39971.10,2.0127,19220.10,0.9678,0.9013,1938,1.5618,10.87,28.69
KeranKapur Sirih,12.19,2268.0,BASA,TIDAK LAYAK,Tercemar Basa (Kapur),39766.10,2.0024,17200.60,0.8661,0.8066,1945,1.5674,10.51,28.69
KeranKapur Sirih,12.19,2268.0,BASA,TIDAK LAYAK,Tercemar Basa (Kapur),39692.40,1.9987,22827.40,1.1495,1.0705,1942,1.5650,10.67,28.69
KeranKapur Sirih,12.19,2268.0,BASA,TIDAK LAYAK,Tercemar Basa (Kapur),40190.40,2.0238,15624.10,0.7867,0.7336,1963,1.5819,9.59,28.63
KeranKapur Sirih,12.19,2268.0,BASA,TIDAK LAYAK,Tercemar Basa (Kapur),39252.50,1.9766,22843.50,1.1503,1.0713,1943,1.5658,10.62,28.69
KeranKapur Sirih,12.19,2268.0,BASA,TIDAK LAYAK,Tercemar Basa (Kapur),39618.90,1.9950,17874.20,0.9001,0.8382,1949,1.5706,10.31,28.69
KeranKapur Sirih,12.19,2268.0,BASA,TIDAK LAYAK,Tercemar Basa (Kapur),39875.10,2.0079,18259.90,0.9195,0.8563,1947,1.5690,10.41,28.69
KeranKapur Sirih,12.19,2268.0,BASA,TIDAK LAYAK,Tercemar Basa (Kapur),40190.40,2.0238,22224.00,1.1191,1.0422,1944,1.5666,10.56,28.69
KeranKapur Sirih,12.19,2268.0,BASA,TIDAK LAYAK,Tercemar Basa (Kapur),40012.50,2.0148,17370.10,0.8747,0.8155,1953,1.5738,10.10,28.63
KeranKapur Sirih,12.19,2268.0,BASA,TIDAK LAYAK,Tercemar Basa (Kapur),39865.30,2.0074,19690.60,0.9915,0.9234,1945,1.5674,10.51,28.69
KeranKapur Sirih,12.19,2268.0,BASA,TIDAK LAYAK,Tercemar Basa (Kapur),39870.30,2.0077,21302.30,1.0727,0.9990,1948,1.5698,10.36,28.69
KeranKapur Sirih,12.19,2268.0,BASA,TIDAK LAYAK,Tercemar Basa (Kapur),39874.90,2.0079,18248.70,0.9189,0.8558,1945,1.5674,10.51,28.69
KeranKapur Sirih,12.19,2268.0,BASA,TIDAK LAYAK,Tercemar Basa (Kapur),39838.00,2.0060,21126.30,1.0638,0.9907,1945,1.5674,10.51,28.69
KeranKapur Sirih,12.19,2268.0,BASA,TIDAK LAYAK,Tercemar Basa (Kapur),40033.50,2.0159,17531.80,0.8828,0.8222,1947,1.5690,10.41,28.69
KeranKapur Sirih,12.19,2268.0,BASA,TIDAK LAYAK,Tercemar Basa (Kapur),39647.90,1.9965,19104.80,0.9620,0.8970,1945,1.5674,10.51,28.63
KeranKapur Sirih,12.19,2268.0,BASA,TIDAK LAYAK,Tercemar Basa (Kapur),39625.20,1.9953,21284.80,1.0718,0.9993,1945,1.5674,10.51,28.63
KeranKapur Sirih,12.19,2268.0,BASA,TIDAK LAYAK,Tercemar Basa (Kapur),39596.50,1.9939,14606.30,0.7355,0.6850,1944,1.5666,10.56,28.69
KeranKapur Sirih,12.19,2268.0,BASA,TIDAK LAYAK,Tercemar Basa (Kapur),39884.70,2.0084,23205.00,1.1685,1.0882,1946,1.5682,10.46,28.69
KeranKapur Sirih,12.19,2268.0,BASA,TIDAK LAYAK,Tercemar Basa (Kapur),39775.80,2.0029,16627.70,0.8373,0.7798,1945,1.5674,10.51,28.69
KeranKapur Sirih,12.19,2268.0,BASA,TIDAK LAYAK,Tercemar Basa (Kapur),39697.50,1.9990,20550.10,1.0348,0.9637,1949,1.5706,10.31,28.69
KeranKapur Sirih,12.19,2268.0,BASA,TIDAK LAYAK,Tercemar Basa (Kapur),40324.80,2.0305,19517.80,0.9828,0.9153,1944,1.5666,10.56,28.69
KeranKapur Sirih,12.19,2268.0,BASA,TIDAK LAYAK,Tercemar Basa (Kapur),39708.50,1.9995,18890.30,0.9512,0.8859,1948,1.5698,10.36,28.69
KeranKapur Sirih,12.19,2268.0,BASA,TIDAK LAYAK,Tercemar Basa (Kapur),39745.20,2.0014,22683.40,1.1422,1.0638,1951,1.5722,10.21,28.69
KeranKapur Sirih,12.19,2268.0,BASA,TIDAK LAYAK,Tercemar Basa (Kapur),39138.90,1.9708,16582.80,0.8350,0.7786,1951,1.5722,10.21,28.63
KeranKapur Sirih,12.19,2268.0,BASA,TIDAK LAYAK,Tercemar Basa (Kapur),40124.70,2.0205,18448.80,0.9290,0.8652,1954,1.5747,10.05,28.69
KeranKapur Sirih,12.19,2268.0,BASA,TIDAK LAYAK,Tercemar Basa (Kapur),39663.90,1.9973,17743.10,0.8934,0.8331,1952,1.5730,10.15,28.63
KeranKapur Sirih,12.19,2268.0,BASA,TIDAK LAYAK,Tercemar Basa (Kapur),39444.50,1.9862,15835.40,0.7974,0.7426,1952,1.5730,10.15,28.69
KeranKapur Sirih,12.19,2268.0,BASA,TIDAK LAYAK,Tercemar Basa (Kapur),39822.30,2.0052,24090.10,1.2131,1.1311,1950,1.5714,10.26,28.63
KeranKapur Sirih,12.19,2268.0,BASA,TIDAK LAYAK,Tercemar Basa (Kapur),39428.60,1.9854,15331.30,0.7720,0.7190,1951,1.5722,10.21,28.69
KeranKapur Sirih,12.19,2268.0,BASA,TIDAK LAYAK,Tercemar Basa (Kapur),39833.50,2.0058,17283.70,0.8703,0.8105,1950,1.5714,10.26,28.69
KeranKapur Sirih,12.19,2268.0,BASA,TIDAK LAYAK,Tercemar Basa (Kapur),39766.10,2.0024,18773.60,0.9453,0.8804,1948,1.5698,10.36,28.69
KeranKapur Sirih,12.19,2268.0,BASA,TIDAK LAYAK,Tercemar Basa (Kapur),39839.70,2.0061,17925.40,0.9026,0.8416,1947,1.5690,10.41,28.63
KeranKapur Sirih,12.19,2268.0,BASA,TIDAK LAYAK,Tercemar Basa (Kapur),39803.10,2.0043,20329.20,1.0237,0.9545,1948,1.5698,10.36,28.63
KeranKapur Sirih,12.19,2268.0,BASA,TIDAK LAYAK,Tercemar Basa (Kapur),39545.40,1.9913,20967.90,1.0558,0.9833,1948,1.5698,10.36,28.69
KeranKapur Sirih,12.19,2268.0,BASA,TIDAK LAYAK,Tercemar Basa (Kapur),39684.40,1.9983,20474.80,1.0310,0.9602,1950,1.5714,10.26,28.69
KeranKapur Sirih,12.19,2268.0,BASA,TIDAK LAYAK,Tercemar Basa (Kapur),39706.90,1.9994,22373.10,1.1266,1.0504,1950,1.5714,10.26,28.63
KeranKapur Sirih,12.19,2268.0,BASA,TIDAK LAYAK,Tercemar Basa (Kapur),39782.20,2.0032,16659.60,0.8389,0.7822,1953,1.5738,10.10,28.63
KeranKapur Sirih,12.19,2268.0,BASA,TIDAK LAYAK,Tercemar Basa (Kapur),39758.10,2.0020,21719.90,1.0937,1.0186,1954,1.5747,10.05,28.69
KeranKapur Sirih,12.19,2268.0,BASA,TIDAK LAYAK,Tercemar Basa (Kapur),39790.10,2.0036,17845.50,0.8986,0.8369,1958,1.5779,9.85,28.69
KeranKapur Sirih,12.19,2268.0,BASA,TIDAK LAYAK,Tercemar Basa (Kapur),39777.50,2.0030,17631.00,0.8878,0.8278,1957,1.5771,9.90,28.63
KeranKapur Sirih,12.19,2268.0,BASA,TIDAK LAYAK,Tercemar Basa (Kapur),39618.80,1.9950,21484.70,1.0819,1.0087,1957,1.5771,9.90,28.63
KeranKapur Sirih,12.19,2268.0,BASA,TIDAK LAYAK,Tercemar Basa (Kapur),39788.50,2.0035,18178.40,0.9154,0.8535,1956,1.5763,9.95,28.63
KeranKapur Sirih,12.19,2268.0,BASA,TIDAK LAYAK,Tercemar Basa (Kapur),39705.20,1.9993,23714.10,1.1941,1.1134,1951,1.5722,10.21,28.63
KeranKapur Sirih,12.19,2268.0,BASA,TIDAK LAYAK,Tercemar Basa (Kapur),39690.90,1.9986,17402.20,0.8763,0.8170,1951,1.5722,10.21,28.63
KeranKapur Sirih,12.19,2268.0,BASA,TIDAK LAYAK,Tercemar Basa (Kapur),39839.90,2.0061,19226.60,0.9682,0.9027,1961,1.5803,9.69,28.63
KeranKapur Sirih,12.19,2268.0,BASA,TIDAK LAYAK,Tercemar Basa (Kapur),39839.90,2.0061,21976.10,1.1066,1.0306,1947,1.5690,10.41,28.69
KeranKapur Sirih,12.19,2268.0,BASA,TIDAK LAYAK,Tercemar Basa (Kapur),39919.80,2.0102,15928.30,0.8021,0.7470,1948,1.5698,10.36,28.69
KeranKapur Sirih,12.19,2268.0,BASA,TIDAK LAYAK,Tercemar Basa (Kapur),39807.70,2.0045,22867.40,1.1515,1.0724,1947,1.5690,10.41,28.69
KeranKapur Sirih,12.19,2268.0,BASA,TIDAK LAYAK,Tercemar Basa (Kapur),39777.30,2.0030,17253.20,0.8688,0.8101,1948,1.5698,10.36,28.63
KeranKapur Sirih,12.19,2268.0,BASA,TIDAK LAYAK,Tercemar Basa (Kapur),39551.60,1.9916,18866.30,0.9500,0.8848,1946,1.5682,10.46,28.69
KeranKapur Sirih,12.19,2268.0,BASA,TIDAK LAYAK,Tercemar Basa (Kapur),39798.20,2.0040,16514.00,0.8316,0.7744,1962,1.5811,9.64,28.69
KeranKapur Sirih,12.19,2268.0,BASA,TIDAK LAYAK,Tercemar Basa (Kapur),39783.60,2.0033,19628.30,0.9884,0.9205,1948,1.5698,10.36,28.69
KeranKapur Sirih,12.19,2268.0,BASA,TIDAK LAYAK,Tercemar Basa (Kapur),39554.60,1.9918,20627.20,1.0387,0.9685,1951,1.5722,10.21,28.63
KeranKapur Sirih,12.19,2268.0,BASA,TIDAK LAYAK,Tercemar Basa (Kapur),39329.20,1.9804,17552.40,0.8838,0.8231,1955,1.5755,10.00,28.69
KeranKapur Sirih,12.19,2268.0,BASA,TIDAK LAYAK,Tercemar Basa (Kapur),39611.00,1.9946,18120.60,0.9125,0.8508,1955,1.5755,10.00,28.63
KeranKapur Sirih,12.19,2268.0,BASA,TIDAK LAYAK,Tercemar Basa (Kapur),39731.10,2.0007,20569.20,1.0358,0.9657,1955,1.5755,10.00,28.63
KeranKapur Sirih,12.19,2268.0,BASA,TIDAK LAYAK,Tercemar Basa (Kapur),39734.10,2.0008,15661.10,0.7886,0.7353,1956,1.5763,9.95,28.63
KeranKapur Sirih,12.19,2268.0,BASA,TIDAK LAYAK,Tercemar Basa (Kapur),39447.70,1.9864,22710.70,1.1436,1.0663,1958,1.5779,9.85,28.63
KeranKapur Sirih,12.19,2268.0,BASA,TIDAK LAYAK,Tercemar Basa (Kapur),39791.90,2.0037,16800.20,0.8460,0.7888,1958,1.5779,9.85,28.63
KeranKapur Sirih,12.19,2268.0,BASA,TIDAK LAYAK,Tercemar Basa (Kapur),39694.10,1.9988,20247.60,1.0196,0.9506,1958,1.5779,9.85,28.63
ACKapur Sirih,12.14,2260.0,BASA,TIDAK LAYAK,Tercemar Basa (Kapur),40779.10,2.0534,18828.10,0.9481,0.8923,1838,1.4812,16.00,28.13
ACKapur Sirih,12.14,2260.0,BASA,TIDAK LAYAK,Tercemar Basa (Kapur),40729.50,2.0509,17350.90,0.8737,0.8223,1846,1.4876,15.59,28.13
ACKapur Sirih,12.14,2260.0,BASA,TIDAK LAYAK,Tercemar Basa (Kapur),40828.70,2.0559,18250.20,0.9190,0.8639,1840,1.4828,15.90,28.19
ACKapur Sirih,12.14,2260.0,BASA,TIDAK LAYAK,Tercemar Basa (Kapur),40667.10,2.0478,23526.90,1.1847,1.1137,1848,1.4892,15.49,28.19
ACKapur Sirih,12.14,2260.0,BASA,TIDAK LAYAK,Tercemar Basa (Kapur),40702.30,2.0496,19012.10,0.9573,0.9010,1882,1.5166,13.74,28.13
ACKapur Sirih,12.14,2260.0,BASA,TIDAK LAYAK,Tercemar Basa (Kapur),40705.50,2.0497,19521.00,0.9830,0.9241,1881,1.5158,13.79,28.19
ACKapur Sirih,12.14,2260.0,BASA,TIDAK LAYAK,Tercemar Basa (Kapur),40579.10,2.0434,21744.00,1.0949,1.0293,1873,1.5094,14.21,28.19
ACKapur Sirih,12.14,2260.0,BASA,TIDAK LAYAK,Tercemar Basa (Kapur),40811.10,2.0550,18495.30,0.9313,0.8755,1874,1.5102,14.15,28.19
ACKapur Sirih,12.14,2260.0,BASA,TIDAK LAYAK,Tercemar Basa (Kapur),40683.10,2.0486,20189.90,1.0167,0.9557,1885,1.5190,13.59,28.19
ACKapur Sirih,12.14,2260.0,BASA,TIDAK LAYAK,Tercemar Basa (Kapur),40705.50,2.0497,20948.70,1.0549,0.9916,1893,1.5255,13.18,28.19
ACKapur Sirih,12.14,2260.0,BASA,TIDAK LAYAK,Tercemar Basa (Kapur),40772.70,2.0531,17131.70,0.8627,0.8110,1876,1.5118,14.05,28.19
ACKapur Sirih,12.14,2260.0,BASA,TIDAK LAYAK,Tercemar Basa (Kapur),40735.90,2.0512,19629.80,0.9885,0.9292,1871,1.5078,14.31,28.19
ACKapur Sirih,12.14,2260.0,BASA,TIDAK LAYAK,Tercemar Basa (Kapur),40579.10,2.0434,22854.70,1.1508,1.0819,1868,1.5053,14.46,28.19
ACKapur Sirih,12.14,2260.0,BASA,TIDAK LAYAK,Tercemar Basa (Kapur),40961.50,2.0626,17960.60,0.9044,0.8502,1873,1.5094,14.21,28.19
ACKapur Sirih,12.14,2260.0,BASA,TIDAK LAYAK,Tercemar Basa (Kapur),40718.30,2.0504,20225.10,1.0184,0.9574,1867,1.5045,14.51,28.19
ACKapur Sirih,12.14,2260.0,BASA,TIDAK LAYAK,Tercemar Basa (Kapur),40841.50,2.0566,21424.00,1.0788,1.0141,1873,1.5094,14.21,28.19
ACKapur Sirih,12.14,2260.0,BASA,TIDAK LAYAK,Tercemar Basa (Kapur),40806.30,2.0548,17533.40,0.8829,0.8300,1872,1.5086,14.26,28.19
ACKapur Sirih,12.14,2260.0,BASA,TIDAK LAYAK,Tercemar Basa (Kapur),40726.30,2.0508,15547.60,0.7829,0.7360,1874,1.5102,14.15,28.19
ACKapur Sirih,12.14,2260.0,BASA,TIDAK LAYAK,Tercemar Basa (Kapur),40700.70,2.0495,19991.70,1.0067,0.9463,1881,1.5158,13.79,28.19
ACKapur Sirih,12.14,2260.0,BASA,TIDAK LAYAK,Tercemar Basa (Kapur),40679.90,2.0484,20820.60,1.0484,0.9856,1881,1.5158,13.79,28.19
ACKapur Sirih,12.14,2260.0,BASA,TIDAK LAYAK,Tercemar Basa (Kapur),40705.50,2.0497,17970.30,0.9049,0.8507,1876,1.5118,14.05,28.19
ACKapur Sirih,12.14,2260.0,BASA,TIDAK LAYAK,Tercemar Basa (Kapur),39964.60,2.0124,22373.00,1.1266,1.0591,1901,1.5319,12.77,28.19
ACKapur Sirih,12.14,2260.0,BASA,TIDAK LAYAK,Tercemar Basa (Kapur),40137.40,2.0211,21185.40,1.0668,1.0029,1910,1.5392,12.31,28.19
ACKapur Sirih,12.14,2260.0,BASA,TIDAK LAYAK,Tercemar Basa (Kapur),40655.90,2.0472,17547.70,0.8836,0.8307,1909,1.5384,12.36,28.19
ACKapur Sirih,12.14,2260.0,BASA,TIDAK LAYAK,Tercemar Basa (Kapur),40487.90,2.0388,20065.30,1.0104,0.9498,1924,1.5505,11.59,28.19
ACKapur Sirih,12.14,2260.0,BASA,TIDAK LAYAK,Tercemar Basa (Kapur),40740.70,2.0515,22244.80,1.1201,1.0530,1931,1.5561,11.23,28.19
ACKapur Sirih,12.14,2260.0,BASA,TIDAK LAYAK,Tercemar Basa (Kapur),40727.90,2.0508,20053.90,1.0098,0.9493,1919,1.5464,11.85,28.19
ACKapur Sirih,12.14,2260.0,BASA,TIDAK LAYAK,Tercemar Basa (Kapur),40582.30,2.0435,17362.00,0.8743,0.8219,1920,1.5473,11.79,28.19
ACKapur Sirih,12.14,2260.0,BASA,TIDAK LAYAK,Tercemar Basa (Kapur),40364.70,2.0326,19365.70,0.9752,0.9167,1916,1.5440,12.00,28.19
ACKapur Sirih,12.14,2260.0,BASA,TIDAK LAYAK,Tercemar Basa (Kapur),40673.50,2.0481,21059.00,1.0604,0.9969,1905,1.5352,12.56,28.19
ACKapur Sirih,12.14,2260.0,BASA,TIDAK LAYAK,Tercemar Basa (Kapur),40553.50,2.0421,16545.90,0.8332,0.7832,1906,1.5360,12.51,28.19
ACKapur Sirih,12.14,2260.0,BASA,TIDAK LAYAK,Tercemar Basa (Kapur),40174.30,2.0230,20420.60,1.0283,0.9667,1900,1.5311,12.82,28.19
ACKapur Sirih,12.14,2260.0,BASA,TIDAK LAYAK,Tercemar Basa (Kapur),40555.10,2.0421,21619.10,1.0886,1.0234,1893,1.5255,13.18,28.19
ACKapur Sirih,12.14,2260.0,BASA,TIDAK LAYAK,Tercemar Basa (Kapur),40854.30,2.0572,18163.90,0.9146,0.8598,1903,1.5336,12.67,28.19
ACKapur Sirih,12.14,2260.0,BASA,TIDAK LAYAK,Tercemar Basa (Kapur),40643.10,2.0466,19356.20,0.9747,0.9163,1910,1.5392,12.31,28.19
ACKapur Sirih,12.14,2260.0,BASA,TIDAK LAYAK,Tercemar Basa (Kapur),41068.80,2.0680,21196.80,1.0674,1.0034,1914,1.5424,12.10,28.19
ACKapur Sirih,12.14,2260.0,BASA,TIDAK LAYAK,Tercemar Basa (Kapur),40723.10,2.0506,17861.40,0.8994,0.8455,1922,1.5489,11.69,28.19
ACKapur Sirih,12.14,2260.0,BASA,TIDAK LAYAK,Tercemar Basa (Kapur),40571.10,2.0429,23390.60,1.1778,1.1072,1933,1.5577,11.13,28.19
ACKapur Sirih,12.14,2260.0,BASA,TIDAK LAYAK,Tercemar Basa (Kapur),40612.70,2.0450,18375.10,0.9253,0.8698,1947,1.5690,10.41,28.19
ACKapur Sirih,12.14,2260.0,BASA,TIDAK LAYAK,Tercemar Basa (Kapur),40516.70,2.0402,16739.60,0.8429,0.7924,1946,1.5682,10.46,28.19
ACKapur Sirih,12.14,2260.0,BASA,TIDAK LAYAK,Tercemar Basa (Kapur),40460.70,2.0374,23450.00,1.1808,1.1101,1953,1.5738,10.10,28.19
ACKapur Sirih,12.14,2260.0,BASA,TIDAK LAYAK,Tercemar Basa (Kapur),40654.30,2.0471,20668.60,1.0408,0.9784,1947,1.5690,10.41,28.19
ACKapur Sirih,12.14,2260.0,BASA,TIDAK LAYAK,Tercemar Basa (Kapur),40534.30,2.0411,14543.80,0.7323,0.6885,1938,1.5618,10.87,28.19
ACKapur Sirih,12.14,2260.0,BASA,TIDAK LAYAK,Tercemar Basa (Kapur),40615.90,2.0452,21988.70,1.1072,1.0409,1944,1.5666,10.56,28.19
ACKapur Sirih,12.14,2260.0,BASA,TIDAK LAYAK,Tercemar Basa (Kapur),40727.90,2.0508,21273.40,1.0712,1.0070,1954,1.5747,10.05,28.19
ACKapur Sirih,12.14,2260.0,BASA,TIDAK LAYAK,Tercemar Basa (Kapur),40468.70,2.0378,16737.90,0.8428,0.7923,1965,1.5835,9.49,28.19
ACKapur Sirih,12.14,2260.0,BASA,TIDAK LAYAK,Tercemar Basa (Kapur),40764.70,2.0527,23656.40,1.1912,1.1198,1966,1.5843,9.44,28.19
ACKapur Sirih,12.14,2260.0,BASA,TIDAK LAYAK,Tercemar Basa (Kapur),40569.50,2.0429,19825.00,0.9983,0.9385,1957,1.5771,9.90,28.19
ACKapur Sirih,12.14,2260.0,BASA,TIDAK LAYAK,Tercemar Basa (Kapur),40076.60,2.0180,14974.40,0.7540,0.7088,1958,1.5779,9.85,28.19
ACKapur Sirih,12.14,2260.0,BASA,TIDAK LAYAK,Tercemar Basa (Kapur),40459.10,2.0373,21449.30,1.0801,1.0153,1955,1.5755,10.00,28.19
ACKapur Sirih,12.14,2260.0,BASA,TIDAK LAYAK,Tercemar Basa (Kapur),40791.90,2.0541,20138.70,1.0141,0.9533,1956,1.5763,9.95,28.19
ACKapur Sirih,12.14,2260.0,BASA,TIDAK LAYAK,Tercemar Basa (Kapur),39927.80,2.0106,15545.60,0.7828,0.7359,1958,1.5779,9.85,28.19
ACKapur Sirih,12.14,2260.0,BASA,TIDAK LAYAK,Tercemar Basa (Kapur),40519.90,2.0404,22068.70,1.1113,1.0447,1972,1.5892,9.13,28.19
ACKapur Sirih,12.14,2260.0,BASA,TIDAK LAYAK,Tercemar Basa (Kapur),40670.30,2.0479,17707.80,0.8917,0.8382,1966,1.5843,9.44,28.19
ACKapur Sirih,12.14,2260.0,BASA,TIDAK LAYAK,Tercemar Basa (Kapur),41281.60,2.0787,18882.40,0.9508,0.8938,1961,1.5803,9.69,28.19
ACKapur Sirih,12.14,2260.0,BASA,TIDAK LAYAK,Tercemar Basa (Kapur),40668.70,2.0479,23363.60,1.1765,1.1060,1967,1.5851,9.38,28.19
ACKapur Sirih,12.14,2260.0,BASA,TIDAK LAYAK,Tercemar Basa (Kapur),40326.30,2.0306,19556.20,0.9847,0.9257,1976,1.5924,8.92,28.19
ACKapur Sirih,12.14,2260.0,BASA,TIDAK LAYAK,Tercemar Basa (Kapur),40681.50,2.0485,15467.40,0.7789,0.7322,1977,1.5932,8.87,28.19
ACKapur Sirih,12.14,2260.0,BASA,TIDAK LAYAK,Tercemar Basa (Kapur),40593.50,2.0441,20241.20,1.0192,0.9582,1979,1.5948,8.77,28.19
ACKapur Sirih,12.14,2260.0,BASA,TIDAK LAYAK,Tercemar Basa (Kapur),40571.10,2.0429,21519.80,1.0836,1.0187,1973,1.5900,9.08,28.19
ACKapur Sirih,12.14,2260.0,BASA,TIDAK LAYAK,Tercemar Basa (Kapur),40345.40,2.0316,17845.40,0.8986,0.8447,1967,1.5851,9.38,28.19
ACKapur Sirih,12.14,2260.0,BASA,TIDAK LAYAK,Tercemar Basa (Kapur),40639.90,2.0464,21488.00,1.0820,1.0172,1962,1.5811,9.64,28.19
ACKapur Sirih,12.14,2260.0,BASA,TIDAK LAYAK,Tercemar Basa (Kapur),40710.30,2.0500,20983.60,1.0566,0.9933,1963,1.5819,9.59,28.19
ACKapur Sirih,12.14,2260.0,BASA,TIDAK LAYAK,Tercemar Basa (Kapur),40593.50,2.0441,14923.20,0.7515,0.7064,1961,1.5803,9.69,28.19
ACKapur Sirih,12.14,2260.0,BASA,TIDAK LAYAK,Tercemar Basa (Kapur),40438.30,2.0363,19985.30,1.0064,0.9460,1965,1.5835,9.49,28.19
ACKapur Sirih,12.14,2260.0,BASA,TIDAK LAYAK,Tercemar Basa (Kapur),40852.70,2.0571,21793.40,1.0974,1.0316,1961,1.5803,9.69,28.19
ACKapur Sirih,12.14,2260.0,BASA,TIDAK LAYAK,Tercemar Basa (Kapur),40684.70,2.0487,16901.10,0.8511,0.8000,1964,1.5827,9.54,28.19
ACKapur Sirih,12.14,2260.0,BASA,TIDAK LAYAK,Tercemar Basa (Kapur),40511.90,2.0400,19193.00,0.9665,0.9085,1965,1.5835,9.49,28.19
ACKapur Sirih,12.14,2260.0,BASA,TIDAK LAYAK,Tercemar Basa (Kapur),40518.30,2.0403,21297.70,1.0724,1.0082,1972,1.5892,9.13,28.19
ACKapur Sirih,12.14,2260.0,BASA,TIDAK LAYAK,Tercemar Basa (Kapur),40827.10,2.0558,18336.60,0.9233,0.8680,1985,1.5996,8.46,28.19
ACKapur Sirih,12.14,2260.0,BASA,TIDAK LAYAK,Tercemar Basa (Kapur),40622.30,2.0455,23141.10,1.1653,1.0954,1960,1.5795,9.74,28.19
ACKapur Sirih,12.14,2260.0,BASA,TIDAK LAYAK,Tercemar Basa (Kapur),40881.50,2.0586,20276.30,1.0210,0.9598,1954,1.5747,10.05,28.19
ACKapur Sirih,12.14,2260.0,BASA,TIDAK LAYAK,Tercemar Basa (Kapur),40119.80,2.0202,16052.90,0.8083,0.7599,1954,1.5747,10.05,28.19
ACKapur Sirih,12.14,2260.0,BASA,TIDAK LAYAK,Tercemar Basa (Kapur),41187.20,2.0740,18940.10,0.9537,0.8955,1951,1.5722,10.21,28.25
ACKapur Sirih,12.14,2260.0,BASA,TIDAK LAYAK,Tercemar Basa (Kapur),40247.80,2.0267,21955.40,1.1056,1.0393,1951,1.5722,10.21,28.19
ACKapur Sirih,12.14,2260.0,BASA,TIDAK LAYAK,Tercemar Basa (Kapur),40745.50,2.0517,17752.60,0.8939,0.8404,1948,1.5698,10.36,28.19
ACKapur Sirih,12.14,2260.0,BASA,TIDAK LAYAK,Tercemar Basa (Kapur),40775.90,2.0533,19010.50,0.9573,0.8999,1957,1.5771,9.90,28.19
ACKapur Sirih,12.14,2260.0,BASA,TIDAK LAYAK,Tercemar Basa (Kapur),40315.00,2.0301,21252.80,1.0702,1.0060,1938,1.5618,10.87,28.19
ACKapur Sirih,12.14,2260.0,BASA,TIDAK LAYAK,Tercemar Basa (Kapur),40991.90,2.0641,17906.20,0.9017,0.8476,1942,1.5650,10.67,28.19
ACKapur Sirih,12.14,2260.0,BASA,TIDAK LAYAK,Tercemar Basa (Kapur),40619.10,2.0454,19677.90,0.9909,0.9315,1947,1.5690,10.41,28.19
ACKapur Sirih,12.14,2260.0,BASA,TIDAK LAYAK,Tercemar Basa (Kapur),40251.00,2.0268,20330.90,1.0238,0.9624,1954,1.5747,10.05,28.19
ACKapur Sirih,12.14,2260.0,BASA,TIDAK LAYAK,Tercemar Basa (Kapur),40729.50,2.0509,17735.00,0.8930,0.8395,1955,1.5755,10.00,28.19
ACKapur Sirih,12.14,2260.0,BASA,TIDAK LAYAK,Tercemar Basa (Kapur),40463.90,2.0376,19809.00,0.9975,0.9377,1955,1.5755,10.00,28.19
ACKapur Sirih,12.14,2260.0,BASA,TIDAK LAYAK,Tercemar Basa (Kapur),40774.30,2.0532,19809.00,0.9975,0.9377,1958,1.5779,9.85,28.19
ACKapur Sirih,12.14,2260.0,BASA,TIDAK LAYAK,Tercemar Basa (Kapur),40651.10,2.0470,19109.90,0.9623,0.9046,1957,1.5771,9.90,28.19
ACKapur Sirih,12.14,2260.0,BASA,TIDAK LAYAK,Tercemar Basa (Kapur),40580.70,2.0434,21660.70,1.0907,1.0254,1966,1.5843,9.44,28.19
ACKapur Sirih,12.14,2260.0,BASA,TIDAK LAYAK,Tercemar Basa (Kapur),40766.30,2.0528,19949.80,1.0046,0.9444,1938,1.5618,10.87,28.19
ACKapur Sirih,12.14,2260.0,BASA,TIDAK LAYAK,Tercemar Basa (Kapur),40583.90,2.0436,15910.60,0.8012,0.7532,1947,1.5690,10.41,28.19
ACKapur Sirih,12.14,2260.0,BASA,TIDAK LAYAK,Tercemar Basa (Kapur),41140.80,2.0716,22721.70,1.1441,1.0756,1951,1.5722,10.21,28.19
ACKapur Sirih,12.14,2260.0,BASA,TIDAK LAYAK,Tercemar Basa (Kapur),40793.50,2.0541,20611.00,1.0379,0.9757,1950,1.5714,10.26,28.19
ACKapur Sirih,12.14,2260.0,BASA,TIDAK LAYAK,Tercemar Basa (Kapur),40700.70,2.0495,15603.30,0.7857,0.7386,1961,1.5803,9.69,28.19
ACKapur Sirih,12.14,2260.0,BASA,TIDAK LAYAK,Tercemar Basa (Kapur),40591.90,2.0440,21683.10,1.0918,1.0264,1961,1.5803,9.69,28.19
ACKapur Sirih,12.14,2260.0,BASA,TIDAK LAYAK,Tercemar Basa (Kapur),40679.90,2.0484,20670.00,1.0408,0.9785,1961,1.5803,9.69,28.19
ACKapur Sirih,12.14,2260.0,BASA,TIDAK LAYAK,Tercemar Basa (Kapur),40689.50,2.0489,19703.40,0.9922,0.9327,1962,1.5811,9.64,28.19
ACKapur Sirih,12.14,2260.0,BASA,TIDAK LAYAK,Tercemar Basa (Kapur),40551.90,2.0420,20857.20,1.0503,0.9862,1969,1.5867,9.28,28.25
ACKapur Sirih,12.14,2260.0,BASA,TIDAK LAYAK,Tercemar Basa (Kapur),40660.70,2.0475,18013.30,0.9071,0.8527,1980,1.5956,8.72,28.19
ACKapur Sirih,12.14,2260.0,BASA,TIDAK LAYAK,Tercemar Basa (Kapur),40598.30,2.0443,19665.00,0.9902,0.9309,1988,1.6021,8.31,28.19
ACKapur Sirih,12.14,2260.0,BASA,TIDAK LAYAK,Tercemar Basa (Kapur),40027.00,2.0156,22003.30,1.1080,1.0403,1980,1.5956,8.72,28.25
ACKapur Sirih,12.14,2260.0,BASA,TIDAK LAYAK,Tercemar Basa (Kapur),40670.30,2.0479,17331.60,0.8727,0.8204,1985,1.5996,8.46,28.19
ACKapur Sirih,12.14,2260.0,BASA,TIDAK LAYAK,Tercemar Basa (Kapur),40596.70,2.0442,20150.10,1.0147,0.9538,1988,1.6021,8.31,28.19
ACKapur Sirih,12.14,2260.0,BASA,TIDAK LAYAK,Tercemar Basa (Kapur),40836.70,2.0563,20319.60,1.0232,0.9619,1979,1.5948,8.77,28.19
ACKapur Sirih,12.14,2260.0,BASA,TIDAK LAYAK,Tercemar Basa (Kapur),40639.90,2.0464,19314.60,0.9726,0.9143,1977,1.5932,8.87,28.19
ACKapur Sirih,12.14,2260.0,BASA,TIDAK LAYAK,Tercemar Basa (Kapur),41147.20,2.0720,21572.80,1.0863,1.0200,1970,1.5875,9.23,28.25
ACKapur Sirih,12.14,2260.0,BASA,TIDAK LAYAK,Tercemar Basa (Kapur),40662.30,2.0475,17474.00,0.8799,0.8272,1971,1.5884,9.18,28.19
ACKapur Sirih,12.14,2260.0,BASA,TIDAK LAYAK,Tercemar Basa (Kapur),40555.10,2.0421,20079.70,1.0111,0.9505,1973,1.5900,9.08,28.19
ACKapur Sirih,12.14,2260.0,BASA,TIDAK LAYAK,Tercemar Basa (Kapur),40643.10,2.0466,20522.80,1.0334,0.9715,1972,1.5892,9.13,28.19
ACKapur Sirih,12.14,2260.0,BASA,TIDAK LAYAK,Tercemar Basa (Kapur),40671.90,2.0480,16328.20,0.8222,0.7729,1968,1.5859,9.33,28.19
ACKapur Sirih,12.14,2260.0,BASA,TIDAK LAYAK,Tercemar Basa (Kapur),40601.50,2.0445,22310.50,1.1234,1.0561,1970,1.5875,9.23,28.19
ACKapur Sirih,12.14,2260.0,BASA,TIDAK LAYAK,Tercemar Basa (Kapur),40684.70,2.0487,19641.10,0.9890,0.9298,1979,1.5948,8.77,28.19
ACKapur Sirih,12.14,2260.0,BASA,TIDAK LAYAK,Tercemar Basa (Kapur),40801.50,2.0546,19935.50,1.0038,0.9437,1973,1.5900,9.08,28.19
ACKapur Sirih,12.14,2260.0,BASA,TIDAK LAYAK,Tercemar Basa (Kapur),40534.30,2.0411,20630.30,1.0388,0.9766,1973,1.5900,9.08,28.19
ACKapur Sirih,12.14,2260.0,BASA,TIDAK LAYAK,Tercemar Basa (Kapur),40654.30,2.0471,17872.60,0.9000,0.8460,1974,1.5908,9.03,28.19
ACKapur Sirih,12.14,2260.0,BASA,TIDAK LAYAK,Tercemar Basa (Kapur),40587.10,2.0438,19418.80,0.9778,0.9192,1971,1.5884,9.18,28.19
ACKapur Sirih,12.14,2260.0,BASA,TIDAK LAYAK,Tercemar Basa (Kapur),40615.90,2.0452,21236.70,1.0694,1.0053,1969,1.5867,9.28,28.19
ACKapur Sirih,12.14,2260.0,BASA,TIDAK LAYAK,Tercemar Basa (Kapur),40659.10,2.0474,15736.40,0.7924,0.7449,1961,1.5803,9.69,28.19
ACKapur Sirih,12.14,2260.0,BASA,TIDAK LAYAK,Tercemar Basa (Kapur),40585.50,2.0437,23322.00,1.1744,1.1040,1963,1.5819,9.59,28.19
ACKapur Sirih,12.14,2260.0,BASA,TIDAK LAYAK,Tercemar Basa (Kapur),40561.50,2.0425,16302.80,0.8209,0.7717,1963,1.5819,9.59,28.19
ACKapur Sirih,12.14,2260.0,BASA,TIDAK LAYAK,Tercemar Basa (Kapur),40601.50,2.0445,19711.60,0.9926,0.9331,1960,1.5795,9.74,28.19
ACKapur Sirih,12.14,2260.0,BASA,TIDAK LAYAK,Tercemar Basa (Kapur),41193.60,2.0743,20535.50,1.0341,0.9721,1961,1.5803,9.69,28.19
ACKapur Sirih,12.14,2260.0,BASA,TIDAK LAYAK,Tercemar Basa (Kapur),40467.10,2.0377,16974.80,0.8548,0.8035,1963,1.5819,9.59,28.19
ACKapur Sirih,12.14,2260.0,BASA,TIDAK LAYAK,Tercemar Basa (Kapur),40065.40,2.0175,23158.70,1.1662,1.0963,1970,1.5875,9.23,28.19
ACKapur Sirih,12.14,2260.0,BASA,TIDAK LAYAK,Tercemar Basa (Kapur),40211.00,2.0248,18631.30,0.9382,0.8820,1978,1.5940,8.82,28.19
ACKapur Sirih,12.14,2260.0,BASA,TIDAK LAYAK,Tercemar Basa (Kapur),40617.50,2.0453,17331.70,0.8727,0.8204,1980,1.5956,8.72,28.19
ACKapur Sirih,12.14,2260.0,BASA,TIDAK LAYAK,Tercemar Basa (Kapur),40292.60,2.0289,22797.00,1.1479,1.0791,1986,1.6004,8.41,28.19
ACKapur Sirih,12.14,2260.0,BASA,TIDAK LAYAK,Tercemar Basa (Kapur),40271.80,2.0279,16142.70,0.8129,0.7641,1986,1.6004,8.41,28.19
ACKapur Sirih,12.14,2260.0,BASA,TIDAK LAYAK,Tercemar Basa (Kapur),40395.10,2.0341,20940.70,1.0545,0.9913,1984,1.5988,8.51,28.19
ACKapur Sirih,12.14,2260.0,BASA,TIDAK LAYAK,Tercemar Basa (Kapur),41244.80,2.0769,19599.40,0.9869,0.9278,1968,1.5859,9.33,28.19
ACKapur Sirih,12.14,2260.0,BASA,TIDAK LAYAK,Tercemar Basa (Kapur),40708.70,2.0499,18077.70,0.9103,0.8557,1977,1.5932,8.87,28.19
ACKapur Sirih,12.14,2260.0,BASA,TIDAK LAYAK,Tercemar Basa (Kapur),40604.70,2.0446,22790.70,1.1476,1.0788,1976,1.5924,8.92,28.19
ACKapur Sirih,12.14,2260.0,BASA,TIDAK LAYAK,Tercemar Basa (Kapur),40780.70,2.0535,18610.50,0.9371,0.8810,1973,1.5900,9.08,28.19
ACKapur Sirih,12.14,2260.0,BASA,TIDAK LAYAK,Tercemar Basa (Kapur),40625.50,2.0457,20491.10,1.0318,0.9700,1977,1.5932,8.87,28.19
ACKapur Sirih,12.14,2260.0,BASA,TIDAK LAYAK,Tercemar Basa (Kapur),40687.90,2.0488,22155.50,1.1156,1.0488,1978,1.5940,8.82,28.19
ACKapur Sirih,12.14,2260.0,BASA,TIDAK LAYAK,Tercemar Basa (Kapur),40767.90,2.0529,17275.80,0.8699,0.8178,1990,1.6037,8.21,28.19
ACKapur Sirih,12.14,2260.0,BASA,TIDAK LAYAK,Tercemar Basa (Kapur),40550.30,2.0419,22168.30,1.1163,1.0494,1982,1.5972,8.62,28.19
ACKapur Sirih,12.14,2260.0,BASA,TIDAK LAYAK,Tercemar Basa (Kapur),40615.90,2.0452,17178.20,0.8650,0.8132,2000,1.6117,7.69,28.19
ACKapur Sirih,12.14,2260.0,BASA,TIDAK LAYAK,Tercemar Basa (Kapur),40687.90,2.0488,22889.90,1.1526,1.0835,1987,1.6012,8.36,28.19
ACKapur Sirih,12.14,2260.0,BASA,TIDAK LAYAK,Tercemar Basa (Kapur),40558.30,2.0423,18459.90,0.9295,0.8738,1989,1.6029,8.26,28.19
ACKapur Sirih,12.14,2260.0,BASA,TIDAK LAYAK,Tercemar Basa (Kapur),40654.30,2.0471,19885.90,1.0013,0.9413,1987,1.6012,8.36,28.19
ACKapur Sirih,12.14,2260.0,BASA,TIDAK LAYAK,Tercemar Basa (Kapur),40654.30,2.0471,21780.90,1.0968,1.0310,1985,1.5996,8.46,28.19
ACKapur Sirih,12.14,2260.0,BASA,TIDAK LAYAK,Tercemar Basa (Kapur),41083.20,2.0687,18058.40,0.9093,0.8548,1977,1.5932,8.87,28.19
ACKapur Sirih,12.14,2260.0,BASA,TIDAK LAYAK,Tercemar Basa (Kapur),40539.10,2.0413,20268.50,1.0206,0.9595,1975,1.5916,8.97,28.19
ACKapur Sirih,12.14,2260.0,BASA,TIDAK LAYAK,Tercemar Basa (Kapur),40111.80,2.0198,18836.00,0.9485,0.8916,1972,1.5892,9.13,28.19
ACKapur Sirih,12.14,2260.0,BASA,TIDAK LAYAK,Tercemar Basa (Kapur),40585.50,2.0437,19778.80,0.9960,0.9363,1983,1.5980,8.56,28.19
ACKapur Sirih,12.14,2260.0,BASA,TIDAK LAYAK,Tercemar Basa (Kapur),40017.40,2.0151,21852.90,1.1004,1.0332,1972,1.5892,9.13,28.25
ACKapur Sirih,12.14,2260.0,BASA,TIDAK LAYAK,Tercemar Basa (Kapur),40716.70,2.0503,18800.90,0.9467,0.8900,1981,1.5964,8.67,28.19
ACKapur Sirih,12.14,2260.0,BASA,TIDAK LAYAK,Tercemar Basa (Kapur),40726.30,2.0508,20068.50,1.0105,0.9500,1979,1.5948,8.77,28.19
ACKapur Sirih,12.14,2260.0,BASA,TIDAK LAYAK,Tercemar Basa (Kapur),41177.60,2.0735,21403.10,1.0777,1.0132,1982,1.5972,8.62,28.19
ACKapur Sirih,12.14,2260.0,BASA,TIDAK LAYAK,Tercemar Basa (Kapur),40764.70,2.0527,18042.50,0.9085,0.8541,1981,1.5964,8.67,28.19
ACKapur Sirih,12.14,2260.0,BASA,TIDAK LAYAK,Tercemar Basa (Kapur),40718.30,2.0504,19593.10,0.9866,0.9275,1982,1.5972,8.62,28.19
ACKapur Sirih,12.14,2260.0,BASA,TIDAK LAYAK,Tercemar Basa (Kapur),40747.10,2.0518,17290.20,0.8706,0.8185,1984,1.5988,8.51,28.19
ACKapur Sirih,12.14,2260.0,BASA,TIDAK LAYAK,Tercemar Basa (Kapur),40667.10,2.0478,19846.10,0.9993,0.9395,1991,1.6045,8.15,28.19
ACKapur Sirih,12.14,2260.0,BASA,TIDAK LAYAK,Tercemar Basa (Kapur),40543.90,2.0416,20780.60,1.0464,0.9837,1979,1.5948,8.77,28.19
ACKapur Sirih,12.14,2260.0,BASA,TIDAK LAYAK,Tercemar Basa (Kapur),40775.90,2.0533,17446.90,0.8785,0.8259,1976,1.5924,8.92,28.19
ACKapur Sirih,12.14,2260.0,BASA,TIDAK LAYAK,Tercemar Basa (Kapur),40711.90,2.0500,20916.60,1.0533,0.9901,1976,1.5924,8.92,28.19
ACKapur Sirih,12.14,2260.0,BASA,TIDAK LAYAK,Tercemar Basa (Kapur),40489.50,2.0388,20937.40,1.0543,0.9911,1977,1.5932,8.87,28.19
ACKapur Sirih,12.14,2260.0,BASA,TIDAK LAYAK,Tercemar Basa (Kapur),40753.50,2.0521,17656.50,0.8891,0.8358,1979,1.5948,8.77,28.19
ACKapur Sirih,12.14,2260.0,BASA,TIDAK LAYAK,Tercemar Basa (Kapur),40363.10,2.0325,21179.30,1.0665,1.0026,1976,1.5924,8.92,28.19
ACKapur Sirih,12.14,2260.0,BASA,TIDAK LAYAK,Tercemar Basa (Kapur),40484.70,2.0386,17770.30,0.8948,0.8412,1977,1.5932,8.87,28.19
ACKapur Sirih,12.14,2260.0,BASA,TIDAK LAYAK,Tercemar Basa (Kapur),40476.70,2.0382,20374.10,1.0259,0.9644,1980,1.5956,8.72,28.19
ACKapur Sirih,12.14,2260.0,BASA,TIDAK LAYAK,Tercemar Basa (Kapur),40646.30,2.0467,21950.50,1.1053,1.0391,1970,1.5875,9.23,28.19
ACKapur Sirih,12.14,2260.0,BASA,TIDAK LAYAK,Tercemar Basa (Kapur),40756.70,2.0523,16864.60,0.8492,0.7983,1967,1.5851,9.38,28.19
ACKapur Sirih,12.14,2260.0,BASA,TIDAK LAYAK,Tercemar Basa (Kapur),40431.90,2.0359,22990.70,1.1577,1.0883,1971,1.5884,9.18,28.19
ACKapur Sirih,12.14,2260.0,BASA,TIDAK LAYAK,Tercemar Basa (Kapur),40598.30,2.0443,18372.00,0.9251,0.8697,1976,1.5924,8.92,28.19
ACKapur Sirih,12.14,2260.0,BASA,TIDAK LAYAK,Tercemar Basa (Kapur),40700.70,2.0495,19725.90,0.9933,0.9338,1984,1.5988,8.51,28.19
ACKapur Sirih,12.14,2260.0,BASA,TIDAK LAYAK,Tercemar Basa (Kapur),40998.40,2.0645,20567.80,1.0357,0.9736,1986,1.6004,8.41,28.19
ACKapur Sirih,12.14,2260.0,BASA,TIDAK LAYAK,Tercemar Basa (Kapur),40663.90,2.0476,19585.20,0.9862,0.9271,1984,1.5988,8.51,28.19
ACKapur Sirih,12.14,2260.0,BASA,TIDAK LAYAK,Tercemar Basa (Kapur),40593.50,2.0441,21315.30,1.0733,1.0090,1974,1.5908,9.03,28.19
ACKapur Sirih,12.14,2260.0,BASA,TIDAK LAYAK,Tercemar Basa (Kapur),40774.30,2.0532,18855.20,0.9494,0.8925,1972,1.5892,9.13,28.19
ACKapur Sirih,12.14,2260.0,BASA,TIDAK LAYAK,Tercemar Basa (Kapur),40500.70,2.0394,20074.70,1.0109,0.9503,1974,1.5908,9.03,28.19
ACKapur Sirih,12.14,2260.0,BASA,TIDAK LAYAK,Tercemar Basa (Kapur),40356.60,2.0321,22395.50,1.1277,1.0601,1978,1.5940,8.82,28.19
ACKapur Sirih,12.14,2260.0,BASA,TIDAK LAYAK,Tercemar Basa (Kapur),40439.90,2.0363,16413.20,0.8265,0.7770,1979,1.5948,8.77,28.19
ACKapur Sirih,12.14,2260.0,BASA,TIDAK LAYAK,Tercemar Basa (Kapur),40382.30,2.0334,23409.90,1.1788,1.1082,1991,1.6045,8.15,28.19
ACKapur Sirih,12.14,2260.0,BASA,TIDAK LAYAK,Tercemar Basa (Kapur),40673.50,2.0481,17357.50,0.8740,0.8217,1980,1.5956,8.72,28.19
ACKapur Sirih,12.14,2260.0,BASA,TIDAK LAYAK,Tercemar Basa (Kapur),40422.30,2.0355,22848.30,1.1505,1.0803,1982,1.5972,8.62,28.25
ACKapur Sirih,12.14,2260.0,BASA,TIDAK LAYAK,Tercemar Basa (Kapur),40679.90,2.0484,18064.80,0.9096,0.8551,1993,1.6061,8.05,28.19
ACKapur Sirih,12.14,2260.0,BASA,TIDAK LAYAK,Tercemar Basa (Kapur),40587.10,2.0438,20676.80,1.0412,0.9788,1998,1.6101,7.79,28.19
ACKapur Sirih,12.14,2260.0,BASA,TIDAK LAYAK,Tercemar Basa (Kapur),40676.70,2.0483,20783.70,1.0466,0.9838,1999,1.6109,7.74,28.19
ACKapur Sirih,12.14,2260.0,BASA,TIDAK LAYAK,Tercemar Basa (Kapur),40737.50,2.0513,18136.80,0.9133,0.8585,2000,1.6117,7.69,28.19
ACKapur Sirih,12.14,2260.0,BASA,TIDAK LAYAK,Tercemar Basa (Kapur),40566.30,2.0427,21723.10,1.0939,1.0283,2016,1.6246,6.87,28.19
ACKapur Sirih,12.14,2260.0,BASA,TIDAK LAYAK,Tercemar Basa (Kapur),40484.70,2.0386,19194.50,0.9665,0.9075,1986,1.6004,8.41,28.25
ACKapur Sirih,12.14,2260.0,BASA,TIDAK LAYAK,Tercemar Basa (Kapur),40732.70,2.0511,19906.70,1.0024,0.9423,1987,1.6012,8.36,28.19
ACKapur Sirih,12.14,2260.0,BASA,TIDAK LAYAK,Tercemar Basa (Kapur),40785.50,2.0537,21630.30,1.0892,1.0239,1984,1.5988,8.51,28.19
ACKapur Sirih,12.14,2260.0,BASA,TIDAK LAYAK,Tercemar Basa (Kapur),40676.70,2.0483,15896.20,0.8004,0.7525,1979,1.5948,8.77,28.19
ACKapur Sirih,12.14,2260.0,BASA,TIDAK LAYAK,Tercemar Basa (Kapur),40649.50,2.0469,22275.30,1.1217,1.0544,1976,1.5924,8.92,28.19
ACKapur Sirih,12.14,2260.0,BASA,TIDAK LAYAK,Tercemar Basa (Kapur),40724.70,2.0507,17605.40,0.8865,0.8334,1986,1.6004,8.41,28.19
ACKapur Sirih,12.14,2260.0,BASA,TIDAK LAYAK,Tercemar Basa (Kapur),40763.10,2.0526,19418.60,0.9778,0.9192,1973,1.5900,9.08,28.19
ACKapur Sirih,12.14,2260.0,BASA,TIDAK LAYAK,Tercemar Basa (Kapur),40545.50,2.0417,20553.40,1.0350,0.9729,1979,1.5948,8.77,28.19
ACKapur Sirih,12.14,2260.0,BASA,TIDAK LAYAK,Tercemar Basa (Kapur),40699.10,2.0494,17920.80,0.9024,0.8483,1980,1.5956,8.72,28.19
ACKapur Sirih,12.14,2260.0,BASA,TIDAK LAYAK,Tercemar Basa (Kapur),40633.50,2.0461,19253.80,0.9695,0.9114,1980,1.5956,8.72,28.19
ACKapur Sirih,12.14,2260.0,BASA,TIDAK LAYAK,Tercemar Basa (Kapur),40564.70,2.0426,17101.10,0.8611,0.8095,1980,1.5956,8.72,28.19
ACKapur Sirih,12.14,2260.0,BASA,TIDAK LAYAK,Tercemar Basa (Kapur),40563.10,2.0425,19588.40,0.9864,0.9273,1980,1.5956,8.72,28.19
ACKapur Sirih,12.14,2260.0,BASA,TIDAK LAYAK,Tercemar Basa (Kapur),40497.50,2.0392,20492.70,1.0319,0.9701,1980,1.5956,8.72,28.19
ACKapur Sirih,12.14,2260.0,BASA,TIDAK LAYAK,Tercemar Basa (Kapur),40523.10,2.0405,17120.70,0.8621,0.8104,1971,1.5884,9.18,28.19
ACKapur Sirih,12.14,2260.0,BASA,TIDAK LAYAK,Tercemar Basa (Kapur),40924.80,2.0608,22353.70,1.1256,1.0582,1983,1.5980,8.56,28.19
ACKapur Sirih,12.14,2260.0,BASA,TIDAK LAYAK,Tercemar Basa (Kapur),40646.30,2.0467,17218.00,0.8670,0.8150,1980,1.5956,8.72,28.19
ACKapur Sirih,12.14,2260.0,BASA,TIDAK LAYAK,Tercemar Basa (Kapur),40612.70,2.0450,19210.80,0.9674,0.9094,1975,1.5916,8.97,28.19
ACKapur Sirih,12.14,2260.0,BASA,TIDAK LAYAK,Tercemar Basa (Kapur),40713.50,2.0501,20625.30,1.0386,0.9763,1977,1.5932,8.87,28.19
ACKapur Sirih,12.14,2260.0,BASA,TIDAK LAYAK,Tercemar Basa (Kapur),40753.50,2.0521,20235.00,1.0189,0.9579,1979,1.5948,8.77,28.19
ACKapur Sirih,12.14,2260.0,BASA,TIDAK LAYAK,Tercemar Basa (Kapur),40436.70,2.0362,21319.90,1.0736,1.0092,1986,1.6004,8.41,28.19
ACKapur Sirih,12.14,2260.0,BASA,TIDAK LAYAK,Tercemar Basa (Kapur),40844.70,2.0567,17066.10,0.8594,0.8079,1992,1.6053,8.10,28.19
KeranGaram,5.8,26.1,ASAM,TIDAK LAYAK,TDS Ekstrem (Garam),48827.50,2.4587,23338.00,1.1752,1.1061,2081,1.6770,3.54,28.13
KeranGaram,5.8,26.1,ASAM,TIDAK LAYAK,TDS Ekstrem (Garam),48990.70,2.4669,22094.40,1.1126,1.0471,2078,1.6746,3.69,28.13
KeranGaram,5.8,26.1,ASAM,TIDAK LAYAK,TDS Ekstrem (Garam),49410.00,2.4880,17246.80,0.8685,0.8164,2085,1.6802,3.33,28.19
KeranGaram,5.8,26.1,ASAM,TIDAK LAYAK,TDS Ekstrem (Garam),48976.30,2.4662,24840.60,1.2508,1.1773,2086,1.6810,3.28,28.13
KeranGaram,5.8,26.1,ASAM,TIDAK LAYAK,TDS Ekstrem (Garam),49142.70,2.4746,20218.80,1.0181,0.9571,2087,1.6818,3.23,28.19
KeranGaram,5.8,26.1,ASAM,TIDAK LAYAK,TDS Ekstrem (Garam),49192.30,2.4771,21756.80,1.0956,1.0299,2088,1.6826,3.18,28.19
KeranGaram,5.8,26.1,ASAM,TIDAK LAYAK,TDS Ekstrem (Garam),49038.70,2.4693,22367.90,1.1263,1.0588,2080,1.6762,3.59,28.19
KeranGaram,5.8,26.1,ASAM,TIDAK LAYAK,TDS Ekstrem (Garam),49448.30,2.4900,18826.40,0.9480,0.8912,2086,1.6810,3.28,28.19
KeranGaram,5.8,26.1,ASAM,TIDAK LAYAK,TDS Ekstrem (Garam),49166.70,2.4758,21199.70,1.0675,1.0035,2093,1.6867,2.92,28.19
KeranGaram,5.8,26.1,ASAM,TIDAK LAYAK,TDS Ekstrem (Garam),49392.30,2.4871,23379.50,1.1773,1.1067,2085,1.6802,3.33,28.19
KeranGaram,5.8,26.1,ASAM,TIDAK LAYAK,TDS Ekstrem (Garam),49192.20,2.4771,18336.70,0.9233,0.8680,2085,1.6802,3.33,28.19
KeranGaram,5.8,26.1,ASAM,TIDAK LAYAK,TDS Ekstrem (Garam),49313.90,2.4832,21982.50,1.1069,1.0406,2081,1.6770,3.54,28.19
KeranGaram,5.8,26.1,ASAM,TIDAK LAYAK,TDS Ekstrem (Garam),49544.40,2.4948,23613.10,1.1890,1.1178,2085,1.6802,3.33,28.19
KeranGaram,5.8,26.1,ASAM,TIDAK LAYAK,TDS Ekstrem (Garam),49261.10,2.4805,18794.50,0.9464,0.8897,2080,1.6762,3.59,28.19
KeranGaram,5.8,26.1,ASAM,TIDAK LAYAK,TDS Ekstrem (Garam),49422.70,2.4887,24620.00,1.2397,1.1654,2083,1.6786,3.44,28.19
KeranGaram,5.8,26.1,ASAM,TIDAK LAYAK,TDS Ekstrem (Garam),49078.70,2.4713,17566.90,0.8846,0.8306,2086,1.6810,3.28,28.25
KeranGaram,5.8,26.1,ASAM,TIDAK LAYAK,TDS Ekstrem (Garam),49661.40,2.5007,19858.70,1.0000,0.9389,2082,1.6778,3.49,28.25
KeranGaram,5.8,26.1,ASAM,TIDAK LAYAK,TDS Ekstrem (Garam),49709.40,2.5031,24824.80,1.2500,1.1738,2072,1.6697,4.00,28.25
KeranGaram,5.8,26.1,ASAM,TIDAK LAYAK,TDS Ekstrem (Garam),49733.30,2.5043,19410.50,0.9774,0.9178,2083,1.6786,3.44,28.25
KeranGaram,5.8,26.1,ASAM,TIDAK LAYAK,TDS Ekstrem (Garam),49899.90,2.5127,15798.50,0.7955,0.7470,2088,1.6826,3.18,28.25
KeranGaram,5.8,26.1,ASAM,TIDAK LAYAK,TDS Ekstrem (Garam),49730.10,2.5041,25156.10,1.2667,1.1894,2093,1.6867,2.92,28.25
KeranGaram,5.8,26.1,ASAM,TIDAK LAYAK,TDS Ekstrem (Garam),50330.00,2.5344,19586.60,0.9863,0.9261,2078,1.6746,3.69,28.25
KeranGaram,5.8,26.1,ASAM,TIDAK LAYAK,TDS Ekstrem (Garam),49927.10,2.5141,21452.80,1.0803,1.0143,2090,1.6842,3.08,28.25
KeranGaram,5.8,26.1,ASAM,TIDAK LAYAK,TDS Ekstrem (Garam),50047.20,2.5201,21699.20,1.0927,1.0272,2084,1.6794,3.38,28.19
KeranGaram,5.8,26.1,ASAM,TIDAK LAYAK,TDS Ekstrem (Garam),50178.30,2.5267,18306.30,0.9218,0.8655,2084,1.6794,3.38,28.25
KeranGaram,5.8,26.1,ASAM,TIDAK LAYAK,TDS Ekstrem (Garam),50071.20,2.5213,20484.40,1.0315,0.9685,2082,1.6778,3.49,28.25
KeranGaram,5.8,26.1,ASAM,TIDAK LAYAK,TDS Ekstrem (Garam),50011.80,2.5183,22115.40,1.1136,1.0456,2080,1.6762,3.59,28.25
KeranGaram,5.8,26.1,ASAM,TIDAK LAYAK,TDS Ekstrem (Garam),50317.60,2.5337,18256.70,0.9193,0.8632,2087,1.6818,3.23,28.25
KeranGaram,5.8,26.1,ASAM,TIDAK LAYAK,TDS Ekstrem (Garam),50117.30,2.5236,20217.20,1.0180,0.9570,2087,1.6818,3.23,28.19
KeranGaram,5.8,26.1,ASAM,TIDAK LAYAK,TDS Ekstrem (Garam),50144.60,2.5250,21654.50,1.0904,1.0239,2077,1.6738,3.74,28.25
KeranGaram,5.8,26.1,ASAM,TIDAK LAYAK,TDS Ekstrem (Garam),50133.60,2.5245,18287.10,0.9208,0.8646,2083,1.6786,3.44,28.25
KeranGaram,5.8,26.1,ASAM,TIDAK LAYAK,TDS Ekstrem (Garam),50404.00,2.5381,16102.70,0.8108,0.7614,2085,1.6802,3.33,28.25
KeranGaram,5.8,26.1,ASAM,TIDAK LAYAK,TDS Ekstrem (Garam),50086.90,2.5221,24829.60,1.2503,1.1740,2060,1.6601,4.62,28.25
KeranGaram,5.8,26.1,ASAM,TIDAK LAYAK,TDS Ekstrem (Garam),50332.00,2.5345,17621.40,0.8873,0.8332,2077,1.6738,3.74,28.25
KeranGaram,5.8,26.1,ASAM,TIDAK LAYAK,TDS Ekstrem (Garam),50527.20,2.5443,18159.10,0.9144,0.8586,2089,1.6834,3.13,28.25
KeranGaram,5.8,26.1,ASAM,TIDAK LAYAK,TDS Ekstrem (Garam),49870.80,2.5112,24355.80,1.2264,1.1516,2078,1.6746,3.69,28.25
KeranGaram,5.8,26.1,ASAM,TIDAK LAYAK,TDS Ekstrem (Garam),50503.20,2.5431,16587.50,0.8353,0.7843,2083,1.6786,3.44,28.25
KeranGaram,5.8,26.1,ASAM,TIDAK LAYAK,TDS Ekstrem (Garam),50527.20,2.5443,20129.20,1.0136,0.9517,2085,1.6802,3.33,28.25
KeranGaram,5.8,26.1,ASAM,TIDAK LAYAK,TDS Ekstrem (Garam),50412.00,2.5385,23688.50,1.1928,1.1200,2087,1.6818,3.23,28.25
KeranGaram,5.8,26.1,ASAM,TIDAK LAYAK,TDS Ekstrem (Garam),50508.00,2.5433,18122.30,0.9125,0.8568,2086,1.6810,3.28,28.25
KeranGaram,5.8,26.1,ASAM,TIDAK LAYAK,TDS Ekstrem (Garam),50463.20,2.5411,20367.60,1.0256,0.9641,2079,1.6754,3.64,28.19
KeranGaram,5.8,26.1,ASAM,TIDAK LAYAK,TDS Ekstrem (Garam),50754.40,2.5557,22304.30,1.1231,1.0558,2087,1.6818,3.23,28.19
KeranGaram,5.8,26.1,ASAM,TIDAK LAYAK,TDS Ekstrem (Garam),50738.40,2.5549,18504.90,0.9318,0.8749,2087,1.6818,3.23,28.25
KeranGaram,5.8,26.1,ASAM,TIDAK LAYAK,TDS Ekstrem (Garam),50698.40,2.5529,20530.80,1.0338,0.9707,2104,1.6955,2.36,28.25
KeranGaram,5.8,26.1,ASAM,TIDAK LAYAK,TDS Ekstrem (Garam),50764.00,2.5562,22480.10,1.1320,1.0629,2087,1.6818,3.23,28.25
KeranGaram,5.8,26.1,ASAM,TIDAK LAYAK,TDS Ekstrem (Garam),50768.80,2.5565,17490.10,0.8807,0.8270,2093,1.6867,2.92,28.25
KeranGaram,5.8,26.1,ASAM,TIDAK LAYAK,TDS Ekstrem (Garam),50757.60,2.5559,22060.90,1.1109,1.0431,2083,1.6786,3.44,28.25
KeranGaram,5.8,26.1,ASAM,TIDAK LAYAK,TDS Ekstrem (Garam),50784.80,2.5573,22091.20,1.1124,1.0445,2094,1.6875,2.87,28.25
KeranGaram,5.8,26.1,ASAM,TIDAK LAYAK,TDS Ekstrem (Garam),50884.00,2.5623,19353.10,0.9745,0.9150,2083,1.6786,3.44,28.25
KeranGaram,5.8,26.1,ASAM,TIDAK LAYAK,TDS Ekstrem (Garam),50789.60,2.5575,23802.10,1.1985,1.1254,2091,1.6851,3.03,28.25
KeranGaram,5.8,26.1,ASAM,TIDAK LAYAK,TDS Ekstrem (Garam),50973.60,2.5668,16749.10,0.8434,0.7919,2095,1.6883,2.82,28.25
KeranGaram,5.8,26.1,ASAM,TIDAK LAYAK,TDS Ekstrem (Garam),51200.80,2.5782,19114.60,0.9625,0.9038,2091,1.6851,3.03,28.25
KeranGaram,5.8,26.1,ASAM,TIDAK LAYAK,TDS Ekstrem (Garam),51028.00,2.5695,22536.10,1.1348,1.0655,2088,1.6826,3.18,28.25
KeranGaram,5.8,26.1,ASAM,TIDAK LAYAK,TDS Ekstrem (Garam),50975.10,2.5668,17482.10,0.8803,0.8276,2090,1.6842,3.08,28.19
KeranGaram,5.8,26.1,ASAM,TIDAK LAYAK,TDS Ekstrem (Garam),51071.20,2.5717,19559.40,0.9849,0.9248,2092,1.6859,2.97,28.25
KeranGaram,5.8,26.1,ASAM,TIDAK LAYAK,TDS Ekstrem (Garam),51004.00,2.5683,21937.80,1.1047,1.0373,2092,1.6859,2.97,28.25
KeranGaram,5.8,26.1,ASAM,TIDAK LAYAK,TDS Ekstrem (Garam),51092.00,2.5727,17190.90,0.8656,0.8128,2090,1.6842,3.08,28.25
KeranGaram,5.8,26.1,ASAM,TIDAK LAYAK,TDS Ekstrem (Garam),51218.40,2.5791,19652.30,0.9896,0.9292,2094,1.6875,2.87,28.25
KeranGaram,5.8,26.1,ASAM,TIDAK LAYAK,TDS Ekstrem (Garam),51279.20,2.5822,22246.50,1.1202,1.0518,2087,1.6818,3.23,28.25
KeranGaram,5.8,26.1,ASAM,TIDAK LAYAK,TDS Ekstrem (Garam),51682.60,2.6025,18002.10,0.9065,0.8512,2093,1.6867,2.92,28.25
KeranGaram,5.8,26.1,ASAM,TIDAK LAYAK,TDS Ekstrem (Garam),51176.80,2.5770,19418.60,0.9778,0.9181,2085,1.6802,3.33,28.25
KeranGaram,5.8,26.1,ASAM,TIDAK LAYAK,TDS Ekstrem (Garam),51250.40,2.5807,21019.30,1.0584,0.9938,2083,1.6786,3.44,28.25
KeranGaram,5.8,26.1,ASAM,TIDAK LAYAK,TDS Ekstrem (Garam),51682.40,2.6025,18107.90,0.9118,0.8572,2092,1.6859,2.97,28.19
KeranGaram,5.8,26.1,ASAM,TIDAK LAYAK,TDS Ekstrem (Garam),51372.00,2.5868,20250.70,1.0197,0.9575,2097,1.6899,2.72,28.25
KeranGaram,5.8,26.1,ASAM,TIDAK LAYAK,TDS Ekstrem (Garam),51456.80,2.5911,19973.80,1.0058,0.9444,2095,1.6883,2.82,28.25
KeranGaram,5.8,26.1,ASAM,TIDAK LAYAK,TDS Ekstrem (Garam),51340.00,2.5852,17605.30,0.8865,0.8324,2091,1.6851,3.03,28.25
KeranGaram,5.8,26.1,ASAM,TIDAK LAYAK,TDS Ekstrem (Garam),51600.90,2.5984,19577.10,0.9858,0.9256,2089,1.6834,3.13,28.25
KeranGaram,5.8,26.1,ASAM,TIDAK LAYAK,TDS Ekstrem (Garam),51692.10,2.6029,22481.70,1.1321,1.0630,2089,1.6834,3.13,28.25
KeranGaram,5.8,26.1,ASAM,TIDAK LAYAK,TDS Ekstrem (Garam),51674.40,2.6021,16734.80,0.8427,0.7912,2084,1.6794,3.38,28.25
KeranGaram,5.8,26.1,ASAM,TIDAK LAYAK,TDS Ekstrem (Garam),51701.60,2.6034,18568.80,0.9350,0.8780,2088,1.6826,3.18,28.25
KeranGaram,5.8,26.1,ASAM,TIDAK LAYAK,TDS Ekstrem (Garam),51503.20,2.5934,22236.90,1.1197,1.0514,2089,1.6834,3.13,28.25
KeranGaram,5.8,26.1,ASAM,TIDAK LAYAK,TDS Ekstrem (Garam),51840.80,2.6104,17839.00,0.8983,0.8435,2093,1.6867,2.92,28.25
KeranGaram,5.8,26.1,ASAM,TIDAK LAYAK,TDS Ekstrem (Garam),51578.40,2.5972,16918.80,0.8519,0.7999,2094,1.6875,2.87,28.25
KeranGaram,5.8,26.1,ASAM,TIDAK LAYAK,TDS Ekstrem (Garam),51048.70,2.5705,24253.30,1.2213,1.1467,2087,1.6818,3.23,28.25
KeranGaram,5.8,26.1,ASAM,TIDAK LAYAK,TDS Ekstrem (Garam),51701.60,2.6034,18216.60,0.9173,0.8613,2091,1.6851,3.03,28.25
KeranGaram,5.8,26.1,ASAM,TIDAK LAYAK,TDS Ekstrem (Garam),51520.80,2.5943,20466.80,1.0306,0.9677,2090,1.6842,3.08,28.25
KeranGaram,5.8,26.1,ASAM,TIDAK LAYAK,TDS Ekstrem (Garam),51744.80,2.6056,21771.20,1.0963,1.0294,2092,1.6859,2.97,28.25
KeranGaram,5.8,26.1,ASAM,TIDAK LAYAK,TDS Ekstrem (Garam),51650.40,2.6008,17670.70,0.8898,0.8355,2094,1.6875,2.87,28.25
KeranGaram,5.8,26.1,ASAM,TIDAK LAYAK,TDS Ekstrem (Garam),51700.00,2.6033,19876.30,1.0009,0.9398,2093,1.6867,2.92,28.25
KeranGaram,5.8,26.1,ASAM,TIDAK LAYAK,TDS Ekstrem (Garam),51802.40,2.6085,22672.10,1.1416,1.0720,2096,1.6891,2.77,28.25
KeranGaram,5.8,26.1,ASAM,TIDAK LAYAK,TDS Ekstrem (Garam),51906.40,2.6137,17957.40,0.9042,0.8491,2094,1.6875,2.87,28.25
KeranGaram,5.8,26.1,ASAM,TIDAK LAYAK,TDS Ekstrem (Garam),51720.80,2.6044,20071.60,1.0107,0.9490,2095,1.6883,2.82,28.25
KeranGaram,5.8,26.1,ASAM,TIDAK LAYAK,TDS Ekstrem (Garam),51783.20,2.6075,17157.20,0.8639,0.8112,2096,1.6891,2.77,28.25
KeranGaram,5.8,26.1,ASAM,TIDAK LAYAK,TDS Ekstrem (Garam),51997.60,2.6183,15022.10,0.7564,0.7103,2091,1.6851,3.03,28.25
KeranGaram,5.8,26.1,ASAM,TIDAK LAYAK,TDS Ekstrem (Garam),51800.80,2.6084,22397.00,1.1278,1.0590,2082,1.6778,3.49,28.25
KeranGaram,5.8,26.1,ASAM,TIDAK LAYAK,TDS Ekstrem (Garam),51906.40,2.6137,21977.70,1.1067,1.0391,2093,1.6867,2.92,28.25
KeranGaram,5.8,26.1,ASAM,TIDAK LAYAK,TDS Ekstrem (Garam),51964.00,2.6166,17053.30,0.8587,0.8063,2096,1.6891,2.77,28.25
KeranGaram,5.8,26.1,ASAM,TIDAK LAYAK,TDS Ekstrem (Garam),51805.60,2.6087,21777.80,1.0966,1.0285,2092,1.6859,2.97,28.31
KeranGaram,5.8,26.1,ASAM,TIDAK LAYAK,TDS Ekstrem (Garam),51986.40,2.6178,21329.40,1.0740,1.0085,2106,1.6971,2.26,28.25
KeranGaram,5.8,26.1,ASAM,TIDAK LAYAK,TDS Ekstrem (Garam),52053.60,2.6211,15476.80,0.7793,0.7318,2091,1.6851,3.03,28.25
KeranGaram,5.8,26.1,ASAM,TIDAK LAYAK,TDS Ekstrem (Garam),51609.00,2.5988,24120.60,1.2146,1.1405,2093,1.6867,2.92,28.25
KeranGaram,5.8,26.1,ASAM,TIDAK LAYAK,TDS Ekstrem (Garam),52090.40,2.6230,18139.70,0.9134,0.8577,2093,1.6867,2.92,28.25
KeranGaram,5.8,26.1,ASAM,TIDAK LAYAK,TDS Ekstrem (Garam),52221.60,2.6296,20321.30,1.0233,0.9608,2099,1.6915,2.62,28.25
KeranGaram,5.8,26.1,ASAM,TIDAK LAYAK,TDS Ekstrem (Garam),52176.80,2.6274,20708.60,1.0428,0.9791,2097,1.6899,2.72,28.25
KeranGaram,5.8,26.1,ASAM,TIDAK LAYAK,TDS Ekstrem (Garam),52226.40,2.6298,17832.40,0.8979,0.8431,2092,1.6859,2.97,28.25
KeranGaram,5.8,26.1,ASAM,TIDAK LAYAK,TDS Ekstrem (Garam),52082.40,2.6226,20452.60,1.0299,0.9670,2096,1.6891,2.77,28.25
KeranGaram,5.8,26.1,ASAM,TIDAK LAYAK,TDS Ekstrem (Garam),51647.20,2.6007,20417.20,1.0281,0.9654,2091,1.6851,3.03,28.25
KeranGaram,5.8,26.1,ASAM,TIDAK LAYAK,TDS Ekstrem (Garam),52148.00,2.6259,17466.10,0.8795,0.8258,2088,1.6826,3.18,28.25
KeranGaram,5.8,26.1,ASAM,TIDAK LAYAK,TDS Ekstrem (Garam),52320.80,2.6346,20077.90,1.0110,0.9493,2088,1.6826,3.18,28.25
KeranGaram,5.8,26.1,ASAM,TIDAK LAYAK,TDS Ekstrem (Garam),52151.20,2.6261,22126.50,1.1142,1.0462,2085,1.6802,3.33,28.25
KeranGaram,5.8,26.1,ASAM,TIDAK LAYAK,TDS Ekstrem (Garam),52300.00,2.6336,17773.30,0.8950,0.8403,2089,1.6834,3.13,28.25
KeranGaram,5.8,26.1,ASAM,TIDAK LAYAK,TDS Ekstrem (Garam),52354.50,2.6363,20786.90,1.0467,0.9828,2091,1.6851,3.03,28.25
KeranGaram,5.8,26.1,ASAM,TIDAK LAYAK,TDS Ekstrem (Garam),51763.90,2.6066,22795.50,1.1479,1.0778,2088,1.6826,3.18,28.25
KeranGaram,5.8,26.1,ASAM,TIDAK LAYAK,TDS Ekstrem (Garam),52564.40,2.6469,15302.30,0.7705,0.7235,2094,1.6875,2.87,28.25
KeranGaram,5.8,26.1,ASAM,TIDAK LAYAK,TDS Ekstrem (Garam),52293.80,2.6332,22219.50,1.1189,1.0506,2085,1.6802,3.33,28.25
KeranGaram,5.8,26.1,ASAM,TIDAK LAYAK,TDS Ekstrem (Garam),52231.30,2.6301,17496.50,0.8810,0.8273,2084,1.6794,3.38,28.25
KeranGaram,5.8,26.1,ASAM,TIDAK LAYAK,TDS Ekstrem (Garam),52543.20,2.6458,22048.00,1.1102,1.0425,2090,1.6842,3.08,28.25
KeranGaram,5.8,26.1,ASAM,TIDAK LAYAK,TDS Ekstrem (Garam),52519.20,2.6446,20526.10,1.0336,0.9705,2094,1.6875,2.87,28.25
KeranGaram,5.8,26.1,ASAM,TIDAK LAYAK,TDS Ekstrem (Garam),52424.80,2.6398,21340.60,1.0746,1.0090,2095,1.6883,2.82,28.25
KeranGaram,5.8,26.1,ASAM,TIDAK LAYAK,TDS Ekstrem (Garam),52301.80,2.6336,21955.30,1.1056,1.0381,2089,1.6834,3.13,28.25
KeranGaram,5.8,26.1,ASAM,TIDAK LAYAK,TDS Ekstrem (Garam),52557.70,2.6465,17432.50,0.8778,0.8242,2096,1.6891,2.77,28.25
KeranGaram,5.8,26.1,ASAM,TIDAK LAYAK,TDS Ekstrem (Garam),51887.50,2.6128,22398.70,1.1279,1.0590,2097,1.6899,2.72,28.25
KeranGaram,5.8,26.1,ASAM,TIDAK LAYAK,TDS Ekstrem (Garam),52567.30,2.6470,19855.50,0.9998,0.9388,2098,1.6907,2.67,28.25
KeranGaram,5.8,26.1,ASAM,TIDAK LAYAK,TDS Ekstrem (Garam),52536.80,2.6455,17997.50,0.9063,0.8509,2097,1.6899,2.72,28.25
KeranGaram,5.8,26.1,ASAM,TIDAK LAYAK,TDS Ekstrem (Garam),52634.60,2.6504,23257.90,1.1711,1.0997,2092,1.6859,2.97,28.25
KeranGaram,5.8,26.1,ASAM,TIDAK LAYAK,TDS Ekstrem (Garam),52212.40,2.6291,17664.50,0.8895,0.8352,2096,1.6891,2.77,28.25
KeranGaram,5.8,26.1,ASAM,TIDAK LAYAK,TDS Ekstrem (Garam),52615.30,2.6494,20759.80,1.0454,0.9816,2086,1.6810,3.28,28.25
KeranGaram,5.8,26.1,ASAM,TIDAK LAYAK,TDS Ekstrem (Garam),53190.20,2.6784,18680.70,0.9407,0.8833,2099,1.6915,2.62,28.25
KeranGaram,5.8,26.1,ASAM,TIDAK LAYAK,TDS Ekstrem (Garam),52717.80,2.6546,19216.90,0.9677,0.9086,2094,1.6875,2.87,28.25
KeranGaram,5.8,26.1,ASAM,TIDAK LAYAK,TDS Ekstrem (Garam),52500.10,2.6436,23112.30,1.1638,1.0928,2090,1.6842,3.08,28.25
KeranGaram,5.8,26.1,ASAM,TIDAK LAYAK,TDS Ekstrem (Garam),52815.20,2.6595,16694.60,0.8407,0.7893,2089,1.6834,3.13,28.25
KeranGaram,5.8,26.1,ASAM,TIDAK LAYAK,TDS Ekstrem (Garam),52645.90,2.6510,19847.50,0.9994,0.9384,2090,1.6842,3.08,28.25
KeranGaram,5.8,26.1,ASAM,TIDAK LAYAK,TDS Ekstrem (Garam),53095.30,2.6736,20468.40,1.0307,0.9678,2088,1.6826,3.18,28.25
KeranGaram,5.8,26.1,ASAM,TIDAK LAYAK,TDS Ekstrem (Garam),52914.70,2.6645,17485.40,0.8805,0.8267,2092,1.6859,2.97,28.25
KeranGaram,5.8,26.1,ASAM,TIDAK LAYAK,TDS Ekstrem (Garam),52673.00,2.6523,21844.90,1.1000,1.0329,2093,1.6867,2.92,28.25
KeranGaram,5.8,26.1,ASAM,TIDAK LAYAK,TDS Ekstrem (Garam),52712.90,2.6543,17413.40,0.8768,0.8233,2101,1.6931,2.51,28.25
KeranGaram,5.8,26.1,ASAM,TIDAK LAYAK,TDS Ekstrem (Garam),53124.50,2.6751,19834.80,0.9988,0.9378,2095,1.6883,2.82,28.25
KeranGaram,5.8,26.1,ASAM,TIDAK LAYAK,TDS Ekstrem (Garam),52801.30,2.6588,22931.40,1.1547,1.0842,2100,1.6923,2.56,28.25
KeranGaram,5.8,26.1,ASAM,TIDAK LAYAK,TDS Ekstrem (Garam),52997.80,2.6687,16401.60,0.8259,0.7755,2093,1.6867,2.92,28.25
KeranGaram,5.8,26.1,ASAM,TIDAK LAYAK,TDS Ekstrem (Garam),52924.20,2.6650,23211.60,1.1688,1.0975,2098,1.6907,2.67,28.25
KeranGaram,5.8,26.1,ASAM,TIDAK LAYAK,TDS Ekstrem (Garam),53218.90,2.6798,20151.70,1.0147,0.9528,2088,1.6826,3.18,28.25
KeranGaram,5.8,26.1,ASAM,TIDAK LAYAK,TDS Ekstrem (Garam),52954.60,2.6665,17557.30,0.8841,0.8301,2093,1.6867,2.92,28.25
KeranGaram,5.8,26.1,ASAM,TIDAK LAYAK,TDS Ekstrem (Garam),52949.90,2.6663,22669.00,1.1415,1.0718,2091,1.6851,3.03,28.25
KeranGaram,5.8,26.1,ASAM,TIDAK LAYAK,TDS Ekstrem (Garam),53050.80,2.6714,16742.70,0.8431,0.7916,2098,1.6907,2.67,28.25
KeranGaram,5.8,26.1,ASAM,TIDAK LAYAK,TDS Ekstrem (Garam),52889.30,2.6632,23827.70,1.1998,1.1266,2098,1.6907,2.67,28.25
KeranGaram,5.8,26.1,ASAM,TIDAK LAYAK,TDS Ekstrem (Garam),52716.50,2.6545,16915.70,0.8518,0.7998,2093,1.6867,2.92,28.25
KeranGaram,5.8,26.1,ASAM,TIDAK LAYAK,TDS Ekstrem (Garam),52438.00,2.6405,20141.90,1.0142,0.9523,2104,1.6955,2.36,28.25
KeranGaram,5.8,26.1,ASAM,TIDAK LAYAK,TDS Ekstrem (Garam),53178.90,2.6778,22204.90,1.1181,1.0499,2095,1.6883,2.82,28.25
KeranGaram,5.8,26.1,ASAM,TIDAK LAYAK,TDS Ekstrem (Garam),53154.80,2.6766,18266.30,0.9198,0.8637,2107,1.6979,2.21,28.25
KeranGaram,5.8,26.1,ASAM,TIDAK LAYAK,TDS Ekstrem (Garam),53023.60,2.6700,20025.00,1.0084,0.9468,2112,1.7020,1.95,28.25
KeranGaram,5.8,26.1,ASAM,TIDAK LAYAK,TDS Ekstrem (Garam),53126.00,2.6751,21399.90,1.0776,1.0118,2095,1.6883,2.82,28.25
KeranGaram,5.8,26.1,ASAM,TIDAK LAYAK,TDS Ekstrem (Garam),53095.70,2.6736,16000.20,0.8057,0.7565,2091,1.6851,3.03,28.25
KeranGaram,5.8,26.1,ASAM,TIDAK LAYAK,TDS Ekstrem (Garam),53130.90,2.6754,21057.20,1.0603,0.9956,2095,1.6883,2.82,28.25
KeranGaram,5.8,26.1,ASAM,TIDAK LAYAK,TDS Ekstrem (Garam),53286.10,2.6832,18840.90,0.9487,0.8908,2093,1.6867,2.92,28.25
KeranGaram,5.8,26.1,ASAM,TIDAK LAYAK,TDS Ekstrem (Garam),53049.10,2.6713,22257.70,1.1208,1.0524,2090,1.6842,3.08,28.25
KeranGaram,5.8,26.1,ASAM,TIDAK LAYAK,TDS Ekstrem (Garam),53314.90,2.6847,19149.80,0.9643,0.9054,2097,1.6899,2.72,28.25
KeranGaram,5.8,26.1,ASAM,TIDAK LAYAK,TDS Ekstrem (Garam),52697.20,2.6536,18141.50,0.9135,0.8578,2098,1.6907,2.67,28.25
KeranGaram,5.8,26.1,ASAM,TIDAK LAYAK,TDS Ekstrem (Garam),53038.00,2.6707,21750.40,1.0952,1.0284,2097,1.6899,2.72,28.25
KeranGaram,5.8,26.1,ASAM,TIDAK LAYAK,TDS Ekstrem (Garam),53212.50,2.6795,18183.00,0.9156,0.8597,2099,1.6915,2.62,28.25
KeranGaram,5.8,26.1,ASAM,TIDAK LAYAK,TDS Ekstrem (Garam),52519.60,2.6446,20273.10,1.0208,0.9585,2097,1.6899,2.72,28.25
KeranGaram,5.8,26.1,ASAM,TIDAK LAYAK,TDS Ekstrem (Garam),53382.10,2.6880,20447.60,1.0296,0.9657,2091,1.6851,3.03,28.31
KeranGaram,5.8,26.1,ASAM,TIDAK LAYAK,TDS Ekstrem (Garam),53222.10,2.6800,20724.50,1.0436,0.9799,2089,1.6834,3.13,28.25
KeranGaram,5.8,26.1,ASAM,TIDAK LAYAK,TDS Ekstrem (Garam),53276.50,2.6827,22286.70,1.1222,1.0537,2094,1.6875,2.87,28.25
KeranGaram,5.8,26.1,ASAM,TIDAK LAYAK,TDS Ekstrem (Garam),52596.40,2.6485,16285.10,0.8200,0.7700,2099,1.6915,2.62,28.25
KeranGaram,5.8,26.1,ASAM,TIDAK LAYAK,TDS Ekstrem (Garam),53081.30,2.6729,23586.10,1.1877,1.1152,2090,1.6842,3.08,28.25
KeranGaram,5.8,26.1,ASAM,TIDAK LAYAK,TDS Ekstrem (Garam),53244.50,2.6811,16856.30,0.8488,0.7970,2096,1.6891,2.77,28.25
KeranGaram,5.8,26.1,ASAM,TIDAK LAYAK,TDS Ekstrem (Garam),53423.90,2.6901,20791.80,1.0470,0.9831,2100,1.6923,2.56,28.25
KeranGaram,5.8,26.1,ASAM,TIDAK LAYAK,TDS Ekstrem (Garam),53775.80,2.7079,20886.30,1.0517,0.9875,2102,1.6939,2.46,28.25
KeranGaram,5.8,26.1,ASAM,TIDAK LAYAK,TDS Ekstrem (Garam),53222.10,2.6800,16163.40,0.8139,0.7642,2106,1.6971,2.26,28.25
KeranGaram,5.8,26.1,ASAM,TIDAK LAYAK,TDS Ekstrem (Garam),53324.60,2.6851,23526.90,1.1847,1.1124,2105,1.6963,2.31,28.25
KeranGaram,5.8,26.1,ASAM,TIDAK LAYAK,TDS Ekstrem (Garam),53527.70,2.6954,17422.90,0.8773,0.8238,2100,1.6923,2.56,28.25
KeranGaram,5.8,26.1,ASAM,TIDAK LAYAK,TDS Ekstrem (Garam),53326.30,2.6852,20494.10,1.0320,0.9690,2101,1.6931,2.51,28.25
KeranGaram,5.8,26.1,ASAM,TIDAK LAYAK,TDS Ekstrem (Garam),53417.30,2.6898,19613.90,0.9877,0.9274,2088,1.6826,3.18,28.25
KeranGaram,5.8,26.1,ASAM,TIDAK LAYAK,TDS Ekstrem (Garam),53379.10,2.6879,18992.80,0.9564,0.8980,2075,1.6722,3.85,28.25
KeranGaram,5.8,26.1,ASAM,TIDAK LAYAK,TDS Ekstrem (Garam),53257.30,2.6818,22222.50,1.1190,1.0495,2088,1.6826,3.18,28.31
KeranGaram,5.8,26.1,ASAM,TIDAK LAYAK,TDS Ekstrem (Garam),53664.00,2.7022,18003.70,0.9066,0.8502,2101,1.6931,2.51,28.31
KeranGaram,5.8,26.1,ASAM,TIDAK LAYAK,TDS Ekstrem (Garam),53740.60,2.7061,20321.40,1.0233,0.9608,2082,1.6778,3.49,28.25
KeranGaram,5.8,26.1,ASAM,TIDAK LAYAK,TDS Ekstrem (Garam),53401.30,2.6890,21719.90,1.0937,1.0269,2092,1.6859,2.97,28.25
KeranGaram,5.8,26.1,ASAM,TIDAK LAYAK,TDS Ekstrem (Garam),53126.10,2.6752,21116.60,1.0633,0.9984,2086,1.6810,3.28,28.25
KeranGaram,5.8,26.1,ASAM,TIDAK LAYAK,TDS Ekstrem (Garam),53391.70,2.6885,21040.00,1.0595,0.9948,2091,1.6851,3.03,28.25
KeranGaram,5.8,26.1,ASAM,TIDAK LAYAK,TDS Ekstrem (Garam),53422.20,2.6901,15500.80,0.7805,0.7329,2099,1.6915,2.62,28.25
KeranGaram,5.8,26.1,ASAM,TIDAK LAYAK,TDS Ekstrem (Garam),53475.10,2.6927,24022.80,1.2097,1.1345,2101,1.6931,2.51,28.31
KeranGaram,5.8,26.1,ASAM,TIDAK LAYAK,TDS Ekstrem (Garam),53273.50,2.6826,19039.30,0.9587,0.9002,2103,1.6947,2.41,28.25
KeranGaram,5.8,26.1,ASAM,TIDAK LAYAK,TDS Ekstrem (Garam),54047.80,2.7216,19610.70,0.9875,0.9272,2100,1.6923,2.56,28.25
KeranGaram,5.8,26.1,ASAM,TIDAK LAYAK,TDS Ekstrem (Garam),53161.40,2.6769,21951.90,1.1054,1.0379,2094,1.6875,2.87,28.25
KeranGaram,5.8,26.1,ASAM,TIDAK LAYAK,TDS Ekstrem (Garam),53515.10,2.6947,18299.90,0.9215,0.8652,2102,1.6939,2.46,28.25
KeranGaram,5.8,26.1,ASAM,TIDAK LAYAK,TDS Ekstrem (Garam),53321.40,2.6850,21708.80,1.0931,1.0264,2114,1.7036,1.85,28.25
KeranGaram,5.8,26.1,ASAM,TIDAK LAYAK,TDS Ekstrem (Garam),53428.50,2.6904,16512.20,0.8315,0.7807,2108,1.6988,2.15,28.25
KeranGaram,5.8,26.1,ASAM,TIDAK LAYAK,TDS Ekstrem (Garam),53439.70,2.6909,20324.40,1.0234,0.9610,2104,1.6955,2.36,28.25
KeranGaram,5.8,26.1,ASAM,TIDAK LAYAK,TDS Ekstrem (Garam),53337.30,2.6858,21686.40,1.0920,1.0254,2104,1.6955,2.36,28.25
KeranGaram,5.8,26.1,ASAM,TIDAK LAYAK,TDS Ekstrem (Garam),53306.90,2.6843,16472.30,0.8295,0.7788,2103,1.6947,2.41,28.25
KeranGaram,5.8,26.1,ASAM,TIDAK LAYAK,TDS Ekstrem (Garam),53548.50,2.6964,23666.00,1.1917,1.1190,2096,1.6891,2.77,28.25
KeranGaram,5.8,26.1,ASAM,TIDAK LAYAK,TDS Ekstrem (Garam),53500.60,2.6940,16795.50,0.8457,0.7941,2096,1.6891,2.77,28.25
KeranGaram,5.8,26.1,ASAM,TIDAK LAYAK,TDS Ekstrem (Garam),53316.50,2.6847,20321.30,1.0233,0.9608,2108,1.6988,2.15,28.25
KeranGaram,5.8,26.1,ASAM,TIDAK LAYAK,TDS Ekstrem (Garam),53411.00,2.6895,21272.00,1.0711,1.0058,2092,1.6859,2.97,28.25
KeranGaram,5.8,26.1,ASAM,TIDAK LAYAK,TDS Ekstrem (Garam),53554.90,2.6967,18189.50,0.9159,0.8600,2095,1.6883,2.82,28.25
KeranGaram,5.8,26.1,ASAM,TIDAK LAYAK,TDS Ekstrem (Garam),53295.70,2.6837,22203.50,1.1181,1.0486,2091,1.6851,3.03,28.31
KeranGaram,5.8,26.1,ASAM,TIDAK LAYAK,TDS Ekstrem (Garam),53422.10,2.6901,18341.40,0.9236,0.8672,2091,1.6851,3.03,28.25
KeranGaram,5.8,26.1,ASAM,TIDAK LAYAK,TDS Ekstrem (Garam),53895.80,2.7139,20028.20,1.0085,0.9470,2091,1.6851,3.03,28.25
KeranGaram,5.8,26.1,ASAM,TIDAK LAYAK,TDS Ekstrem (Garam),53385.30,2.6882,21367.80,1.0760,1.0103,2100,1.6923,2.56,28.25
KeranGaram,5.8,26.1,ASAM,TIDAK LAYAK,TDS Ekstrem (Garam),53468.70,2.6924,17672.60,0.8899,0.8346,2104,1.6955,2.36,28.31
KeranGaram,5.8,26.1,ASAM,TIDAK LAYAK,TDS Ekstrem (Garam),52878.00,2.6627,23831.00,1.2000,1.1268,2099,1.6915,2.62,28.25
KeranGaram,5.8,26.1,ASAM,TIDAK LAYAK,TDS Ekstrem (Garam),53614.40,2.6997,18179.90,0.9154,0.8596,2097,1.6899,2.72,28.25
KeranGaram,5.8,26.1,ASAM,TIDAK LAYAK,TDS Ekstrem (Garam),53518.40,2.6949,20181.90,1.0163,0.9542,2097,1.6899,2.72,28.25
KeranGaram,5.8,26.1,ASAM,TIDAK LAYAK,TDS Ekstrem (Garam),54068.60,2.7226,17430.90,0.8777,0.8232,2101,1.6931,2.51,28.31
KeranGaram,5.8,26.1,ASAM,TIDAK LAYAK,TDS Ekstrem (Garam),53849.40,2.7116,18415.20,0.9273,0.8707,2117,1.7060,1.69,28.25
KeranGaram,5.8,26.1,ASAM,TIDAK LAYAK,TDS Ekstrem (Garam),53395.10,2.6887,24714.40,1.2445,1.1672,2102,1.6939,2.46,28.31
KeranGaram,5.8,26.1,ASAM,TIDAK LAYAK,TDS Ekstrem (Garam),53697.60,2.7039,17402.10,0.8763,0.8228,2097,1.6899,2.72,28.25
KeranGaram,5.8,26.1,ASAM,TIDAK LAYAK,TDS Ekstrem (Garam),53659.10,2.7020,19854.00,0.9997,0.9387,2102,1.6939,2.46,28.25
KeranGaram,5.8,26.1,ASAM,TIDAK LAYAK,TDS Ekstrem (Garam),53575.80,2.6978,21513.70,1.0833,1.0160,2097,1.6899,2.72,28.31
GalonGaram,8.8,15.2,BASA,TIDAK LAYAK,TDS Ekstrem (Garam),51231.10,2.5797,20380.60,1.0263,0.9648,2093,1.6867,2.92,28.19
GalonGaram,8.8,15.2,BASA,TIDAK LAYAK,TDS Ekstrem (Garam),51722.50,2.6045,20150.10,1.0147,0.9538,2109,1.6996,2.10,28.19
GalonGaram,8.8,15.2,BASA,TIDAK LAYAK,TDS Ekstrem (Garam),51149.60,2.5756,24106.20,1.2139,1.1411,2097,1.6899,2.72,28.19
GalonGaram,8.8,15.2,BASA,TIDAK LAYAK,TDS Ekstrem (Garam),51344.80,2.5855,19725.90,0.9933,0.9338,2105,1.6963,2.31,28.19
GalonGaram,8.8,15.2,BASA,TIDAK LAYAK,TDS Ekstrem (Garam),50980.00,2.5671,24276.00,1.2224,1.1492,2120,1.7084,1.54,28.19
GalonGaram,8.8,15.2,BASA,TIDAK LAYAK,TDS Ekstrem (Garam),51874.60,2.6121,24340.00,1.2256,1.1522,2106,1.6971,2.26,28.19
GalonGaram,8.8,15.2,BASA,TIDAK LAYAK,TDS Ekstrem (Garam),51351.20,2.5858,17589.50,0.8857,0.8326,2107,1.6979,2.21,28.19
GalonGaram,8.8,15.2,BASA,TIDAK LAYAK,TDS Ekstrem (Garam),51220.00,2.5792,27385.40,1.3790,1.2948,2097,1.6899,2.72,28.25
GalonGaram,8.8,15.2,BASA,TIDAK LAYAK,TDS Ekstrem (Garam),51240.80,2.5802,18844.10,0.9489,0.8910,2101,1.6931,2.51,28.25
GalonGaram,8.8,15.2,BASA,TIDAK LAYAK,TDS Ekstrem (Garam),51208.80,2.5786,23903.10,1.2036,1.1302,2105,1.6963,2.31,28.25
GalonGaram,8.8,15.2,BASA,TIDAK LAYAK,TDS Ekstrem (Garam),51167.20,2.5765,25176.80,1.2678,1.1918,2101,1.6931,2.51,28.19
GalonGaram,8.8,15.2,BASA,TIDAK LAYAK,TDS Ekstrem (Garam),51175.20,2.5769,17136.80,0.8629,0.8103,2100,1.6923,2.56,28.25
GalonGaram,8.8,15.2,BASA,TIDAK LAYAK,TDS Ekstrem (Garam),51253.60,2.5809,28451.30,1.4327,1.3452,2100,1.6923,2.56,28.25
GalonGaram,8.8,15.2,BASA,TIDAK LAYAK,TDS Ekstrem (Garam),50594.20,2.5477,22421.20,1.1290,1.0601,2091,1.6851,3.03,28.25
GalonGaram,8.8,15.2,BASA,TIDAK LAYAK,TDS Ekstrem (Garam),51245.60,2.5805,20801.60,1.0475,0.9835,2107,1.6979,2.21,28.25
GalonGaram,8.8,15.2,BASA,TIDAK LAYAK,TDS Ekstrem (Garam),51506.50,2.5936,27068.70,1.3630,1.2798,2108,1.6988,2.15,28.25
GalonGaram,8.8,15.2,BASA,TIDAK LAYAK,TDS Ekstrem (Garam),51079.10,2.5721,18151.30,0.9140,0.8582,2103,1.6947,2.41,28.25
GalonGaram,8.8,15.2,BASA,TIDAK LAYAK,TDS Ekstrem (Garam),51205.60,2.5784,23851.90,1.2011,1.1278,2106,1.6971,2.26,28.25
GalonGaram,8.8,15.2,BASA,TIDAK LAYAK,TDS Ekstrem (Garam),51309.60,2.5837,27241.50,1.3717,1.2880,2101,1.6931,2.51,28.25
GalonGaram,8.8,15.2,BASA,TIDAK LAYAK,TDS Ekstrem (Garam),51402.40,2.5884,19575.70,0.9857,0.9245,2097,1.6899,2.72,28.31
GalonGaram,8.8,15.2,BASA,TIDAK LAYAK,TDS Ekstrem (Garam),51277.60,2.5821,27022.00,1.3607,1.2776,2094,1.6875,2.87,28.25
GalonGaram,8.8,15.2,BASA,TIDAK LAYAK,TDS Ekstrem (Garam),51762.60,2.6065,20419.10,1.0282,0.9643,2101,1.6931,2.51,28.31
GalonGaram,8.8,15.2,BASA,TIDAK LAYAK,TDS Ekstrem (Garam),51165.60,2.5764,21360.10,1.0756,1.0099,2102,1.6939,2.46,28.25
GalonGaram,8.8,15.2,BASA,TIDAK LAYAK,TDS Ekstrem (Garam),51028.00,2.5695,25119.30,1.2649,1.1863,2106,1.6971,2.26,28.31
GalonGaram,8.8,15.2,BASA,TIDAK LAYAK,TDS Ekstrem (Garam),51215.20,2.5789,19209.10,0.9673,0.9082,2107,1.6979,2.21,28.25
GalonGaram,8.8,15.2,BASA,TIDAK LAYAK,TDS Ekstrem (Garam),51125.60,2.5744,23054.80,1.1609,1.0901,2105,1.6963,2.31,28.25
GalonGaram,8.8,15.2,BASA,TIDAK LAYAK,TDS Ekstrem (Garam),50266.10,2.5311,25140.10,1.2659,1.1887,2097,1.6899,2.72,28.25
GalonGaram,8.8,15.2,BASA,TIDAK LAYAK,TDS Ekstrem (Garam),50965.60,2.5664,18935.40,0.9535,0.8953,2108,1.6988,2.15,28.25
GalonGaram,8.8,15.2,BASA,TIDAK LAYAK,TDS Ekstrem (Garam),51002.40,2.5682,27228.60,1.3711,1.2874,2096,1.6891,2.77,28.25
GalonGaram,8.8,15.2,BASA,TIDAK LAYAK,TDS Ekstrem (Garam),50752.70,2.5556,19391.60,0.9765,0.9169,2104,1.6955,2.36,28.25
GalonGaram,8.8,15.2,BASA,TIDAK LAYAK,TDS Ekstrem (Garam),51100.00,2.5731,23375.00,1.1770,1.1052,2103,1.6947,2.41,28.25
GalonGaram,8.8,15.2,BASA,TIDAK LAYAK,TDS Ekstrem (Garam),51330.50,2.5847,24429.60,1.2301,1.1551,2104,1.6955,2.36,28.25
GalonGaram,8.8,15.2,BASA,TIDAK LAYAK,TDS Ekstrem (Garam),51061.60,2.5712,19828.50,0.9985,0.9364,2103,1.6947,2.41,28.31
GalonGaram,8.8,15.2,BASA,TIDAK LAYAK,TDS Ekstrem (Garam),51148.10,2.5756,23318.90,1.1742,1.1013,2106,1.6971,2.26,28.31
GalonGaram,8.8,15.2,BASA,TIDAK LAYAK,TDS Ekstrem (Garam),50861.60,2.5611,25210.60,1.2695,1.1920,2098,1.6907,2.67,28.25
GalonGaram,8.8,15.2,BASA,TIDAK LAYAK,TDS Ekstrem (Garam),50826.40,2.5594,17413.60,0.8769,0.8224,2105,1.6963,2.31,28.31
GalonGaram,8.8,15.2,BASA,TIDAK LAYAK,TDS Ekstrem (Garam),50864.80,2.5613,28038.50,1.4119,1.3241,2102,1.6939,2.46,28.31
GalonGaram,8.8,15.2,BASA,TIDAK LAYAK,TDS Ekstrem (Garam),50701.60,2.5531,17773.80,0.8950,0.8394,2112,1.7020,1.95,28.31
GalonGaram,8.8,15.2,BASA,TIDAK LAYAK,TDS Ekstrem (Garam),50645.60,2.5502,26855.80,1.3523,1.2698,2102,1.6939,2.46,28.25
GalonGaram,8.8,15.2,BASA,TIDAK LAYAK,TDS Ekstrem (Garam),51031.20,2.5697,21837.00,1.0996,1.0313,2101,1.6931,2.51,28.31
GalonGaram,8.8,15.2,BASA,TIDAK LAYAK,TDS Ekstrem (Garam),50677.60,2.5519,21220.90,1.0686,1.0034,2085,1.6802,3.33,28.25
GalonGaram,8.8,15.2,BASA,TIDAK LAYAK,TDS Ekstrem (Garam),50592.80,2.5476,27307.10,1.3750,1.2896,2106,1.6971,2.26,28.31
GalonGaram,8.8,15.2,BASA,TIDAK LAYAK,TDS Ekstrem (Garam),51108.00,2.5735,19575.80,0.9857,0.9245,2107,1.6979,2.21,28.31
GalonGaram,8.8,15.2,BASA,TIDAK LAYAK,TDS Ekstrem (Garam),50285.40,2.5321,23813.60,1.1991,1.1246,2105,1.6963,2.31,28.31
GalonGaram,8.8,15.2,BASA,TIDAK LAYAK,TDS Ekstrem (Garam),50860.00,2.5610,25780.40,1.2982,1.2175,2106,1.6971,2.26,28.31
GalonGaram,8.8,15.2,BASA,TIDAK LAYAK,TDS Ekstrem (Garam),50922.40,2.5642,21244.90,1.0698,1.0033,2105,1.6963,2.31,28.31
GalonGaram,8.8,15.2,BASA,TIDAK LAYAK,TDS Ekstrem (Garam),50444.00,2.5401,28459.40,1.4331,1.3440,2105,1.6963,2.31,28.31
GalonGaram,8.8,15.2,BASA,TIDAK LAYAK,TDS Ekstrem (Garam),50791.20,2.5576,19510.00,0.9824,0.9214,2101,1.6931,2.51,28.31
GalonGaram,8.8,15.2,BASA,TIDAK LAYAK,TDS Ekstrem (Garam),50800.80,2.5581,23283.60,1.1724,1.0996,2104,1.6955,2.36,28.31
GalonGaram,8.8,15.2,BASA,TIDAK LAYAK,TDS Ekstrem (Garam),51252.10,2.5808,28028.80,1.4114,1.3237,2098,1.6907,2.67,28.31
GalonGaram,8.8,15.2,BASA,TIDAK LAYAK,TDS Ekstrem (Garam),51032.90,2.5697,19726.00,0.9933,0.9316,2103,1.6947,2.41,28.31
GalonGaram,8.8,15.2,BASA,TIDAK LAYAK,TDS Ekstrem (Garam),50199.00,2.5278,23690.10,1.1929,1.1188,2101,1.6931,2.51,28.31
GalonGaram,8.8,15.2,BASA,TIDAK LAYAK,TDS Ekstrem (Garam),51060.00,2.5711,24944.70,1.2561,1.1780,2100,1.6923,2.56,28.31
GalonGaram,8.8,15.2,BASA,TIDAK LAYAK,TDS Ekstrem (Garam),50463.00,2.5411,19159.30,0.9648,0.9048,2097,1.6899,2.72,28.31
GalonGaram,8.8,15.2,BASA,TIDAK LAYAK,TDS Ekstrem (Garam),50564.00,2.5461,26538.90,1.3364,1.2533,2098,1.6907,2.67,28.31
GalonGaram,8.8,15.2,BASA,TIDAK LAYAK,TDS Ekstrem (Garam),50421.50,2.5390,19567.70,0.9853,0.9252,2097,1.6899,2.72,28.25
GalonGaram,8.8,15.2,BASA,TIDAK LAYAK,TDS Ekstrem (Garam),51093.70,2.5728,24196.00,1.2184,1.1427,2101,1.6931,2.51,28.31
GalonGaram,8.8,15.2,BASA,TIDAK LAYAK,TDS Ekstrem (Garam),50544.80,2.5452,25329.00,1.2754,1.1962,2097,1.6899,2.72,28.31
GalonGaram,8.8,15.2,BASA,TIDAK LAYAK,TDS Ekstrem (Garam),50184.60,2.5270,20977.50,1.0563,0.9907,2100,1.6923,2.56,28.31
GalonGaram,8.8,15.2,BASA,TIDAK LAYAK,TDS Ekstrem (Garam),50538.40,2.5448,22842.00,1.1502,1.0787,2101,1.6931,2.51,28.31
GalonGaram,8.8,15.2,BASA,TIDAK LAYAK,TDS Ekstrem (Garam),50504.80,2.5432,24301.60,1.2237,1.1477,2102,1.6939,2.46,28.31
GalonGaram,8.8,15.2,BASA,TIDAK LAYAK,TDS Ekstrem (Garam),50655.20,2.5507,18456.90,0.9294,0.8716,2101,1.6931,2.51,28.31
GalonGaram,8.8,15.2,BASA,TIDAK LAYAK,TDS Ekstrem (Garam),50367.10,2.5362,25677.80,1.2930,1.2141,2112,1.7020,1.95,28.25
GalonGaram,8.8,15.2,BASA,TIDAK LAYAK,TDS Ekstrem (Garam),51128.70,2.5746,19276.40,0.9707,0.9114,2108,1.6988,2.15,28.25
GalonGaram,8.8,15.2,BASA,TIDAK LAYAK,TDS Ekstrem (Garam),50572.00,2.5465,23632.60,1.1900,1.1174,2105,1.6963,2.31,28.25
GalonGaram,8.8,15.2,BASA,TIDAK LAYAK,TDS Ekstrem (Garam),50704.80,2.5532,24698.50,1.2437,1.1664,2101,1.6931,2.51,28.31
GalonGaram,8.8,15.2,BASA,TIDAK LAYAK,TDS Ekstrem (Garam),50389.60,2.5374,18237.70,0.9184,0.8613,2102,1.6939,2.46,28.31
GalonGaram,8.8,15.2,BASA,TIDAK LAYAK,TDS Ekstrem (Garam),50432.80,2.5395,27123.00,1.3658,1.2809,2102,1.6939,2.46,28.31
GalonGaram,8.8,15.2,BASA,TIDAK LAYAK,TDS Ekstrem (Garam),50634.40,2.5497,21976.20,1.1066,1.0378,2100,1.6923,2.56,28.31
GalonGaram,8.8,15.2,BASA,TIDAK LAYAK,TDS Ekstrem (Garam),50450.40,2.5404,17458.30,0.8791,0.8245,2102,1.6939,2.46,28.31
GalonGaram,8.8,15.2,BASA,TIDAK LAYAK,TDS Ekstrem (Garam),50082.10,2.5219,28070.50,1.4135,1.3257,2101,1.6931,2.51,28.31
GalonGaram,8.8,15.2,BASA,TIDAK LAYAK,TDS Ekstrem (Garam),50984.90,2.5673,18884.20,0.9509,0.8918,2104,1.6955,2.36,28.31
GalonGaram,8.8,15.2,BASA,TIDAK LAYAK,TDS Ekstrem (Garam),50351.20,2.5354,26409.30,1.3298,1.2472,2094,1.6875,2.87,28.31
GalonGaram,8.8,15.2,BASA,TIDAK LAYAK,TDS Ekstrem (Garam),50421.60,2.5390,21348.90,1.0750,1.0094,2101,1.6931,2.51,28.25
GalonGaram,8.8,15.2,BASA,TIDAK LAYAK,TDS Ekstrem (Garam),50493.60,2.5426,20892.80,1.0521,0.9867,2100,1.6923,2.56,28.31
GalonGaram,8.8,15.2,BASA,TIDAK LAYAK,TDS Ekstrem (Garam),50576.80,2.5468,27545.50,1.3870,1.3009,2098,1.6907,2.67,28.31
GalonGaram,8.8,15.2,BASA,TIDAK LAYAK,TDS Ekstrem (Garam),50613.60,2.5486,18544.80,0.9338,0.8758,2096,1.6891,2.77,28.31
GalonGaram,8.8,15.2,BASA,TIDAK LAYAK,TDS Ekstrem (Garam),50642.40,2.5501,21868.90,1.1012,1.0328,2096,1.6891,2.77,28.31
GalonGaram,8.8,15.2,BASA,TIDAK LAYAK,TDS Ekstrem (Garam),50516.00,2.5437,25823.60,1.3003,1.2195,2110,1.7004,2.05,28.31
GalonGaram,8.8,15.2,BASA,TIDAK LAYAK,TDS Ekstrem (Garam),50453.60,2.5406,20002.90,1.0072,0.9447,2099,1.6915,2.62,28.31
GalonGaram,8.8,15.2,BASA,TIDAK LAYAK,TDS Ekstrem (Garam),50380.00,2.5369,26914.90,1.3553,1.2711,2099,1.6915,2.62,28.31
GalonGaram,8.8,15.2,BASA,TIDAK LAYAK,TDS Ekstrem (Garam),50568.80,2.5464,21089.70,1.0620,0.9960,2112,1.7020,1.95,28.31
GalonGaram,8.8,15.2,BASA,TIDAK LAYAK,TDS Ekstrem (Garam),50549.60,2.5454,21276.60,1.0714,1.0048,2102,1.6939,2.46,28.31
GalonGaram,8.8,15.2,BASA,TIDAK LAYAK,TDS Ekstrem (Garam),50447.20,2.5403,27055.80,1.3624,1.2777,2101,1.6931,2.51,28.31
GalonGaram,8.8,15.2,BASA,TIDAK LAYAK,TDS Ekstrem (Garam),50373.50,2.5365,19236.40,0.9686,0.9085,2103,1.6947,2.41,28.31
GalonGaram,8.8,15.2,BASA,TIDAK LAYAK,TDS Ekstrem (Garam),50832.70,2.5597,24016.60,1.2094,1.1342,2108,1.6988,2.15,28.31
GalonGaram,8.8,15.2,BASA,TIDAK LAYAK,TDS Ekstrem (Garam),50293.50,2.5325,25164.10,1.2671,1.1884,2101,1.6931,2.51,28.31
GalonGaram,8.8,15.2,BASA,TIDAK LAYAK,TDS Ekstrem (Garam),50239.20,2.5298,19183.50,0.9660,0.9060,2107,1.6979,2.21,28.31
GalonGaram,8.8,15.2,BASA,TIDAK LAYAK,TDS Ekstrem (Garam),50247.20,2.5302,30115.70,1.5165,1.4222,2104,1.6955,2.36,28.31
GalonGaram,8.8,15.2,BASA,TIDAK LAYAK,TDS Ekstrem (Garam),49664.60,2.5008,22213.00,1.1185,1.0490,2107,1.6979,2.21,28.31
GalonGaram,8.8,15.2,BASA,TIDAK LAYAK,TDS Ekstrem (Garam),50349.60,2.5353,20271.80,1.0208,0.9574,2107,1.6979,2.21,28.31
GalonGaram,8.8,15.2,BASA,TIDAK LAYAK,TDS Ekstrem (Garam),50167.20,2.5262,28112.10,1.4156,1.3276,2107,1.6979,2.21,28.31
GalonGaram,8.8,15.2,BASA,TIDAK LAYAK,TDS Ekstrem (Garam),50432.80,2.5395,19551.60,0.9845,0.9233,2107,1.6979,2.21,28.31
GalonGaram,8.8,15.2,BASA,TIDAK LAYAK,TDS Ekstrem (Garam),49900.00,2.5127,22744.40,1.1453,1.0741,2108,1.6988,2.15,28.31
GalonGaram,8.8,15.2,BASA,TIDAK LAYAK,TDS Ekstrem (Garam),50463.20,2.5411,27097.50,1.3645,1.2797,2107,1.6979,2.21,28.31
GalonGaram,8.8,15.2,BASA,TIDAK LAYAK,TDS Ekstrem (Garam),49967.10,2.5161,18679.40,0.9406,0.8822,2094,1.6875,2.87,28.31
GalonGaram,8.8,15.2,BASA,TIDAK LAYAK,TDS Ekstrem (Garam),51061.60,2.5712,22141.10,1.1149,1.0456,2105,1.6963,2.31,28.31
GalonGaram,8.8,15.2,BASA,TIDAK LAYAK,TDS Ekstrem (Garam),50244.00,2.5300,25460.30,1.2820,1.2024,2118,1.7068,1.64,28.31
GalonGaram,8.8,15.2,BASA,TIDAK LAYAK,TDS Ekstrem (Garam),50330.40,2.5344,16765.50,0.8442,0.7927,2106,1.6971,2.26,28.25
GalonGaram,8.8,15.2,BASA,TIDAK LAYAK,TDS Ekstrem (Garam),50384.80,2.5371,27539.20,1.3867,1.3006,2104,1.6955,2.36,28.31
GalonGaram,8.8,15.2,BASA,TIDAK LAYAK,TDS Ekstrem (Garam),50416.80,2.5387,19767.70,0.9954,0.9336,2105,1.6963,2.31,28.31
GalonGaram,8.8,15.2,BASA,TIDAK LAYAK,TDS Ekstrem (Garam),50280.80,2.5319,21867.50,1.1011,1.0327,2105,1.6963,2.31,28.31
GalonGaram,8.8,15.2,BASA,TIDAK LAYAK,TDS Ekstrem (Garam),50301.60,2.5329,26078.00,1.3132,1.2316,2090,1.6842,3.08,28.31
GalonGaram,8.8,15.2,BASA,TIDAK LAYAK,TDS Ekstrem (Garam),50741.70,2.5551,19590.00,0.9865,0.9252,2091,1.6851,3.03,28.31
GalonGaram,8.8,15.2,BASA,TIDAK LAYAK,TDS Ekstrem (Garam),50062.90,2.5209,23346.30,1.1756,1.1026,2094,1.6875,2.87,28.31
GalonGaram,8.8,15.2,BASA,TIDAK LAYAK,TDS Ekstrem (Garam),50635.90,2.5498,24853.80,1.2515,1.1737,2097,1.6899,2.72,28.31
GalonGaram,8.8,15.2,BASA,TIDAK LAYAK,TDS Ekstrem (Garam),50469.60,2.5414,21420.80,1.0786,1.0116,2101,1.6931,2.51,28.31
GalonGaram,8.8,15.2,BASA,TIDAK LAYAK,TDS Ekstrem (Garam),50088.80,2.5222,27122.90,1.3658,1.2809,2102,1.6939,2.46,28.31
GalonGaram,8.8,15.2,BASA,TIDAK LAYAK,TDS Ekstrem (Garam),49659.60,2.5006,16290.00,0.8203,0.7693,2101,1.6931,2.51,28.31
GalonGaram,8.8,15.2,BASA,TIDAK LAYAK,TDS Ekstrem (Garam),50052.00,2.5204,18556.10,0.9344,0.8763,2107,1.6979,2.21,28.31
GalonGaram,8.8,15.2,BASA,TIDAK LAYAK,TDS Ekstrem (Garam),50220.00,2.5288,27929.60,1.4064,1.3190,2107,1.6979,2.21,28.31
GalonGaram,8.8,15.2,BASA,TIDAK LAYAK,TDS Ekstrem (Garam),50730.30,2.5545,19836.40,0.9989,0.9368,2106,1.6971,2.26,28.31
GalonGaram,8.8,15.2,BASA,TIDAK LAYAK,TDS Ekstrem (Garam),49805.40,2.5079,20363.00,1.0254,0.9628,2106,1.6971,2.26,28.25
GalonGaram,8.8,15.2,BASA,TIDAK LAYAK,TDS Ekstrem (Garam),50293.60,2.5325,27529.40,1.3862,1.3001,2106,1.6971,2.26,28.31
GalonGaram,8.8,15.2,BASA,TIDAK LAYAK,TDS Ekstrem (Garam),49979.80,2.5167,19698.90,0.9919,0.9303,2104,1.6955,2.36,28.31
GalonGaram,8.8,15.2,BASA,TIDAK LAYAK,TDS Ekstrem (Garam),50204.00,2.5280,23581.30,1.1874,1.1137,2115,1.7044,1.79,28.31
GalonGaram,8.8,15.2,BASA,TIDAK LAYAK,TDS Ekstrem (Garam),49887.20,2.5121,24725.70,1.2451,1.1691,2106,1.6971,2.26,28.25
GalonGaram,8.8,15.2,BASA,TIDAK LAYAK,TDS Ekstrem (Garam),50127.20,2.5241,18607.50,0.9370,0.8788,2117,1.7060,1.69,28.31
GalonGaram,8.8,15.2,BASA,TIDAK LAYAK,TDS Ekstrem (Garam),50181.60,2.5269,22753.80,1.1458,1.0746,2103,1.6947,2.41,28.31
GalonGaram,8.8,15.2,BASA,TIDAK LAYAK,TDS Ekstrem (Garam),49421.10,2.4886,27646.50,1.3921,1.3056,2105,1.6963,2.31,28.31
GalonGaram,8.8,15.2,BASA,TIDAK LAYAK,TDS Ekstrem (Garam),49606.90,2.4979,22059.40,1.1108,1.0418,2104,1.6955,2.36,28.31
GalonGaram,8.8,15.2,BASA,TIDAK LAYAK,TDS Ekstrem (Garam),50088.80,2.5222,17754.30,0.8940,0.8385,2109,1.6996,2.10,28.31
GalonGaram,8.8,15.2,BASA,TIDAK LAYAK,TDS Ekstrem (Garam),50071.20,2.5213,25594.60,1.2888,1.2087,2105,1.6963,2.31,28.31
GalonGaram,8.8,15.2,BASA,TIDAK LAYAK,TDS Ekstrem (Garam),50211.90,2.5284,19005.90,0.9570,0.8976,2100,1.6923,2.56,28.31
GalonGaram,8.8,15.2,BASA,TIDAK LAYAK,TDS Ekstrem (Garam),49970.40,2.5162,20313.40,1.0229,0.9593,2102,1.6939,2.46,28.31
GalonGaram,8.8,15.2,BASA,TIDAK LAYAK,TDS Ekstrem (Garam),49837.60,2.5096,27988.90,1.4094,1.3218,2098,1.6907,2.67,28.31
GalonGaram,8.8,15.2,BASA,TIDAK LAYAK,TDS Ekstrem (Garam),50146.40,2.5251,19931.00,1.0036,0.9413,2100,1.6923,2.56,28.31
GalonGaram,8.8,15.2,BASA,TIDAK LAYAK,TDS Ekstrem (Garam),49933.50,2.5144,17882.30,0.9005,0.8445,2105,1.6963,2.31,28.31
GalonGaram,8.8,15.2,BASA,TIDAK LAYAK,TDS Ekstrem (Garam),50082.40,2.5219,27939.30,1.4069,1.3195,2105,1.6963,2.31,28.31
GalonGaram,8.8,15.2,BASA,TIDAK LAYAK,TDS Ekstrem (Garam),49928.50,2.5141,22288.30,1.1223,1.0526,2103,1.6947,2.41,28.31
GalonGaram,8.8,15.2,BASA,TIDAK LAYAK,TDS Ekstrem (Garam),50727.10,2.5544,14873.80,0.7490,0.7024,2103,1.6947,2.41,28.31
GalonGaram,8.8,15.2,BASA,TIDAK LAYAK,TDS Ekstrem (Garam),49768.70,2.5061,27302.40,1.3748,1.2894,2100,1.6923,2.56,28.31
GalonGaram,8.8,15.2,BASA,TIDAK LAYAK,TDS Ekstrem (Garam),50720.90,2.5540,20212.60,1.0178,0.9546,2101,1.6931,2.51,28.31
GalonGaram,8.8,15.2,BASA,TIDAK LAYAK,TDS Ekstrem (Garam),50170.40,2.5263,16131.40,0.8123,0.7618,2108,1.6988,2.15,28.31
GalonGaram,8.8,15.2,BASA,TIDAK LAYAK,TDS Ekstrem (Garam),50108.00,2.5232,24282.30,1.2227,1.1468,2101,1.6931,2.51,28.31
GalonGaram,8.8,15.2,BASA,TIDAK LAYAK,TDS Ekstrem (Garam),50724.10,2.5542,24644.00,1.2409,1.1638,2101,1.6931,2.51,28.31
GalonGaram,8.8,15.2,BASA,TIDAK LAYAK,TDS Ekstrem (Garam),50005.40,2.5180,18988.20,0.9561,0.8967,2100,1.6923,2.56,28.31
GalonGaram,8.8,15.2,BASA,TIDAK LAYAK,TDS Ekstrem (Garam),49972.00,2.5163,23392.50,1.1779,1.1047,2091,1.6851,3.03,28.31
GalonGaram,8.8,15.2,BASA,TIDAK LAYAK,TDS Ekstrem (Garam),50087.20,2.5221,24977.00,1.2577,1.1796,2099,1.6915,2.62,28.31
GalonGaram,8.8,15.2,BASA,TIDAK LAYAK,TDS Ekstrem (Garam),49118.70,2.4734,19196.40,0.9666,0.9066,2113,1.7028,1.90,28.31
GalonGaram,8.8,15.2,BASA,TIDAK LAYAK,TDS Ekstrem (Garam),49978.40,2.5167,25914.80,1.3049,1.2239,2099,1.6915,2.62,28.31
GalonGaram,8.8,15.2,BASA,TIDAK LAYAK,TDS Ekstrem (Garam),50120.80,2.5238,25377.10,1.2779,1.1985,2094,1.6875,2.87,28.31
GalonGaram,8.8,15.2,BASA,TIDAK LAYAK,TDS Ekstrem (Garam),49677.30,2.5015,17098.20,0.8610,0.8075,2113,1.7028,1.90,28.31
GalonGaram,8.8,15.2,BASA,TIDAK LAYAK,TDS Ekstrem (Garam),49171.80,2.4760,22672.30,1.1417,1.0707,2100,1.6923,2.56,28.31
GalonGaram,8.8,15.2,BASA,TIDAK LAYAK,TDS Ekstrem (Garam),49389.40,2.4870,24512.90,1.2343,1.1576,2095,1.6883,2.82,28.31
GalonGaram,8.8,15.2,BASA,TIDAK LAYAK,TDS Ekstrem (Garam),49531.50,2.4941,18594.50,0.9363,0.8781,2098,1.6907,2.67,28.31
GalonGaram,8.8,15.2,BASA,TIDAK LAYAK,TDS Ekstrem (Garam),49940.00,2.5147,23509.30,1.1838,1.1103,2099,1.6915,2.62,28.31
GalonGaram,8.8,15.2,BASA,TIDAK LAYAK,TDS Ekstrem (Garam),50168.60,2.5262,26156.50,1.3171,1.2353,2114,1.7036,1.85,28.31
GalonGaram,8.8,15.2,BASA,TIDAK LAYAK,TDS Ekstrem (Garam),49997.60,2.5176,18653.80,0.9393,0.8809,2091,1.6851,3.03,28.31
GalonGaram,8.8,15.2,BASA,TIDAK LAYAK,TDS Ekstrem (Garam),49256.30,2.4803,22702.60,1.1432,1.0722,2102,1.6939,2.46,28.31
GalonGaram,8.8,15.2,BASA,TIDAK LAYAK,TDS Ekstrem (Garam),50083.80,2.5220,25359.30,1.2770,1.1976,2101,1.6931,2.51,28.31
GalonGaram,8.8,15.2,BASA,TIDAK LAYAK,TDS Ekstrem (Garam),49853.50,2.5104,17698.30,0.8912,0.8368,2102,1.6939,2.46,28.25
GalonGaram,8.8,15.2,BASA,TIDAK LAYAK,TDS Ekstrem (Garam),49741.40,2.5047,23832.80,1.2001,1.1255,2092,1.6859,2.97,28.31
GalonGaram,8.8,15.2,BASA,TIDAK LAYAK,TDS Ekstrem (Garam),50253.50,2.5305,24762.30,1.2469,1.1694,2103,1.6947,2.41,28.31
GalonGaram,8.8,15.2,BASA,TIDAK LAYAK,TDS Ekstrem (Garam),49823.00,2.5088,18932.20,0.9533,0.8941,2115,1.7044,1.79,28.31
GalonGaram,8.8,15.2,BASA,TIDAK LAYAK,TDS Ekstrem (Garam),49514.00,2.4933,22497.90,1.1329,1.0625,2102,1.6939,2.46,28.31
GalonGaram,8.8,15.2,BASA,TIDAK LAYAK,TDS Ekstrem (Garam),49946.40,2.5150,25140.10,1.2659,1.1873,2102,1.6939,2.46,28.31
GalonGaram,8.8,15.2,BASA,TIDAK LAYAK,TDS Ekstrem (Garam),50519.10,2.5439,20026.90,1.0085,0.9458,2104,1.6955,2.36,28.31
GalonGaram,8.8,15.2,BASA,TIDAK LAYAK,TDS Ekstrem (Garam),49802.40,2.5078,26881.20,1.3536,1.2695,2101,1.6931,2.51,28.31
GalonGaram,8.8,15.2,BASA,TIDAK LAYAK,TDS Ekstrem (Garam),49890.20,2.5122,17717.60,0.8922,0.8367,2117,1.7060,1.69,28.31
GalonGaram,8.8,15.2,BASA,TIDAK LAYAK,TDS Ekstrem (Garam),50082.30,2.5219,22461.10,1.1310,1.0607,2102,1.6939,2.46,28.31
GalonGaram,8.8,15.2,BASA,TIDAK LAYAK,TDS Ekstrem (Garam),49767.20,2.5060,24259.90,1.2216,1.1457,2101,1.6931,2.51,28.31
GalonGaram,8.8,15.2,BASA,TIDAK LAYAK,TDS Ekstrem (Garam),49851.90,2.5103,18053.50,0.9091,0.8526,2102,1.6939,2.46,28.31
GalonGaram,8.8,15.2,BASA,TIDAK LAYAK,TDS Ekstrem (Garam),49987.90,2.5171,22457.70,1.1309,1.0606,2101,1.6931,2.51,28.31
GalonGaram,8.8,15.2,BASA,TIDAK LAYAK,TDS Ekstrem (Garam),49723.80,2.5038,25978.60,1.3081,1.2269,2102,1.6939,2.46,28.31
GalonGaram,8.8,15.2,BASA,TIDAK LAYAK,TDS Ekstrem (Garam),49562.30,2.4957,19180.40,0.9658,0.9058,2100,1.6923,2.56,28.31
GalonGaram,8.8,15.2,BASA,TIDAK LAYAK,TDS Ekstrem (Garam),49808.80,2.5081,23776.50,1.1973,1.1242,2101,1.6931,2.51,28.25
GalonGaram,8.8,15.2,BASA,TIDAK LAYAK,TDS Ekstrem (Garam),49624.50,2.4988,22405.20,1.1282,1.0581,2101,1.6931,2.51,28.31
GalonGaram,8.8,15.2,BASA,TIDAK LAYAK,TDS Ekstrem (Garam),50437.30,2.5398,16454.90,0.8286,0.7771,2100,1.6923,2.56,28.31
GalonGaram,8.8,15.2,BASA,TIDAK LAYAK,TDS Ekstrem (Garam),49810.10,2.5082,25663.40,1.2923,1.2120,2105,1.6963,2.31,28.31
GalonGaram,8.8,15.2,BASA,TIDAK LAYAK,TDS Ekstrem (Garam),50015.20,2.5185,20766.20,1.0457,0.9807,2089,1.6834,3.13,28.31
GalonGaram,8.8,15.2,BASA,TIDAK LAYAK,TDS Ekstrem (Garam),49547.70,2.4950,19662.00,0.9901,0.9286,2103,1.6947,2.41,28.31
GalonGaram,8.8,15.2,BASA,TIDAK LAYAK,TDS Ekstrem (Garam),49917.60,2.5136,26865.30,1.3528,1.2687,2102,1.6939,2.46,28.31
GalonGaram,8.8,15.2,BASA,TIDAK LAYAK,TDS Ekstrem (Garam),49861.60,2.5108,18274.50,0.9202,0.8630,2096,1.6891,2.77,28.31
GalonGaram,8.8,15.2,BASA,TIDAK LAYAK,TDS Ekstrem (Garam),49379.60,2.4865,26655.70,1.3422,1.2588,2103,1.6947,2.41,28.31
GalonGaram,8.8,15.2,BASA,TIDAK LAYAK,TDS Ekstrem (Garam),49991.20,2.5173,20076.60,1.0110,0.9481,2100,1.6923,2.56,28.31
GalonGaram,8.8,15.2,BASA,TIDAK LAYAK,TDS Ekstrem (Garam),50026.40,2.5191,20036.40,1.0089,0.9462,2101,1.6931,2.51,28.31
GalonGaram,8.8,15.2,BASA,TIDAK LAYAK,TDS Ekstrem (Garam),49877.50,2.5116,26916.50,1.3554,1.2712,2099,1.6915,2.62,28.31
GalonGaram,8.8,15.2,BASA,TIDAK LAYAK,TDS Ekstrem (Garam),49429.30,2.4890,17874.40,0.9001,0.8441,2101,1.6931,2.51,28.31
GalonGaram,8.8,15.2,BASA,TIDAK LAYAK,TDS Ekstrem (Garam),50127.20,2.5241,22470.50,1.1315,1.0612,2099,1.6915,2.62,28.31
GalonGaram,8.8,15.2,BASA,TIDAK LAYAK,TDS Ekstrem (Garam),49731.90,2.5042,24655.20,1.2415,1.1644,2098,1.6907,2.67,28.31
GalonGaram,8.8,15.2,BASA,TIDAK LAYAK,TDS Ekstrem (Garam),49872.70,2.5113,19089.00,0.9612,0.9015,2101,1.6931,2.51,28.31
GalonGaram,8.8,15.2,BASA,TIDAK LAYAK,TDS Ekstrem (Garam),50653.60,2.5507,23282.10,1.1724,1.0995,2100,1.6923,2.56,28.31
GalonGaram,8.8,15.2,BASA,TIDAK LAYAK,TDS Ekstrem (Garam),50660.00,2.5510,23568.50,1.1868,1.1130,2090,1.6842,3.08,28.31
GalonGaram,8.8,15.2,BASA,TIDAK LAYAK,TDS Ekstrem (Garam),49943.20,2.5149,18063.40,0.9096,0.8531,2099,1.6915,2.62,28.31
GalonGaram,8.8,15.2,BASA,TIDAK LAYAK,TDS Ekstrem (Garam),49923.90,2.5139,24197.50,1.2185,1.1428,2114,1.7036,1.85,28.31
GalonGaram,8.8,15.2,BASA,TIDAK LAYAK,TDS Ekstrem (Garam),50312.50,2.5335,24461.50,1.2318,1.1552,2112,1.7020,1.95,28.31
GalonGaram,8.8,15.2,BASA,TIDAK LAYAK,TDS Ekstrem (Garam),49789.50,2.5071,18826.60,0.9480,0.8891,2104,1.6955,2.36,28.31
GalonGaram,8.8,15.2,BASA,TIDAK LAYAK,TDS Ekstrem (Garam),49898.30,2.5126,23613.30,1.1890,1.1152,2103,1.6947,2.41,28.31
GalonGaram,8.8,15.2,BASA,TIDAK LAYAK,TDS Ekstrem (Garam),49819.80,2.5087,24088.60,1.2130,1.1376,2101,1.6931,2.51,28.31
GalonGaram,8.8,15.2,BASA,TIDAK LAYAK,TDS Ekstrem (Garam),49880.70,2.5117,20158.20,1.0151,0.9520,2101,1.6931,2.51,28.31
GalonGaram,8.8,15.2,BASA,TIDAK LAYAK,TDS Ekstrem (Garam),49338.10,2.4844,23104.40,1.1634,1.0911,2101,1.6931,2.51,28.31
GalonGaram,8.8,15.2,BASA,TIDAK LAYAK,TDS Ekstrem (Garam),49803.90,2.5079,25232.90,1.2706,1.1917,2098,1.6907,2.67,28.31
GalonGaram,8.8,15.2,BASA,TIDAK LAYAK,TDS Ekstrem (Garam),49916.00,2.5135,18498.50,0.9315,0.8736,2097,1.6899,2.72,28.31
GalonGaram,8.8,15.2,BASA,TIDAK LAYAK,TDS Ekstrem (Garam),49670.90,2.5012,21894.50,1.1025,1.0340,2101,1.6931,2.51,28.31
GalonGaram,8.8,15.2,BASA,TIDAK LAYAK,TDS Ekstrem (Garam),49683.90,2.5018,25093.60,1.2636,1.1851,2098,1.6907,2.67,28.31
GalonGaram,8.8,15.2,BASA,TIDAK LAYAK,TDS Ekstrem (Garam),49587.70,2.4970,16789.30,0.8454,0.7929,2098,1.6907,2.67,28.31
GalonGaram,8.8,15.2,BASA,TIDAK LAYAK,TDS Ekstrem (Garam),49208.40,2.4779,21422.50,1.0787,1.0117,2099,1.6915,2.62,28.31
GalonGaram,8.8,15.2,BASA,TIDAK LAYAK,TDS Ekstrem (Garam),49690.00,2.5021,23389.30,1.1778,1.1046,2100,1.6923,2.56,28.31
GalonGaram,8.8,15.2,BASA,TIDAK LAYAK,TDS Ekstrem (Garam),49973.20,2.5164,19310.00,0.9724,0.9119,2096,1.6891,2.77,28.31
HujanGaram,8.65,13.6,BASA,TIDAK LAYAK,TDS Ekstrem (Garam),57876.40,2.9144,17181.50,0.8652,0.8279,2106,1.6971,2.26,27.25
HujanGaram,8.65,13.6,BASA,TIDAK LAYAK,TDS Ekstrem (Garam),57937.20,2.9174,17064.80,0.8593,0.8223,2108,1.6988,2.15,27.25
HujanGaram,8.65,13.6,BASA,TIDAK LAYAK,TDS Ekstrem (Garam),57530.30,2.8969,16925.40,0.8523,0.8156,2102,1.6939,2.46,27.25
HujanGaram,8.65,13.6,BASA,TIDAK LAYAK,TDS Ekstrem (Garam),57637.50,2.9023,17010.30,0.8565,0.8197,2117,1.7060,1.69,27.25
HujanGaram,8.65,13.6,BASA,TIDAK LAYAK,TDS Ekstrem (Garam),57840.80,2.9126,16963.80,0.8542,0.8174,2090,1.6842,3.08,27.25
HujanGaram,8.65,13.6,BASA,TIDAK LAYAK,TDS Ekstrem (Garam),57877.90,2.9144,17127.10,0.8624,0.8253,2103,1.6947,2.41,27.25
HujanGaram,8.65,13.6,BASA,TIDAK LAYAK,TDS Ekstrem (Garam),57242.20,2.8824,16959.00,0.8540,0.8172,2090,1.6842,3.08,27.25
HujanGaram,8.65,13.6,BASA,TIDAK LAYAK,TDS Ekstrem (Garam),57653.50,2.9031,17119.10,0.8620,0.8249,2095,1.6883,2.82,27.25
HujanGaram,8.65,13.6,BASA,TIDAK LAYAK,TDS Ekstrem (Garam),57669.70,2.9039,17002.30,0.8561,0.8193,2088,1.6826,3.18,27.25
HujanGaram,8.65,13.6,BASA,TIDAK LAYAK,TDS Ekstrem (Garam),57223.00,2.8815,17061.50,0.8591,0.8221,2105,1.6963,2.31,27.25
HujanGaram,8.65,13.6,BASA,TIDAK LAYAK,TDS Ekstrem (Garam),57501.50,2.8955,17098.30,0.8610,0.8239,2111,1.7012,2.00,27.25
HujanGaram,8.65,13.6,BASA,TIDAK LAYAK,TDS Ekstrem (Garam),57538.30,2.8973,16938.30,0.8529,0.8162,2127,1.7141,1.18,27.25
HujanGaram,8.65,13.6,BASA,TIDAK LAYAK,TDS Ekstrem (Garam),57517.50,2.8963,17023.10,0.8572,0.8203,2107,1.6979,2.21,27.25
HujanGaram,8.65,13.6,BASA,TIDAK LAYAK,TDS Ekstrem (Garam),57480.70,2.8944,16991.10,0.8556,0.8187,2097,1.6899,2.72,27.25
HujanGaram,8.65,13.6,BASA,TIDAK LAYAK,TDS Ekstrem (Garam),57245.50,2.8826,17013.50,0.8567,0.8198,2104,1.6955,2.36,27.25
HujanGaram,8.65,13.6,BASA,TIDAK LAYAK,TDS Ekstrem (Garam),57399.10,2.8903,16931.80,0.8526,0.8159,2111,1.7012,2.00,27.25
HujanGaram,8.65,13.6,BASA,TIDAK LAYAK,TDS Ekstrem (Garam),57371.90,2.8889,16887.10,0.8503,0.8137,2109,1.6996,2.10,27.25
HujanGaram,8.65,13.6,BASA,TIDAK LAYAK,TDS Ekstrem (Garam),57314.30,2.8860,17031.00,0.8576,0.8207,2105,1.6963,2.31,27.25
HujanGaram,8.65,13.6,BASA,TIDAK LAYAK,TDS Ekstrem (Garam),57412.00,2.8910,16871.00,0.8495,0.8130,2082,1.6778,3.49,27.25
HujanGaram,8.65,13.6,BASA,TIDAK LAYAK,TDS Ekstrem (Garam),57301.50,2.8854,16829.50,0.8474,0.8110,2103,1.6947,2.41,27.25
HujanGaram,8.65,13.6,BASA,TIDAK LAYAK,TDS Ekstrem (Garam),57239.10,2.8823,16938.20,0.8529,0.8172,2106,1.6971,2.26,27.19
HujanGaram,8.65,13.6,BASA,TIDAK LAYAK,TDS Ekstrem (Garam),57224.70,2.8815,16747.70,0.8433,0.8070,2105,1.6963,2.31,27.25
HujanGaram,8.65,13.6,BASA,TIDAK LAYAK,TDS Ekstrem (Garam),57824.80,2.9118,16690.10,0.8404,0.8042,2105,1.6963,2.31,27.25
HujanGaram,8.65,13.6,BASA,TIDAK LAYAK,TDS Ekstrem (Garam),57373.50,2.8890,16808.60,0.8464,0.8109,2099,1.6915,2.62,27.19
HujanGaram,8.65,13.6,BASA,TIDAK LAYAK,TDS Ekstrem (Garam),57215.10,2.8811,16762.10,0.8441,0.8077,2107,1.6979,2.21,27.25
HujanGaram,8.65,13.6,BASA,TIDAK LAYAK,TDS Ekstrem (Garam),57107.90,2.8757,16763.70,0.8441,0.8087,2108,1.6988,2.15,27.19
HujanGaram,8.65,13.6,BASA,TIDAK LAYAK,TDS Ekstrem (Garam),57173.50,2.8790,16693.40,0.8406,0.8044,2112,1.7020,1.95,27.25
HujanGaram,8.65,13.6,BASA,TIDAK LAYAK,TDS Ekstrem (Garam),57149.50,2.8777,16736.50,0.8428,0.8074,2110,1.7004,2.05,27.19
HujanGaram,8.65,13.6,BASA,TIDAK LAYAK,TDS Ekstrem (Garam),57109.50,2.8757,16688.60,0.8404,0.8042,2091,1.6851,3.03,27.25
HujanGaram,8.65,13.6,BASA,TIDAK LAYAK,TDS Ekstrem (Garam),57253.50,2.8830,16677.40,0.8398,0.8036,2110,1.7004,2.05,27.25
HujanGaram,8.65,13.6,BASA,TIDAK LAYAK,TDS Ekstrem (Garam),57013.50,2.8709,16782.90,0.8451,0.8097,2109,1.6996,2.10,27.19
HujanGaram,8.65,13.6,BASA,TIDAK LAYAK,TDS Ekstrem (Garam),56554.20,2.8478,16747.70,0.8433,0.8080,2110,1.7004,2.05,27.19
HujanGaram,8.65,13.6,BASA,TIDAK LAYAK,TDS Ekstrem (Garam),57127.10,2.8766,16658.10,0.8388,0.8037,2102,1.6939,2.46,27.19
HujanGaram,8.65,13.6,BASA,TIDAK LAYAK,TDS Ekstrem (Garam),57331.90,2.8869,16723.70,0.8421,0.8068,2102,1.6939,2.46,27.19
HujanGaram,8.65,13.6,BASA,TIDAK LAYAK,TDS Ekstrem (Garam),57115.90,2.8761,16694.90,0.8407,0.8054,2099,1.6915,2.62,27.19
HujanGaram,8.65,13.6,BASA,TIDAK LAYAK,TDS Ekstrem (Garam),57245.50,2.8826,16688.50,0.8403,0.8051,2110,1.7004,2.05,27.19
HujanGaram,8.65,13.6,BASA,TIDAK LAYAK,TDS Ekstrem (Garam),56976.70,2.8690,16698.10,0.8408,0.8056,2108,1.6988,2.15,27.19
HujanGaram,8.65,13.6,BASA,TIDAK LAYAK,TDS Ekstrem (Garam),56949.40,2.8677,16659.70,0.8389,0.8037,2112,1.7020,1.95,27.19
HujanGaram,8.65,13.6,BASA,TIDAK LAYAK,TDS Ekstrem (Garam),57106.30,2.8756,16659.70,0.8389,0.8037,2113,1.7028,1.90,27.19
HujanGaram,8.65,13.6,BASA,TIDAK LAYAK,TDS Ekstrem (Garam),56331.80,2.8366,16626.20,0.8372,0.8021,2111,1.7012,2.00,27.19
HujanGaram,8.65,13.6,BASA,TIDAK LAYAK,TDS Ekstrem (Garam),57055.10,2.8730,16502.80,0.8310,0.7962,2108,1.6988,2.15,27.19
HujanGaram,8.65,13.6,BASA,TIDAK LAYAK,TDS Ekstrem (Garam),56930.10,2.8667,16624.50,0.8371,0.8020,2102,1.6939,2.46,27.19
HujanGaram,8.65,13.6,BASA,TIDAK LAYAK,TDS Ekstrem (Garam),56901.30,2.8653,16680.60,0.8399,0.8047,2099,1.6915,2.62,27.19
HujanGaram,8.65,13.6,BASA,TIDAK LAYAK,TDS Ekstrem (Garam),56934.90,2.8669,16573.20,0.8345,0.7996,2109,1.6996,2.10,27.19
HujanGaram,8.65,13.6,BASA,TIDAK LAYAK,TDS Ekstrem (Garam),56800.60,2.8602,16653.30,0.8386,0.8034,2106,1.6971,2.26,27.19
HujanGaram,8.65,13.6,BASA,TIDAK LAYAK,TDS Ekstrem (Garam),56790.90,2.8597,16589.30,0.8354,0.8003,2102,1.6939,2.46,27.19
HujanGaram,8.65,13.6,BASA,TIDAK LAYAK,TDS Ekstrem (Garam),56867.90,2.8636,16661.20,0.8390,0.8038,2108,1.6988,2.15,27.19
HujanGaram,8.65,13.6,BASA,TIDAK LAYAK,TDS Ekstrem (Garam),56674.00,2.8538,16736.60,0.8428,0.8074,2105,1.6963,2.31,27.19
HujanGaram,8.65,13.6,BASA,TIDAK LAYAK,TDS Ekstrem (Garam),56867.50,2.8635,16675.80,0.8397,0.8045,2106,1.6971,2.26,27.19
HujanGaram,8.65,13.6,BASA,TIDAK LAYAK,TDS Ekstrem (Garam),57347.80,2.8877,16651.70,0.8385,0.8033,2106,1.6971,2.26,27.19
HujanGaram,8.65,13.6,BASA,TIDAK LAYAK,TDS Ekstrem (Garam),56907.60,2.8656,16602.00,0.8360,0.8009,2101,1.6931,2.51,27.19
HujanGaram,8.65,13.6,BASA,TIDAK LAYAK,TDS Ekstrem (Garam),56598.90,2.8500,16616.50,0.8367,0.8016,2107,1.6979,2.21,27.19
HujanGaram,8.65,13.6,BASA,TIDAK LAYAK,TDS Ekstrem (Garam),56774.70,2.8589,16594.10,0.8356,0.8006,2110,1.7004,2.05,27.19
HujanGaram,8.65,13.6,BASA,TIDAK LAYAK,TDS Ekstrem (Garam),56841.90,2.8623,16630.80,0.8374,0.8023,2097,1.6899,2.72,27.19
HujanGaram,8.65,13.6,BASA,TIDAK LAYAK,TDS Ekstrem (Garam),56643.40,2.8523,16674.20,0.8396,0.8044,2107,1.6979,2.21,27.19
HujanGaram,8.65,13.6,BASA,TIDAK LAYAK,TDS Ekstrem (Garam),56689.80,2.8546,16566.80,0.8342,0.7993,2106,1.6971,2.26,27.19
HujanGaram,8.65,13.6,BASA,TIDAK LAYAK,TDS Ekstrem (Garam),56521.90,2.8461,16475.50,0.8296,0.7948,2104,1.6955,2.36,27.19
HujanGaram,8.65,13.6,BASA,TIDAK LAYAK,TDS Ekstrem (Garam),56688.20,2.8545,16518.70,0.8318,0.7969,2099,1.6915,2.62,27.19
HujanGaram,8.65,13.6,BASA,TIDAK LAYAK,TDS Ekstrem (Garam),56603.40,2.8503,16478.90,0.8298,0.7950,2106,1.6971,2.26,27.19
HujanGaram,8.65,13.6,BASA,TIDAK LAYAK,TDS Ekstrem (Garam),56710.60,2.8556,16602.00,0.8360,0.8009,2104,1.6955,2.36,27.19
HujanGaram,8.65,13.6,BASA,TIDAK LAYAK,TDS Ekstrem (Garam),56814.70,2.8609,16664.60,0.8391,0.8040,2108,1.6988,2.15,27.19
HujanGaram,8.65,13.6,BASA,TIDAK LAYAK,TDS Ekstrem (Garam),56598.60,2.8500,16608.50,0.8363,0.8013,2104,1.6955,2.36,27.19
HujanGaram,8.65,13.6,BASA,TIDAK LAYAK,TDS Ekstrem (Garam),56661.00,2.8532,16520.40,0.8319,0.7970,2104,1.6955,2.36,27.19
HujanGaram,8.65,13.6,BASA,TIDAK LAYAK,TDS Ekstrem (Garam),56734.60,2.8569,16661.40,0.8390,0.8038,2110,1.7004,2.05,27.19
HujanGaram,8.65,13.6,BASA,TIDAK LAYAK,TDS Ekstrem (Garam),56489.80,2.8445,16533.20,0.8325,0.7976,2112,1.7020,1.95,27.19
HujanGaram,8.65,13.6,BASA,TIDAK LAYAK,TDS Ekstrem (Garam),56609.90,2.8506,16462.70,0.8290,0.7942,2112,1.7020,1.95,27.19
HujanGaram,8.65,13.6,BASA,TIDAK LAYAK,TDS Ekstrem (Garam),56630.60,2.8516,16578.20,0.8348,0.7998,2113,1.7028,1.90,27.19
HujanGaram,8.65,13.6,BASA,TIDAK LAYAK,TDS Ekstrem (Garam),56673.80,2.8538,16702.90,0.8411,0.8058,2106,1.6971,2.26,27.19
HujanGaram,8.65,13.6,BASA,TIDAK LAYAK,TDS Ekstrem (Garam),56877.10,2.8640,16597.30,0.8358,0.8007,2107,1.6979,2.21,27.19
HujanGaram,8.65,13.6,BASA,TIDAK LAYAK,TDS Ekstrem (Garam),56368.40,2.8384,16614.80,0.8366,0.8016,2096,1.6891,2.77,27.19
HujanGaram,8.65,13.6,BASA,TIDAK LAYAK,TDS Ekstrem (Garam),56502.60,2.8452,16501.10,0.8309,0.7961,2100,1.6923,2.56,27.19
HujanGaram,8.65,13.6,BASA,TIDAK LAYAK,TDS Ekstrem (Garam),55917.10,2.8157,16595.60,0.8357,0.8006,2099,1.6915,2.62,27.19
HujanGaram,8.65,13.6,BASA,TIDAK LAYAK,TDS Ekstrem (Garam),56505.90,2.8453,16571.60,0.8345,0.7995,2103,1.6947,2.41,27.19
HujanGaram,8.65,13.6,BASA,TIDAK LAYAK,TDS Ekstrem (Garam),56387.40,2.8394,16690.20,0.8404,0.8052,2100,1.6923,2.56,27.19
HujanGaram,8.65,13.6,BASA,TIDAK LAYAK,TDS Ekstrem (Garam),56374.60,2.8387,16581.30,0.8349,0.7999,2103,1.6947,2.41,27.19
HujanGaram,8.65,13.6,BASA,TIDAK LAYAK,TDS Ekstrem (Garam),56619.70,2.8511,16590.80,0.8354,0.8004,2109,1.6996,2.10,27.19
HujanGaram,8.65,13.6,BASA,TIDAK LAYAK,TDS Ekstrem (Garam),56285.00,2.8342,16522.00,0.8320,0.7971,2113,1.7028,1.90,27.19
HujanGaram,8.65,13.6,BASA,TIDAK LAYAK,TDS Ekstrem (Garam),56976.70,2.8690,16611.60,0.8365,0.8014,2112,1.7020,1.95,27.19
HujanGaram,8.65,13.6,BASA,TIDAK LAYAK,TDS Ekstrem (Garam),56248.20,2.8324,16554.00,0.8336,0.7986,2110,1.7004,2.05,27.19
HujanGaram,8.65,13.6,BASA,TIDAK LAYAK,TDS Ekstrem (Garam),56355.40,2.8378,16664.40,0.8391,0.8040,2106,1.6971,2.26,27.19
HujanGaram,8.65,13.6,BASA,TIDAK LAYAK,TDS Ekstrem (Garam),56390.60,2.8395,16550.90,0.8334,0.7985,2106,1.6971,2.26,27.19
HujanGaram,8.65,13.6,BASA,TIDAK LAYAK,TDS Ekstrem (Garam),56320.20,2.8360,16643.70,0.8381,0.8030,2109,1.6996,2.10,27.19
HujanGaram,8.65,13.6,BASA,TIDAK LAYAK,TDS Ekstrem (Garam),56301.00,2.8350,16573.20,0.8345,0.7996,2108,1.6988,2.15,27.19
HujanGaram,8.65,13.6,BASA,TIDAK LAYAK,TDS Ekstrem (Garam),56502.70,2.8452,16475.50,0.8296,0.7948,2102,1.6939,2.46,27.19
HujanGaram,8.65,13.6,BASA,TIDAK LAYAK,TDS Ekstrem (Garam),56406.60,2.8403,16478.70,0.8298,0.7950,2097,1.6899,2.72,27.19
HujanGaram,8.65,13.6,BASA,TIDAK LAYAK,TDS Ekstrem (Garam),55675.40,2.8035,16485.10,0.8301,0.7953,2103,1.6947,2.41,27.19
HujanGaram,8.65,13.6,BASA,TIDAK LAYAK,TDS Ekstrem (Garam),56413.00,2.8407,16528.60,0.8323,0.7974,2104,1.6955,2.36,27.19
HujanGaram,8.65,13.6,BASA,TIDAK LAYAK,TDS Ekstrem (Garam),55608.20,2.8001,16667.70,0.8393,0.8041,2103,1.6947,2.41,27.19
HujanGaram,8.65,13.6,BASA,TIDAK LAYAK,TDS Ekstrem (Garam),56326.60,2.8363,16618.10,0.8368,0.8017,2100,1.6923,2.56,27.19
HujanGaram,8.65,13.6,BASA,TIDAK LAYAK,TDS Ekstrem (Garam),56312.30,2.8356,16482.00,0.8299,0.7952,2099,1.6915,2.62,27.19
HujanGaram,8.65,13.6,BASA,TIDAK LAYAK,TDS Ekstrem (Garam),56145.80,2.8272,16560.40,0.8339,0.7989,2101,1.6931,2.51,27.19
HujanGaram,8.65,13.6,BASA,TIDAK LAYAK,TDS Ekstrem (Garam),56169.80,2.8284,16621.30,0.8370,0.8019,2102,1.6939,2.46,27.19
HujanGaram,8.65,13.6,BASA,TIDAK LAYAK,TDS Ekstrem (Garam),56826.00,2.8615,16614.90,0.8366,0.8016,2101,1.6931,2.51,27.19
HujanGaram,8.65,13.6,BASA,TIDAK LAYAK,TDS Ekstrem (Garam),56402.00,2.8401,16549.20,0.8333,0.7984,2104,1.6955,2.36,27.19
HujanGaram,8.65,13.6,BASA,TIDAK LAYAK,TDS Ekstrem (Garam),55944.20,2.8171,16627.60,0.8373,0.8022,2105,1.6963,2.31,27.19
HujanGaram,8.65,13.6,BASA,TIDAK LAYAK,TDS Ekstrem (Garam),55965.00,2.8181,16696.50,0.8407,0.8055,2106,1.6971,2.26,27.19
HujanGaram,8.65,13.6,BASA,TIDAK LAYAK,TDS Ekstrem (Garam),56097.80,2.8248,16728.50,0.8424,0.8071,2107,1.6979,2.21,27.19
HujanGaram,8.65,13.6,BASA,TIDAK LAYAK,TDS Ekstrem (Garam),56541.20,2.8471,16832.60,0.8476,0.8121,2105,1.6963,2.31,27.19
HujanGaram,8.65,13.6,BASA,TIDAK LAYAK,TDS Ekstrem (Garam),55993.80,2.8196,16680.50,0.8399,0.8047,2105,1.6963,2.31,27.19
HujanGaram,8.65,13.6,BASA,TIDAK LAYAK,TDS Ekstrem (Garam),55212.90,2.7802,16629.30,0.8374,0.8023,2105,1.6963,2.31,27.19
HujanGaram,8.65,13.6,BASA,TIDAK LAYAK,TDS Ekstrem (Garam),55857.80,2.8127,16654.80,0.8386,0.8035,2105,1.6963,2.31,27.19
HujanGaram,8.65,13.6,BASA,TIDAK LAYAK,TDS Ekstrem (Garam),56110.60,2.8254,16571.60,0.8345,0.7995,2106,1.6971,2.26,27.19
HujanGaram,8.65,13.6,BASA,TIDAK LAYAK,TDS Ekstrem (Garam),55929.80,2.8163,16565.20,0.8341,0.7992,2102,1.6939,2.46,27.19
HujanGaram,8.65,13.6,BASA,TIDAK LAYAK,TDS Ekstrem (Garam),55369.70,2.7881,16646.70,0.8382,0.8031,2105,1.6963,2.31,27.19
HujanGaram,8.65,13.6,BASA,TIDAK LAYAK,TDS Ekstrem (Garam),56179.50,2.8289,16574.90,0.8346,0.7996,2108,1.6988,2.15,27.19
HujanGaram,8.65,13.6,BASA,TIDAK LAYAK,TDS Ekstrem (Garam),55985.80,2.8192,16563.70,0.8341,0.7991,2112,1.7020,1.95,27.19
HujanGaram,8.65,13.6,BASA,TIDAK LAYAK,TDS Ekstrem (Garam),56049.80,2.8224,16685.30,0.8402,0.8050,2113,1.7028,1.90,27.19
HujanGaram,8.65,13.6,BASA,TIDAK LAYAK,TDS Ekstrem (Garam),56064.30,2.8231,16597.20,0.8357,0.8007,2109,1.6996,2.10,27.19
HujanGaram,8.65,13.6,BASA,TIDAK LAYAK,TDS Ekstrem (Garam),55430.50,2.7912,16664.40,0.8391,0.8049,2109,1.6996,2.10,27.13
HujanGaram,8.65,13.6,BASA,TIDAK LAYAK,TDS Ekstrem (Garam),55965.00,2.8181,16590.90,0.8354,0.8004,2108,1.6988,2.15,27.19
HujanGaram,8.65,13.6,BASA,TIDAK LAYAK,TDS Ekstrem (Garam),56069.00,2.8233,16478.80,0.8298,0.7950,2106,1.6971,2.26,27.19
HujanGaram,8.65,13.6,BASA,TIDAK LAYAK,TDS Ekstrem (Garam),55936.30,2.8167,16529.90,0.8324,0.7975,2104,1.6955,2.36,27.19
HujanGaram,8.65,13.6,BASA,TIDAK LAYAK,TDS Ekstrem (Garam),55745.80,2.8071,16579.60,0.8349,0.7999,2107,1.6979,2.21,27.19
HujanGaram,8.65,13.6,BASA,TIDAK LAYAK,TDS Ekstrem (Garam),55857.80,2.8127,16558.70,0.8338,0.7989,2108,1.6988,2.15,27.19
HujanGaram,8.65,13.6,BASA,TIDAK LAYAK,TDS Ekstrem (Garam),55886.60,2.8142,16506.00,0.8312,0.7963,2128,1.7149,1.13,27.19
HujanGaram,8.65,13.6,BASA,TIDAK LAYAK,TDS Ekstrem (Garam),55835.40,2.8116,16494.70,0.8306,0.7958,2110,1.7004,2.05,27.19
HujanGaram,8.65,13.6,BASA,TIDAK LAYAK,TDS Ekstrem (Garam),55760.20,2.8078,16563.50,0.8341,0.7991,2109,1.6996,2.10,27.19
HujanGaram,8.65,13.6,BASA,TIDAK LAYAK,TDS Ekstrem (Garam),55981.10,2.8189,16485.20,0.8301,0.7953,2109,1.6996,2.10,27.19
HujanGaram,8.65,13.6,BASA,TIDAK LAYAK,TDS Ekstrem (Garam),55302.50,2.7847,16569.90,0.8344,0.7994,2107,1.6979,2.21,27.19
HujanGaram,8.65,13.6,BASA,TIDAK LAYAK,TDS Ekstrem (Garam),55824.20,2.8110,16453.10,0.8285,0.7938,2109,1.6996,2.10,27.19
HujanGaram,8.65,13.6,BASA,TIDAK LAYAK,TDS Ekstrem (Garam),55907.40,2.8152,16477.10,0.8297,0.7949,2114,1.7036,1.85,27.19
HujanGaram,8.65,13.6,BASA,TIDAK LAYAK,TDS Ekstrem (Garam),56131.50,2.8265,16581.30,0.8349,0.7999,2117,1.7060,1.69,27.19
HujanGaram,8.65,13.6,BASA,TIDAK LAYAK,TDS Ekstrem (Garam),55321.70,2.7857,16544.50,0.8331,0.7982,2113,1.7028,1.90,27.19
HujanGaram,8.65,13.6,BASA,TIDAK LAYAK,TDS Ekstrem (Garam),55043.30,2.7717,16417.80,0.8267,0.7921,2111,1.7012,2.00,27.19
HujanGaram,8.65,13.6,BASA,TIDAK LAYAK,TDS Ekstrem (Garam),55675.40,2.8035,16344.20,0.8230,0.7885,2098,1.6907,2.67,27.19
HujanGaram,8.65,13.6,BASA,TIDAK LAYAK,TDS Ekstrem (Garam),55787.40,2.8092,16328.30,0.8222,0.7877,2102,1.6939,2.46,27.19
HujanGaram,8.65,13.6,BASA,TIDAK LAYAK,TDS Ekstrem (Garam),55632.20,2.8013,16350.60,0.8233,0.7888,2101,1.6931,2.51,27.19
HujanGaram,8.65,13.6,BASA,TIDAK LAYAK,TDS Ekstrem (Garam),55601.80,2.7998,16456.40,0.8287,0.7939,2101,1.6931,2.51,27.19
HujanGaram,8.65,13.6,BASA,TIDAK LAYAK,TDS Ekstrem (Garam),55664.30,2.8030,16317.00,0.8216,0.7872,2102,1.6939,2.46,27.19
HujanGaram,8.65,13.6,BASA,TIDAK LAYAK,TDS Ekstrem (Garam),55741.00,2.8068,16321.90,0.8219,0.7874,2105,1.6963,2.31,27.19
HujanGaram,8.65,13.6,BASA,TIDAK LAYAK,TDS Ekstrem (Garam),55512.20,2.7953,16443.50,0.8280,0.7933,2109,1.6996,2.10,27.19
HujanGaram,8.65,13.6,BASA,TIDAK LAYAK,TDS Ekstrem (Garam),55397.00,2.7895,16422.80,0.8270,0.7923,2110,1.7004,2.05,27.19
HujanGaram,8.65,13.6,BASA,TIDAK LAYAK,TDS Ekstrem (Garam),55705.80,2.8051,16352.30,0.8234,0.7889,2110,1.7004,2.05,27.19
HujanGaram,8.65,13.6,BASA,TIDAK LAYAK,TDS Ekstrem (Garam),56136.40,2.8267,16382.70,0.8249,0.7904,2111,1.7012,2.00,27.19
HujanGaram,8.65,13.6,BASA,TIDAK LAYAK,TDS Ekstrem (Garam),55545.80,2.7970,16381.10,0.8249,0.7903,2109,1.6996,2.10,27.19
HujanGaram,8.65,13.6,BASA,TIDAK LAYAK,TDS Ekstrem (Garam),56299.60,2.8350,16390.70,0.8253,0.7908,2105,1.6963,2.31,27.19
HujanGaram,8.65,13.6,BASA,TIDAK LAYAK,TDS Ekstrem (Garam),55397.00,2.7895,16313.70,0.8215,0.7870,2108,1.6988,2.15,27.19
HujanGaram,8.65,13.6,BASA,TIDAK LAYAK,TDS Ekstrem (Garam),55493.00,2.7943,16409.90,0.8263,0.7917,2101,1.6931,2.51,27.19
HujanGaram,8.65,13.6,BASA,TIDAK LAYAK,TDS Ekstrem (Garam),55550.60,2.7972,16345.80,0.8231,0.7886,2082,1.6778,3.49,27.19
HujanGaram,8.65,13.6,BASA,TIDAK LAYAK,TDS Ekstrem (Garam),55405.00,2.7899,16416.30,0.8266,0.7920,2115,1.7044,1.79,27.19
HujanGaram,8.65,13.6,BASA,TIDAK LAYAK,TDS Ekstrem (Garam),54964.90,2.7677,16382.70,0.8249,0.7904,2106,1.6971,2.26,27.19
HujanGaram,8.65,13.6,BASA,TIDAK LAYAK,TDS Ekstrem (Garam),55501.00,2.7947,16307.40,0.8212,0.7867,2106,1.6971,2.26,27.19
HujanGaram,8.65,13.6,BASA,TIDAK LAYAK,TDS Ekstrem (Garam),55449.80,2.7922,16301.10,0.8208,0.7864,2103,1.6947,2.41,27.19
HujanGaram,8.65,13.6,BASA,TIDAK LAYAK,TDS Ekstrem (Garam),55521.80,2.7958,16230.60,0.8173,0.7830,2110,1.7004,2.05,27.19
HujanGaram,8.65,13.6,BASA,TIDAK LAYAK,TDS Ekstrem (Garam),55838.80,2.8118,16318.60,0.8217,0.7873,2109,1.6996,2.10,27.19
HujanGaram,8.65,13.6,BASA,TIDAK LAYAK,TDS Ekstrem (Garam),55334.60,2.7864,16285.00,0.8200,0.7857,2103,1.6947,2.41,27.19
HujanGaram,8.65,13.6,BASA,TIDAK LAYAK,TDS Ekstrem (Garam),55289.80,2.7841,16230.50,0.8173,0.7830,2115,1.7044,1.79,27.19
HujanGaram,8.65,13.6,BASA,TIDAK LAYAK,TDS Ekstrem (Garam),55392.20,2.7893,16187.40,0.8151,0.7809,2105,1.6963,2.31,27.19
HujanGaram,8.65,13.6,BASA,TIDAK LAYAK,TDS Ekstrem (Garam),55355.40,2.7874,16292.90,0.8204,0.7860,2106,1.6971,2.26,27.19
HujanGaram,8.65,13.6,BASA,TIDAK LAYAK,TDS Ekstrem (Garam),55331.40,2.7862,16235.40,0.8175,0.7833,2109,1.6996,2.10,27.19
HujanGaram,8.65,13.6,BASA,TIDAK LAYAK,TDS Ekstrem (Garam),55422.60,2.7908,16116.80,0.8116,0.7775,2109,1.6996,2.10,27.19
HujanGaram,8.65,13.6,BASA,TIDAK LAYAK,TDS Ekstrem (Garam),55273.80,2.7833,16193.70,0.8154,0.7813,2110,1.7004,2.05,27.19
HujanGaram,8.65,13.6,BASA,TIDAK LAYAK,TDS Ekstrem (Garam),55157.00,2.7774,16341.10,0.8229,0.7884,2110,1.7004,2.05,27.19
HujanGaram,8.65,13.6,BASA,TIDAK LAYAK,TDS Ekstrem (Garam),55307.40,2.7850,16345.80,0.8231,0.7886,2107,1.6979,2.21,27.19
HujanGaram,8.65,13.6,BASA,TIDAK LAYAK,TDS Ekstrem (Garam),55395.40,2.7894,16209.70,0.8162,0.7820,2106,1.6971,2.26,27.19
HujanGaram,8.65,13.6,BASA,TIDAK LAYAK,TDS Ekstrem (Garam),55345.80,2.7869,16156.90,0.8136,0.7795,2109,1.6996,2.10,27.19
HujanGaram,8.65,13.6,BASA,TIDAK LAYAK,TDS Ekstrem (Garam),55411.40,2.7902,16227.20,0.8171,0.7829,2106,1.6971,2.26,27.19
HujanGaram,8.65,13.6,BASA,TIDAK LAYAK,TDS Ekstrem (Garam),55320.20,2.7856,16228.90,0.8172,0.7829,2121,1.7092,1.49,27.19
HujanGaram,8.65,13.6,BASA,TIDAK LAYAK,TDS Ekstrem (Garam),55150.50,2.7771,16264.10,0.8190,0.7846,2108,1.6988,2.15,27.19
HujanGaram,8.65,13.6,BASA,TIDAK LAYAK,TDS Ekstrem (Garam),55296.20,2.7844,16238.60,0.8177,0.7834,2105,1.6963,2.31,27.19
HujanGaram,8.65,13.6,BASA,TIDAK LAYAK,TDS Ekstrem (Garam),55345.80,2.7869,16283.40,0.8199,0.7856,2107,1.6979,2.21,27.19
HujanGaram,8.65,13.6,BASA,TIDAK LAYAK,TDS Ekstrem (Garam),55318.60,2.7856,16203.40,0.8159,0.7817,2094,1.6875,2.87,27.19
HujanGaram,8.65,13.6,BASA,TIDAK LAYAK,TDS Ekstrem (Garam),55713.90,2.8055,16269.00,0.8192,0.7849,2100,1.6923,2.56,27.19
HujanGaram,8.65,13.6,BASA,TIDAK LAYAK,TDS Ekstrem (Garam),55249.80,2.7821,16280.10,0.8198,0.7854,2105,1.6963,2.31,27.19
HujanGaram,8.65,13.6,BASA,TIDAK LAYAK,TDS Ekstrem (Garam),54598.50,2.7493,16294.70,0.8205,0.7861,2093,1.6867,2.92,27.19
HujanGaram,8.65,13.6,BASA,TIDAK LAYAK,TDS Ekstrem (Garam),55080.20,2.7736,16299.40,0.8208,0.7854,2101,1.6931,2.51,27.25
HujanGaram,8.65,13.6,BASA,TIDAK LAYAK,TDS Ekstrem (Garam),55185.80,2.7789,16206.60,0.8161,0.7819,2101,1.6931,2.51,27.19
HujanGaram,8.65,13.6,BASA,TIDAK LAYAK,TDS Ekstrem (Garam),55717.10,2.8056,16245.00,0.8180,0.7837,2100,1.6923,2.56,27.19
HujanGaram,8.65,13.6,BASA,TIDAK LAYAK,TDS Ekstrem (Garam),54891.40,2.7640,16317.10,0.8216,0.7872,2097,1.6899,2.72,27.19
HujanGaram,8.65,13.6,BASA,TIDAK LAYAK,TDS Ekstrem (Garam),55360.20,2.7877,16184.10,0.8149,0.7808,2103,1.6947,2.41,27.19
HujanGaram,8.65,13.6,BASA,TIDAK LAYAK,TDS Ekstrem (Garam),55198.60,2.7795,16148.90,0.8132,0.7791,2108,1.6988,2.15,27.19
HujanGaram,8.65,13.6,BASA,TIDAK LAYAK,TDS Ekstrem (Garam),55069.00,2.7730,16261.10,0.8188,0.7845,2108,1.6988,2.15,27.19
HujanGaram,8.65,13.6,BASA,TIDAK LAYAK,TDS Ekstrem (Garam),55041.80,2.7716,16257.80,0.8187,0.7843,2110,1.7004,2.05,27.19
HujanGaram,8.65,13.6,BASA,TIDAK LAYAK,TDS Ekstrem (Garam),54484.80,2.7436,16209.60,0.8162,0.7820,2108,1.6988,2.15,27.19
HujanGaram,8.65,13.6,BASA,TIDAK LAYAK,TDS Ekstrem (Garam),54780.90,2.7585,16150.40,0.8132,0.7792,2113,1.7028,1.90,27.19
HujanGaram,8.65,13.6,BASA,TIDAK LAYAK,TDS Ekstrem (Garam),54931.40,2.7661,16067.20,0.8091,0.7751,2117,1.7060,1.69,27.19
HujanGaram,8.65,13.6,BASA,TIDAK LAYAK,TDS Ekstrem (Garam),54339.20,2.7362,16240.10,0.8178,0.7835,2100,1.6923,2.56,27.19
HujanGaram,8.65,13.6,BASA,TIDAK LAYAK,TDS Ekstrem (Garam),54873.70,2.7632,16217.70,0.8166,0.7824,2100,1.6923,2.56,27.19
HujanGaram,8.65,13.6,BASA,TIDAK LAYAK,TDS Ekstrem (Garam),55061.00,2.7726,16212.90,0.8164,0.7822,2104,1.6955,2.36,27.19
HujanGaram,8.65,13.6,BASA,TIDAK LAYAK,TDS Ekstrem (Garam),55027.40,2.7709,16185.70,0.8150,0.7809,2104,1.6955,2.36,27.19
HujanGaram,8.65,13.6,BASA,TIDAK LAYAK,TDS Ekstrem (Garam),55029.00,2.7710,16219.20,0.8167,0.7825,2113,1.7028,1.90,27.19
HujanGaram,8.65,13.6,BASA,TIDAK LAYAK,TDS Ekstrem (Garam),54982.60,2.7686,16251.40,0.8183,0.7840,2112,1.7020,1.95,27.19
HujanGaram,8.65,13.6,BASA,TIDAK LAYAK,TDS Ekstrem (Garam),54993.80,2.7692,16224.10,0.8170,0.7827,2112,1.7020,1.95,27.19
HujanGaram,8.65,13.6,BASA,TIDAK LAYAK,TDS Ekstrem (Garam),54901.00,2.7645,16206.40,0.8161,0.7819,2105,1.6963,2.31,27.19
HujanGaram,8.65,13.6,BASA,TIDAK LAYAK,TDS Ekstrem (Garam),54857.80,2.7624,16235.30,0.8175,0.7833,2105,1.6963,2.31,27.19
HujanGaram,8.65,13.6,BASA,TIDAK LAYAK,TDS Ekstrem (Garam),54835.40,2.7612,16219.20,0.8167,0.7825,2105,1.6963,2.31,27.19
HujanGaram,8.65,13.6,BASA,TIDAK LAYAK,TDS Ekstrem (Garam),54877.00,2.7633,16270.60,0.8193,0.7850,2105,1.6963,2.31,27.19
HujanGaram,8.65,13.6,BASA,TIDAK LAYAK,TDS Ekstrem (Garam),54934.60,2.7662,16185.60,0.8150,0.7809,2114,1.7036,1.85,27.19
HujanGaram,8.65,13.6,BASA,TIDAK LAYAK,TDS Ekstrem (Garam),54777.80,2.7583,16297.80,0.8207,0.7863,2108,1.6988,2.15,27.19
HujanGaram,8.65,13.6,BASA,TIDAK LAYAK,TDS Ekstrem (Garam),54625.70,2.7507,16382.80,0.8250,0.7904,2113,1.7028,1.90,27.19
HujanGaram,8.65,13.6,BASA,TIDAK LAYAK,TDS Ekstrem (Garam),54745.80,2.7567,16108.80,0.8112,0.7772,2092,1.6859,2.97,27.19
HujanGaram,8.65,13.6,BASA,TIDAK LAYAK,TDS Ekstrem (Garam),54939.40,2.7665,16225.80,0.8170,0.7828,2096,1.6891,2.77,27.19
HujanGaram,8.65,13.6,BASA,TIDAK LAYAK,TDS Ekstrem (Garam),54747.40,2.7568,16275.30,0.8195,0.7852,2099,1.6915,2.62,27.19
HujanGaram,8.65,13.6,BASA,TIDAK LAYAK,TDS Ekstrem (Garam),54779.40,2.7584,16281.70,0.8199,0.7855,2101,1.6931,2.51,27.19
HujanGaram,8.65,13.6,BASA,TIDAK LAYAK,TDS Ekstrem (Garam),54841.80,2.7615,16312.20,0.8214,0.7870,2101,1.6931,2.51,27.19
HujanGaram,8.65,13.6,BASA,TIDAK LAYAK,TDS Ekstrem (Garam),54777.80,2.7583,16240.10,0.8178,0.7835,2102,1.6939,2.46,27.19
HujanGaram,8.65,13.6,BASA,TIDAK LAYAK,TDS Ekstrem (Garam),54715.40,2.7552,16193.80,0.8154,0.7813,2107,1.6979,2.21,27.19
HujanGaram,8.65,13.6,BASA,TIDAK LAYAK,TDS Ekstrem (Garam),54875.40,2.7632,16328.20,0.8222,0.7877,2110,1.7004,2.05,27.19
HujanGaram,8.65,13.6,BASA,TIDAK LAYAK,TDS Ekstrem (Garam),54521.60,2.7454,16219.40,0.8167,0.7825,2111,1.7012,2.00,27.19
HujanGaram,8.65,13.6,BASA,TIDAK LAYAK,TDS Ekstrem (Garam),54788.90,2.7589,16301.00,0.8208,0.7864,2114,1.7036,1.85,27.19
Isi UlangGaram,8.06,15.2,NETRAL,TIDAK LAYAK,TDS Ekstrem (Garam),53334.10,2.6856,16514.00,0.8316,0.7845,2109,1.6996,2.10,28.00
Isi UlangGaram,8.06,15.2,NETRAL,TIDAK LAYAK,TDS Ekstrem (Garam),53012.50,2.6694,16613.20,0.8366,0.7892,2106,1.6971,2.26,28.00
Isi UlangGaram,8.06,15.2,NETRAL,TIDAK LAYAK,TDS Ekstrem (Garam),53286.20,2.6832,16478.80,0.8298,0.7828,2099,1.6915,2.62,28.00
Isi UlangGaram,8.06,15.2,NETRAL,TIDAK LAYAK,TDS Ekstrem (Garam),53215.70,2.6797,16531.50,0.8324,0.7853,2102,1.6939,2.46,28.00
Isi UlangGaram,8.06,15.2,NETRAL,TIDAK LAYAK,TDS Ekstrem (Garam),53198.10,2.6788,16541.20,0.8329,0.7858,2116,1.7052,1.74,28.00
Isi UlangGaram,8.06,15.2,NETRAL,TIDAK LAYAK,TDS Ekstrem (Garam),52870.00,2.6623,16531.60,0.8324,0.7844,2111,1.7012,2.00,28.06
Isi UlangGaram,8.06,15.2,NETRAL,TIDAK LAYAK,TDS Ekstrem (Garam),53201.30,2.6789,16385.80,0.8251,0.7784,2099,1.6915,2.62,28.00
Isi UlangGaram,8.06,15.2,NETRAL,TIDAK LAYAK,TDS Ekstrem (Garam),53188.50,2.6783,16402.00,0.8259,0.7792,2111,1.7012,2.00,28.00
Isi UlangGaram,8.06,15.2,NETRAL,TIDAK LAYAK,TDS Ekstrem (Garam),53126.10,2.6752,16592.30,0.8355,0.7873,2100,1.6923,2.56,28.06
Isi UlangGaram,8.06,15.2,NETRAL,TIDAK LAYAK,TDS Ekstrem (Garam),53515.00,2.6947,16480.40,0.8299,0.7820,2114,1.7036,1.85,28.06
Isi UlangGaram,8.06,15.2,NETRAL,TIDAK LAYAK,TDS Ekstrem (Garam),53124.50,2.6751,16469.20,0.8293,0.7814,2098,1.6907,2.67,28.06
Isi UlangGaram,8.06,15.2,NETRAL,TIDAK LAYAK,TDS Ekstrem (Garam),52746.90,2.6561,16521.90,0.8320,0.7839,2079,1.6754,3.64,28.06
Isi UlangGaram,8.06,15.2,NETRAL,TIDAK LAYAK,TDS Ekstrem (Garam),53007.70,2.6692,16501.20,0.8309,0.7839,2113,1.7028,1.90,28.00
Isi UlangGaram,8.06,15.2,NETRAL,TIDAK LAYAK,TDS Ekstrem (Garam),52634.80,2.6504,16430.60,0.8274,0.7805,2110,1.7004,2.05,28.00
Isi UlangGaram,8.06,15.2,NETRAL,TIDAK LAYAK,TDS Ekstrem (Garam),52839.60,2.6607,16438.70,0.8278,0.7809,2110,1.7004,2.05,28.00
Isi UlangGaram,8.06,15.2,NETRAL,TIDAK LAYAK,TDS Ekstrem (Garam),52982.00,2.6679,16456.30,0.8287,0.7808,2097,1.6899,2.72,28.06
Isi UlangGaram,8.06,15.2,NETRAL,TIDAK LAYAK,TDS Ekstrem (Garam),53079.70,2.6728,16570.10,0.8344,0.7872,2113,1.7028,1.90,28.00
Isi UlangGaram,8.06,15.2,NETRAL,TIDAK LAYAK,TDS Ekstrem (Garam),53074.90,2.6726,16341.10,0.8229,0.7754,2094,1.6875,2.87,28.06
Isi UlangGaram,8.06,15.2,NETRAL,TIDAK LAYAK,TDS Ekstrem (Garam),52966.10,2.6671,16510.70,0.8314,0.7834,2103,1.6947,2.41,28.06
Isi UlangGaram,8.06,15.2,NETRAL,TIDAK LAYAK,TDS Ekstrem (Garam),53025.30,2.6701,16421.00,0.8269,0.7801,2109,1.6996,2.10,28.00
Isi UlangGaram,8.06,15.2,NETRAL,TIDAK LAYAK,TDS Ekstrem (Garam),53159.70,2.6768,16469.10,0.8293,0.7814,2113,1.7028,1.90,28.06
Isi UlangGaram,8.06,15.2,NETRAL,TIDAK LAYAK,TDS Ekstrem (Garam),53135.70,2.6756,16435.50,0.8276,0.7798,2108,1.6988,2.15,28.06
Isi UlangGaram,8.06,15.2,NETRAL,TIDAK LAYAK,TDS Ekstrem (Garam),53017.30,2.6697,16470.80,0.8294,0.7815,2100,1.6923,2.56,28.06
Isi UlangGaram,8.06,15.2,NETRAL,TIDAK LAYAK,TDS Ekstrem (Garam),53066.90,2.6722,16469.20,0.8293,0.7814,2112,1.7020,1.95,28.06
Isi UlangGaram,8.06,15.2,NETRAL,TIDAK LAYAK,TDS Ekstrem (Garam),53022.10,2.6699,16421.10,0.8269,0.7792,2106,1.6971,2.26,28.06
Isi UlangGaram,8.06,15.2,NETRAL,TIDAK LAYAK,TDS Ekstrem (Garam),53751.80,2.7067,16344.30,0.8230,0.7755,2112,1.7020,1.95,28.06
Isi UlangGaram,8.06,15.2,NETRAL,TIDAK LAYAK,TDS Ekstrem (Garam),52959.70,2.6668,16525.20,0.8321,0.7850,2105,1.6963,2.31,28.00
Isi UlangGaram,8.06,15.2,NETRAL,TIDAK LAYAK,TDS Ekstrem (Garam),53108.50,2.6743,16437.10,0.8277,0.7799,2105,1.6963,2.31,28.06
Isi UlangGaram,8.06,15.2,NETRAL,TIDAK LAYAK,TDS Ekstrem (Garam),52914.80,2.6645,16456.40,0.8287,0.7808,2110,1.7004,2.05,28.06
Isi UlangGaram,8.06,15.2,NETRAL,TIDAK LAYAK,TDS Ekstrem (Garam),53023.70,2.6700,16328.20,0.8222,0.7747,2113,1.7028,1.90,28.06
Isi UlangGaram,8.06,15.2,NETRAL,TIDAK LAYAK,TDS Ekstrem (Garam),52964.50,2.6670,16278.60,0.8197,0.7724,2103,1.6947,2.41,28.06
Isi UlangGaram,8.06,15.2,NETRAL,TIDAK LAYAK,TDS Ekstrem (Garam),52974.10,2.6675,16331.30,0.8224,0.7749,2113,1.7028,1.90,28.06
Isi UlangGaram,8.06,15.2,NETRAL,TIDAK LAYAK,TDS Ekstrem (Garam),53258.90,2.6818,16411.60,0.8264,0.7787,2107,1.6979,2.21,28.06
Isi UlangGaram,8.06,15.2,NETRAL,TIDAK LAYAK,TDS Ekstrem (Garam),52799.60,2.6587,16352.20,0.8234,0.7759,2113,1.7028,1.90,28.06
Isi UlangGaram,8.06,15.2,NETRAL,TIDAK LAYAK,TDS Ekstrem (Garam),52964.40,2.6670,16342.60,0.8229,0.7763,2115,1.7044,1.79,28.00
Isi UlangGaram,8.06,15.2,NETRAL,TIDAK LAYAK,TDS Ekstrem (Garam),53078.10,2.6727,16256.20,0.8186,0.7713,2108,1.6988,2.15,28.06
Isi UlangGaram,8.06,15.2,NETRAL,TIDAK LAYAK,TDS Ekstrem (Garam),52326.00,2.6349,16313.80,0.8215,0.7741,2099,1.6915,2.62,28.06
Isi UlangGaram,8.06,15.2,NETRAL,TIDAK LAYAK,TDS Ekstrem (Garam),52841.10,2.6608,16233.70,0.8174,0.7703,2090,1.6842,3.08,28.06
Isi UlangGaram,8.06,15.2,NETRAL,TIDAK LAYAK,TDS Ekstrem (Garam),52713.30,2.6544,16345.80,0.8231,0.7756,2075,1.6722,3.85,28.06
Isi UlangGaram,8.06,15.2,NETRAL,TIDAK LAYAK,TDS Ekstrem (Garam),52906.80,2.6641,16201.70,0.8158,0.7687,2088,1.6826,3.18,28.06
Isi UlangGaram,8.06,15.2,NETRAL,TIDAK LAYAK,TDS Ekstrem (Garam),53119.70,2.6748,16257.80,0.8187,0.7714,2098,1.6907,2.67,28.06
Isi UlangGaram,8.06,15.2,NETRAL,TIDAK LAYAK,TDS Ekstrem (Garam),52948.40,2.6662,16342.70,0.8229,0.7754,2097,1.6899,2.72,28.06
Isi UlangGaram,8.06,15.2,NETRAL,TIDAK LAYAK,TDS Ekstrem (Garam),52926.10,2.6651,16264.10,0.8190,0.7717,2103,1.6947,2.41,28.06
Isi UlangGaram,8.06,15.2,NETRAL,TIDAK LAYAK,TDS Ekstrem (Garam),53094.10,2.6735,16308.90,0.8212,0.7738,2109,1.6996,2.10,28.06
Isi UlangGaram,8.06,15.2,NETRAL,TIDAK LAYAK,TDS Ekstrem (Garam),52869.90,2.6623,16329.70,0.8223,0.7748,2113,1.7028,1.90,28.06
Isi UlangGaram,8.06,15.2,NETRAL,TIDAK LAYAK,TDS Ekstrem (Garam),52433.10,2.6403,16334.60,0.8225,0.7751,2111,1.7012,2.00,28.06
Isi UlangGaram,8.06,15.2,NETRAL,TIDAK LAYAK,TDS Ekstrem (Garam),52934.10,2.6655,16251.40,0.8183,0.7711,2114,1.7036,1.85,28.06
Isi UlangGaram,8.06,15.2,NETRAL,TIDAK LAYAK,TDS Ekstrem (Garam),52961.30,2.6669,16381.00,0.8249,0.7773,2109,1.6996,2.10,28.06
Isi UlangGaram,8.06,15.2,NETRAL,TIDAK LAYAK,TDS Ekstrem (Garam),53390.20,2.6885,16236.90,0.8176,0.7704,2110,1.7004,2.05,28.06
Isi UlangGaram,8.06,15.2,NETRAL,TIDAK LAYAK,TDS Ekstrem (Garam),52857.00,2.6616,16358.60,0.8237,0.7762,2106,1.6971,2.26,28.06
Isi UlangGaram,8.06,15.2,NETRAL,TIDAK LAYAK,TDS Ekstrem (Garam),52832.80,2.6604,16342.60,0.8229,0.7754,2101,1.6931,2.51,28.06
Isi UlangGaram,8.06,15.2,NETRAL,TIDAK LAYAK,TDS Ekstrem (Garam),53089.30,2.6733,16277.00,0.8196,0.7723,2104,1.6955,2.36,28.06
Isi UlangGaram,8.06,15.2,NETRAL,TIDAK LAYAK,TDS Ekstrem (Garam),53098.90,2.6738,16368.20,0.8242,0.7766,2104,1.6955,2.36,28.06
Isi UlangGaram,8.06,15.2,NETRAL,TIDAK LAYAK,TDS Ekstrem (Garam),52942.10,2.6659,16337.90,0.8227,0.7752,2110,1.7004,2.05,28.06
Isi UlangGaram,8.06,15.2,NETRAL,TIDAK LAYAK,TDS Ekstrem (Garam),52983.70,2.6680,16281.80,0.8199,0.7725,2109,1.6996,2.10,28.06
Isi UlangGaram,8.06,15.2,NETRAL,TIDAK LAYAK,TDS Ekstrem (Garam),52812.50,2.6594,16219.30,0.8167,0.7696,2108,1.6988,2.15,28.06
Isi UlangGaram,8.06,15.2,NETRAL,TIDAK LAYAK,TDS Ekstrem (Garam),53006.10,2.6691,16193.70,0.8154,0.7684,2101,1.6931,2.51,28.06
Isi UlangGaram,8.06,15.2,NETRAL,TIDAK LAYAK,TDS Ekstrem (Garam),52908.30,2.6642,16374.70,0.8245,0.7770,2101,1.6931,2.51,28.06
Isi UlangGaram,8.06,15.2,NETRAL,TIDAK LAYAK,TDS Ekstrem (Garam),52798.10,2.6586,16301.00,0.8208,0.7735,2102,1.6939,2.46,28.06
Isi UlangGaram,8.06,15.2,NETRAL,TIDAK LAYAK,TDS Ekstrem (Garam),52746.40,2.6560,16211.30,0.8163,0.7692,2107,1.6979,2.21,28.06
Isi UlangGaram,8.06,15.2,NETRAL,TIDAK LAYAK,TDS Ekstrem (Garam),52821.80,2.6598,16203.40,0.8159,0.7688,2109,1.6996,2.10,28.06
Isi UlangGaram,8.06,15.2,NETRAL,TIDAK LAYAK,TDS Ekstrem (Garam),52607.60,2.6490,16262.60,0.8189,0.7716,2106,1.6971,2.26,28.06
Isi UlangGaram,8.06,15.2,NETRAL,TIDAK LAYAK,TDS Ekstrem (Garam),52943.50,2.6660,16339.40,0.8228,0.7753,2109,1.6996,2.10,28.06
Isi UlangGaram,8.06,15.2,NETRAL,TIDAK LAYAK,TDS Ekstrem (Garam),52170.70,2.6270,16329.80,0.8223,0.7748,2101,1.6931,2.51,28.06
Isi UlangGaram,8.06,15.2,NETRAL,TIDAK LAYAK,TDS Ekstrem (Garam),52135.50,2.6253,16262.50,0.8189,0.7716,2106,1.6971,2.26,28.06
Isi UlangGaram,8.06,15.2,NETRAL,TIDAK LAYAK,TDS Ekstrem (Garam),53182.10,2.6780,16273.70,0.8195,0.7722,2106,1.6971,2.26,28.06
Isi UlangGaram,8.06,15.2,NETRAL,TIDAK LAYAK,TDS Ekstrem (Garam),52839.40,2.6607,16264.20,0.8190,0.7717,2107,1.6979,2.21,28.06
Isi UlangGaram,8.06,15.2,NETRAL,TIDAK LAYAK,TDS Ekstrem (Garam),52316.40,2.6344,16273.80,0.8195,0.7722,2109,1.6996,2.10,28.06
Isi UlangGaram,8.06,15.2,NETRAL,TIDAK LAYAK,TDS Ekstrem (Garam),53142.10,2.6760,16275.40,0.8195,0.7722,2110,1.7004,2.05,28.06
Isi UlangGaram,8.06,15.2,NETRAL,TIDAK LAYAK,TDS Ekstrem (Garam),53478.20,2.6929,16171.30,0.8143,0.7673,2112,1.7020,1.95,28.06
Isi UlangGaram,8.06,15.2,NETRAL,TIDAK LAYAK,TDS Ekstrem (Garam),52818.70,2.6597,16160.00,0.8137,0.7668,2111,1.7012,2.00,28.06
Isi UlangGaram,8.06,15.2,NETRAL,TIDAK LAYAK,TDS Ekstrem (Garam),53348.50,2.6864,16419.50,0.8268,0.7791,2102,1.6939,2.46,28.06
Isi UlangGaram,8.06,15.2,NETRAL,TIDAK LAYAK,TDS Ekstrem (Garam),52935.60,2.6656,16145.70,0.8130,0.7661,2113,1.7028,1.90,28.06
Isi UlangGaram,8.06,15.2,NETRAL,TIDAK LAYAK,TDS Ekstrem (Garam),52479.40,2.6426,16228.90,0.8172,0.7700,2110,1.7004,2.05,28.06
Isi UlangGaram,8.06,15.2,NETRAL,TIDAK LAYAK,TDS Ekstrem (Garam),52916.50,2.6646,16241.70,0.8178,0.7706,2112,1.7020,1.95,28.06
Isi UlangGaram,8.06,15.2,NETRAL,TIDAK LAYAK,TDS Ekstrem (Garam),52799.40,2.6587,16110.50,0.8112,0.7644,2112,1.7020,1.95,28.06
Isi UlangGaram,8.06,15.2,NETRAL,TIDAK LAYAK,TDS Ekstrem (Garam),52756.30,2.6565,16158.50,0.8137,0.7667,2111,1.7012,2.00,28.06
Isi UlangGaram,8.06,15.2,NETRAL,TIDAK LAYAK,TDS Ekstrem (Garam),52905.20,2.6640,16222.50,0.8169,0.7697,2107,1.6979,2.21,28.06
Isi UlangGaram,8.06,15.2,NETRAL,TIDAK LAYAK,TDS Ekstrem (Garam),52924.50,2.6650,16307.40,0.8212,0.7738,2110,1.7004,2.05,28.06
Isi UlangGaram,8.06,15.2,NETRAL,TIDAK LAYAK,TDS Ekstrem (Garam),52790.00,2.6582,16172.90,0.8144,0.7674,2105,1.6963,2.31,28.06
Isi UlangGaram,8.06,15.2,NETRAL,TIDAK LAYAK,TDS Ekstrem (Garam),52786.50,2.6581,16164.90,0.8140,0.7670,2103,1.6947,2.41,28.06
Isi UlangGaram,8.06,15.2,NETRAL,TIDAK LAYAK,TDS Ekstrem (Garam),52943.70,2.6660,16251.30,0.8183,0.7711,2106,1.6971,2.26,28.06
Isi UlangGaram,8.06,15.2,NETRAL,TIDAK LAYAK,TDS Ekstrem (Garam),53467.00,2.6923,16245.10,0.8180,0.7708,2106,1.6971,2.26,28.06
Isi UlangGaram,8.06,15.2,NETRAL,TIDAK LAYAK,TDS Ekstrem (Garam),52733.60,2.6554,16048.00,0.8081,0.7624,2106,1.6971,2.26,28.00
Isi UlangGaram,8.06,15.2,NETRAL,TIDAK LAYAK,TDS Ekstrem (Garam),52799.60,2.6587,16192.10,0.8153,0.7683,2106,1.6971,2.26,28.06
Isi UlangGaram,8.06,15.2,NETRAL,TIDAK LAYAK,TDS Ekstrem (Garam),52951.70,2.6664,16073.60,0.8094,0.7627,2103,1.6947,2.41,28.06
Isi UlangGaram,8.06,15.2,NETRAL,TIDAK LAYAK,TDS Ekstrem (Garam),53018.90,2.6698,16062.40,0.8088,0.7621,2103,1.6947,2.41,28.06
Isi UlangGaram,8.06,15.2,NETRAL,TIDAK LAYAK,TDS Ekstrem (Garam),52974.10,2.6675,16102.50,0.8108,0.7640,2101,1.6931,2.51,28.06
Isi UlangGaram,8.06,15.2,NETRAL,TIDAK LAYAK,TDS Ekstrem (Garam),52865.10,2.6620,16040.10,0.8077,0.7611,2103,1.6947,2.41,28.06
Isi UlangGaram,8.06,15.2,NETRAL,TIDAK LAYAK,TDS Ekstrem (Garam),52573.90,2.6473,16105.60,0.8110,0.7642,2101,1.6931,2.51,28.06
Isi UlangGaram,8.06,15.2,NETRAL,TIDAK LAYAK,TDS Ekstrem (Garam),52954.90,2.6665,16169.60,0.8142,0.7663,2108,1.6988,2.15,28.13
Isi UlangGaram,8.06,15.2,NETRAL,TIDAK LAYAK,TDS Ekstrem (Garam),52908.40,2.6642,16107.20,0.8111,0.7643,2096,1.6891,2.77,28.06
Isi UlangGaram,8.06,15.2,NETRAL,TIDAK LAYAK,TDS Ekstrem (Garam),52926.10,2.6651,16091.20,0.8103,0.7635,2106,1.6971,2.26,28.06
Isi UlangGaram,8.06,15.2,NETRAL,TIDAK LAYAK,TDS Ekstrem (Garam),52380.30,2.6376,16169.60,0.8142,0.7672,2099,1.6915,2.62,28.06
Isi UlangGaram,8.06,15.2,NETRAL,TIDAK LAYAK,TDS Ekstrem (Garam),52762.40,2.6568,16156.80,0.8136,0.7666,2100,1.6923,2.56,28.06
Isi UlangGaram,8.06,15.2,NETRAL,TIDAK LAYAK,TDS Ekstrem (Garam),52823.50,2.6599,16046.40,0.8080,0.7614,2101,1.6931,2.51,28.06
Isi UlangGaram,8.06,15.2,NETRAL,TIDAK LAYAK,TDS Ekstrem (Garam),52724.00,2.6549,16129.70,0.8122,0.7653,2111,1.7012,2.00,28.06
Isi UlangGaram,8.06,15.2,NETRAL,TIDAK LAYAK,TDS Ekstrem (Garam),52942.00,2.6659,16033.60,0.8074,0.7608,2102,1.6939,2.46,28.06
Isi UlangGaram,8.06,15.2,NETRAL,TIDAK LAYAK,TDS Ekstrem (Garam),52277.80,2.6324,16188.80,0.8152,0.7681,2101,1.6931,2.51,28.06
Isi UlangGaram,8.06,15.2,NETRAL,TIDAK LAYAK,TDS Ekstrem (Garam),52105.10,2.6237,16169.60,0.8142,0.7672,2102,1.6939,2.46,28.06
Isi UlangGaram,8.06,15.2,NETRAL,TIDAK LAYAK,TDS Ekstrem (Garam),52741.60,2.6558,16089.60,0.8102,0.7634,2102,1.6939,2.46,28.06
Isi UlangGaram,8.06,15.2,NETRAL,TIDAK LAYAK,TDS Ekstrem (Garam),52513.20,2.6443,16046.40,0.8080,0.7614,2104,1.6955,2.36,28.06
Isi UlangGaram,8.06,15.2,NETRAL,TIDAK LAYAK,TDS Ekstrem (Garam),52773.60,2.6574,16070.40,0.8092,0.7625,2106,1.6971,2.26,28.06
Isi UlangGaram,8.06,15.2,NETRAL,TIDAK LAYAK,TDS Ekstrem (Garam),52712.90,2.6543,16180.90,0.8148,0.7678,2107,1.6979,2.21,28.06
Isi UlangGaram,8.06,15.2,NETRAL,TIDAK LAYAK,TDS Ekstrem (Garam),52701.70,2.6538,16134.40,0.8124,0.7656,2107,1.6979,2.21,28.06
Isi UlangGaram,8.06,15.2,NETRAL,TIDAK LAYAK,TDS Ekstrem (Garam),52937.30,2.6656,16184.10,0.8149,0.7679,2108,1.6988,2.15,28.06
Isi UlangGaram,8.06,15.2,NETRAL,TIDAK LAYAK,TDS Ekstrem (Garam),52373.50,2.6373,16108.80,0.8112,0.7643,2110,1.7004,2.05,28.06
Isi UlangGaram,8.06,15.2,NETRAL,TIDAK LAYAK,TDS Ekstrem (Garam),52652.10,2.6513,16147.30,0.8131,0.7662,2108,1.6988,2.15,28.06
Isi UlangGaram,8.06,15.2,NETRAL,TIDAK LAYAK,TDS Ekstrem (Garam),52690.40,2.6532,16139.40,0.8127,0.7658,2107,1.6979,2.21,28.06
Isi UlangGaram,8.06,15.2,NETRAL,TIDAK LAYAK,TDS Ekstrem (Garam),52108.30,2.6239,16027.20,0.8070,0.7605,2107,1.6979,2.21,28.06
Isi UlangGaram,8.06,15.2,NETRAL,TIDAK LAYAK,TDS Ekstrem (Garam),52533.80,2.6453,16260.90,0.8188,0.7716,2107,1.6979,2.21,28.06
Isi UlangGaram,8.06,15.2,NETRAL,TIDAK LAYAK,TDS Ekstrem (Garam),52789.70,2.6582,16230.60,0.8173,0.7701,2101,1.6931,2.51,28.06
Isi UlangGaram,8.06,15.2,NETRAL,TIDAK LAYAK,TDS Ekstrem (Garam),52821.90,2.6598,16217.70,0.8166,0.7695,2106,1.6971,2.26,28.06
Isi UlangGaram,8.06,15.2,NETRAL,TIDAK LAYAK,TDS Ekstrem (Garam),52982.00,2.6679,16139.30,0.8127,0.7658,2102,1.6939,2.46,28.06
Isi UlangGaram,8.06,15.2,NETRAL,TIDAK LAYAK,TDS Ekstrem (Garam),52828.20,2.6602,16089.60,0.8102,0.7634,2108,1.6988,2.15,28.06
Isi UlangGaram,8.06,15.2,NETRAL,TIDAK LAYAK,TDS Ekstrem (Garam),52708.00,2.6541,16155.30,0.8135,0.7665,2106,1.6971,2.26,28.06
Isi UlangGaram,8.06,15.2,NETRAL,TIDAK LAYAK,TDS Ekstrem (Garam),52784.80,2.6580,16310.60,0.8213,0.7739,2105,1.6963,2.31,28.06
Isi UlangGaram,8.06,15.2,NETRAL,TIDAK LAYAK,TDS Ekstrem (Garam),52607.20,2.6490,16196.80,0.8156,0.7685,2106,1.6971,2.26,28.06
Isi UlangGaram,8.06,15.2,NETRAL,TIDAK LAYAK,TDS Ekstrem (Garam),52621.60,2.6497,16126.50,0.8120,0.7652,2105,1.6963,2.31,28.06
Isi UlangGaram,8.06,15.2,NETRAL,TIDAK LAYAK,TDS Ekstrem (Garam),52807.40,2.6591,16180.90,0.8148,0.7678,2106,1.6971,2.26,28.06
Isi UlangGaram,8.06,15.2,NETRAL,TIDAK LAYAK,TDS Ekstrem (Garam),52799.40,2.6587,16116.90,0.8116,0.7647,2107,1.6979,2.21,28.06
Isi UlangGaram,8.06,15.2,NETRAL,TIDAK LAYAK,TDS Ekstrem (Garam),52804.20,2.6589,16158.40,0.8137,0.7667,2104,1.6955,2.36,28.06
Isi UlangGaram,8.06,15.2,NETRAL,TIDAK LAYAK,TDS Ekstrem (Garam),52729.00,2.6552,16107.30,0.8111,0.7643,2105,1.6963,2.31,28.06
Isi UlangGaram,8.06,15.2,NETRAL,TIDAK LAYAK,TDS Ekstrem (Garam),52530.80,2.6452,16150.50,0.8133,0.7663,2118,1.7068,1.64,28.06
Isi UlangGaram,8.06,15.2,NETRAL,TIDAK LAYAK,TDS Ekstrem (Garam),53249.40,2.6814,16131.20,0.8123,0.7654,2107,1.6979,2.21,28.06
Isi UlangGaram,8.06,15.2,NETRAL,TIDAK LAYAK,TDS Ekstrem (Garam),52143.50,2.6257,16244.90,0.8180,0.7708,2106,1.6971,2.26,28.06
Isi UlangGaram,8.06,15.2,NETRAL,TIDAK LAYAK,TDS Ekstrem (Garam),53266.90,2.6822,16092.90,0.8104,0.7636,2101,1.6931,2.51,28.06
Isi UlangGaram,8.06,15.2,NETRAL,TIDAK LAYAK,TDS Ekstrem (Garam),53266.70,2.6822,16080.10,0.8097,0.7630,2101,1.6931,2.51,28.06
Isi UlangGaram,8.06,15.2,NETRAL,TIDAK LAYAK,TDS Ekstrem (Garam),52554.70,2.6464,16140.90,0.8128,0.7659,2106,1.6971,2.26,28.06
Isi UlangGaram,8.06,15.2,NETRAL,TIDAK LAYAK,TDS Ekstrem (Garam),52217.00,2.6294,15966.30,0.8040,0.7576,2105,1.6963,2.31,28.06
Isi UlangGaram,8.06,15.2,NETRAL,TIDAK LAYAK,TDS Ekstrem (Garam),52762.70,2.6569,16051.20,0.8083,0.7616,2108,1.6988,2.15,28.06
Isi UlangGaram,8.06,15.2,NETRAL,TIDAK LAYAK,TDS Ekstrem (Garam),52740.50,2.6557,16027.20,0.8070,0.7605,2105,1.6963,2.31,28.06
Isi UlangGaram,8.06,15.2,NETRAL,TIDAK LAYAK,TDS Ekstrem (Garam),52842.80,2.6609,16081.60,0.8098,0.7630,2105,1.6963,2.31,28.06
Isi UlangGaram,8.06,15.2,NETRAL,TIDAK LAYAK,TDS Ekstrem (Garam),52762.50,2.6568,15987.20,0.8050,0.7586,2106,1.6971,2.26,28.06
Isi UlangGaram,8.06,15.2,NETRAL,TIDAK LAYAK,TDS Ekstrem (Garam),52672.80,2.6523,16097.70,0.8106,0.7638,2107,1.6979,2.21,28.06
Isi UlangGaram,8.06,15.2,NETRAL,TIDAK LAYAK,TDS Ekstrem (Garam),52660.00,2.6517,15987.10,0.8050,0.7586,2105,1.6963,2.31,28.06
Isi UlangGaram,8.06,15.2,NETRAL,TIDAK LAYAK,TDS Ekstrem (Garam),52704.90,2.6539,16140.80,0.8128,0.7659,2106,1.6971,2.26,28.06
Isi UlangGaram,8.06,15.2,NETRAL,TIDAK LAYAK,TDS Ekstrem (Garam),52810.80,2.6593,16108.90,0.8112,0.7643,2102,1.6939,2.46,28.06
Isi UlangGaram,8.06,15.2,NETRAL,TIDAK LAYAK,TDS Ekstrem (Garam),52082.60,2.6226,16161.70,0.8138,0.7668,2105,1.6963,2.31,28.06
Isi UlangGaram,8.06,15.2,NETRAL,TIDAK LAYAK,TDS Ekstrem (Garam),53279.80,2.6829,16126.50,0.8120,0.7652,2103,1.6947,2.41,28.06
Isi UlangGaram,8.06,15.2,NETRAL,TIDAK LAYAK,TDS Ekstrem (Garam),52394.70,2.6383,16083.20,0.8099,0.7631,2104,1.6955,2.36,28.06
Isi UlangGaram,8.06,15.2,NETRAL,TIDAK LAYAK,TDS Ekstrem (Garam),52615.30,2.6494,16046.40,0.8080,0.7614,2104,1.6955,2.36,28.06
Isi UlangGaram,8.06,15.2,NETRAL,TIDAK LAYAK,TDS Ekstrem (Garam),52685.70,2.6530,16185.70,0.8150,0.7680,2105,1.6963,2.31,28.06
Isi UlangGaram,8.06,15.2,NETRAL,TIDAK LAYAK,TDS Ekstrem (Garam),52676.00,2.6525,16134.40,0.8124,0.7656,2106,1.6971,2.26,28.06
Isi UlangGaram,8.06,15.2,NETRAL,TIDAK LAYAK,TDS Ekstrem (Garam),52700.00,2.6537,16083.20,0.8099,0.7631,2105,1.6963,2.31,28.06
Isi UlangGaram,8.06,15.2,NETRAL,TIDAK LAYAK,TDS Ekstrem (Garam),53262.20,2.6820,16054.40,0.8084,0.7618,2104,1.6955,2.36,28.06
Isi UlangGaram,8.06,15.2,NETRAL,TIDAK LAYAK,TDS Ekstrem (Garam),52672.90,2.6523,16076.80,0.8095,0.7628,2103,1.6947,2.41,28.06
Isi UlangGaram,8.06,15.2,NETRAL,TIDAK LAYAK,TDS Ekstrem (Garam),52788.20,2.6581,16017.60,0.8066,0.7600,2106,1.6971,2.26,28.06
Isi UlangGaram,8.06,15.2,NETRAL,TIDAK LAYAK,TDS Ekstrem (Garam),52637.60,2.6506,16120.00,0.8117,0.7649,2105,1.6963,2.31,28.06
Isi UlangGaram,8.06,15.2,NETRAL,TIDAK LAYAK,TDS Ekstrem (Garam),52640.90,2.6507,16176.20,0.8145,0.7675,2104,1.6955,2.36,28.06
Isi UlangGaram,8.06,15.2,NETRAL,TIDAK LAYAK,TDS Ekstrem (Garam),52705.10,2.6540,15984.00,0.8049,0.7584,2105,1.6963,2.31,28.06
Isi UlangGaram,8.06,15.2,NETRAL,TIDAK LAYAK,TDS Ekstrem (Garam),52596.10,2.6485,16091.30,0.8103,0.7635,2094,1.6875,2.87,28.06
Isi UlangGaram,8.06,15.2,NETRAL,TIDAK LAYAK,TDS Ekstrem (Garam),52629.60,2.6502,16134.50,0.8124,0.7656,2104,1.6955,2.36,28.06
Isi UlangGaram,8.06,15.2,NETRAL,TIDAK LAYAK,TDS Ekstrem (Garam),52444.00,2.6408,16139.40,0.8127,0.7658,2104,1.6955,2.36,28.06
Isi UlangGaram,8.06,15.2,NETRAL,TIDAK LAYAK,TDS Ekstrem (Garam),53246.10,2.6812,16100.90,0.8108,0.7640,2105,1.6963,2.31,28.06
Isi UlangGaram,8.06,15.2,NETRAL,TIDAK LAYAK,TDS Ekstrem (Garam),52525.60,2.6449,16147.20,0.8131,0.7662,2105,1.6963,2.31,28.06
Isi UlangGaram,8.06,15.2,NETRAL,TIDAK LAYAK,TDS Ekstrem (Garam),52632.80,2.6503,16043.20,0.8079,0.7612,2098,1.6907,2.67,28.06
Isi UlangGaram,8.06,15.2,NETRAL,TIDAK LAYAK,TDS Ekstrem (Garam),52610.40,2.6492,16065.70,0.8090,0.7623,2106,1.6971,2.26,28.06
Isi UlangGaram,8.06,15.2,NETRAL,TIDAK LAYAK,TDS Ekstrem (Garam),52615.20,2.6494,16145.70,0.8130,0.7661,2105,1.6963,2.31,28.06
Isi UlangGaram,8.06,15.2,NETRAL,TIDAK LAYAK,TDS Ekstrem (Garam),52583.30,2.6478,15996.80,0.8055,0.7590,2104,1.6955,2.36,28.06
Isi UlangGaram,8.06,15.2,NETRAL,TIDAK LAYAK,TDS Ekstrem (Garam),53010.80,2.6693,16048.10,0.8081,0.7615,2105,1.6963,2.31,28.06
Isi UlangGaram,8.06,15.2,NETRAL,TIDAK LAYAK,TDS Ekstrem (Garam),52656.90,2.6515,16030.40,0.8072,0.7606,2106,1.6971,2.26,28.06
Isi UlangGaram,8.06,15.2,NETRAL,TIDAK LAYAK,TDS Ekstrem (Garam),52596.00,2.6485,16081.70,0.8098,0.7631,2106,1.6971,2.26,28.06
Isi UlangGaram,8.06,15.2,NETRAL,TIDAK LAYAK,TDS Ekstrem (Garam),52580.00,2.6477,16009.60,0.8062,0.7596,2090,1.6842,3.08,28.06
Isi UlangGaram,8.06,15.2,NETRAL,TIDAK LAYAK,TDS Ekstrem (Garam),53230.20,2.6804,15979.20,0.8046,0.7582,2105,1.6963,2.31,28.06
Isi UlangGaram,8.06,15.2,NETRAL,TIDAK LAYAK,TDS Ekstrem (Garam),53382.20,2.6880,15995.20,0.8054,0.7589,2112,1.7020,1.95,28.06
Isi UlangGaram,8.06,15.2,NETRAL,TIDAK LAYAK,TDS Ekstrem (Garam),52584.90,2.6479,16064.00,0.8089,0.7622,2105,1.6963,2.31,28.06
Isi UlangGaram,8.06,15.2,NETRAL,TIDAK LAYAK,TDS Ekstrem (Garam),52597.70,2.6485,16211.20,0.8163,0.7683,2105,1.6963,2.31,28.13
Isi UlangGaram,8.06,15.2,NETRAL,TIDAK LAYAK,TDS Ekstrem (Garam),52599.20,2.6486,16012.80,0.8063,0.7598,2101,1.6931,2.51,28.06
Isi UlangGaram,8.06,15.2,NETRAL,TIDAK LAYAK,TDS Ekstrem (Garam),52560.90,2.6467,16094.40,0.8104,0.7628,2104,1.6955,2.36,28.13
Isi UlangGaram,8.06,15.2,NETRAL,TIDAK LAYAK,TDS Ekstrem (Garam),52752.90,2.6564,15985.50,0.8049,0.7585,2102,1.6939,2.46,28.06
Isi UlangGaram,8.06,15.2,NETRAL,TIDAK LAYAK,TDS Ekstrem (Garam),52597.60,2.6485,16057.70,0.8086,0.7619,2101,1.6931,2.51,28.06
Isi UlangGaram,8.06,15.2,NETRAL,TIDAK LAYAK,TDS Ekstrem (Garam),52637.60,2.6506,16048.00,0.8081,0.7615,2100,1.6923,2.56,28.06
Isi UlangGaram,8.06,15.2,NETRAL,TIDAK LAYAK,TDS Ekstrem (Garam),52975.40,2.6676,16086.40,0.8100,0.7633,2102,1.6939,2.46,28.06
Isi UlangGaram,8.06,15.2,NETRAL,TIDAK LAYAK,TDS Ekstrem (Garam),52017.10,2.6193,16134.50,0.8124,0.7656,2102,1.6939,2.46,28.06
Isi UlangGaram,8.06,15.2,NETRAL,TIDAK LAYAK,TDS Ekstrem (Garam),52588.00,2.6481,16190.40,0.8153,0.7682,2112,1.7020,1.95,28.06
Isi UlangGaram,8.06,15.2,NETRAL,TIDAK LAYAK,TDS Ekstrem (Garam),52669.60,2.6522,16057.60,0.8086,0.7610,2092,1.6859,2.97,28.13
Isi UlangGaram,8.06,15.2,NETRAL,TIDAK LAYAK,TDS Ekstrem (Garam),53361.40,2.6870,15995.20,0.8054,0.7589,2096,1.6891,2.77,28.06
Isi UlangGaram,8.06,15.2,NETRAL,TIDAK LAYAK,TDS Ekstrem (Garam),52511.20,2.6442,16068.80,0.8091,0.7624,2102,1.6939,2.46,28.06
Isi UlangGaram,8.06,15.2,NETRAL,TIDAK LAYAK,TDS Ekstrem (Garam),52500.00,2.6436,15993.60,0.8054,0.7589,2105,1.6963,2.31,28.06
Isi UlangGaram,8.06,15.2,NETRAL,TIDAK LAYAK,TDS Ekstrem (Garam),52085.80,2.6228,16081.60,0.8098,0.7630,2114,1.7036,1.85,28.06
Isi UlangGaram,8.06,15.2,NETRAL,TIDAK LAYAK,TDS Ekstrem (Garam),52540.00,2.6456,16062.40,0.8088,0.7621,2102,1.6939,2.46,28.06
Isi UlangGaram,8.06,15.2,NETRAL,TIDAK LAYAK,TDS Ekstrem (Garam),52690.50,2.6532,16102.40,0.8108,0.7640,2102,1.6939,2.46,28.06
Isi UlangGaram,8.06,15.2,NETRAL,TIDAK LAYAK,TDS Ekstrem (Garam),52666.40,2.6520,16108.90,0.8112,0.7634,2103,1.6947,2.41,28.13
Isi UlangGaram,8.06,15.2,NETRAL,TIDAK LAYAK,TDS Ekstrem (Garam),52533.60,2.6453,16076.90,0.8095,0.7628,2105,1.6963,2.31,28.06
Isi UlangGaram,8.06,15.2,NETRAL,TIDAK LAYAK,TDS Ekstrem (Garam),52647.20,2.6510,15961.60,0.8037,0.7574,2105,1.6963,2.31,28.06
Isi UlangGaram,8.06,15.2,NETRAL,TIDAK LAYAK,TDS Ekstrem (Garam),52592.80,2.6483,16054.50,0.8084,0.7618,2104,1.6955,2.36,28.06
Isi UlangGaram,8.06,15.2,NETRAL,TIDAK LAYAK,TDS Ekstrem (Garam),52538.50,2.6456,16019.20,0.8066,0.7601,2105,1.6963,2.31,28.06
Isi UlangGaram,8.06,15.2,NETRAL,TIDAK LAYAK,TDS Ekstrem (Garam),52674.50,2.6524,16019.30,0.8066,0.7601,2104,1.6955,2.36,28.06
Isi UlangGaram,8.06,15.2,NETRAL,TIDAK LAYAK,TDS Ekstrem (Garam),52655.20,2.6514,16072.00,0.8093,0.7626,2105,1.6963,2.31,28.06
Isi UlangGaram,8.06,15.2,NETRAL,TIDAK LAYAK,TDS Ekstrem (Garam),52692.00,2.6533,15884.70,0.7999,0.7537,2107,1.6979,2.21,28.06
Isi UlangGaram,8.06,15.2,NETRAL,TIDAK LAYAK,TDS Ekstrem (Garam),52543.20,2.6458,16027.20,0.8070,0.7605,2115,1.7044,1.79,28.06
Isi UlangGaram,8.06,15.2,NETRAL,TIDAK LAYAK,TDS Ekstrem (Garam),52221.50,2.6296,15974.40,0.8044,0.7580,2105,1.6963,2.31,28.06
Isi UlangGaram,8.06,15.2,NETRAL,TIDAK LAYAK,TDS Ekstrem (Garam),52650.60,2.6512,15855.90,0.7984,0.7523,2107,1.6979,2.21,28.06
Isi UlangGaram,8.06,15.2,NETRAL,TIDAK LAYAK,TDS Ekstrem (Garam),52780.30,2.6577,15939.20,0.8026,0.7563,2106,1.6971,2.26,28.06
Isi UlangGaram,8.06,15.2,NETRAL,TIDAK LAYAK,TDS Ekstrem (Garam),53094.10,2.6735,15891.10,0.8002,0.7540,2101,1.6931,2.51,28.06
Isi UlangGaram,8.06,15.2,NETRAL,TIDAK LAYAK,TDS Ekstrem (Garam),52551.40,2.6462,15859.10,0.7986,0.7525,2106,1.6971,2.26,28.06
Isi UlangGaram,8.06,15.2,NETRAL,TIDAK LAYAK,TDS Ekstrem (Garam),52280.80,2.6326,15814.30,0.7963,0.7504,2107,1.6979,2.21,28.06
Isi UlangGaram,8.06,15.2,NETRAL,TIDAK LAYAK,TDS Ekstrem (Garam),52503.30,2.6438,15859.10,0.7986,0.7525,2105,1.6963,2.31,28.06
Isi UlangGaram,8.06,15.2,NETRAL,TIDAK LAYAK,TDS Ekstrem (Garam),52690.50,2.6532,15783.80,0.7948,0.7489,2105,1.6963,2.31,28.06
